-- MySQL dump 10.13  Distrib 5.7.27, for Win64 (x86_64)
--
-- Host: localhost    Database: rdas_eng
-- ------------------------------------------------------
-- Server version	5.7.27

/*!40101 SET @OLD_CHARACTER_SET_CLIENT=@@CHARACTER_SET_CLIENT */;
/*!40101 SET @OLD_CHARACTER_SET_RESULTS=@@CHARACTER_SET_RESULTS */;
/*!40101 SET @OLD_COLLATION_CONNECTION=@@COLLATION_CONNECTION */;
/*!40101 SET NAMES utf8 */;
/*!40103 SET @OLD_TIME_ZONE=@@TIME_ZONE */;
/*!40103 SET TIME_ZONE='+00:00' */;
/*!40014 SET @OLD_UNIQUE_CHECKS=@@UNIQUE_CHECKS, UNIQUE_CHECKS=0 */;
/*!40014 SET @OLD_FOREIGN_KEY_CHECKS=@@FOREIGN_KEY_CHECKS, FOREIGN_KEY_CHECKS=0 */;
/*!40101 SET @OLD_SQL_MODE=@@SQL_MODE, SQL_MODE='NO_AUTO_VALUE_ON_ZERO' */;
/*!40111 SET @OLD_SQL_NOTES=@@SQL_NOTES, SQL_NOTES=0 */;

--
-- Table structure for table `equ_alarmrecord`
--

DROP TABLE IF EXISTS `equ_alarmrecord`;
/*!40101 SET @saved_cs_client     = @@character_set_client */;
/*!40101 SET character_set_client = utf8 */;
CREATE TABLE `equ_alarmrecord` (
  `ID` int(11) NOT NULL AUTO_INCREMENT,
  `Equipment_ID` varchar(50) NOT NULL,
  `DataType_ID` int(11) NOT NULL,
  `AlarmType` int(11) NOT NULL,
  `AlarmTime` datetime NOT NULL,
  `ConfirmTime` datetime DEFAULT NULL,
  `UserCode` varchar(100) DEFAULT NULL,
  `Recovery` bit(1) NOT NULL DEFAULT b'0',
  `RecoveryTime` datetime DEFAULT NULL,
  `Reason` text,
  `Des` text,
  PRIMARY KEY (`AlarmType`,`DataType_ID`,`Equipment_ID`),
  KEY `ID` (`ID`),
  KEY `Equipment_ID` (`Equipment_ID`),
  CONSTRAINT `FK_equ_AlarmRecord_equ_Equipment` FOREIGN KEY (`Equipment_ID`) REFERENCES `equ_equipment` (`ID`)
) ENGINE=InnoDB DEFAULT CHARSET=utf8;
/*!40101 SET character_set_client = @saved_cs_client */;

--
-- Dumping data for table `equ_alarmrecord`
--

LOCK TABLES `equ_alarmrecord` WRITE;
/*!40000 ALTER TABLE `equ_alarmrecord` DISABLE KEYS */;
/*!40000 ALTER TABLE `equ_alarmrecord` ENABLE KEYS */;
UNLOCK TABLES;

--
-- Table structure for table `equ_battery`
--

DROP TABLE IF EXISTS `equ_battery`;
/*!40101 SET @saved_cs_client     = @@character_set_client */;
/*!40101 SET character_set_client = utf8 */;
CREATE TABLE `equ_battery` (
  `ID` int(11) NOT NULL,
  `Name` varchar(50) NOT NULL,
  `Equipment_ID` varchar(50) DEFAULT NULL,
  `Model` varchar(50) DEFAULT NULL,
  `ProductDate` datetime DEFAULT NULL,
  `QualityPeriod` varchar(10) DEFAULT NULL,
  `InitialPower` varchar(10) DEFAULT NULL,
  `StartTime` datetime DEFAULT NULL,
  `EndTime` datetime DEFAULT NULL,
  `AlarmLimit` double DEFAULT NULL,
  `CurrentValue` double DEFAULT NULL,
  `Unit_ID` int(11) DEFAULT NULL,
  `Company` varchar(50) DEFAULT NULL,
  `Des` text,
  PRIMARY KEY (`ID`)
) ENGINE=InnoDB DEFAULT CHARSET=utf8;
/*!40101 SET character_set_client = @saved_cs_client */;

--
-- Dumping data for table `equ_battery`
--

LOCK TABLES `equ_battery` WRITE;
/*!40000 ALTER TABLE `equ_battery` DISABLE KEYS */;
/*!40000 ALTER TABLE `equ_battery` ENABLE KEYS */;
UNLOCK TABLES;

--
-- Table structure for table `equ_command`
--

DROP TABLE IF EXISTS `equ_command`;
/*!40101 SET @saved_cs_client     = @@character_set_client */;
/*!40101 SET character_set_client = utf8 */;
CREATE TABLE `equ_command` (
  `ID` int(11) NOT NULL AUTO_INCREMENT,
  `Equipment_ID` varchar(50) NOT NULL,
  `CommandType` int(11) NOT NULL,
  `SettingTime` datetime NOT NULL,
  `Command` longtext,
  `UserCode` varchar(100) NOT NULL,
  `Status` int(11) NOT NULL DEFAULT '1',
  `SendTime` datetime DEFAULT NULL,
  `SendNum` int(11) DEFAULT '0',
  `ResponseTime` datetime DEFAULT NULL,
  `ResponseMessage` varchar(50) DEFAULT NULL,
  `CheckTime` datetime DEFAULT NULL,
  `CheckUserCode` varchar(100) DEFAULT NULL,
  `Des` text,
  `CheckDes` text,
  PRIMARY KEY (`ID`),
  KEY `Equipment_ID` (`Equipment_ID`),
  CONSTRAINT `FK_equ_Command_equ_Equipment` FOREIGN KEY (`Equipment_ID`) REFERENCES `equ_equipment` (`ID`)
) ENGINE=InnoDB DEFAULT CHARSET=utf8;
/*!40101 SET character_set_client = @saved_cs_client */;

--
-- Dumping data for table `equ_command`
--

LOCK TABLES `equ_command` WRITE;
/*!40000 ALTER TABLE `equ_command` DISABLE KEYS */;
/*!40000 ALTER TABLE `equ_command` ENABLE KEYS */;
UNLOCK TABLES;

--
-- Table structure for table `equ_datatype`
--

DROP TABLE IF EXISTS `equ_datatype`;
/*!40101 SET @saved_cs_client     = @@character_set_client */;
/*!40101 SET character_set_client = utf8 */;
CREATE TABLE `equ_datatype` (
  `ID` int(11) NOT NULL,
  `Name` varchar(50) NOT NULL,
  `IfAccumulate` bit(1) NOT NULL DEFAULT b'0',
  `IfAlarm` bit(1) NOT NULL DEFAULT b'0',
  PRIMARY KEY (`ID`)
) ENGINE=InnoDB DEFAULT CHARSET=utf8;
/*!40101 SET character_set_client = @saved_cs_client */;

--
-- Dumping data for table `equ_datatype`
--

LOCK TABLES `equ_datatype` WRITE;
/*!40000 ALTER TABLE `equ_datatype` DISABLE KEYS */;
INSERT INTO `equ_datatype` VALUES (0,'瞬时流量',0x00,0x00),(1,'瞬时流速',0x00,0x00),(2,'流量百分比',0x00,0x00),(3,'流体电导比',0x00,0x00),(4,'正向累积流量',0x01,0x00),(5,'反向累积流量',0x01,0x00),(6,'时累积',0x01,0x00),(7,'日累积数值',0x01,0x00),(8,'月累积数值',0x01,0x00),(9,'NN',0x00,0x00),(10,'瞬时热流量',0x00,0x00),(11,'热量总累积值',0x01,0x00),(12,'入口温度',0x00,0x00),(13,'出口温度',0x00,0x00),(14,'管道压力',0x00,0x00),(15,'脉冲数',0x00,0x00),(16,'开关量输入状态',0x00,0x00),(17,'仪表电池电量',0x00,0x00),(18,'GPRS设备电池电量',0x00,0x00),(19,'GPRS信号强度',0x00,0x00),(20,'上限报警',0x00,0x01),(21,'下限报警',0x00,0x01),(22,'系统报警',0x00,0x01),(23,'空管报警',0x00,0x01),(25,'井口温度',0x00,0x00),(26,'环境温度',0x00,0x00),(27,'井口压力',0x00,0x00),(28,'水泵深度',0x00,0x00),(29,'结算日热量',0x01,0x00),(30,'当前热量',0x00,0x00),(31,'热功率',0x00,0x00),(32,'供水温度',0x00,0x00),(33,'回水温度',0x00,0x00),(34,'累积工作时间',0x01,0x00),(35,'瞬时冷流量',0x00,0x00),(36,'冷量总累积值',0x01,0x00),(37,'压力上限报警',0x00,0x01),(38,'压力下限报警',0x00,0x01),(39,'液位',0x00,0x00),(40,'上上限报警',0x00,0x01),(41,'下下限报警',0x00,0x01),(42,'反向报警',0x00,0x01),(43,'切除状态',0x00,0x00),(44,'连接端子TH的温度',0x00,0x00),(45,'连接端子TC的温度',0x00,0x00),(46,'端子TH和TC的温度差',0x00,0x00),(50,'仪表电池电压',0x00,0x00),(51,'GPRS设备电池电压',0x00,0x00),(52,'入口压力',0x00,0x00),(53,'出口压力',0x00,0x00),(54,'入口压力上限报警',0x00,0x01),(55,'入口压力下限报警',0x00,0x01),(56,'入口压力故障报警',0x00,0x01),(57,'出口压力上限报警',0x00,0x01),(58,'出口压力下限报警',0x00,0x01),(59,'出口压力故障报警',0x00,0x01),(101,'经度',0x00,0x00),(102,'纬度',0x00,0x00),(201,'模拟量1',0x00,0x00),(202,'模拟量2',0x00,0x00),(203,'模拟量3',0x00,0x00),(204,'模拟量4',0x00,0x00),(205,'频率1',0x00,0x00),(206,'频率2',0x00,0x00),(207,'频率3',0x00,0x00),(208,'频率4',0x00,0x00),(209,'空管比',0x00,0x00),(210,'温度',0x00,0x00),(211,'停电次数',0x00,0x00),(212,'报警状态',0x00,0x00),(213,'仪表电池报警',0x00,0x01),(214,'工况流量',0x00,0x00),(215,'频率',0x00,0x00),(216,'压力范围',0x00,0x00),(217,'油罐储量',0x00,0x00),(218,'流量总量差值',0x01,0x00),(219,'仪表湿度',0x00,0x00),(220,'温度差值',0x00,0x00),(221,'差压',0x00,0x00),(222,'仪表电池状态',0x00,0x00),(223,'切除',0x00,0x00),(224,'压力报警',0x00,0x00),(225,'内部通信故障',0x00,0x01),(227,'GPRS电池报警',0x00,0x01),(228,'通信线缆漏电报警',0x00,0x01),(229,'测量流体声速',0x00,0x00),(230,'负累计热量',0x00,0x00),(231,'净累计流量',0x00,0x00),(232,'净累计热量',0x00,0x00),(233,'GPRS湿度',0x00,0x00),(234,'电流',0x00,0x00),(235,'电压',0x00,0x00),(236,'温度上限报警',0x00,0x01),(237,'温度下限报警',0x00,0x01),(238,'剩余水量',0x00,0x00),(239,'充值吨数',0x00,0x00),(240,'充值钱数',0x00,0x00),(241,'充值次数',0x00,0x00),(242,'掉电次数',0x00,0x00),(243,'日最小流量',0x00,0x00),(244,'日最大流量',0x00,0x00),(245,'存储状态',0x00,0x01),(246,'仪表温度',0x00,0x00),(247,'GPRS备用参数',0x00,0x00),(248,'压力故障报警',0x00,0x01),(249,'换能器故障',0x00,0x01),(250,'液位百分比',0x00,0x00),(251,'液位高度',0x00,0x00),(252,'阀门开度',0x00,0x00),(253,'阀门控制精度',0x00,0x00);
/*!40000 ALTER TABLE `equ_datatype` ENABLE KEYS */;
UNLOCK TABLES;

--
-- Table structure for table `equ_equipment`
--

DROP TABLE IF EXISTS `equ_equipment`;
/*!40101 SET @saved_cs_client     = @@character_set_client */;
/*!40101 SET character_set_client = utf8 */;
CREATE TABLE `equ_equipment` (
  `ID` varchar(50) NOT NULL,
  `Name` varchar(100) NOT NULL,
  `EquipmentType_ID` int(11) NOT NULL DEFAULT '1',
  `Manufacturer_ID` int(11) NOT NULL DEFAULT '1',
  `Status` bit(1) NOT NULL DEFAULT b'0',
  `UploadNum` int(11) NOT NULL DEFAULT '0',
  `Address` longblob,
  `SetupTime` date DEFAULT NULL,
  `SetupPerson` varchar(20) DEFAULT NULL,
  `Model` varchar(50) DEFAULT NULL,
  `FirstUploadTime` datetime DEFAULT NULL,
  `LastUploadTime` datetime DEFAULT NULL,
  `LastCollectTime` datetime DEFAULT NULL,
  `IPAddress` varchar(15) DEFAULT NULL,
  `Port` int(11) DEFAULT NULL,
  `Longitude` double DEFAULT NULL,
  `Latitude` double DEFAULT NULL,
  `Version` varchar(5) DEFAULT NULL,
  `Manager` varchar(20) DEFAULT NULL,
  `Telephone` varchar(20) DEFAULT NULL,
  `PowerType` int(11) DEFAULT '0',
  `PicPath` varchar(200) DEFAULT NULL,
  `FilePath` varchar(200) DEFAULT NULL,
  `Des` text,
  `SetupAddress` text,
  `OffLineTimeLimit` int(11) NOT NULL DEFAULT '0',
  `ConnectServerPort` int(11) DEFAULT NULL,
  PRIMARY KEY (`ID`)
) ENGINE=InnoDB DEFAULT CHARSET=utf8;
/*!40101 SET character_set_client = @saved_cs_client */;

--
-- Dumping data for table `equ_equipment`
--

LOCK TABLES `equ_equipment` WRITE;
/*!40000 ALTER TABLE `equ_equipment` DISABLE KEYS */;
INSERT INTO `equ_equipment` VALUES ('0','0',1,1,0x01,1145,NULL,'1900-01-01','','','2017-02-17 09:35:06','2021-02-01 09:56:17','2021-02-01 10:03:50','221.178.126.238',10674,114.4186357883645,34.76238586143465,'20   ','','',0,NULL,NULL,'','',0,8003),('1','1',7,1,0x01,915,NULL,NULL,NULL,NULL,'2017-02-17 15:43:47','2021-01-12 09:05:28','2021-01-12 09:05:28','221.178.126.244',54104,NULL,NULL,'42   ',NULL,NULL,0,NULL,NULL,NULL,NULL,0,8011),('10','10',0,1,0x01,510,NULL,NULL,NULL,NULL,'2017-09-06 09:57:50','2017-09-08 09:21:29','2017-09-08 09:21:00','223.104.254.32',42747,NULL,NULL,'20   ',NULL,NULL,0,NULL,NULL,NULL,NULL,0,NULL),('100','100',0,1,0x00,3,NULL,NULL,NULL,NULL,'2018-08-07 15:13:14','2018-08-07 15:16:58','2018-08-07 15:16:06','117.132.197.221',6727,NULL,NULL,'20   ',NULL,NULL,0,NULL,NULL,NULL,NULL,0,7003);
/*!40000 ALTER TABLE `equ_equipment` ENABLE KEYS */;
UNLOCK TABLES;

--
-- Table structure for table `equ_equipmentgroup`
--

DROP TABLE IF EXISTS `equ_equipmentgroup`;
/*!40101 SET @saved_cs_client     = @@character_set_client */;
/*!40101 SET character_set_client = utf8 */;
CREATE TABLE `equ_equipmentgroup` (
  `ID` int(11) NOT NULL AUTO_INCREMENT,
  `Name` varchar(50) NOT NULL,
  `ParentID` varchar(50) NOT NULL DEFAULT '0',
  PRIMARY KEY (`ID`)
) ENGINE=InnoDB AUTO_INCREMENT=101 DEFAULT CHARSET=utf8;
/*!40101 SET character_set_client = @saved_cs_client */;

--
-- Dumping data for table `equ_equipmentgroup`
--

LOCK TABLES `equ_equipmentgroup` WRITE;
/*!40000 ALTER TABLE `equ_equipmentgroup` DISABLE KEYS */;
INSERT INTO `equ_equipmentgroup` VALUES (1,'默认组','0'),(3,'直销最终用户','0'),(4,'测试用户设备组','0'),(5,'沈阳华润热力','166'),(6,'营口水务','3'),(7,'盘锦水务','3'),(8,'普宁供水','79'),(9,'连江温泉','3'),(10,'南安自来水公司','3'),(11,'肇庆四会水司','3'),(12,'岱海发电','3'),(13,'澄海水务','79'),(14,'宜章黄岑供水','79'),(15,'沈阳沈海热力公司','166'),(16,'气体公司生活水','205'),(18,'上海青浦水利推广站','3'),(19,'JC','3'),(20,'乌兰浩特市灌区管理所','175'),(21,'第六营业分公司','6'),(22,'上海光华','0'),(24,'阳江水务','22'),(25,'江苏杨云兵','3'),(26,'test','4'),(27,'jslt','25'),(29,'罗定供水LDGS','22'),(30,'江苏杰创','3'),(34,'test2','4'),(52,'清丰水务','3'),(53,'ymsyglj','3'),(54,'沂南县水利局','3'),(55,'开封奥泰','3'),(56,'北京瑞普三元','3'),(58,'佛山西櫵櫵南水务','79'),(60,'广西北投湖海','3'),(62,'河西渠沙窝','174'),(63,'江苏高邮水利','3'),(64,'滦平水政','95'),(65,'山东沂南','3'),(66,'山东邹城市自来水公司','30'),(67,'上海威尔泰','3'),(68,'深圳水务','79'),(69,'龙华水务有限公司','68'),(70,'观澜分公司','69'),(71,'浙江永宁药业','93'),(72,'大厂供水','79'),(73,'杭州临安污水处理','3'),(74,'wt14120141','3'),(75,'toplw','3'),(76,'江苏扬州大学','3'),(79,'开封仪表','0'),(82,'k f j k','3'),(83,'江苏恒达','3'),(84,'丹东华孚','166'),(86,'艾力特','3'),(87,'开封利源','3'),(88,'河南新航','3'),(89,'开封捷特','3'),(90,'开封精博','3'),(91,'北京言行知','3'),(92,'江苏华夏','3'),(93,'江苏华海','3'),(94,'霍尼维','3'),(95,'开封科隆','3'),(96,'天津迅尔','3'),(97,'kfyb测试','79'),(98,'上海意拓','3'),(99,'上海天石','3'),(100,'开封华邦','3');
/*!40000 ALTER TABLE `equ_equipmentgroup` ENABLE KEYS */;
UNLOCK TABLES;

--
-- Table structure for table `equ_equipmentgroup_equipment_map`
--

DROP TABLE IF EXISTS `equ_equipmentgroup_equipment_map`;
/*!40101 SET @saved_cs_client     = @@character_set_client */;
/*!40101 SET character_set_client = utf8 */;
CREATE TABLE `equ_equipmentgroup_equipment_map` (
  `EquipmentGroup_ID` int(11) NOT NULL,
  `Equipment_ID` varchar(50) NOT NULL,
  PRIMARY KEY (`Equipment_ID`,`EquipmentGroup_ID`),
  KEY `EquipmentGroup_ID` (`EquipmentGroup_ID`),
  CONSTRAINT `FK_equ_EquipmentGroup_Equipment_Map_equ_Equipment` FOREIGN KEY (`Equipment_ID`) REFERENCES `equ_equipment` (`ID`),
  CONSTRAINT `FK_equ_EquipmentGroup_Equipment_Map_equ_EquipmentGroup` FOREIGN KEY (`EquipmentGroup_ID`) REFERENCES `equ_equipmentgroup` (`ID`)
) ENGINE=InnoDB DEFAULT CHARSET=utf8;
/*!40101 SET character_set_client = @saved_cs_client */;

--
-- Dumping data for table `equ_equipmentgroup_equipment_map`
--

LOCK TABLES `equ_equipmentgroup_equipment_map` WRITE;
/*!40000 ALTER TABLE `equ_equipmentgroup_equipment_map` DISABLE KEYS */;
INSERT INTO `equ_equipmentgroup_equipment_map` VALUES (1,'1'),(1,'10'),(1,'100'),(96,'0'),(100,'0');
/*!40000 ALTER TABLE `equ_equipmentgroup_equipment_map` ENABLE KEYS */;
UNLOCK TABLES;

--
-- Table structure for table `equ_equipmentpara`
--

DROP TABLE IF EXISTS `equ_equipmentpara`;
/*!40101 SET @saved_cs_client     = @@character_set_client */;
/*!40101 SET character_set_client = utf8 */;
CREATE TABLE `equ_equipmentpara` (
  `Equipment_ID` varchar(50) NOT NULL,
  `Para_ID` int(11) NOT NULL,
  `ParaValue` text NOT NULL,
  `UploadTime` datetime NOT NULL,
  `Unit_ID` int(11) DEFAULT NULL,
  `UpLimit` double DEFAULT NULL,
  `DownLimit` double DEFAULT NULL,
  PRIMARY KEY (`Equipment_ID`,`Para_ID`),
  KEY `Para_ID` (`Para_ID`),
  CONSTRAINT `FK_equ_EquipmentPara_equ_Equipment` FOREIGN KEY (`Equipment_ID`) REFERENCES `equ_equipment` (`ID`),
  CONSTRAINT `FK_equ_EquipmentPara_equ_Para` FOREIGN KEY (`Para_ID`) REFERENCES `equ_para` (`ID`)
) ENGINE=InnoDB DEFAULT CHARSET=utf8;
/*!40101 SET character_set_client = @saved_cs_client */;

--
-- Dumping data for table `equ_equipmentpara`
--

LOCK TABLES `equ_equipmentpara` WRITE;
/*!40000 ALTER TABLE `equ_equipmentpara` DISABLE KEYS */;
INSERT INTO `equ_equipmentpara` VALUES ('0',10,'60','2020-12-14 03:04:52',71,1440,30),('0',14,'cmiot;;;','2020-12-14 03:04:52',NULL,NULL,NULL),('0',15,'00000000000000000000','2020-12-14 03:04:52',NULL,NULL,NULL),('0',16,'60','2020-12-14 03:04:52',71,1440,60),('0',20,'124.095.128.250:08010;','2020-12-14 03:04:52',NULL,NULL,NULL),('0',21,'toplw.gicp.net','2020-12-14 03:04:52',NULL,NULL,NULL),('0',22,'UDP','2020-12-14 03:04:52',NULL,NULL,NULL),('0',23,'IP_MODE','2020-12-14 03:04:52',NULL,NULL,NULL),('0',32,'protol_v2','2020-12-14 03:04:52',NULL,NULL,NULL),('0',33,'0','2020-12-14 03:04:52',NULL,NULL,NULL),('0',34,'1','2020-12-14 03:04:52',0,8,1),('0',35,'ENABLE','2020-12-14 03:04:52',NULL,NULL,NULL),('0',36,'','2020-12-14 03:04:52',NULL,NULL,NULL),('0',43,'460045148110419','2020-12-14 03:04:52',NULL,NULL,NULL),('0',44,'LTE_V60_APp1_W803E_EC20','2020-12-14 03:04:52',NULL,NULL,NULL),('0',45,'ParaReset','2020-12-14 03:04:52',NULL,NULL,NULL),('0',46,'Restart','2020-12-14 03:04:52',NULL,NULL,NULL),('1',10,'60','2021-01-12 09:05:28',71,1440,1),('1',14,'cmiot;;;','2021-01-12 09:05:28',NULL,NULL,NULL),('1',15,'89860413091830075662','2021-01-12 09:05:28',NULL,NULL,NULL),('1',16,'60','2021-01-12 09:05:28',71,1440,30),('1',20,'001.024.223.154:00800;','2021-01-12 09:05:28',NULL,NULL,NULL),('1',21,'toplw.gicp.net','2021-01-12 09:05:28',NULL,NULL,NULL),('1',22,'TCP','2021-01-12 09:05:28',NULL,NULL,NULL),('1',23,'IP_MODE','2021-01-12 09:05:28',NULL,NULL,NULL),('1',32,'protol_v8','2021-01-12 09:05:28',NULL,NULL,NULL),('1',33,'1','2021-01-12 09:05:28',NULL,NULL,NULL),('1',34,'1','2021-01-12 09:05:28',0,8,1),('1',35,'ENABLE','2021-01-12 09:05:28',NULL,NULL,NULL),('1',36,'864513044891452','2021-01-12 09:05:28',NULL,NULL,NULL),('1',43,'460043308315662','2021-01-12 09:05:28',NULL,NULL,NULL),('1',44,'4G_V66E_F_APP1_P-DBL_W803E_EC20','2021-01-12 09:05:28',NULL,NULL,NULL),('1',45,'ParaReset','2021-01-12 09:05:28',NULL,NULL,NULL),('1',46,'Restart','2021-01-12 09:05:28',NULL,NULL,NULL),('10',15,'898602b40316c0225530','2017-09-08 09:21:27',NULL,NULL,NULL);
/*!40000 ALTER TABLE `equ_equipmentpara` ENABLE KEYS */;
UNLOCK TABLES;

--
-- Table structure for table `equ_equipmentparasettingrecord`
--

DROP TABLE IF EXISTS `equ_equipmentparasettingrecord`;
/*!40101 SET @saved_cs_client     = @@character_set_client */;
/*!40101 SET character_set_client = utf8 */;
CREATE TABLE `equ_equipmentparasettingrecord` (
  `ID` int(11) NOT NULL,
  `Equipment_ID` varchar(50) NOT NULL,
  `Para` longtext NOT NULL,
  `Des` text,
  `SettingTime` datetime NOT NULL,
  `UserCode` varchar(100) NOT NULL,
  `SendTime` datetime DEFAULT NULL,
  `SendNum` int(11) NOT NULL DEFAULT '0',
  `SuccessFlag` bit(1) NOT NULL,
  `ResponseTime` datetime DEFAULT NULL,
  `ResponseMessage` varchar(50) DEFAULT NULL,
  `CheckTime` datetime DEFAULT NULL,
  PRIMARY KEY (`ID`),
  KEY `Equipment_ID` (`Equipment_ID`),
  KEY `UserCode` (`UserCode`),
  CONSTRAINT `FK_equ_EquipmentParaSettingRecord_equ_Equipment` FOREIGN KEY (`Equipment_ID`) REFERENCES `equ_equipment` (`ID`),
  CONSTRAINT `FK_equ_EquipmentParaSettingRecord_sys_user` FOREIGN KEY (`UserCode`) REFERENCES `sys_user` (`UserCode`)
) ENGINE=InnoDB DEFAULT CHARSET=utf8;
/*!40101 SET character_set_client = @saved_cs_client */;

--
-- Dumping data for table `equ_equipmentparasettingrecord`
--

LOCK TABLES `equ_equipmentparasettingrecord` WRITE;
/*!40000 ALTER TABLE `equ_equipmentparasettingrecord` DISABLE KEYS */;
/*!40000 ALTER TABLE `equ_equipmentparasettingrecord` ENABLE KEYS */;
UNLOCK TABLES;

--
-- Table structure for table `equ_equipmentparavaluerange`
--

DROP TABLE IF EXISTS `equ_equipmentparavaluerange`;
/*!40101 SET @saved_cs_client     = @@character_set_client */;
/*!40101 SET character_set_client = utf8 */;
CREATE TABLE `equ_equipmentparavaluerange` (
  `Equipment_ID` varchar(50) NOT NULL,
  `Para_ID` int(11) NOT NULL,
  `ParaValue_ID` int(11) NOT NULL,
  PRIMARY KEY (`Equipment_ID`,`Para_ID`,`ParaValue_ID`),
  KEY `Para_ID` (`Para_ID`),
  CONSTRAINT `FK_equ_EquipmentParaValueRange_equ_Equipment` FOREIGN KEY (`Equipment_ID`) REFERENCES `equ_equipment` (`ID`),
  CONSTRAINT `FK_equ_EquipmentParaValueRange_equ_Para` FOREIGN KEY (`Para_ID`) REFERENCES `equ_para` (`ID`)
) ENGINE=InnoDB DEFAULT CHARSET=utf8;
/*!40101 SET character_set_client = @saved_cs_client */;

--
-- Dumping data for table `equ_equipmentparavaluerange`
--

LOCK TABLES `equ_equipmentparavaluerange` WRITE;
/*!40000 ALTER TABLE `equ_equipmentparavaluerange` DISABLE KEYS */;
/*!40000 ALTER TABLE `equ_equipmentparavaluerange` ENABLE KEYS */;
UNLOCK TABLES;

--
-- Table structure for table `equ_equipmentrealdata`
--

DROP TABLE IF EXISTS `equ_equipmentrealdata`;
/*!40101 SET @saved_cs_client     = @@character_set_client */;
/*!40101 SET character_set_client = utf8 */;
CREATE TABLE `equ_equipmentrealdata` (
  `Equipment_ID` varchar(50) NOT NULL,
  `DataType_ID` int(11) NOT NULL,
  `Value` double NOT NULL,
  `Unit_ID` int(11) NOT NULL,
  `Position` int(11) NOT NULL,
  `IfRecord` bit(1) NOT NULL,
  `IfCurve` bit(1) NOT NULL,
  `IfAlarm` bit(1) NOT NULL,
  `IfAccumulate` bit(1) NOT NULL,
  `UpLimit` double DEFAULT '0',
  `DownLimit` double DEFAULT '0',
  `LastUpdateTime` datetime DEFAULT NULL,
  PRIMARY KEY (`DataType_ID`,`Equipment_ID`),
  KEY `Equipment_ID` (`Equipment_ID`),
  CONSTRAINT `FK_equ_EquipmentRealData_equ_Equipment` FOREIGN KEY (`Equipment_ID`) REFERENCES `equ_equipment` (`ID`)
) ENGINE=InnoDB DEFAULT CHARSET=utf8;
/*!40101 SET character_set_client = @saved_cs_client */;

--
-- Dumping data for table `equ_equipmentrealdata`
--

LOCK TABLES `equ_equipmentrealdata` WRITE;
/*!40000 ALTER TABLE `equ_equipmentrealdata` DISABLE KEYS */;
INSERT INTO `equ_equipmentrealdata` VALUES ('0',0,282.74,6,0,0x01,0x01,0x00,0x00,0,0,'2021-02-01 10:03:50'),('1',0,0,6,0,0x01,0x01,0x00,0x00,0,0,'2021-01-12 09:05:28'),('10',0,0,1,0,0x01,0x01,0x00,0x00,0,0,NULL),('100',0,0,1,0,0x01,0x01,0x00,0x00,0,0,NULL),('0',1,10,36,1,0x01,0x01,0x00,0x00,0,0,'2021-02-01 10:03:50'),('1',1,0,36,1,0x01,0x01,0x00,0x00,0,0,'2021-01-12 09:05:28'),('10',1,0,36,1,0x01,0x01,0x00,0x00,0,0,NULL),('100',1,0,36,1,0x01,0x01,0x00,0x00,0,0,NULL),('0',2,100,37,2,0x01,0x01,0x00,0x00,0,0,'2021-02-01 10:03:50'),('1',2,0,37,2,0x01,0x01,0x00,0x00,0,0,'2021-01-12 09:05:28'),('10',2,0,37,2,0x01,0x01,0x00,0x00,0,0,NULL),('0',3,0,37,3,0x01,0x01,0x00,0x00,0,0,'2021-02-01 10:03:50'),('1',3,931,37,3,0x01,0x01,0x00,0x00,0,0,'2021-01-12 09:05:28'),('10',3,0,37,3,0x01,0x01,0x00,0x00,0,0,NULL),('100',3,0,37,2,0x01,0x01,0x00,0x00,0,0,NULL),('0',4,3701990.55,14,8,0x01,0x01,0x00,0x01,0,0,'2021-02-01 10:03:50'),('1',4,396.965,14,4,0x01,0x01,0x00,0x01,0,0,'2021-01-12 09:05:28'),('10',4,0,13,4,0x01,0x01,0x00,0x01,0,0,NULL),('100',4,0,13,3,0x01,0x01,0x00,0x01,0,0,NULL),('0',5,4715964.25,14,9,0x01,0x01,0x00,0x01,0,0,'2021-02-01 10:03:50'),('1',5,69.777,14,5,0x01,0x01,0x00,0x01,0,0,'2021-01-12 09:05:28'),('10',5,0,13,5,0x01,0x01,0x00,0x01,0,0,NULL),('100',5,0,13,4,0x01,0x01,0x00,0x01,0,0,NULL),('1',10,0,19,9,0x01,0x01,0x00,0x00,0,0,'2021-01-12 09:05:28'),('1',11,0,23,13,0x01,0x01,0x00,0x01,0,0,'2021-01-12 09:05:28'),('1',12,0,35,10,0x01,0x01,0x00,0x00,0,0,'2021-01-12 09:05:28'),('1',13,0,35,11,0x01,0x01,0x00,0x00,0,0,'2021-01-12 09:05:28'),('0',14,0,56,10,0x01,0x01,0x00,0x00,0,0,'2021-02-01 10:03:50'),('1',14,0,34,7,0x01,0x01,0x00,0x00,0,0,'2021-01-12 09:05:28'),('10',14,0,33,11,0x01,0x01,0x00,0x00,0,0,NULL),('1',17,100,37,23,0x01,0x01,0x00,0x00,0,0,'2021-01-12 09:05:28'),('10',17,0,37,9,0x00,0x00,0x00,0x00,0,0,NULL),('100',17,100,37,8,0x00,0x00,0x00,0x00,0,0,NULL),('1',18,100,37,33,0x01,0x01,0x00,0x00,0,0,'2021-01-12 09:05:28'),('10',18,0,37,8,0x00,0x00,0x00,0x00,0,0,NULL),('100',18,100,37,7,0x00,0x00,0x00,0x00,0,0,NULL),('0',19,24,0,11,0x00,0x00,0x00,0x00,0,0,'2021-02-01 10:03:50'),('1',19,31,0,35,0x01,0x01,0x00,0x00,0,0,'2021-01-12 09:05:28'),('10',19,25,0,10,0x00,0x00,0x00,0x00,0,0,NULL),('100',19,22,0,9,0x00,0x00,0x00,0x00,0,0,NULL),('0',20,0,0,4,0x01,0x00,0x01,0x00,0,0,'2021-02-01 10:03:50'),('1',20,0,0,16,0x01,0x01,0x01,0x00,0,0,'2021-01-12 09:05:28'),('0',21,0,0,5,0x01,0x00,0x01,0x00,0,0,'2021-02-01 10:03:50'),('1',21,0,0,17,0x01,0x01,0x01,0x00,0,0,'2021-01-12 09:05:28'),('0',22,0,0,6,0x01,0x00,0x01,0x00,0,0,'2021-02-01 10:03:50'),('1',22,0,0,18,0x01,0x01,0x01,0x00,0,0,'2021-01-12 09:05:28'),('10',22,0,0,6,0x01,0x00,0x01,0x00,0,0,NULL),('100',22,0,0,5,0x01,0x00,0x01,0x00,0,0,NULL),('0',23,0,0,7,0x01,0x00,0x01,0x00,0,0,'2021-02-01 10:03:50'),('1',23,1,0,19,0x01,0x01,0x01,0x00,0,0,'2021-01-12 09:05:28'),('10',23,0,0,7,0x01,0x00,0x01,0x00,0,0,NULL),('100',23,0,0,6,0x01,0x00,0x01,0x00,0,0,NULL),('1',34,455,70,15,0x01,0x01,0x00,0x01,0,0,'2021-01-12 09:05:28'),('1',36,0,23,14,0x01,0x01,0x00,0x01,0,0,'2021-01-12 09:05:28'),('0',37,0,0,12,0x01,0x00,0x01,0x00,0,0,'2021-02-01 10:03:50'),('0',38,0,0,13,0x01,0x00,0x01,0x00,0,0,'2021-02-01 10:03:50'),('1',43,0,0,20,0x01,0x01,0x00,0x00,0,0,'2021-01-12 09:05:28'),('1',213,0,0,22,0x01,0x01,0x01,0x00,0,0,'2021-01-12 09:05:28'),('1',218,327.188,14,6,0x01,0x01,0x00,0x01,0,0,'2021-01-12 09:05:28'),('1',219,0,37,8,0x01,0x01,0x00,0x00,0,0,'2021-01-12 09:05:28'),('1',220,0,35,12,0x01,0x01,0x00,0x00,0,0,'2021-01-12 09:05:28'),('1',224,0,0,21,0x01,0x01,0x00,0x00,0,0,'2021-01-12 09:05:28'),('1',225,0,0,32,0x01,0x01,0x01,0x00,0,0,'2021-01-12 09:05:28'),('1',227,0,0,34,0x01,0x01,0x01,0x00,0,0,'2021-01-12 09:05:28'),('1',228,0,0,31,0x01,0x01,0x01,0x00,0,0,'2021-01-12 09:05:28'),('1',243,0,6,26,0x01,0x01,0x00,0x00,0,0,'2021-01-12 09:05:28'),('1',244,0,6,25,0x01,0x01,0x00,0x00,0,0,'2021-01-12 09:05:28'),('1',247,11459,0,24,0x01,0x01,0x00,0x00,0,0,'2021-01-12 09:05:28'),('0',248,1,0,14,0x01,0x00,0x01,0x00,0,0,'2021-02-01 10:03:50');
/*!40000 ALTER TABLE `equ_equipmentrealdata` ENABLE KEYS */;
UNLOCK TABLES;

--
-- Table structure for table `equ_equipmenttype`
--

DROP TABLE IF EXISTS `equ_equipmenttype`;
/*!40101 SET @saved_cs_client     = @@character_set_client */;
/*!40101 SET character_set_client = utf8 */;
CREATE TABLE `equ_equipmenttype` (
  `ID` int(11) NOT NULL,
  `Name` varchar(50) NOT NULL,
  `OffLineLimit` int(11) NOT NULL DEFAULT '30',
  PRIMARY KEY (`ID`)
) ENGINE=InnoDB DEFAULT CHARSET=utf8;
/*!40101 SET character_set_client = @saved_cs_client */;

--
-- Dumping data for table `equ_equipmenttype`
--

LOCK TABLES `equ_equipmenttype` WRITE;
/*!40000 ALTER TABLE `equ_equipmenttype` DISABLE KEYS */;
INSERT INTO `equ_equipmenttype` VALUES (0,'电池供电电磁流量计',1440),(1,'220V供电电磁流量计',60),(2,'电磁水表',60),(3,'电磁热表',60),(4,'涡街流量计',60),(5,'RTU',1440),(6,'801电池供电电磁流量计',30),(7,'803E电磁水表',30);
/*!40000 ALTER TABLE `equ_equipmenttype` ENABLE KEYS */;
UNLOCK TABLES;

--
-- Table structure for table `equ_manufacturer`
--

DROP TABLE IF EXISTS `equ_manufacturer`;
/*!40101 SET @saved_cs_client     = @@character_set_client */;
/*!40101 SET character_set_client = utf8 */;
CREATE TABLE `equ_manufacturer` (
  `ID` int(11) NOT NULL,
  `Name` varchar(50) NOT NULL,
  `Address` varchar(200) DEFAULT NULL,
  `Contact` varchar(20) DEFAULT NULL,
  `Telephone` varchar(20) DEFAULT NULL,
  `Des` text,
  PRIMARY KEY (`ID`)
) ENGINE=InnoDB DEFAULT CHARSET=utf8;
/*!40101 SET character_set_client = @saved_cs_client */;

--
-- Dumping data for table `equ_manufacturer`
--

LOCK TABLES `equ_manufacturer` WRITE;
/*!40000 ALTER TABLE `equ_manufacturer` DISABLE KEYS */;
INSERT INTO `equ_manufacturer` VALUES (1,'默认','','','',''),(2,'沈阳兰申电器','辽宁省沈阳市','','','');
/*!40000 ALTER TABLE `equ_manufacturer` ENABLE KEYS */;
UNLOCK TABLES;

--
-- Table structure for table `equ_para`
--

DROP TABLE IF EXISTS `equ_para`;
/*!40101 SET @saved_cs_client     = @@character_set_client */;
/*!40101 SET character_set_client = utf8 */;
CREATE TABLE `equ_para` (
  `ID` int(11) NOT NULL,
  `Name` varchar(50) NOT NULL,
  `ParaGroup_ID` int(11) NOT NULL,
  `Type` int(11) NOT NULL,
  `ReadOnly` bit(1) NOT NULL DEFAULT b'0',
  PRIMARY KEY (`ID`),
  KEY `ParaGroup_ID` (`ParaGroup_ID`),
  CONSTRAINT `FK_equ_Para_equ_ParaGroup` FOREIGN KEY (`ParaGroup_ID`) REFERENCES `equ_paragroup` (`ID`)
) ENGINE=InnoDB DEFAULT CHARSET=utf8;
/*!40101 SET character_set_client = @saved_cs_client */;

--
-- Dumping data for table `equ_para`
--

LOCK TABLES `equ_para` WRITE;
/*!40000 ALTER TABLE `equ_para` DISABLE KEYS */;
INSERT INTO `equ_para` VALUES (5,'管道口径',2,2,0x00),(7,'流量',3,3,0x00),(9,'语言',1,2,0x00),(10,'采集间隔（分钟）',2,1,0x00),(11,'仪表休眠密码',1,1,0x00),(12,'测量管道口径',3,2,0x00),(13,'流量计算单位',3,2,0x00),(14,'APN',1,3,0x00),(15,'CCID_SIM',1,3,0x01),(16,'GPRS上报间隔（分钟）',2,1,0x00),(17,'设备ID',1,1,0x01),(18,'备用',1,1,0x00),(19,'备用',1,1,0x00),(20,'IP和端口',1,3,0x00),(21,'域名',1,3,0x00),(22,'通信方式',1,3,0x00),(23,'接入模式',1,3,0x00),(24,'模拟量1修正系数',1,1,0x00),(25,'模拟量2修正系数',1,1,0x00),(26,'模拟量3修正系数',1,1,0x00),(27,'模拟量4修正系数',1,1,0x00),(28,'频率量1修正系数',1,1,0x00),(29,'频率量2修正系数',1,1,0x00),(30,'频率量3修正系数',1,1,0x00),(31,'频率量4修正系数',1,1,0x00),(32,'通信协议',1,3,0x00),(33,'单机版设备名称',1,3,0x00),(34,'单机版设备地址',1,1,0x00),(35,'自动校时使能',1,3,0x00),(36,'IMEI',1,3,0x01),(37,'发送数据间隔（秒）',2,1,0x00),(38,'GPRS/LTE连接方式',2,2,0x00),(39,'GPRS/LTE连接模式',2,2,0x00),(40,'主机IP地址',2,3,0x00),(41,'主机域名',2,3,0x00),(42,'主机端口号',2,1,0x00),(43,'IMSI_SIM',1,3,0x01),(44,'GPRS软件版本',1,3,0x01),(45,'参数重置',2,3,0x00),(46,'重新启动',2,3,0x00),(47,'设备版本',2,2,0x00),(48,'GPRS/LTE数据模式',2,2,0x00),(49,'普通模式/跟踪模式',2,3,0x00);
/*!40000 ALTER TABLE `equ_para` ENABLE KEYS */;
UNLOCK TABLES;

--
-- Table structure for table `equ_paragroup`
--

DROP TABLE IF EXISTS `equ_paragroup`;
/*!40101 SET @saved_cs_client     = @@character_set_client */;
/*!40101 SET character_set_client = utf8 */;
CREATE TABLE `equ_paragroup` (
  `ID` int(11) NOT NULL,
  `Name` varchar(50) NOT NULL,
  PRIMARY KEY (`ID`)
) ENGINE=InnoDB DEFAULT CHARSET=utf8;
/*!40101 SET character_set_client = @saved_cs_client */;

--
-- Dumping data for table `equ_paragroup`
--

LOCK TABLES `equ_paragroup` WRITE;
/*!40000 ALTER TABLE `equ_paragroup` DISABLE KEYS */;
INSERT INTO `equ_paragroup` VALUES (1,'厂家出厂配置'),(2,'用户修改'),(3,'标定用参数');
/*!40000 ALTER TABLE `equ_paragroup` ENABLE KEYS */;
UNLOCK TABLES;

--
-- Table structure for table `equ_paravalue`
--

DROP TABLE IF EXISTS `equ_paravalue`;
/*!40101 SET @saved_cs_client     = @@character_set_client */;
/*!40101 SET character_set_client = utf8 */;
CREATE TABLE `equ_paravalue` (
  `ID` int(11) NOT NULL,
  `Para_ID` int(11) NOT NULL,
  `Name` varchar(50) NOT NULL,
  PRIMARY KEY (`ID`,`Para_ID`),
  KEY `Para_ID` (`Para_ID`),
  CONSTRAINT `FK_equ_ParaValue_equ_Para` FOREIGN KEY (`Para_ID`) REFERENCES `equ_para` (`ID`)
) ENGINE=InnoDB DEFAULT CHARSET=utf8;
/*!40101 SET character_set_client = @saved_cs_client */;

--
-- Dumping data for table `equ_paravalue`
--

LOCK TABLES `equ_paravalue` WRITE;
/*!40000 ALTER TABLE `equ_paravalue` DISABLE KEYS */;
INSERT INTO `equ_paravalue` VALUES (1,5,'20'),(1,7,'2345'),(1,9,'英文'),(1,12,'10'),(1,13,'L/S'),(1,38,'TCP'),(1,39,'IP'),(1,47,'通用流量仪表'),(1,48,'数据模式0'),(2,9,'中文'),(2,12,'15'),(2,13,'L/m'),(2,38,'UDP'),(2,39,'DNS'),(2,47,'流量仪表带一路压力'),(2,48,'数据模式1'),(3,9,'德文'),(3,12,'20'),(3,13,'L/h'),(3,47,'流量仪表带两路压力'),(4,12,'25'),(4,13,'m3/s'),(4,47,'通用热量仪表'),(5,12,'32'),(5,13,'m3/m'),(5,47,'热量仪表带一路压力'),(6,12,'40'),(6,13,'m3/h'),(6,47,'热量仪表带两路压力'),(7,12,'50'),(7,13,'ukg/s'),(8,12,'65'),(8,13,'ukg/m'),(9,12,'80'),(9,13,'ukg/h'),(10,12,'100'),(10,13,'usg/s'),(11,12,'125'),(11,13,'usg/m'),(12,12,'150'),(12,13,'usg/h'),(13,12,'200'),(13,13,'kg/s'),(14,12,'250'),(14,13,'kg/m'),(15,12,'300'),(15,13,'kg/h'),(16,12,'320'),(16,13,'t/s'),(17,12,'350'),(17,13,'t/m'),(18,12,'400'),(18,13,'t/h'),(19,12,'450'),(20,12,'500'),(21,12,'600'),(22,12,'700'),(23,12,'800'),(24,12,'900'),(25,12,'1000'),(26,12,'1100'),(27,12,'1200');
/*!40000 ALTER TABLE `equ_paravalue` ENABLE KEYS */;
UNLOCK TABLES;

--
-- Table structure for table `equ_responserecord`
--

DROP TABLE IF EXISTS `equ_responserecord`;
/*!40101 SET @saved_cs_client     = @@character_set_client */;
/*!40101 SET character_set_client = utf8 */;
CREATE TABLE `equ_responserecord` (
  `CollectTime` datetime NOT NULL,
  `Equipment_ID` varchar(50) NOT NULL,
  `ResponseTime` datetime NOT NULL,
  `ResponesType` varchar(10) NOT NULL,
  `IPAddress` varchar(15) NOT NULL,
  `Port` int(11) NOT NULL,
  `sendData` varchar(100) NOT NULL,
  PRIMARY KEY (`CollectTime`,`Equipment_ID`,`ResponseTime`),
  KEY `Equipment_ID` (`Equipment_ID`),
  CONSTRAINT `FK_equ_ResponseRecord_equ_Equipment` FOREIGN KEY (`Equipment_ID`) REFERENCES `equ_equipment` (`ID`)
) ENGINE=InnoDB DEFAULT CHARSET=utf8;
/*!40101 SET character_set_client = @saved_cs_client */;

--
-- Dumping data for table `equ_responserecord`
--

LOCK TABLES `equ_responserecord` WRITE;
/*!40000 ALTER TABLE `equ_responserecord` DISABLE KEYS */;
/*!40000 ALTER TABLE `equ_responserecord` ENABLE KEYS */;
UNLOCK TABLES;

--
-- Table structure for table `equ_server`
--

DROP TABLE IF EXISTS `equ_server`;
/*!40101 SET @saved_cs_client     = @@character_set_client */;
/*!40101 SET character_set_client = utf8 */;
CREATE TABLE `equ_server` (
  `ID` int(11) NOT NULL,
  `Name` varchar(50) NOT NULL,
  `IPAddress` varchar(15) DEFAULT NULL,
  `Port` int(11) DEFAULT NULL,
  `Des` text,
  PRIMARY KEY (`ID`)
) ENGINE=InnoDB DEFAULT CHARSET=utf8;
/*!40101 SET character_set_client = @saved_cs_client */;

--
-- Dumping data for table `equ_server`
--

LOCK TABLES `equ_server` WRITE;
/*!40000 ALTER TABLE `equ_server` DISABLE KEYS */;
INSERT INTO `equ_server` VALUES (4,'江苏华海','58.18.105.22',23456,'江苏华海测试组'),(5,'上海贝菲','',0,''),(6,'江苏华夏','218.92.62.14',7005,'卢工 13809045998'),(8,'江苏华尔威客','122.97.217.182',7783,''),(9,'南京西尼尔的用户汇集公司东海项目','180.166.58.50',1666,'20180404王慧璐创建，南京西尼尔田敏，用户祁工 13162231372'),(10,'光华福州','110.80.36.242',456,'20181228王慧璐创建，光华的厦门可尼西'),(13,'开封精博','120.25.209.193',9101,'2019.2.25 鲍喜荣创建'),(14,'上海贝菲黑龙江用户','190.168.1.88',8003,'2019.2.28 张月创建'),(15,'创新用户衡水凯天环保','39.96.214.245',8880,''),(16,'测试','60.16.58.14',8002,'沈北水务测试'),(17,'沈北水务','60.16.58.14',54762,'53012'),(18,'光华测试','120.210.142.79',38990,'光华测试');
/*!40000 ALTER TABLE `equ_server` ENABLE KEYS */;
UNLOCK TABLES;

--
-- Table structure for table `equ_server_equipment_map`
--

DROP TABLE IF EXISTS `equ_server_equipment_map`;
/*!40101 SET @saved_cs_client     = @@character_set_client */;
/*!40101 SET character_set_client = utf8 */;
CREATE TABLE `equ_server_equipment_map` (
  `Server_ID` int(11) NOT NULL,
  `Equipment_ID` varchar(50) NOT NULL,
  `LastDownloadDataTime` datetime DEFAULT NULL,
  `DataPacket` varchar(100) DEFAULT NULL,
  PRIMARY KEY (`Equipment_ID`,`Server_ID`),
  KEY `Server_ID` (`Server_ID`),
  CONSTRAINT `FK_equ_Server_Equipment_Map_equ_Equipment` FOREIGN KEY (`Equipment_ID`) REFERENCES `equ_equipment` (`ID`),
  CONSTRAINT `FK_equ_Server_Equipment_Map_equ_Server` FOREIGN KEY (`Server_ID`) REFERENCES `equ_server` (`ID`)
) ENGINE=InnoDB DEFAULT CHARSET=utf8;
/*!40101 SET character_set_client = @saved_cs_client */;

--
-- Dumping data for table `equ_server_equipment_map`
--

LOCK TABLES `equ_server_equipment_map` WRITE;
/*!40000 ALTER TABLE `equ_server_equipment_map` DISABLE KEYS */;
/*!40000 ALTER TABLE `equ_server_equipment_map` ENABLE KEYS */;
UNLOCK TABLES;

--
-- Table structure for table `equ_sim`
--

DROP TABLE IF EXISTS `equ_sim`;
/*!40101 SET @saved_cs_client     = @@character_set_client */;
/*!40101 SET character_set_client = utf8 */;
CREATE TABLE `equ_sim` (
  `ID` varchar(20) NOT NULL,
  `UpdateDate` datetime DEFAULT NULL,
  `UpdatePerson` varchar(100) DEFAULT NULL,
  `CreateDate` datetime NOT NULL,
  `CreatePerson` varchar(100) NOT NULL,
  `ActivateTime` date DEFAULT NULL,
  `Status` varchar(2) DEFAULT NULL,
  `StatusLastUpdateTime` datetime DEFAULT NULL,
  `SIMPackage_ID` int(11) NOT NULL,
  `Equipment_ID` varchar(50) DEFAULT NULL,
  `Des` text,
  `SIMAPP_ID` varchar(50) NOT NULL,
  `Balance` double DEFAULT NULL,
  `BalanceLastUpdateTime` datetime DEFAULT NULL,
  `Enable` bit(1) NOT NULL DEFAULT b'1',
  `ReadNum` int(11) NOT NULL DEFAULT '0',
  PRIMARY KEY (`ID`),
  KEY `SIMAPP_ID` (`SIMAPP_ID`),
  KEY `SIMPackage_ID` (`SIMPackage_ID`),
  CONSTRAINT `FK_equ_SIM_equ_SIMAPP` FOREIGN KEY (`SIMAPP_ID`) REFERENCES `equ_simapp` (`ID`),
  CONSTRAINT `FK_equ_SIM_equ_SIMPackage` FOREIGN KEY (`SIMPackage_ID`) REFERENCES `equ_simpackage` (`ID`)
) ENGINE=InnoDB DEFAULT CHARSET=utf8;
/*!40101 SET character_set_client = @saved_cs_client */;

--
-- Dumping data for table `equ_sim`
--

LOCK TABLES `equ_sim` WRITE;
/*!40000 ALTER TABLE `equ_sim` DISABLE KEYS */;
INSERT INTO `equ_sim` VALUES ('898600D6991520004762','2021-02-01 12:20:38',NULL,'2018-04-08 09:05:34','huluadmin',NULL,'OK',NULL,1,'6000059',NULL,'KMQ11I7',51,'2021-01-05 08:55:53',0x01,784),('898600D6991520004764','2021-02-01 12:15:40',NULL,'2018-04-08 09:05:34','huluadmin',NULL,'OK',NULL,1,'6000061',NULL,'KMQ11I7',51,'2021-01-05 08:55:54',0x01,784),('898600D6991520004768','2021-02-01 12:50:39',NULL,'2018-04-08 09:05:34','huluadmin',NULL,'OK',NULL,1,'6000064',NULL,'KMQ11I7',51,'2021-01-05 10:55:47',0x01,784),('898600D6991520004769','2021-02-01 12:20:39',NULL,'2018-04-08 09:05:34','huluadmin',NULL,'OK',NULL,1,'6000052',NULL,'KMQ11I7',51,'2021-01-05 09:55:53',0x01,784),('898602B1031790040183','2021-02-01 00:26:05',NULL,'2018-04-08 15:19:47','huluadmin',NULL,'NO',NULL,1,'6000084',NULL,'KMQ11I7',NULL,NULL,0x01,808),('898602B1031790040202','2021-02-01 12:50:40',NULL,'2018-04-08 15:19:47','huluadmin',NULL,'NO',NULL,1,'6000076',NULL,'KMQ11I7',NULL,NULL,0x01,808),('898602B1031790040224','2021-02-01 12:15:35',NULL,'2018-04-08 15:19:47','huluadmin',NULL,'NO',NULL,1,'6000097',NULL,'KMQ11I7',NULL,NULL,0x01,808),('898602B1031790040383','2021-02-01 19:50:37',NULL,'2018-04-08 15:23:32','huluadmin','1900-01-01','NO',NULL,1,'6174','开封开德 17/12/20','KMQ11I7',NULL,NULL,0x01,808),('898602B1031790040385','2021-02-01 16:30:37',NULL,'2018-04-08 15:23:32','huluadmin','1900-01-01','NO',NULL,1,'6313','开封开德 17/12/20','KMQ11I7',NULL,NULL,0x01,808),('898602B1031790040397','2021-02-01 19:50:37',NULL,'2018-04-08 15:23:32','huluadmin','1900-01-01','NO',NULL,1,'6173','开封开德  17/12/20','KMQ11I7',NULL,NULL,0x01,808),('898602B1031790040400','2021-02-01 19:25:36',NULL,'2018-04-08 15:23:32','huluadmin',NULL,'NO',NULL,1,'6000132',NULL,'KMQ11I7',NULL,NULL,0x01,808),('898602B1031790053524','2021-02-01 19:30:42',NULL,'2018-04-08 15:30:40','huluadmin',NULL,'NO',NULL,1,'6000134',NULL,'KMQ11I7',NULL,NULL,0x01,808),('898602B1031790053533','2021-02-01 18:50:40',NULL,'2018-04-08 15:30:40','huluadmin',NULL,'NO',NULL,1,'7028',NULL,'KMQ11I7',NULL,NULL,0x01,808),('898602B1031790053534','2021-02-01 18:35:42',NULL,'2018-04-08 15:30:40','huluadmin','1900-01-01','NO',NULL,1,'7026','常州成丰','KMQ11I7',NULL,NULL,0x01,808),('898602B1031790054849','2021-02-01 18:30:48',NULL,'2018-04-08 15:39:05','huluadmin',NULL,'NO',NULL,1,'6000159',NULL,'KMQ11I7',NULL,NULL,0x01,808),('898602B1031790054854','2021-02-01 18:55:39',NULL,'2018-04-08 15:39:36','huluadmin',NULL,'NO',NULL,1,'6000165',NULL,'KMQ11I7',NULL,NULL,0x01,808),('898602B1031790054923','2021-02-01 20:00:40',NULL,'2018-04-09 09:05:59','huluadmin',NULL,'NO',NULL,1,'6000211',NULL,'KMQ11I7',NULL,NULL,0x01,808),('898602B1031790054926','2021-02-01 20:00:43',NULL,'2018-04-09 09:05:59','huluadmin',NULL,'NO',NULL,1,'6000210',NULL,'KMQ11I7',NULL,NULL,0x01,808),('898602B1031790054933','2021-02-01 20:00:41',NULL,'2018-04-10 09:07:49','huluadmin',NULL,'NO',NULL,1,'6000224',NULL,'KMQ11I7',NULL,NULL,0x01,808),('898602B1031790054937','2021-02-01 20:00:44',NULL,'2018-04-10 09:07:49','huluadmin',NULL,'NO',NULL,1,'6000229',NULL,'KMQ11I7',NULL,NULL,0x01,808),('898602B1031790054938','2021-02-01 19:00:39',NULL,'2018-04-10 09:07:49','huluadmin',NULL,'NO',NULL,1,'6000231',NULL,'KMQ11I7',NULL,NULL,0x01,808),('898602B1031790054941','2021-02-01 19:01:37',NULL,'2018-04-10 09:07:49','huluadmin',NULL,'NO',NULL,1,'6000227',NULL,'KMQ11I7',NULL,NULL,0x01,808),('898602B1031790054943','2021-02-01 20:00:40',NULL,'2018-04-10 09:07:49','huluadmin',NULL,'NO',NULL,1,'6000222',NULL,'KMQ11I7',NULL,NULL,0x01,808),('898602B1031790054944','2021-02-01 20:00:54',NULL,'2018-04-10 09:07:49','huluadmin',NULL,'NO',NULL,1,'6000226',NULL,'KMQ11I7',NULL,NULL,0x01,808),('898602B1031790054961','2021-02-01 05:00:47',NULL,'2018-04-10 09:07:49','huluadmin',NULL,'NO',NULL,1,'6000232',NULL,'KMQ11I7',NULL,NULL,0x01,808),('898602B1031790054966','2021-02-01 12:51:03',NULL,'2018-04-10 09:07:49','huluadmin',NULL,'NO',NULL,1,'6000242',NULL,'KMQ11I7',NULL,NULL,0x01,808),('898602B1031790054967','2021-02-01 12:10:41',NULL,'2018-04-10 09:07:50','huluadmin',NULL,'NO',NULL,1,'6000240',NULL,'KMQ11I7',NULL,NULL,0x01,808),('898602B1031790054982','2021-02-01 20:01:20',NULL,'2018-05-03 11:29:28','huluadmin',NULL,'NO',NULL,1,'9081',NULL,'KMQ11I7',NULL,NULL,0x01,808),('898602B1031790054985','2021-02-01 18:15:40',NULL,'2018-05-03 11:29:28','huluadmin',NULL,'NO',NULL,1,'6000246',NULL,'KMQ11I7',NULL,NULL,0x01,808),('898602B1031790054986','2021-02-01 20:00:38',NULL,'2018-05-03 11:29:28','huluadmin',NULL,'NO',NULL,1,'6000245',NULL,'KMQ11I7',NULL,NULL,0x01,808),('898602B7031890009927','2021-02-01 18:55:45',NULL,'2018-06-06 12:44:38','huluadmin',NULL,'NO',NULL,1,'6000711',NULL,'KMQ11I7',NULL,NULL,0x01,808),('898602B7031890010011','2021-02-01 00:35:32',NULL,'2018-06-20 11:45:51','huluadmin',NULL,'NO',NULL,1,'16485',NULL,'KMQ11I7',NULL,NULL,0x01,808),('898602B7031890010012','2021-02-01 00:36:26',NULL,'2018-06-20 11:45:51','huluadmin',NULL,'NO',NULL,1,'13945',NULL,'KMQ11I7',NULL,NULL,0x01,808),('898602B7031890010147','2021-02-01 00:39:54',NULL,'2018-06-25 08:33:25','huluadmin',NULL,'NO',NULL,1,'6000918',NULL,'KMQ11I7',NULL,NULL,0x01,808),('898602B7031890010210','2021-02-01 00:38:45',NULL,'2018-06-25 08:36:54','huluadmin',NULL,'NO',NULL,1,'6001017',NULL,'KMQ11I7',NULL,NULL,0x01,808),('898602B7031890010245','2021-02-01 16:31:39',NULL,'2018-06-25 08:45:35','huluadmin',NULL,'NO',NULL,1,'6001096',NULL,'KMQ11I7',NULL,NULL,0x01,807),('898602B7031890010294','2021-02-01 00:39:46',NULL,'2018-06-25 08:49:38','huluadmin',NULL,'NO',NULL,1,'6001118',NULL,'KMQ11I7',NULL,NULL,0x01,807),('898602B7031890010485','2021-02-01 00:37:49',NULL,'2018-06-25 09:43:58','huluadmin',NULL,'NO',NULL,1,'6001335',NULL,'KMQ11I7',NULL,NULL,0x01,807),('898602B7031890010605','2021-02-01 00:40:51',NULL,'2018-06-25 10:09:02','huluadmin',NULL,'NO',NULL,1,'6001568',NULL,'KMQ11I7',NULL,NULL,0x01,807),('898602B7031890010749','2021-02-01 00:37:35',NULL,'2018-06-25 14:01:18','huluadmin',NULL,'NO',NULL,1,'13647',NULL,'KMQ11I7',NULL,NULL,0x01,807),('898602B7031890010828','2021-02-01 19:30:33',NULL,'2018-06-28 13:03:57','huluadmin',NULL,'NO',NULL,1,'6001550',NULL,'KMQ11I7',NULL,NULL,0x01,807),('898602B7031890010862','2021-02-01 00:39:32',NULL,'2018-06-28 13:05:40','huluadmin',NULL,'NO',NULL,1,'6001779',NULL,'KMQ11I7',NULL,NULL,0x01,807),('898602B7031890015281','2021-02-01 19:25:38',NULL,'2019-11-07 09:27:48','huluadmin',NULL,'NO',NULL,1,'6001743',NULL,'KMQ11I7',NULL,NULL,0x01,807),('898602B7031890015282','2021-02-01 19:41:12',NULL,'2019-11-18 08:50:03','huluadmin',NULL,'NO',NULL,1,'6001744',NULL,'KMQ11I7',NULL,NULL,0x01,807),('898607B4031890281500','2021-02-01 18:50:39',NULL,'2018-05-04 16:48:14','huluadmin',NULL,'NO',NULL,1,'6000306',NULL,'KMQ11I7',NULL,NULL,0x01,808),('898607B4031890281528','2021-02-01 18:27:08',NULL,'2018-05-04 16:53:36','huluadmin',NULL,'NO',NULL,1,'6000315',NULL,'KMQ11I7',NULL,NULL,0x01,808),('898607B4031890281541','2021-02-01 18:35:47',NULL,'2018-05-04 16:53:36','huluadmin',NULL,'NO',NULL,1,'6000385',NULL,'KMQ11I7',NULL,NULL,0x01,808),('898607B4031890281552','2021-02-01 18:41:24',NULL,'2018-05-04 16:53:36','huluadmin',NULL,'NO',NULL,1,'6000373',NULL,'KMQ11I7',NULL,NULL,0x01,808),('898607B4031890281553','2021-02-01 18:30:45',NULL,'2018-05-04 16:53:36','huluadmin',NULL,'NO',NULL,1,'6000372',NULL,'KMQ11I7',NULL,NULL,0x01,808),('898607B4031890281605','2021-02-01 18:51:08',NULL,'2018-05-23 09:49:46','huluadmin',NULL,'NO',NULL,1,'6000413',NULL,'KMQ11I7',NULL,NULL,0x01,808),('898607B4031890281606','2021-02-01 18:56:19',NULL,'2018-05-23 09:49:46','huluadmin',NULL,'NO',NULL,1,'6000414',NULL,'KMQ11I7',NULL,NULL,0x01,808),('898607B4031890281614','2021-02-01 18:40:39',NULL,'2018-05-23 09:49:46','huluadmin',NULL,'NO',NULL,1,'6000417',NULL,'KMQ11I7',NULL,NULL,0x01,808),('898607B4031890281625','2021-02-01 19:05:38',NULL,'2018-05-23 11:11:17','huluadmin',NULL,'NO',NULL,1,'8065',NULL,'KMQ11I7',NULL,NULL,0x01,808),('898607B4031890281626','2021-02-01 19:30:37',NULL,'2018-05-23 11:11:17','huluadmin',NULL,'NO',NULL,1,'8069',NULL,'KMQ11I7',NULL,NULL,0x01,808),('898607B4031890281635','2021-02-01 18:55:40',NULL,'2018-05-23 11:11:18','huluadmin',NULL,'NO',NULL,1,'6000538',NULL,'KMQ11I7',NULL,NULL,0x01,808),('898607B4031890281639','2021-02-01 18:41:10',NULL,'2018-05-23 11:11:18','huluadmin',NULL,'NO',NULL,1,'6000542',NULL,'KMQ11I7',NULL,NULL,0x01,808),('898607B4031890281648','2021-02-01 18:36:07',NULL,'2018-05-23 11:15:03','huluadmin',NULL,'NO',NULL,1,'6000551',NULL,'KMQ11I7',NULL,NULL,0x01,808),('898607B4031890281650','2021-02-01 18:41:07',NULL,'2018-05-23 11:15:03','huluadmin',NULL,'NO',NULL,1,'6000432',NULL,'KMQ11I7',NULL,NULL,0x01,808),('898607B4031890281654','2021-02-01 18:11:19',NULL,'2018-05-23 11:15:04','huluadmin',NULL,'NO',NULL,1,'6000441',NULL,'KMQ11I7',NULL,NULL,0x01,808),('898607B4031890281656','2021-02-01 00:36:07',NULL,'2018-05-23 11:15:04','huluadmin',NULL,'NO',NULL,1,'6000444',NULL,'KMQ11I7',NULL,NULL,0x01,808),('898607B4031890281657','2021-02-01 18:30:38',NULL,'2018-05-23 11:15:04','huluadmin',NULL,'NO',NULL,1,'6000443',NULL,'KMQ11I7',NULL,NULL,0x01,808),('898607B4031890281662','2021-02-01 18:21:15',NULL,'2018-05-28 14:23:35','huluadmin',NULL,'NO',NULL,1,'6000449',NULL,'KMQ11I7',NULL,NULL,0x01,808),('898607B4031890281671','2021-02-01 18:15:42',NULL,'2018-05-28 14:23:35','huluadmin',NULL,'NO',NULL,1,'6000436',NULL,'KMQ11I7',NULL,NULL,0x01,808),('898607B4031890281678','2021-02-01 18:51:25',NULL,'2018-05-28 14:23:35','huluadmin',NULL,'NO',NULL,1,'6000455',NULL,'KMQ11I7',NULL,NULL,0x01,808),('898607B4031890281679','2021-02-01 18:46:10',NULL,'2018-05-28 14:23:35','huluadmin',NULL,'NO',NULL,1,'6000456',NULL,'KMQ11I7',NULL,NULL,0x01,808),('898607B4031890281686','2021-02-01 18:50:41',NULL,'2018-05-28 14:23:36','huluadmin',NULL,'NO',NULL,1,'6000475',NULL,'KMQ11I7',NULL,NULL,0x01,808),('898607B4031890281687','2021-02-01 18:51:15',NULL,'2018-05-28 14:23:36','huluadmin',NULL,'NO',NULL,1,'6000474',NULL,'KMQ11I7',NULL,NULL,0x01,808),('898607B4031890281696','2021-02-01 18:21:11',NULL,'2018-05-28 14:28:57','huluadmin',NULL,'NO',NULL,1,'6000464',NULL,'KMQ11I7',NULL,NULL,0x01,808),('898607B4031890281700','2021-02-01 20:00:39',NULL,'2018-05-28 14:28:57','huluadmin',NULL,'NO',NULL,1,'6000510',NULL,'KMQ11I7',NULL,NULL,0x01,808),('898607B4031890281701','2021-02-01 20:00:40',NULL,'2018-05-28 14:28:57','huluadmin',NULL,'NO',NULL,1,'6000511',NULL,'KMQ11I7',NULL,NULL,0x01,808),('898607B4031890281702','2021-02-01 20:00:38',NULL,'2018-05-28 14:28:57','huluadmin',NULL,'NO',NULL,1,'6000512',NULL,'KMQ11I7',NULL,NULL,0x01,808),('898607B4031890281704','2021-02-01 20:00:40',NULL,'2018-05-28 14:28:57','huluadmin',NULL,'NO',NULL,1,'6000514',NULL,'KMQ11I7',NULL,NULL,0x01,808),('898607B4031890281705','2021-02-01 20:00:40',NULL,'2018-05-28 14:28:57','huluadmin',NULL,'NO',NULL,1,'6000515',NULL,'KMQ11I7',NULL,NULL,0x01,808),('898607B4031890281706','2021-02-01 20:01:00',NULL,'2018-05-28 14:28:57','huluadmin',NULL,'NO',NULL,1,'6000516',NULL,'KMQ11I7',NULL,NULL,0x01,808),('898607B4031890281707','2021-02-01 20:00:38',NULL,'2018-05-28 14:28:57','huluadmin',NULL,'NO',NULL,1,'6000517',NULL,'KMQ11I7',NULL,NULL,0x01,808),('898607B4031890281731','2021-02-01 18:51:10',NULL,'2018-05-28 14:32:17','huluadmin',NULL,'NO',NULL,1,'6000520',NULL,'KMQ11I7',NULL,NULL,0x01,808),('898607B4031890281734','2021-02-01 18:30:45',NULL,'2018-05-28 14:32:17','huluadmin',NULL,'NO',NULL,1,'6000523',NULL,'KMQ11I7',NULL,NULL,0x01,808),('898607B4031890281751','2021-02-01 18:30:45',NULL,'2018-05-28 14:32:17','huluadmin',NULL,'NO',NULL,1,'6000484',NULL,'KMQ11I7',NULL,NULL,0x01,808),('898607B4031890281760','2021-02-01 20:00:40',NULL,'2018-05-28 14:32:17','huluadmin',NULL,'NO',NULL,1,'6000499',NULL,'KMQ11I7',NULL,NULL,0x01,808),('898607B4031890281761','2021-02-01 20:01:00',NULL,'2018-05-28 14:32:17','huluadmin',NULL,'NO',NULL,1,'6000500',NULL,'KMQ11I7',NULL,NULL,0x01,808),('898607B4031890281765','2021-02-01 20:00:39',NULL,'2018-05-28 14:36:55','huluadmin',NULL,'NO',NULL,1,'6000504',NULL,'KMQ11I7',NULL,NULL,0x01,808),('898607B4031890281767','2021-02-01 20:00:38',NULL,'2018-05-28 14:36:55','huluadmin',NULL,'NO',NULL,1,'6000506',NULL,'KMQ11I7',NULL,NULL,0x01,808),('898607B4031890281768','2021-02-01 20:00:38',NULL,'2018-05-28 14:36:56','huluadmin',NULL,'NO',NULL,1,'6000507',NULL,'KMQ11I7',NULL,NULL,0x01,808),('898607B4031890281774','2021-02-01 18:31:14',NULL,'2018-05-28 14:36:56','huluadmin',NULL,'NO',NULL,1,'6000477',NULL,'KMQ11I7',NULL,NULL,0x01,808),('898607B4031890281781','2021-02-01 18:21:16',NULL,'2018-05-28 14:36:56','huluadmin',NULL,'NO',NULL,1,'6000382',NULL,'KMQ11I7',NULL,NULL,0x01,808),('898607B4031890281785','2021-02-01 18:45:56',NULL,'2018-05-28 14:36:56','huluadmin',NULL,'NO',NULL,1,'6000395',NULL,'KMQ11I7',NULL,NULL,0x01,808),('898607B4031890281786','2021-02-01 18:26:11',NULL,'2018-05-28 14:36:56','huluadmin',NULL,'NO',NULL,1,'6000394',NULL,'KMQ11I7',NULL,NULL,0x01,808),('898607B4031890281815','2021-02-01 18:46:08',NULL,'2018-05-28 14:40:29','huluadmin',NULL,'NO',NULL,1,'6000654',NULL,'KMQ11I7',NULL,NULL,0x01,808),('898607B4031890281823','2021-02-01 18:16:17',NULL,'2018-05-28 14:40:29','huluadmin',NULL,'NO',NULL,1,'6000662',NULL,'KMQ11I7',NULL,NULL,0x01,808),('898607B4031890281824','2021-02-01 18:25:42',NULL,'2018-05-28 14:40:29','huluadmin',NULL,'NO',NULL,1,'6000663',NULL,'KMQ11I7',NULL,NULL,0x01,808),('898607B4031890281835','2021-02-01 00:30:36',NULL,'2018-05-28 14:43:19','huluadmin',NULL,'NO',NULL,1,'6001860',NULL,'KMQ11I7',NULL,NULL,0x01,808),('898607B4031890281842','2021-02-01 18:41:11',NULL,'2018-05-28 14:43:19','huluadmin',NULL,'NO',NULL,1,'6000642',NULL,'KMQ11I7',NULL,NULL,0x01,808),('898607B4031890281871','2021-02-01 18:06:18',NULL,'2018-05-28 14:44:44','huluadmin',NULL,'NO',NULL,1,'6000687',NULL,'KMQ11I7',NULL,NULL,0x01,808),('898607B4031890281880','2021-02-01 18:51:12',NULL,'2018-05-28 14:44:44','huluadmin',NULL,'NO',NULL,1,'6000702',NULL,'KMQ11I7',NULL,NULL,0x01,808),('898607B4031890281890','2021-02-01 18:26:22',NULL,'2018-05-28 14:45:53','huluadmin',NULL,'NO',NULL,1,'6000704',NULL,'KMQ11I7',NULL,NULL,0x01,808),('898607B4031890281901','2021-02-01 18:56:19',NULL,'2018-05-28 14:45:53','huluadmin',NULL,'NO',NULL,1,'6000665',NULL,'KMQ11I7',NULL,NULL,0x01,808),('898607B4031890287638','2021-02-01 18:15:42',NULL,'2018-05-03 11:29:28','huluadmin','1900-01-01','NO',NULL,1,'7129','','KMQ11I7',NULL,NULL,0x01,808),('898607B4031890287639','2021-02-01 18:20:54',NULL,'2018-05-03 11:29:28','huluadmin','1900-01-01','NO',NULL,1,'7125','','KMQ11I7',NULL,NULL,0x01,808),('898607B4031890287641','2021-02-01 18:45:13',NULL,'2018-05-03 11:29:28','huluadmin','1900-01-01','NO',NULL,1,'7131','','KMQ11I7',NULL,NULL,0x01,808),('898607B4031890287648','2021-02-01 00:37:07',NULL,'2018-05-03 11:29:28','huluadmin',NULL,'NO',NULL,1,'13916',NULL,'KMQ11I7',NULL,NULL,0x01,808),('898607B4031890287650','2021-02-01 18:01:15',NULL,'2018-05-03 11:29:28','huluadmin',NULL,'NO',NULL,1,'6000256',NULL,'KMQ11I7',NULL,NULL,0x01,808),('898607B4031890287663','2021-02-01 18:15:40',NULL,'2018-05-03 11:45:28','huluadmin',NULL,'NO',NULL,1,'6000277',NULL,'KMQ11I7',NULL,NULL,0x01,808),('898607B4031890287666','2021-02-01 18:56:10',NULL,'2018-05-03 11:45:28','huluadmin',NULL,'NO',NULL,1,'6000271',NULL,'KMQ11I7',NULL,NULL,0x01,808),('898607B4031890287692','2021-02-01 18:40:37',NULL,'2018-05-03 16:31:48','huluadmin',NULL,'NO',NULL,1,'6000312',NULL,'KMQ11I7',NULL,NULL,0x01,808),('898607B4031890287697','2021-02-01 18:40:40',NULL,'2018-05-03 16:31:48','huluadmin',NULL,'NO',NULL,1,'6000288',NULL,'KMQ11I7',NULL,NULL,0x01,808),('898607B4031890287747','2021-02-01 18:25:40',NULL,'2018-05-04 16:48:14','huluadmin',NULL,'NO',NULL,1,'6000348',NULL,'KMQ11I7',NULL,NULL,0x01,808);
/*!40000 ALTER TABLE `equ_sim` ENABLE KEYS */;
UNLOCK TABLES;

--
-- Table structure for table `equ_simapp`
--

DROP TABLE IF EXISTS `equ_simapp`;
/*!40101 SET @saved_cs_client     = @@character_set_client */;
/*!40101 SET character_set_client = utf8 */;
CREATE TABLE `equ_simapp` (
  `ID` varchar(50) NOT NULL,
  `Name` varchar(50) NOT NULL,
  `Password` varchar(50) NOT NULL,
  `Des` text,
  PRIMARY KEY (`ID`)
) ENGINE=InnoDB DEFAULT CHARSET=utf8;
/*!40101 SET character_set_client = @saved_cs_client */;

--
-- Dumping data for table `equ_simapp`
--

LOCK TABLES `equ_simapp` WRITE;
/*!40000 ALTER TABLE `equ_simapp` DISABLE KEYS */;
INSERT INTO `equ_simapp` VALUES ('KMQ11I7','重庆岁涵','CQCGLM','');
/*!40000 ALTER TABLE `equ_simapp` ENABLE KEYS */;
UNLOCK TABLES;

--
-- Table structure for table `equ_simbalancehistoryrecord`
--

DROP TABLE IF EXISTS `equ_simbalancehistoryrecord`;
/*!40101 SET @saved_cs_client     = @@character_set_client */;
/*!40101 SET character_set_client = utf8 */;
CREATE TABLE `equ_simbalancehistoryrecord` (
  `ID` int(11) NOT NULL AUTO_INCREMENT,
  `SIM_ID` varchar(20) NOT NULL,
  `ReadTime` datetime NOT NULL,
  `Balance` double NOT NULL,
  PRIMARY KEY (`ID`),
  KEY `SIM_ID` (`SIM_ID`),
  CONSTRAINT `FK_equ_SIMBalanceHistoryRecord_equ_SIM` FOREIGN KEY (`SIM_ID`) REFERENCES `equ_sim` (`ID`)
) ENGINE=InnoDB AUTO_INCREMENT=939 DEFAULT CHARSET=utf8;
/*!40101 SET character_set_client = @saved_cs_client */;

--
-- Dumping data for table `equ_simbalancehistoryrecord`
--

LOCK TABLES `equ_simbalancehistoryrecord` WRITE;
/*!40000 ALTER TABLE `equ_simbalancehistoryrecord` DISABLE KEYS */;
INSERT INTO `equ_simbalancehistoryrecord` VALUES (509,'898600D6991520004762','2018-04-08 10:02:50',18),(511,'898600D6991520004764','2018-04-08 10:02:51',18),(515,'898600D6991520004768','2018-04-08 10:02:53',18),(516,'898600D6991520004769','2018-04-08 10:02:54',18),(586,'898600D6991520004762','2018-05-05 04:25:38',15),(588,'898600D6991520004764','2018-05-05 04:25:39',15),(592,'898600D6991520004768','2018-05-05 04:25:40',15),(593,'898600D6991520004769','2018-05-05 04:25:41',15),(687,'898600D6991520004762','2018-06-05 00:09:43',12),(689,'898600D6991520004764','2018-06-05 00:09:44',12),(693,'898600D6991520004768','2018-06-05 00:09:46',12),(694,'898600D6991520004769','2018-06-05 00:09:46',12),(820,'898600D6991520004762','2018-07-05 01:48:16',9),(822,'898600D6991520004764','2018-07-05 01:48:17',9),(826,'898600D6991520004768','2018-07-05 01:48:19',9),(827,'898600D6991520004769','2018-07-05 01:48:19',9),(931,'898600D6991520004762','2018-08-05 01:48:20',6),(933,'898600D6991520004764','2018-08-05 01:48:21',6),(937,'898600D6991520004768','2018-08-05 01:48:23',6),(938,'898600D6991520004769','2018-08-05 01:48:23',6);
/*!40000 ALTER TABLE `equ_simbalancehistoryrecord` ENABLE KEYS */;
UNLOCK TABLES;

--
-- Table structure for table `equ_simpackage`
--

DROP TABLE IF EXISTS `equ_simpackage`;
/*!40101 SET @saved_cs_client     = @@character_set_client */;
/*!40101 SET character_set_client = utf8 */;
CREATE TABLE `equ_simpackage` (
  `ID` int(11) NOT NULL,
  `Name` varchar(50) NOT NULL,
  `Term` int(11) NOT NULL,
  `StartFlag` bit(1) NOT NULL,
  `AlarmValue` double NOT NULL,
  `AlarmType` bit(1) NOT NULL,
  `Price` double DEFAULT NULL,
  `TotalFlow` double DEFAULT NULL,
  `OverFlowPrice` double DEFAULT NULL,
  `Des` text,
  PRIMARY KEY (`ID`)
) ENGINE=InnoDB DEFAULT CHARSET=utf8;
/*!40101 SET character_set_client = @saved_cs_client */;

--
-- Dumping data for table `equ_simpackage`
--

LOCK TABLES `equ_simpackage` WRITE;
/*!40000 ALTER TABLE `equ_simpackage` DISABLE KEYS */;
INSERT INTO `equ_simpackage` VALUES (1,'移动30M包月',1,0x00,3,0x00,1.5,30,0.09,'');
/*!40000 ALTER TABLE `equ_simpackage` ENABLE KEYS */;
UNLOCK TABLES;

--
-- Table structure for table `equ_unit`
--

DROP TABLE IF EXISTS `equ_unit`;
/*!40101 SET @saved_cs_client     = @@character_set_client */;
/*!40101 SET character_set_client = utf8 */;
CREATE TABLE `equ_unit` (
  `ID` int(11) NOT NULL,
  `Name` varchar(50) NOT NULL,
  PRIMARY KEY (`ID`)
) ENGINE=InnoDB DEFAULT CHARSET=utf8;
/*!40101 SET character_set_client = @saved_cs_client */;

--
-- Dumping data for table `equ_unit`
--

LOCK TABLES `equ_unit` WRITE;
/*!40000 ALTER TABLE `equ_unit` DISABLE KEYS */;
INSERT INTO `equ_unit` VALUES (0,''),(1,'L/S'),(2,'L/M'),(3,'L/H'),(4,'m3/s'),(5,'m3/M'),(6,'m3/H'),(7,'T/S'),(8,'T/M'),(9,'T/H'),(10,'GPS'),(11,'GPM'),(12,'GPH'),(13,'L'),(14,'M3'),(15,'T'),(16,'KWh/h'),(17,'MWh/h'),(18,'MJ/h'),(19,'GJ/h'),(20,'KWh'),(21,'MWh'),(22,'MJ'),(23,'GJ'),(24,'Kg/s'),(25,'Kg/m'),(26,'Kg/h'),(27,'Nm3/h'),(28,'Km3/h'),(29,'Ft/s'),(30,'kg'),(31,'USG'),(32,'UKG'),(33,'Kpa'),(34,'MPa'),(35,'℃'),(36,'m/s'),(37,'%'),(38,'0.6MPa'),(39,'1.6MPa'),(40,'气体'),(41,'液体'),(42,'UKG/S'),(43,'UKG/M'),(44,'UKG/H'),(45,'USG/S'),(46,'USG/M'),(47,'USG/H'),(48,'m'),(49,'L/D'),(50,'m3/D'),(51,'KTD'),(52,'MLD'),(53,'KT'),(54,'ML'),(55,'KΩ'),(56,'mA'),(57,'Hz'),(58,'cm'),(59,'S'),(60,'0.00001L'),(61,'0.0001L'),(62,'0.001L'),(63,'0.01L'),(64,'0.1L'),(65,'0.00001m3'),(66,'0.0001m3'),(67,'0.001m3'),(68,'0.01m3'),(69,'0.1m3'),(70,'h'),(71,'分钟'),(72,'V'),(73,'Nm/s'),(74,'Nm3/h'),(75,'m/s'),(76,'mm');
/*!40000 ALTER TABLE `equ_unit` ENABLE KEYS */;
UNLOCK TABLES;

--
-- Table structure for table `equ_updateprogramrecord`
--

DROP TABLE IF EXISTS `equ_updateprogramrecord`;
/*!40101 SET @saved_cs_client     = @@character_set_client */;
/*!40101 SET character_set_client = utf8 */;
CREATE TABLE `equ_updateprogramrecord` (
  `ID` int(11) NOT NULL AUTO_INCREMENT,
  `Equipment_ID` varchar(50) NOT NULL,
  `Vision` varchar(50) NOT NULL,
  `FilePath` text NOT NULL,
  `FileLength` int(11) NOT NULL,
  `SettingTime` datetime NOT NULL,
  `UserCode` varchar(100) NOT NULL,
  `Status` int(11) NOT NULL,
  `ResponseTime` datetime DEFAULT NULL,
  PRIMARY KEY (`ID`),
  KEY `Equipment_ID` (`Equipment_ID`),
  KEY `UserCode` (`UserCode`),
  CONSTRAINT `FK_equ_UpdateProgramRecord_equ_Equipment` FOREIGN KEY (`Equipment_ID`) REFERENCES `equ_equipment` (`ID`),
  CONSTRAINT `FK_equ_UpdateProgramRecord_sys_user` FOREIGN KEY (`UserCode`) REFERENCES `sys_user` (`UserCode`)
) ENGINE=InnoDB DEFAULT CHARSET=utf8;
/*!40101 SET character_set_client = @saved_cs_client */;

--
-- Dumping data for table `equ_updateprogramrecord`
--

LOCK TABLES `equ_updateprogramrecord` WRITE;
/*!40000 ALTER TABLE `equ_updateprogramrecord` DISABLE KEYS */;
/*!40000 ALTER TABLE `equ_updateprogramrecord` ENABLE KEYS */;
UNLOCK TABLES;

--
-- Table structure for table `equ_user_equipmentgroup_map`
--

DROP TABLE IF EXISTS `equ_user_equipmentgroup_map`;
/*!40101 SET @saved_cs_client     = @@character_set_client */;
/*!40101 SET character_set_client = utf8 */;
CREATE TABLE `equ_user_equipmentgroup_map` (
  `UserCode` varchar(100) NOT NULL,
  `EquipmentGroup_ID` int(11) NOT NULL,
  PRIMARY KEY (`EquipmentGroup_ID`,`UserCode`),
  KEY `UserCode` (`UserCode`),
  CONSTRAINT `FK_equ_User_EquipmentGroup_Map_equ_EquipmentGroup` FOREIGN KEY (`EquipmentGroup_ID`) REFERENCES `equ_equipmentgroup` (`ID`),
  CONSTRAINT `FK_equ_User_EquipmentGroup_Map_sys_user` FOREIGN KEY (`UserCode`) REFERENCES `sys_user` (`UserCode`)
) ENGINE=InnoDB DEFAULT CHARSET=utf8;
/*!40101 SET character_set_client = @saved_cs_client */;

--
-- Dumping data for table `equ_user_equipmentgroup_map`
--

LOCK TABLES `equ_user_equipmentgroup_map` WRITE;
/*!40000 ALTER TABLE `equ_user_equipmentgroup_map` DISABLE KEYS */;
INSERT INTO `equ_user_equipmentgroup_map` VALUES ('admin',1),('admin',3),('admin',4),('admin',5),('admin',6),('admin',7),('admin',8),('admin',9),('admin',10),('admin',11),('admin',12),('admin',13),('admin',14),('admin',15),('admin',16),('admin',18),('admin',19),('admin',20),('admin',21),('admin',22),('admin',24),('admin',25),('admin',26),('admin',27),('admin',29),('admin',30),('admin',34),('admin',52),('admin',53),('admin',54),('admin',55),('admin',56),('admin',58),('admin',60),('admin',62),('admin',63),('admin',64),('admin',65),('admin',66),('admin',67),('admin',68),('admin',69),('admin',70),('admin',71),('admin',72),('admin',73),('admin',74),('admin',75),('admin',76),('admin',79),('admin',82),('admin',83),('admin',84),('admin',86),('admin',87),('admin',88),('admin',89),('admin',90),('admin',91),('admin',92),('admin',93),('admin',94),('admin',95),('admin',96),('admin',97),('admin',98),('admin',99),('admin',100),('czcf',1),('guest',1),('guest',3),('guest',4),('guest',6),('guest',7),('guest',9),('guest',10),('guest',11),('guest',12),('guest',18),('guest',19),('guest',22),('guest',25),('guest',27),('guest',30),('guest',52),('guest',53),('guest',54),('guest',55),('guest',56),('guest',60),('guest',63),('guest',65),('guest',67),('guest',73),('guest',74),('guest',75),('guest',76),('guest',79),('guest',82),('guest',83),('guest',86),('guest',87),('guest',88),('guest',89),('guest',90),('guest',93),('guest',95),('guest',96),('guest',100),('huluadmin',1),('huluadmin',3),('huluadmin',4),('huluadmin',5),('huluadmin',6),('huluadmin',7),('huluadmin',8),('huluadmin',9),('huluadmin',10),('huluadmin',11),('huluadmin',12),('huluadmin',13),('huluadmin',14),('huluadmin',15),('huluadmin',16),('huluadmin',18),('huluadmin',19),('huluadmin',20),('huluadmin',21),('huluadmin',22),('huluadmin',24),('huluadmin',25),('huluadmin',26),('huluadmin',27),('huluadmin',29),('huluadmin',30),('huluadmin',34),('huluadmin',52),('huluadmin',53),('huluadmin',54),('huluadmin',55),('huluadmin',56),('huluadmin',58),('huluadmin',60),('huluadmin',62),('huluadmin',63),('huluadmin',64),('huluadmin',65),('huluadmin',66),('huluadmin',67),('huluadmin',68),('huluadmin',69),('huluadmin',71),('huluadmin',72),('huluadmin',73),('huluadmin',74),('huluadmin',75),('huluadmin',76),('huluadmin',79),('huluadmin',82),('huluadmin',83),('huluadmin',84),('huluadmin',86),('huluadmin',87),('huluadmin',88),('huluadmin',89),('huluadmin',90),('huluadmin',91),('huluadmin',92),('huluadmin',93),('huluadmin',94),('huluadmin',95),('huluadmin',96),('huluadmin',97),('huluadmin',98),('huluadmin',99),('huluadmin',100),('kydczh',8),('kydczh',13),('kydczh',14),('kydczh',58),('kydczh',68),('kydczh',69),('kydczh',70),('kydczh',72),('kydczh',79),('kydczh',97),('syhrrl',5),('test',4),('test',26),('test2',34),('ymsyglj',53),('ymsyglj',75),('yzhcgs',14),('yzhqgs',14),('上海威尔泰',67),('广西北投湖海',60),('开封利源',87),('开封奥泰',55),('江苏扬州大学',76),('沂南县水利局',54),('清丰水务',52),('营口水务',6),('营口水务',21),('连江温泉',9);
/*!40000 ALTER TABLE `equ_user_equipmentgroup_map` ENABLE KEYS */;
UNLOCK TABLES;

--
-- Table structure for table `sys_advertisement`
--

DROP TABLE IF EXISTS `sys_advertisement`;
/*!40101 SET @saved_cs_client     = @@character_set_client */;
/*!40101 SET character_set_client = utf8 */;
CREATE TABLE `sys_advertisement` (
  `ID` int(11) NOT NULL,
  `Title` varchar(50) NOT NULL,
  `Message` text NOT NULL,
  `Visible` bit(1) NOT NULL DEFAULT b'1',
  `CreatePerson` varchar(100) DEFAULT NULL,
  `CreateDate` datetime DEFAULT NULL,
  `UpdatePerson` varchar(100) DEFAULT NULL,
  `UpdateDate` datetime DEFAULT NULL,
  PRIMARY KEY (`ID`)
) ENGINE=InnoDB DEFAULT CHARSET=utf8;
/*!40101 SET character_set_client = @saved_cs_client */;

--
-- Dumping data for table `sys_advertisement`
--

LOCK TABLES `sys_advertisement` WRITE;
/*!40000 ALTER TABLE `sys_advertisement` DISABLE KEYS */;
INSERT INTO `sys_advertisement` VALUES (1,'好消息','我公司开通SIM卡业务，价格便宜，实时管理，有需要者请联系代理商。',0x00,'admin','2018-01-03 14:49:38','管理员','2018-01-31 20:05:38'),(2,'通知','系统将停用Guest账号，请使用Guest账号的用户与供货商联系，创建个人用户。',0x00,'admin','2018-01-12 17:31:57','管理员','2018-01-26 08:47:39'),(3,'收费提示通知','平台于2018年1月1日起，开始收取平台使用费用。请及时联系平台维护人，以免给您的使用带来不便。',0x00,'admin','2018-02-27 11:10:29','最大管理员','2019-01-11 10:53:07'),(4,'物联卡欠费通知','自2018年10月之前已交费的物联卡的用户，请注意您使用的物联卡即将到期。如继续使用请及时联系供货商。',0x00,'huluadmin','2019-06-24 10:41:46','最大管理员','2019-12-24 10:07:37');
/*!40000 ALTER TABLE `sys_advertisement` ENABLE KEYS */;
UNLOCK TABLES;

--
-- Table structure for table `sys_appapi`
--

DROP TABLE IF EXISTS `sys_appapi`;
/*!40101 SET @saved_cs_client     = @@character_set_client */;
/*!40101 SET character_set_client = utf8 */;
CREATE TABLE `sys_appapi` (
  `ID` int(11) NOT NULL,
  `Name` varchar(50) NOT NULL,
  `Path` varchar(100) NOT NULL,
  `Verify` bit(1) NOT NULL DEFAULT b'0',
  PRIMARY KEY (`ID`)
) ENGINE=InnoDB DEFAULT CHARSET=utf8;
/*!40101 SET character_set_client = @saved_cs_client */;

--
-- Dumping data for table `sys_appapi`
--

LOCK TABLES `sys_appapi` WRITE;
/*!40000 ALTER TABLE `sys_appapi` DISABLE KEYS */;
INSERT INTO `sys_appapi` VALUES (1,'获取设备组','/api/equ/equipmentgroup',0x00),(2,'获取设备','/api/equ/equipment/{id}',0x00),(3,'设备列表','/api/equ/equipment/GetEquipmentList',0x00),(4,'实时数据','/api/equ/realdata/{id}',0x00),(5,'获取数据列','/api/sys/menucolumn',0x00),(6,'历史数据','/api/equ/historydata',0x00),(7,'实时报警','/api/equ/unrecoveryalarm',0x00),(8,'历史报警','/api/equ/historyalarm',0x00),(9,'地图显示','/api/equ/map',0x00),(10,'地图设备信息','/api/equ/map/getinfo/{id}',0x00),(11,'趋势曲线','/api/equ/curve',0x00),(12,'获取设备的数据类型','/api/equ/curve/GetDataType/{id}',0x00),(13,'设置经纬度','/api/equ/equipment/editequipmentposition',0x01),(14,'设置设备名','/api/equ/equipment/editequipmentname',0x01),(15,'获取设备参数列表和初始值','/api/equ/sigequipmentpara',0x00),(16,'获取选择型参数范围列表','/api/equ/sigequipmentpara/getequipmentpararange',0x00),(17,'设置参数','/api/equ/sigequipmentpara/edit',0x01),(18,'获取APP版本和路径','/api/sys/appversion',0x00);
/*!40000 ALTER TABLE `sys_appapi` ENABLE KEYS */;
UNLOCK TABLES;

--
-- Table structure for table `sys_button`
--

DROP TABLE IF EXISTS `sys_button`;
/*!40101 SET @saved_cs_client     = @@character_set_client */;
/*!40101 SET character_set_client = utf8 */;
CREATE TABLE `sys_button` (
  `ButtonCode` varchar(20) NOT NULL,
  `ButtonName` varchar(20) DEFAULT NULL,
  `ButtonSeq` int(11) DEFAULT NULL,
  `Description` varchar(100) DEFAULT NULL,
  `ButtonIcon` varchar(50) DEFAULT NULL,
  `CreatePerson` varchar(20) DEFAULT NULL,
  `CreateDate` datetime DEFAULT NULL,
  `UpdatePerson` varchar(20) DEFAULT NULL,
  `UpdateDate` datetime DEFAULT NULL,
  PRIMARY KEY (`ButtonCode`)
) ENGINE=InnoDB DEFAULT CHARSET=utf8;
/*!40101 SET character_set_client = @saved_cs_client */;

--
-- Dumping data for table `sys_button`
--

LOCK TABLES `sys_button` WRITE;
/*!40000 ALTER TABLE `sys_button` DISABLE KEYS */;
INSERT INTO `sys_button` VALUES ('accredit','授权',9,'','icon-wrench_orange',NULL,NULL,'超级管理员','2013-07-10 16:43:45'),('add','新增',1,'','icon-add',NULL,NULL,'刘会胜','2013-08-31 13:58:32'),('audit','审核',10,'','icon-folder_key',NULL,NULL,NULL,NULL),('browse','浏览',1,'','icon-folder_magnify',NULL,NULL,NULL,NULL),('copy','复制',12,'','icon-page_copy',NULL,NULL,NULL,NULL),('delete','删除',3,'aa','icon-cross',NULL,NULL,'刘会胜','2013-09-23 12:07:43'),('download','下载',7,'','icon-download',NULL,NULL,NULL,NULL),('edit','编辑',2,'','icon-edit',NULL,NULL,NULL,NULL),('export','导出',6,'aaa','icon-page_white_go',NULL,NULL,'刘会胜','2013-09-11 15:55:05'),('inport','导入',11,'','icon-page_white_excel',NULL,NULL,NULL,NULL),('print','打印',8,'','icon-printer',NULL,NULL,NULL,NULL),('refresh','刷新',5,'','icon-arrow_refresh',NULL,NULL,NULL,NULL),('save','保存',13,'','icon-save',NULL,NULL,'超级管理员','2013-07-10 16:42:14'),('search','查询',4,'','icon-zoom',NULL,NULL,'刘会胜','2013-10-09 15:51:40');
/*!40000 ALTER TABLE `sys_button` ENABLE KEYS */;
UNLOCK TABLES;

--
-- Table structure for table `sys_code`
--

DROP TABLE IF EXISTS `sys_code`;
/*!40101 SET @saved_cs_client     = @@character_set_client */;
/*!40101 SET character_set_client = utf8 */;
CREATE TABLE `sys_code` (
  `Code` varchar(100) NOT NULL,
  `Value` varchar(200) DEFAULT NULL,
  `Text` varchar(200) DEFAULT NULL,
  `ParentCode` varchar(100) DEFAULT NULL,
  `Seq` varchar(10) DEFAULT NULL,
  `IsEnable` bit(1) DEFAULT NULL,
  `IsDefault` bit(1) DEFAULT NULL,
  `Description` text,
  `CodeTypeName` varchar(200) DEFAULT NULL,
  `CodeType` varchar(100) DEFAULT NULL,
  `CreatePerson` varchar(20) DEFAULT NULL,
  `CreateDate` datetime DEFAULT NULL,
  `UpdatePerson` varchar(20) DEFAULT NULL,
  `UpdateDate` datetime DEFAULT NULL,
  PRIMARY KEY (`Code`),
  KEY `CodeType` (`CodeType`),
  CONSTRAINT `FK__SysCode__TypeCod__5CA1C101` FOREIGN KEY (`CodeType`) REFERENCES `sys_codetype` (`CodeType`)
) ENGINE=InnoDB DEFAULT CHARSET=utf8;
/*!40101 SET character_set_client = @saved_cs_client */;

--
-- Dumping data for table `sys_code`
--

LOCK TABLES `sys_code` WRITE;
/*!40000 ALTER TABLE `sys_code` DISABLE KEYS */;
/*!40000 ALTER TABLE `sys_code` ENABLE KEYS */;
UNLOCK TABLES;

--
-- Table structure for table `sys_codetype`
--

DROP TABLE IF EXISTS `sys_codetype`;
/*!40101 SET @saved_cs_client     = @@character_set_client */;
/*!40101 SET character_set_client = utf8 */;
CREATE TABLE `sys_codetype` (
  `CodeType` varchar(100) NOT NULL,
  `CodeTypeName` varchar(200) DEFAULT NULL,
  `Description` text,
  `Seq` varchar(10) DEFAULT NULL,
  `CreatePerson` varchar(20) DEFAULT NULL,
  `CreateDate` datetime DEFAULT NULL,
  `UpdatePerson` varchar(20) DEFAULT NULL,
  `UpdateDate` datetime DEFAULT NULL,
  PRIMARY KEY (`CodeType`)
) ENGINE=InnoDB DEFAULT CHARSET=utf8;
/*!40101 SET character_set_client = @saved_cs_client */;

--
-- Dumping data for table `sys_codetype`
--

LOCK TABLES `sys_codetype` WRITE;
/*!40000 ALTER TABLE `sys_codetype` DISABLE KEYS */;
/*!40000 ALTER TABLE `sys_codetype` ENABLE KEYS */;
UNLOCK TABLES;

--
-- Table structure for table `sys_log`
--

DROP TABLE IF EXISTS `sys_log`;
/*!40101 SET @saved_cs_client     = @@character_set_client */;
/*!40101 SET character_set_client = utf8 */;
CREATE TABLE `sys_log` (
  `ID` int(11) NOT NULL AUTO_INCREMENT,
  `UserCode` varchar(100) DEFAULT NULL,
  `UserName` varchar(100) DEFAULT NULL,
  `Position` text,
  `Target` varchar(255) DEFAULT NULL,
  `Type` varchar(50) DEFAULT NULL,
  `Message` longtext,
  `Date` datetime DEFAULT NULL,
  PRIMARY KEY (`ID`)
) ENGINE=InnoDB AUTO_INCREMENT=376 DEFAULT CHARSET=utf8;
/*!40101 SET character_set_client = @saved_cs_client */;

--
-- Dumping data for table `sys_log`
--

LOCK TABLES `sys_log` WRITE;
/*!40000 ALTER TABLE `sys_log` DISABLE KEYS */;
INSERT INTO `sys_log` VALUES (369,'admin','管理员','api/mms/send','菜单数据','修改','{\"list\":{\"deleted\":[{\"_id\":\"660403\",\"MenuName\":\"综合数据\",\"MenuCode\":\"660403\",\"ParentCode\":\"6604\",\"IconClass\":\"icon-application_view_icons\",\"URL\":\"\",\"IsVisible\":true,\"IsEnable\":true,\"MenuSeq\":\"000003\"}],\"inserted\":[],\"updated\":[],\"_changed\":true}}','2017-02-10 17:05:11'),(370,'admin','管理员','api/mms/send','菜单数据','修改','{\"list\":{\"deleted\":[],\"inserted\":[],\"updated\":[{\"_id\":\"660506\",\"MenuName\":\"运行分析\",\"MenuCode\":\"660506\",\"ParentCode\":\"6605\",\"IconClass\":\"icon-calendar_star\",\"URL\":\"\",\"IsVisible\":\"false\",\"IsEnable\":\"true\",\"MenuSeq\":\"000006\"},{\"_id\":\"660505\",\"MenuName\":\"同环比分析\",\"MenuCode\":\"660505\",\"ParentCode\":\"6605\",\"IconClass\":\"icon-table_go\",\"URL\":\"\",\"IsVisible\":\"false\",\"IsEnable\":\"true\",\"MenuSeq\":\"000005\"},{\"_id\":\"660504\",\"MenuName\":\"水量异动\",\"MenuCode\":\"660504\",\"ParentCode\":\"6605\",\"IconClass\":\"icon-tab\",\"URL\":\"\",\"IsVisible\":\"false\",\"IsEnable\":\"true\",\"MenuSeq\":\"000004\"}],\"_changed\":true}}','2017-02-10 17:05:50'),(371,'admin','管理员','api/mms/send','菜单数据','修改','{\"list\":{\"deleted\":[],\"inserted\":[],\"updated\":[{\"_id\":\"660101\",\"MenuName\":\"时数据\",\"MenuCode\":\"660101\",\"ParentCode\":\"6601\",\"IconClass\":\"icon-date\",\"URL\":\"/wat/realdatahour\",\"IsVisible\":\"true\",\"IsEnable\":\"true\",\"MenuSeq\":\"000001\"},{\"_id\":\"660102\",\"MenuName\":\"日数据\",\"MenuCode\":\"660102\",\"ParentCode\":\"6601\",\"IconClass\":\"icon-date\",\"URL\":\"/wat/realdataday\",\"IsVisible\":\"true\",\"IsEnable\":\"true\",\"MenuSeq\":\"000002\"},{\"_id\":\"660103\",\"MenuName\":\"周数据\",\"MenuCode\":\"660103\",\"ParentCode\":\"6601\",\"IconClass\":\"icon-date\",\"URL\":\"/wat/realdataweek\",\"IsVisible\":\"true\",\"IsEnable\":\"true\",\"MenuSeq\":\"000003\"},{\"_id\":\"660104\",\"MenuName\":\"月数据\",\"MenuCode\":\"660104\",\"ParentCode\":\"6601\",\"IconClass\":\"icon-date\",\"URL\":\"/wat/realdatamonth\",\"IsVisible\":\"true\",\"IsEnable\":\"true\",\"MenuSeq\":\"000004\"}],\"_changed\":true}}','2017-03-03 09:36:55'),(372,'admin','管理员','api/mms/send','菜单数据','修改','{\"list\":{\"deleted\":[],\"inserted\":[],\"updated\":[{\"_id\":\"66\",\"MenuName\":\"分析数据\",\"MenuCode\":\"66\",\"ParentCode\":\"\",\"IconClass\":\"icon-table\",\"URL\":\"\",\"IsVisible\":\"true\",\"IsEnable\":\"true\",\"MenuSeq\":\"00\"}],\"_changed\":true}}','2017-03-04 15:24:35'),(373,'admin','管理员','api/mms/send','菜单数据','修改','{\"list\":{\"deleted\":[],\"inserted\":[],\"updated\":[{\"_id\":\"55\",\"MenuName\":\"原始数据\",\"MenuCode\":\"55\",\"ParentCode\":\"\",\"IconClass\":\"icon-server\",\"URL\":\"\",\"IsVisible\":\"true\",\"IsEnable\":\"true\",\"MenuSeq\":\"00\"}],\"_changed\":true}}','2017-03-04 15:24:58'),(374,'admin','管理员','api/mms/send','菜单数据','修改','{\"list\":{\"deleted\":[],\"inserted\":[],\"updated\":[{\"_id\":\"66\",\"MenuName\":\"分析数据\",\"MenuCode\":\"66\",\"ParentCode\":\"\",\"IconClass\":\"icon-table\",\"URL\":\"\",\"IsVisible\":\"true\",\"IsEnable\":\"true\",\"MenuSeq\":\"01\"}],\"_changed\":true}}','2017-03-04 15:25:11'),(375,'admin','管理员','api/mms/send','菜单数据','修改','{\"list\":{\"deleted\":[],\"inserted\":[{\"_id\":\"acf2f281-356b-40a4-b92f-d0006edf7782\",\"MenuName\":\"对比曲线\",\"MenuCode\":\"550204\",\"ParentCode\":\"5502\",\"IconClass\":\"icon-chart_curve\",\"URL\":\"/equ/mulcurve\",\"IsVisible\":\"true\",\"IsEnable\":\"true\",\"MenuSeq\":\"000004\"}],\"updated\":[],\"_changed\":true}}','2017-03-07 18:22:48');
/*!40000 ALTER TABLE `sys_log` ENABLE KEYS */;
UNLOCK TABLES;

--
-- Table structure for table `sys_loginhistory`
--

DROP TABLE IF EXISTS `sys_loginhistory`;
/*!40101 SET @saved_cs_client     = @@character_set_client */;
/*!40101 SET character_set_client = utf8 */;
CREATE TABLE `sys_loginhistory` (
  `ID` int(11) NOT NULL AUTO_INCREMENT,
  `UserCode` varchar(100) DEFAULT NULL,
  `UserName` varchar(200) DEFAULT NULL,
  `HostName` varchar(200) DEFAULT NULL,
  `HostIP` varchar(50) DEFAULT NULL,
  `LoginCity` varchar(200) DEFAULT NULL,
  `LoginDate` datetime DEFAULT NULL,
  `LogoutDate` datetime DEFAULT NULL,
  PRIMARY KEY (`ID`)
) ENGINE=InnoDB AUTO_INCREMENT=1976 DEFAULT CHARSET=utf8;
/*!40101 SET character_set_client = @saved_cs_client */;

--
-- Dumping data for table `sys_loginhistory`
--

LOCK TABLES `sys_loginhistory` WRITE;
/*!40000 ALTER TABLE `sys_loginhistory` DISABLE KEYS */;
INSERT INTO `sys_loginhistory` VALUES (1967,'admin','管理员','','223.100.140.105','辽宁省大连市','2017-02-10 09:22:12',NULL),(1968,'admin','管理员','','223.100.140.105','辽宁省大连市','2017-02-10 15:54:35',NULL),(1969,'admin','管理员','','223.100.140.105','辽宁省大连市','2017-02-10 17:08:36',NULL),(1970,'admin','管理员','','113.225.34.154','辽宁省沈阳市','2017-02-13 15:19:25',NULL),(1971,'admin','管理员','','113.224.148.192','辽宁省沈阳市','2017-02-13 17:53:39',NULL),(1972,'admin','管理员','','113.224.148.192','辽宁省沈阳市','2017-02-13 18:00:14',NULL),(1973,'admin','管理员','','113.232.104.64','辽宁省沈阳市','2017-02-13 22:46:03',NULL),(1974,'admin','管理员','','116.2.128.225','辽宁省沈阳市','2017-02-14 08:39:24',NULL),(1975,'admin','管理员','','175.167.138.119','辽宁省大连市','2017-02-14 16:17:37',NULL);
/*!40000 ALTER TABLE `sys_loginhistory` ENABLE KEYS */;
UNLOCK TABLES;

--
-- Table structure for table `sys_loginpagerecord`
--

DROP TABLE IF EXISTS `sys_loginpagerecord`;
/*!40101 SET @saved_cs_client     = @@character_set_client */;
/*!40101 SET character_set_client = utf8 */;
CREATE TABLE `sys_loginpagerecord` (
  `ID` int(11) NOT NULL AUTO_INCREMENT,
  `UserCode` varchar(100) NOT NULL,
  `MenuCode` varchar(100) NOT NULL,
  `Date` datetime NOT NULL,
  PRIMARY KEY (`ID`),
  KEY `MenuCode` (`MenuCode`),
  CONSTRAINT `FK_sys_loginPageRecord_sys_menu` FOREIGN KEY (`MenuCode`) REFERENCES `sys_menu` (`MenuCode`)
) ENGINE=InnoDB DEFAULT CHARSET=utf8;
/*!40101 SET character_set_client = @saved_cs_client */;

--
-- Dumping data for table `sys_loginpagerecord`
--

LOCK TABLES `sys_loginpagerecord` WRITE;
/*!40000 ALTER TABLE `sys_loginpagerecord` DISABLE KEYS */;
/*!40000 ALTER TABLE `sys_loginpagerecord` ENABLE KEYS */;
UNLOCK TABLES;

--
-- Table structure for table `sys_menu`
--

DROP TABLE IF EXISTS `sys_menu`;
/*!40101 SET @saved_cs_client     = @@character_set_client */;
/*!40101 SET character_set_client = utf8 */;
CREATE TABLE `sys_menu` (
  `MenuCode` varchar(100) NOT NULL,
  `ParentCode` varchar(100) DEFAULT NULL,
  `MenuName` varchar(200) DEFAULT NULL,
  `URL` varchar(200) DEFAULT NULL,
  `IconClass` varchar(50) DEFAULT NULL,
  `IconURL` varchar(200) DEFAULT NULL,
  `MenuSeq` varchar(10) DEFAULT NULL,
  `Description` text,
  `IsVisible` bit(1) DEFAULT NULL,
  `IsEnable` bit(1) DEFAULT NULL,
  `CreatePerson` varchar(100) DEFAULT NULL,
  `CreateDate` datetime DEFAULT NULL,
  `UpdatePerson` varchar(100) DEFAULT NULL,
  `UpdateDate` datetime DEFAULT NULL,
  PRIMARY KEY (`MenuCode`)
) ENGINE=InnoDB DEFAULT CHARSET=utf8;
/*!40101 SET character_set_client = @saved_cs_client */;

--
-- Dumping data for table `sys_menu`
--

LOCK TABLES `sys_menu` WRITE;
/*!40000 ALTER TABLE `sys_menu` DISABLE KEYS */;
INSERT INTO `sys_menu` VALUES ('10','0','命令管理','#','icon-bullet_lightning',NULL,'04',NULL,0x01,0x01,'管理员','2017-06-15 16:11:09','管理员','2017-06-30 16:47:09'),('1001','10','参数管理','#','icon-brick',NULL,'0401',NULL,0x01,0x01,'管理员','2017-06-30 16:42:57','管理员','2017-06-30 16:47:09'),('1002','10','发送命令','#','icon-shape_square_go',NULL,'0402',NULL,0x01,0x01,'管理员','2017-06-30 16:44:34','管理员','2017-06-30 16:45:26'),('1003','10','命令记录','#','icon-layout',NULL,'0403',NULL,0x01,0x01,'管理员','2017-06-30 16:51:22','管理员','2017-06-30 16:51:22'),('1004','10','下装程序记录','#','icon-application_side_boxes',NULL,'0404',NULL,0x01,0x01,'admin','2018-02-11 16:42:05','管理员','2018-02-11 16:43:21'),('44','','SIM卡管理','#','icon-tag_blue',NULL,'05',NULL,0x01,0x01,'管理员','2017-11-21 14:46:40','管理员','2017-11-21 14:46:40'),('4401','44','套餐管理','/equ/simpackage','icon-report_disk',NULL,'0501',NULL,0x01,0x01,'管理员','2017-11-21 14:50:07','管理员','2017-11-21 14:50:07'),('4402','44','API管理','/equ/simapp','icon-database_key',NULL,'0502',NULL,0x01,0x01,'管理员','2017-11-21 14:51:22','管理员','2017-11-21 14:51:22'),('4403','44','SIM卡管理','/equ/sim','icon-phone',NULL,'0503',NULL,0x01,0x01,'管理员','2017-11-21 14:53:18','管理员','2017-11-21 14:53:18'),('4404','44','SIM卡导入','/equ/simimport','icon-smartphone_add',NULL,'0504',NULL,0x01,0x01,'管理员','2017-11-21 14:54:46','管理员','2017-11-21 14:54:46'),('4405','44','SIM卡报警','/equ/simalarm','icon-exclamation',NULL,'0505',NULL,0x01,0x01,'admin','2017-12-02 18:41:51','admin','2017-12-02 18:41:51'),('4406','44','SIM卡金额历史数据','/equ/simbalancehistorydata','icon-page_portrait',NULL,'0506',NULL,0x01,0x01,'admin','2017-12-02 18:52:39','admin','2017-12-02 18:52:39'),('4407','44','用户物联卡过期报警','/equ/simalarmbyuser','icon-stop',NULL,'0507',NULL,0x01,0x01,'huluadmin','2019-06-25 14:32:57','huluadmin','2019-06-25 14:32:57'),('55','','原始数据','','icon-server',NULL,'00',NULL,0x01,0x01,'管理员','2016-12-12 15:40:24','管理员','2017-06-30 16:35:49'),('66','','分析数据','','icon-table',NULL,'01',NULL,0x01,0x01,'管理员','2016-11-25 20:47:08','管理员','2017-03-04 15:25:11'),('77','','水表管理','','icon-plugin',NULL,'02',NULL,0x01,0x01,'管理员','2016-11-25 20:48:30','管理员','2016-12-12 15:41:43'),('88','','设备管理','#','icon-feed',NULL,'03',NULL,0x01,0x01,'管理员','2016-11-22 13:24:26','管理员','2016-12-12 15:41:43'),('99','0','系统设置','#','icon-sysset',NULL,'06',NULL,0x01,0x01,NULL,NULL,'管理员','2017-11-21 14:46:40');
/*!40000 ALTER TABLE `sys_menu` ENABLE KEYS */;
UNLOCK TABLES;

--
-- Table structure for table `sys_menubuttonmap`
--

DROP TABLE IF EXISTS `sys_menubuttonmap`;
/*!40101 SET @saved_cs_client     = @@character_set_client */;
/*!40101 SET character_set_client = utf8 */;
CREATE TABLE `sys_menubuttonmap` (
  `ID` int(11) NOT NULL AUTO_INCREMENT,
  `MenuCode` varchar(100) DEFAULT NULL,
  `ButtonCode` varchar(20) DEFAULT NULL,
  PRIMARY KEY (`ID`),
  KEY `ButtonCode` (`ButtonCode`),
  KEY `MenuCode` (`MenuCode`),
  CONSTRAINT `FK__sys_menuB__Butto__16CE6296` FOREIGN KEY (`ButtonCode`) REFERENCES `sys_button` (`ButtonCode`),
  CONSTRAINT `FK__sys_menuB__MenuC__12FDD1B2` FOREIGN KEY (`MenuCode`) REFERENCES `sys_menu` (`MenuCode`)
) ENGINE=InnoDB DEFAULT CHARSET=utf8;
/*!40101 SET character_set_client = @saved_cs_client */;

--
-- Dumping data for table `sys_menubuttonmap`
--

LOCK TABLES `sys_menubuttonmap` WRITE;
/*!40000 ALTER TABLE `sys_menubuttonmap` DISABLE KEYS */;
/*!40000 ALTER TABLE `sys_menubuttonmap` ENABLE KEYS */;
UNLOCK TABLES;

--
-- Table structure for table `sys_menucolumns`
--

DROP TABLE IF EXISTS `sys_menucolumns`;
/*!40101 SET @saved_cs_client     = @@character_set_client */;
/*!40101 SET character_set_client = utf8 */;
CREATE TABLE `sys_menucolumns` (
  `MenuCode` varchar(100) NOT NULL,
  `Sequence` int(11) NOT NULL,
  `Name` varchar(50) NOT NULL,
  `Visible` bit(1) NOT NULL DEFAULT b'1',
  `Frozen` bit(1) NOT NULL DEFAULT b'0',
  `Align` varchar(20) NOT NULL DEFAULT 'N''center''',
  `Sort` bit(1) DEFAULT b'1',
  `GroupName` varchar(50) DEFAULT NULL,
  `DisplayName` varchar(50) NOT NULL,
  `Width` int(11) NOT NULL DEFAULT '80',
  `Field` varchar(50) NOT NULL,
  `Formatter` varchar(50) DEFAULT NULL,
  `Editor` varchar(100) DEFAULT NULL,
  `Hidden` bit(1) DEFAULT b'0',
  `Required` bit(1) NOT NULL DEFAULT b'0',
  KEY `MenuCode` (`MenuCode`),
  CONSTRAINT `FK_sys_MenuColumns_sys_menu` FOREIGN KEY (`MenuCode`) REFERENCES `sys_menu` (`MenuCode`)
) ENGINE=InnoDB DEFAULT CHARSET=utf8;
/*!40101 SET character_set_client = @saved_cs_client */;

--
-- Dumping data for table `sys_menucolumns`
--

LOCK TABLES `sys_menucolumns` WRITE;
/*!40000 ALTER TABLE `sys_menucolumns` DISABLE KEYS */;
/*!40000 ALTER TABLE `sys_menucolumns` ENABLE KEYS */;
UNLOCK TABLES;

--
-- Table structure for table `sys_organize`
--

DROP TABLE IF EXISTS `sys_organize`;
/*!40101 SET @saved_cs_client     = @@character_set_client */;
/*!40101 SET character_set_client = utf8 */;
CREATE TABLE `sys_organize` (
  `OrganizeCode` varchar(100) NOT NULL,
  `ParentCode` varchar(100) DEFAULT NULL,
  `OrganizeSeq` varchar(10) DEFAULT NULL,
  `OrganizeName` varchar(200) DEFAULT NULL,
  `Description` text,
  `CreatePerson` varchar(100) DEFAULT NULL,
  `CreateDate` datetime DEFAULT NULL,
  `UpdatePerson` varchar(100) DEFAULT NULL,
  `UpdateDate` datetime DEFAULT NULL,
  PRIMARY KEY (`OrganizeCode`)
) ENGINE=InnoDB DEFAULT CHARSET=utf8;
/*!40101 SET character_set_client = @saved_cs_client */;

--
-- Dumping data for table `sys_organize`
--

LOCK TABLES `sys_organize` WRITE;
/*!40000 ALTER TABLE `sys_organize` DISABLE KEYS */;
INSERT INTO `sys_organize` VALUES ('01','0',NULL,'沈阳兰申','','super','2013-05-17 18:04:41','管理员','2017-08-28 17:42:00'),('0101','01',NULL,'设备中间厂商','','管理员','2017-08-28 17:41:05','管理员','2017-08-28 17:42:15'),('010101','0101',NULL,'上海光华',NULL,'管理员','2017-08-28 17:41:20','管理员','2017-08-28 17:41:20'),('010102','0101',NULL,'开封仪表',NULL,'管理员','2017-08-28 17:45:39','管理员','2017-08-28 17:45:39'),('010103','0101',NULL,'胡勤东经理',NULL,'admin','2018-03-05 10:36:56','admin','2018-03-05 10:36:56'),('010104','0101',NULL,'开封贝斯特',NULL,'admin','2018-03-09 10:42:51','admin','2018-03-09 10:42:51'),('0102','01',NULL,'直销最终用户',NULL,'管理员','2017-08-28 17:41:37','管理员','2017-08-28 17:41:37'),('010201','0102',NULL,'江苏恒达',NULL,'管理员','2017-11-13 15:00:05','管理员','2017-11-13 15:00:05'),('010202','0102',NULL,'江苏华海',NULL,'管理员','2017-11-13 15:00:46','管理员','2017-11-13 15:00:46'),('010203','0102',NULL,'江苏华夏',NULL,'管理员','2017-11-13 15:02:17','管理员','2017-11-13 15:02:17'),('010204','0102',NULL,'开封华邦',NULL,'管理员','2017-11-13 15:06:29','管理员','2017-11-13 15:06:29'),('010205','0102',NULL,'开封横河',NULL,'管理员','2017-11-13 15:06:51','管理员','2017-11-13 15:06:51'),('010206','0102',NULL,'开封华旭',NULL,'管理员','2017-11-13 15:07:25','管理员','2017-11-13 15:07:25'),('010207','0102',NULL,'开封捷特',NULL,'管理员','2017-11-13 15:10:52','管理员','2017-11-13 15:10:52'),('010208','0102',NULL,'开封科隆',NULL,'管理员','2017-11-13 15:11:17','管理员','2017-11-13 15:11:17'),('010209','0102',NULL,'开封青天',NULL,'管理员','2017-11-13 15:11:39','管理员','2017-11-13 15:11:39'),('010210','0102',NULL,'河南新航',NULL,'管理员','2017-11-13 15:12:04','管理员','2017-11-13 15:12:04'),('010211','0102',NULL,'开封精博',NULL,'管理员','2017-11-13 15:13:57','管理员','2017-11-13 15:13:57'),('010212','0102',NULL,'开封利源',NULL,'管理员','2017-11-13 15:14:16','管理员','2017-11-13 15:14:16'),('010213','0102',NULL,'开封奥泰',NULL,'管理员','2017-11-13 15:14:36','管理员','2017-11-13 15:14:36'),('010214','0102',NULL,'菲格瑞斯',NULL,'管理员','2017-11-13 15:18:01','管理员','2017-11-13 15:18:01'),('010215','0102',NULL,'霍尼维',NULL,'管理员','2017-11-13 15:18:21','管理员','2017-11-13 15:18:21'),('010216','0102',NULL,'上海天石',NULL,'管理员','2017-11-13 15:20:24','管理员','2017-11-13 15:20:24'),('010217','0102',NULL,'上海意拓',NULL,'管理员','2017-11-13 15:20:53','管理员','2017-11-13 15:20:53'),('010218','0102',NULL,'天津迅尔',NULL,'管理员','2017-11-13 15:21:42','管理员','2017-11-13 15:21:42'),('010219','0102',NULL,'开封百特',NULL,'管理员','2017-11-13 16:05:51','管理员','2017-11-13 16:05:51'),('0103','01',NULL,'其他',NULL,'管理员','2017-08-28 17:43:39','管理员','2017-08-28 17:43:39'),('0104','01',NULL,'测试','','管理员','2017-11-08 14:00:53','管理员','2017-11-08 14:00:57'),('0105','01',NULL,'设备调试',NULL,'huluadmin','2018-03-16 18:31:19','huluadmin','2018-03-16 18:31:19');
/*!40000 ALTER TABLE `sys_organize` ENABLE KEYS */;
UNLOCK TABLES;

--
-- Table structure for table `sys_organizerolemap`
--

DROP TABLE IF EXISTS `sys_organizerolemap`;
/*!40101 SET @saved_cs_client     = @@character_set_client */;
/*!40101 SET character_set_client = utf8 */;
CREATE TABLE `sys_organizerolemap` (
  `ID` int(11) NOT NULL AUTO_INCREMENT,
  `OrganizeCode` varchar(100) NOT NULL,
  `RoleCode` varchar(100) NOT NULL,
  PRIMARY KEY (`ID`),
  KEY `OrganizeCode` (`OrganizeCode`),
  KEY `RoleCode` (`RoleCode`),
  CONSTRAINT `R_38` FOREIGN KEY (`OrganizeCode`) REFERENCES `sys_organize` (`OrganizeCode`),
  CONSTRAINT `R_39` FOREIGN KEY (`RoleCode`) REFERENCES `sys_role` (`RoleCode`)
) ENGINE=InnoDB DEFAULT CHARSET=utf8;
/*!40101 SET character_set_client = @saved_cs_client */;

--
-- Dumping data for table `sys_organizerolemap`
--

LOCK TABLES `sys_organizerolemap` WRITE;
/*!40000 ALTER TABLE `sys_organizerolemap` DISABLE KEYS */;
/*!40000 ALTER TABLE `sys_organizerolemap` ENABLE KEYS */;
UNLOCK TABLES;

--
-- Table structure for table `sys_parameter`
--

DROP TABLE IF EXISTS `sys_parameter`;
/*!40101 SET @saved_cs_client     = @@character_set_client */;
/*!40101 SET character_set_client = utf8 */;
CREATE TABLE `sys_parameter` (
  `ParamCode` varchar(100) NOT NULL,
  `ParamValue` varchar(200) DEFAULT NULL,
  `IsUserEditable` bit(1) DEFAULT NULL,
  `Description` text,
  `CreatePerson` varchar(100) DEFAULT NULL,
  `CreateDate` datetime DEFAULT NULL,
  `UpdatePerson` varchar(100) DEFAULT NULL,
  `UpdateDate` datetime DEFAULT NULL,
  PRIMARY KEY (`ParamCode`)
) ENGINE=InnoDB DEFAULT CHARSET=utf8;
/*!40101 SET character_set_client = @saved_cs_client */;

--
-- Dumping data for table `sys_parameter`
--

LOCK TABLES `sys_parameter` WRITE;
/*!40000 ALTER TABLE `sys_parameter` DISABLE KEYS */;
INSERT INTO `sys_parameter` VALUES ('SYS_CORPYRIGHT','Copyright  2016-2020 RDAS, All Rights Reserved',0x01,'版权信息',NULL,'2013-07-15 15:21:20','管理员','2017-11-04 19:26:59'),('SYS_NAME','仪表物联网大数据平台',0x01,'系统名称',NULL,NULL,'管理员','2017-11-14 15:15:35');
/*!40000 ALTER TABLE `sys_parameter` ENABLE KEYS */;
UNLOCK TABLES;

--
-- Table structure for table `sys_permission`
--

DROP TABLE IF EXISTS `sys_permission`;
/*!40101 SET @saved_cs_client     = @@character_set_client */;
/*!40101 SET character_set_client = utf8 */;
CREATE TABLE `sys_permission` (
  `PermissionCode` varchar(100) NOT NULL,
  `PermissionName` varchar(200) DEFAULT NULL,
  `ParentCode` varchar(100) DEFAULT NULL,
  `CreatePerson` varchar(100) DEFAULT NULL,
  `CreateDate` datetime DEFAULT NULL,
  `UpdatePerson` varchar(100) DEFAULT NULL,
  `UpdateDate` datetime DEFAULT NULL,
  PRIMARY KEY (`PermissionCode`)
) ENGINE=InnoDB DEFAULT CHARSET=utf8;
/*!40101 SET character_set_client = @saved_cs_client */;

--
-- Dumping data for table `sys_permission`
--

LOCK TABLES `sys_permission` WRITE;
/*!40000 ALTER TABLE `sys_permission` DISABLE KEYS */;
/*!40000 ALTER TABLE `sys_permission` ENABLE KEYS */;
UNLOCK TABLES;

--
-- Table structure for table `sys_role`
--

DROP TABLE IF EXISTS `sys_role`;
/*!40101 SET @saved_cs_client     = @@character_set_client */;
/*!40101 SET character_set_client = utf8 */;
CREATE TABLE `sys_role` (
  `RoleCode` varchar(100) NOT NULL,
  `RoleSeq` varchar(10) DEFAULT NULL,
  `RoleName` varchar(200) DEFAULT NULL,
  `Description` text,
  `CreatePerson` varchar(100) DEFAULT NULL,
  `CreateDate` datetime DEFAULT NULL,
  `UpdatePerson` varchar(100) DEFAULT NULL,
  `UpdateDate` datetime DEFAULT NULL,
  PRIMARY KEY (`RoleCode`)
) ENGINE=InnoDB DEFAULT CHARSET=utf8;
/*!40101 SET character_set_client = @saved_cs_client */;

--
-- Dumping data for table `sys_role`
--

LOCK TABLES `sys_role` WRITE;
/*!40000 ALTER TABLE `sys_role` DISABLE KEYS */;
INSERT INTO `sys_role` VALUES ('czcf','6','常州诚丰临时角色','配参功能','huluadmin','2019-11-21 09:01:32','最大管理员','2019-11-21 09:01:50'),('default','2','新建用户默认角色','不要删除，普通水务公司默认配置此角色','管理员','2017-03-30 10:04:29','管理员','2017-03-30 10:09:13'),('demo','31','游客','游客','管理员','2017-02-16 10:06:24','管理员','2017-02-16 10:06:24'),('engineer','5','设备调试角色','设备调试管理员角色','huluadmin','2018-03-16 18:14:06','huluadmin','2018-03-16 18:14:06'),('manager','3','设备厂家管理员','设备厂家的最大级管理员','管理员','2017-03-30 10:08:37','管理员','2017-03-30 10:09:52'),('shbf','4','上海贝菲定位','定位功能','huluadmin','2020-09-07 09:53:41','最大管理员','2020-12-23 09:14:30'),('super','1','超级管理员','超级管理员，不能删除','lhs','2013-05-17 11:25:50','最大管理员','2018-03-15 15:26:03');
/*!40000 ALTER TABLE `sys_role` ENABLE KEYS */;
UNLOCK TABLES;

--
-- Table structure for table `sys_rolemenubuttonmap`
--

DROP TABLE IF EXISTS `sys_rolemenubuttonmap`;
/*!40101 SET @saved_cs_client     = @@character_set_client */;
/*!40101 SET character_set_client = utf8 */;
CREATE TABLE `sys_rolemenubuttonmap` (
  `ID` int(11) NOT NULL AUTO_INCREMENT,
  `RoleCode` varchar(100) DEFAULT NULL,
  `MenuCode` varchar(100) DEFAULT NULL,
  `ButtonCode` varchar(20) DEFAULT NULL,
  PRIMARY KEY (`ID`),
  KEY `ButtonCode` (`ButtonCode`),
  KEY `MenuCode` (`MenuCode`),
  KEY `RoleCode` (`RoleCode`),
  CONSTRAINT `FK__sys_roleM__Butto__27F8EE98` FOREIGN KEY (`ButtonCode`) REFERENCES `sys_button` (`ButtonCode`),
  CONSTRAINT `FK__sys_roleM__MenuC__28ED12D1` FOREIGN KEY (`MenuCode`) REFERENCES `sys_menu` (`MenuCode`),
  CONSTRAINT `FK__sys_roleM__RoleC__29E1370A` FOREIGN KEY (`RoleCode`) REFERENCES `sys_role` (`RoleCode`)
) ENGINE=InnoDB DEFAULT CHARSET=utf8;
/*!40101 SET character_set_client = @saved_cs_client */;

--
-- Dumping data for table `sys_rolemenubuttonmap`
--

LOCK TABLES `sys_rolemenubuttonmap` WRITE;
/*!40000 ALTER TABLE `sys_rolemenubuttonmap` DISABLE KEYS */;
/*!40000 ALTER TABLE `sys_rolemenubuttonmap` ENABLE KEYS */;
UNLOCK TABLES;

--
-- Table structure for table `sys_rolemenucolumnmap`
--

DROP TABLE IF EXISTS `sys_rolemenucolumnmap`;
/*!40101 SET @saved_cs_client     = @@character_set_client */;
/*!40101 SET character_set_client = utf8 */;
CREATE TABLE `sys_rolemenucolumnmap` (
  `ID` int(11) NOT NULL AUTO_INCREMENT,
  `RoleCode` varchar(100) DEFAULT NULL,
  `MenuCode` varchar(100) DEFAULT NULL,
  `IsReject` bit(1) DEFAULT NULL,
  `FieldName` varchar(100) DEFAULT NULL,
  PRIMARY KEY (`ID`),
  KEY `MenuCode` (`MenuCode`),
  KEY `RoleCode` (`RoleCode`),
  CONSTRAINT `FK__sys_roleC__MenuC__36470DEF` FOREIGN KEY (`MenuCode`) REFERENCES `sys_menu` (`MenuCode`),
  CONSTRAINT `FK__sys_roleC__RoleC__3552E9B6` FOREIGN KEY (`RoleCode`) REFERENCES `sys_role` (`RoleCode`)
) ENGINE=InnoDB DEFAULT CHARSET=utf8;
/*!40101 SET character_set_client = @saved_cs_client */;

--
-- Dumping data for table `sys_rolemenucolumnmap`
--

LOCK TABLES `sys_rolemenucolumnmap` WRITE;
/*!40000 ALTER TABLE `sys_rolemenucolumnmap` DISABLE KEYS */;
/*!40000 ALTER TABLE `sys_rolemenucolumnmap` ENABLE KEYS */;
UNLOCK TABLES;

--
-- Table structure for table `sys_rolemenumap`
--

DROP TABLE IF EXISTS `sys_rolemenumap`;
/*!40101 SET @saved_cs_client     = @@character_set_client */;
/*!40101 SET character_set_client = utf8 */;
CREATE TABLE `sys_rolemenumap` (
  `ID` int(11) NOT NULL AUTO_INCREMENT,
  `RoleCode` varchar(100) DEFAULT NULL,
  `MenuCode` varchar(100) DEFAULT NULL,
  PRIMARY KEY (`ID`),
  KEY `MenuCode` (`MenuCode`),
  KEY `RoleCode` (`RoleCode`),
  CONSTRAINT `FK__SysRoleFu__Funct__0D7A0286` FOREIGN KEY (`MenuCode`) REFERENCES `sys_menu` (`MenuCode`),
  CONSTRAINT `FK__SysRoleFu__RoleC__0C85DE4D` FOREIGN KEY (`RoleCode`) REFERENCES `sys_role` (`RoleCode`)
) ENGINE=InnoDB AUTO_INCREMENT=13691 DEFAULT CHARSET=utf8;
/*!40101 SET character_set_client = @saved_cs_client */;

--
-- Dumping data for table `sys_rolemenumap`
--

LOCK TABLES `sys_rolemenumap` WRITE;
/*!40000 ALTER TABLE `sys_rolemenumap` DISABLE KEYS */;
INSERT INTO `sys_rolemenumap` VALUES (12984,'demo','44'),(12985,'demo','4407'),(12986,'demo','99'),(13135,'super','55'),(13158,'super','66'),(13191,'super','77'),(13197,'super','88'),(13209,'super','10'),(13210,'super','1001'),(13214,'super','1002'),(13219,'super','1003'),(13223,'super','1004'),(13225,'super','44'),(13226,'super','4401'),(13227,'super','4402'),(13228,'super','4403'),(13229,'super','4404'),(13230,'super','4405'),(13231,'super','4406'),(13232,'super','4407'),(13233,'super','99'),(13245,'default','55'),(13268,'default','88'),(13270,'default','44'),(13271,'default','4407'),(13272,'default','99'),(13320,'engineer','55'),(13343,'engineer','66'),(13376,'engineer','77'),(13381,'engineer','88'),(13388,'engineer','44'),(13389,'engineer','4407'),(13390,'engineer','99'),(13394,'czcf','10'),(13395,'czcf','1002'),(13399,'czcf','1003'),(13448,'manager','55'),(13471,'manager','66'),(13484,'manager','88'),(13487,'manager','44'),(13488,'manager','4407'),(13489,'manager','99'),(13654,'shbf','55'),(13677,'shbf','88'),(13679,'shbf','10'),(13680,'shbf','1002'),(13684,'shbf','1003'),(13688,'shbf','44'),(13689,'shbf','4407'),(13690,'shbf','99');
/*!40000 ALTER TABLE `sys_rolemenumap` ENABLE KEYS */;
UNLOCK TABLES;

--
-- Table structure for table `sys_rolepermissionmap`
--

DROP TABLE IF EXISTS `sys_rolepermissionmap`;
/*!40101 SET @saved_cs_client     = @@character_set_client */;
/*!40101 SET character_set_client = utf8 */;
CREATE TABLE `sys_rolepermissionmap` (
  `ID` int(11) NOT NULL AUTO_INCREMENT,
  `RoleCode` varchar(100) DEFAULT NULL,
  `PermissionCode` varchar(100) DEFAULT NULL,
  `IsDefault` bit(1) DEFAULT NULL,
  PRIMARY KEY (`ID`),
  KEY `PermissionCode` (`PermissionCode`),
  KEY `RoleCode` (`RoleCode`),
  CONSTRAINT `FK__sys_roleA__AuthC__2EA5EC27` FOREIGN KEY (`PermissionCode`) REFERENCES `sys_permission` (`PermissionCode`),
  CONSTRAINT `FK__sys_roleA__RoleC__2F9A1060` FOREIGN KEY (`RoleCode`) REFERENCES `sys_role` (`RoleCode`)
) ENGINE=InnoDB DEFAULT CHARSET=utf8;
/*!40101 SET character_set_client = @saved_cs_client */;

--
-- Dumping data for table `sys_rolepermissionmap`
--

LOCK TABLES `sys_rolepermissionmap` WRITE;
/*!40000 ALTER TABLE `sys_rolepermissionmap` DISABLE KEYS */;
/*!40000 ALTER TABLE `sys_rolepermissionmap` ENABLE KEYS */;
UNLOCK TABLES;

--
-- Table structure for table `sys_systemalarm`
--

DROP TABLE IF EXISTS `sys_systemalarm`;
/*!40101 SET @saved_cs_client     = @@character_set_client */;
/*!40101 SET character_set_client = utf8 */;
CREATE TABLE `sys_systemalarm` (
  `ReceiveSoftRecordTime` datetime NOT NULL,
  `FlowSoftRecordTime` datetime NOT NULL,
  `CDiskSpace` double NOT NULL,
  `DataBaseDiskSpace` double NOT NULL
) ENGINE=InnoDB DEFAULT CHARSET=utf8;
/*!40101 SET character_set_client = @saved_cs_client */;

--
-- Dumping data for table `sys_systemalarm`
--

LOCK TABLES `sys_systemalarm` WRITE;
/*!40000 ALTER TABLE `sys_systemalarm` DISABLE KEYS */;
INSERT INTO `sys_systemalarm` VALUES ('2021-07-02 09:36:39','2021-06-08 22:01:10',24,0);
/*!40000 ALTER TABLE `sys_systemalarm` ENABLE KEYS */;
UNLOCK TABLES;

--
-- Table structure for table `sys_user`
--

DROP TABLE IF EXISTS `sys_user`;
/*!40101 SET @saved_cs_client     = @@character_set_client */;
/*!40101 SET character_set_client = utf8 */;
CREATE TABLE `sys_user` (
  `UserCode` varchar(100) NOT NULL,
  `UserSeq` varchar(10) DEFAULT NULL,
  `UserName` varchar(200) DEFAULT NULL,
  `Description` text,
  `Password` varchar(200) DEFAULT NULL,
  `RoleName` text,
  `OrganizeName` text,
  `ConfigJSON` text,
  `IsEnable` bit(1) DEFAULT NULL,
  `LoginCount` int(11) DEFAULT NULL,
  `LastLoginDate` datetime DEFAULT NULL,
  `CreatePerson` varchar(100) DEFAULT NULL,
  `CreateDate` datetime DEFAULT NULL,
  `UpdatePerson` varchar(100) DEFAULT NULL,
  `UpdateDate` datetime DEFAULT NULL,
  PRIMARY KEY (`UserCode`)
) ENGINE=InnoDB DEFAULT CHARSET=utf8;
/*!40101 SET character_set_client = @saved_cs_client */;

--
-- Dumping data for table `sys_user`
--

LOCK TABLES `sys_user` WRITE;
/*!40000 ALTER TABLE `sys_user` DISABLE KEYS */;
INSERT INTO `sys_user` VALUES ('admin',NULL,'管理员','最大管理员','B3512467431E253CF9483DD661400E655DB6836C',NULL,NULL,NULL,0x00,2461,'2018-03-15 15:15:07','刘会胜','2013-10-09 16:33:47','开封仪表','2018-09-18 14:31:10'),('bjglp',NULL,'北京格乐普','20/9/18 北京格乐普','6ED5833CF35286EBF8662B7B5949F0D742BBEC3F',NULL,NULL,NULL,0x01,NULL,NULL,'huluadmin','2020-09-18 13:29:09','huluadmin','2020-09-18 13:29:09'),('bjyd',NULL,'北京远东','18/7/10 北京远东 张月添加','6ED5833CF35286EBF8662B7B5949F0D742BBEC3F',NULL,NULL,NULL,0x01,NULL,NULL,'huluadmin','2018-07-10 08:59:24','huluadmin','2018-07-10 08:59:24'),('bkswlq',NULL,'临清北控水务','开封仪表客户，翟帅添加','29C76C89A1447351EF44AF8EA78D426774D7D280',NULL,NULL,NULL,0x01,6885,'2020-12-12 16:42:36','kfyb','2019-05-27 09:35:50','开封仪表','2019-07-06 16:10:23'),('bms',NULL,'普宁供水白马所','开封仪表客户，翟帅添加','6ED5833CF35286EBF8662B7B5949F0D742BBEC3F',NULL,NULL,NULL,0x01,NULL,NULL,'kfyb','2018-12-25 14:51:07','开封仪表','2018-12-25 14:51:21'),('BTRD',NULL,'BTRD','19/10/16 开封百特用户','6ED5833CF35286EBF8662B7B5949F0D742BBEC3F',NULL,NULL,NULL,0x01,NULL,NULL,'huluadmin','2019-10-16 11:08:37','huluadmin','2019-10-16 11:08:37'),('btsd',NULL,'承德本特思达','18/10/17 承德本特思达   张月添加','769E20EEC067907A9C7E3497679D8F1D4FDD0050',NULL,NULL,NULL,0x01,4713,'2021-02-01 12:46:22','huluadmin','2018-10-18 08:25:41','huluadmin','2018-10-18 08:25:41'),('BTSKD',NULL,'BTSKD','19/10/16 开封百特用户','6ED5833CF35286EBF8662B7B5949F0D742BBEC3F',NULL,NULL,NULL,0x01,NULL,NULL,'huluadmin','2019-10-16 11:09:06','huluadmin','2019-10-16 11:09:06'),('BTYDHG',NULL,'BTYDHG','19/10/16 开封百特用户','6ED5833CF35286EBF8662B7B5949F0D742BBEC3F',NULL,NULL,NULL,0x01,NULL,NULL,'huluadmin','2019-10-16 11:08:17','huluadmin','2019-10-16 11:08:17'),('cdbt',NULL,'承德宝通','18/1/24 滦平水政客户  张月添加','6ED5833CF35286EBF8662B7B5949F0D742BBEC3F',NULL,NULL,NULL,0x01,NULL,NULL,'admin','2018-01-24 14:04:42','最大管理员','2018-09-05 18:49:16'),('cdtb',NULL,'承德天宝','18/1/24 滦平水政客户 张月添加','6ED5833CF35286EBF8662B7B5949F0D742BBEC3F',NULL,NULL,NULL,0x01,NULL,NULL,'admin','2018-01-24 14:05:12','管理员','2018-03-09 16:47:44'),('chhnt',NULL,'昌宏混凝土/DN50','百特用户','6ED5833CF35286EBF8662B7B5949F0D742BBEC3F',NULL,NULL,NULL,0x01,NULL,NULL,'huluadmin','2019-08-12 10:51:05','huluadmin','2019-08-12 10:51:05'),('cqhyz',NULL,'昌祺红养殖/DN32','19/7/29 百特用户','6ED5833CF35286EBF8662B7B5949F0D742BBEC3F',NULL,NULL,NULL,0x01,NULL,NULL,'huluadmin','2019-07-29 11:15:43','huluadmin','2019-07-29 11:15:43'),('csxgpgs',NULL,'长顺县供排水公司','百特用户','6ED5833CF35286EBF8662B7B5949F0D742BBEC3F',NULL,NULL,NULL,0x01,NULL,NULL,'huluadmin','2020-05-28 10:15:52','huluadmin','2020-05-28 10:15:52'),('czcf',NULL,'常州成丰','18/3/9 常州成丰（6000273ID号不符，需要客户反馈）','6ED5833CF35286EBF8662B7B5949F0D742BBEC3F',NULL,NULL,NULL,0x01,2207,'2021-02-01 09:22:09','admin','2018-03-09 13:32:59','最大管理员','2018-05-09 11:32:06'),('dhsw',NULL,'东海水务','18/7/4  西尼尔用户 张月添加','371C5DDC91F8633D728A5C71DB8A7966CAC89FDA',NULL,NULL,NULL,0x01,18554,'2021-02-01 19:56:40','huluadmin','2019-03-26 13:40:45','huluadmin','2019-03-26 13:40:45'),('dlcz',NULL,'大连诚志流体成套设备有限公司','18/8/24  开封百特用户   （8/24号补卡）','6ED5833CF35286EBF8662B7B5949F0D742BBEC3F',NULL,NULL,NULL,0x01,NULL,NULL,'huluadmin','2018-08-24 14:22:01','huluadmin','2018-08-24 14:22:01'),('DLGPSGS',NULL,'DLGPSGS','20/7/2  百特用户','6ED5833CF35286EBF8662B7B5949F0D742BBEC3F',NULL,NULL,NULL,0x01,NULL,NULL,'huluadmin','2020-07-02 11:36:30','huluadmin','2020-07-02 11:36:30'),('dsqz',NULL,'德胜清真/DN45','19/7/29 百特用户','6ED5833CF35286EBF8662B7B5949F0D742BBEC3F',NULL,NULL,NULL,0x01,NULL,NULL,'huluadmin','2019-07-29 11:13:12','huluadmin','2019-07-29 11:13:12'),('fjsr',NULL,'福建上润','2020/1/6 福建上润','6ED5833CF35286EBF8662B7B5949F0D742BBEC3F',NULL,NULL,NULL,0x01,NULL,NULL,'huluadmin','2020-01-07 09:46:44','huluadmin','2020-01-07 09:46:44'),('fysw',NULL,'富源水务','20/7/27 上海亿崇用户','6ED5833CF35286EBF8662B7B5949F0D742BBEC3F',NULL,NULL,NULL,0x01,NULL,NULL,'huluadmin','2020-07-27 13:15:16','huluadmin','2020-07-27 13:15:16'),('gdxhsw',NULL,'广东新会水务','开封仪表客户 翟帅添加','6ED5833CF35286EBF8662B7B5949F0D742BBEC3F',NULL,NULL,NULL,0x01,7456,'2021-02-01 19:17:59','kfyb','2019-07-01 08:37:21','开封仪表','2019-07-01 08:38:42'),('gmck',NULL,'格玛测控','19/1/30 格玛测控  张月添加','6ED5833CF35286EBF8662B7B5949F0D742BBEC3F',NULL,NULL,NULL,0x01,NULL,NULL,'huluadmin','2019-01-30 14:29:05','huluadmin','2019-01-30 14:29:05'),('guest',NULL,'访客','车间使用','6ED5833CF35286EBF8662B7B5949F0D742BBEC3F',NULL,NULL,NULL,0x01,9508,'2021-02-01 16:56:28','huluadmin','2018-11-16 14:58:42','huluadmin','2018-11-16 14:58:42'),('guest1',NULL,'guest','17/11/21 开封仪表客户账号，张月添加','6ED5833CF35286EBF8662B7B5949F0D742BBEC3F',NULL,NULL,NULL,0x01,2934,'2021-02-01 15:59:23','管理员','2017-11-21 15:36:30','管理员','2018-03-06 15:55:32'),('gzgc',NULL,'广州广川信丰','18/7/12  开封科隆用户  张月添加','6ED5833CF35286EBF8662B7B5949F0D742BBEC3F',NULL,NULL,NULL,0x01,2336,'2021-02-01 15:01:42','huluadmin','2018-07-12 16:31:12','最大管理员','2018-07-13 15:45:19'),('hbwcsgs',NULL,'海勃湾城市供水','17/12/05 开封精博分组  张月添加（精博客户没交费29台）','6ED5833CF35286EBF8662B7B5949F0D742BBEC3F',NULL,NULL,NULL,0x01,2692,'2021-01-25 17:04:07','admin','2017-12-06 09:16:35','管理员','2018-03-07 16:18:29'),('hftw',NULL,'合肥天维','17/12/07 合肥天维  张月添加','6ED5833CF35286EBF8662B7B5949F0D742BBEC3F',NULL,NULL,NULL,0x01,NULL,NULL,'admin','2017-12-07 08:25:11','管理员','2018-02-26 08:58:08'),('hfxc',NULL,'合肥芯灿','19/11/6 合肥芯灿','6ED5833CF35286EBF8662B7B5949F0D742BBEC3F',NULL,NULL,NULL,0x01,NULL,NULL,'huluadmin','2019-11-06 09:51:44','huluadmin','2019-11-06 09:51:44'),('hjkj',NULL,'华杰科技有限公司','18/1/31 昆明华杰科技有限公司  张月添加（7台自己带卡已交费1年）','6ED5833CF35286EBF8662B7B5949F0D742BBEC3F',NULL,NULL,NULL,0x01,4117,'2021-02-01 09:01:34','admin','2018-01-31 14:27:55','管理员','2018-02-01 10:50:16'),('hmsz',NULL,'洪庙水站','18/12/24  上海银流用户  张月添加','6ED5833CF35286EBF8662B7B5949F0D742BBEC3F',NULL,NULL,NULL,0x01,NULL,NULL,'huluadmin','2018-12-24 10:32:49','huluadmin','2018-12-24 10:32:49'),('hnxy',NULL,'湖南湘阴','19/10/15 开封百特用户','6ED5833CF35286EBF8662B7B5949F0D742BBEC3F',NULL,NULL,NULL,0x01,NULL,NULL,'huluadmin','2019-10-15 16:17:52','huluadmin','2019-10-15 16:17:52'),('huluadmin',NULL,'最大管理员','王慧璐创建','368FF3D830025D2A7F7C7FE24439E88BECCDAA6C',NULL,NULL,NULL,0x01,4329,'2021-07-05 21:49:27','hulu','2018-03-15 15:32:45','hulu','2018-03-15 15:32:45'),('hy',NULL,'海运','19/10/28   沈海热力用户','6ED5833CF35286EBF8662B7B5949F0D742BBEC3F',NULL,NULL,NULL,0x01,NULL,NULL,'huluadmin','2019-10-28 14:07:25','huluadmin','2019-10-28 14:07:25'),('hysw',NULL,'恒源水务','17/12/05 恒源水务  张月添加','6ED5833CF35286EBF8662B7B5949F0D742BBEC3F',NULL,NULL,NULL,0x01,NULL,NULL,'admin','2017-12-05 15:01:29','管理员','2018-02-26 09:01:30'),('hzjt',NULL,'杭州金田','17/8/21  杭州金田   ','6ED5833CF35286EBF8662B7B5949F0D742BBEC3F',NULL,NULL,NULL,0x01,NULL,NULL,'huluadmin','2018-05-29 08:35:23','最大管理员','2018-08-23 15:38:29'),('jmst',NULL,' 佳明商砼/DN40','百特用户','6ED5833CF35286EBF8662B7B5949F0D742BBEC3F',NULL,NULL,NULL,0x01,NULL,NULL,'huluadmin','2019-08-12 10:50:33','huluadmin','2019-08-12 10:50:33'),('jnht',NULL,'济宁恒通','18/10/8  贝斯特用户  张月添加','6ED5833CF35286EBF8662B7B5949F0D742BBEC3F',NULL,NULL,NULL,0x01,3837,'2021-02-01 13:15:15','huluadmin','2018-10-08 13:19:09','huluadmin','2018-10-08 13:19:09'),('jsbks',NULL,'江苏博克斯','20/9/21  百特用户','6ED5833CF35286EBF8662B7B5949F0D742BBEC3F',NULL,NULL,NULL,0x01,NULL,NULL,'huluadmin','2020-10-22 15:58:14','huluadmin','2020-10-22 15:58:14'),('JShenghe',NULL,'江苏横河','20/10/21 江苏横河','6ED5833CF35286EBF8662B7B5949F0D742BBEC3F',NULL,NULL,NULL,0x01,NULL,NULL,'huluadmin','2020-10-20 14:16:35','huluadmin','2020-10-20 14:16:35'),('jshhcs',NULL,'江苏华海测试','19/11/19  江苏华海测试账号','6ED5833CF35286EBF8662B7B5949F0D742BBEC3F',NULL,NULL,NULL,0x01,NULL,NULL,'huluadmin','2019-11-19 08:35:19','huluadmin','2019-11-19 08:35:19'),('jsjh',NULL,'江苏金禾','18/4/10 江苏金禾  张月添加','6ED5833CF35286EBF8662B7B5949F0D742BBEC3F',NULL,NULL,NULL,0x01,NULL,NULL,'huluadmin','2018-04-10 13:57:44','最大管理员','2020-05-06 14:00:40'),('jssp',NULL,'江苏三普','2020/5/25  江苏三普','6ED5833CF35286EBF8662B7B5949F0D742BBEC3F',NULL,NULL,NULL,0x01,NULL,NULL,'huluadmin','2020-05-25 15:45:30','huluadmin','2020-05-25 15:45:30'),('JXSJ',NULL,'JXSJ','20/9/21 讯尔用户','6ED5833CF35286EBF8662B7B5949F0D742BBEC3F',NULL,NULL,NULL,0x01,NULL,NULL,'huluadmin','2020-09-21 11:56:57','huluadmin','2020-09-21 11:56:57'),('kfdb',NULL,'开封德宝','20/10/28 开封德宝','6ED5833CF35286EBF8662B7B5949F0D742BBEC3F',NULL,NULL,NULL,0x01,NULL,NULL,'huluadmin','2020-10-29 13:58:15','huluadmin','2020-10-29 13:58:15'),('kfgh',NULL,'开封光华','18/5/14  开封光华   张月添加','6ED5833CF35286EBF8662B7B5949F0D742BBEC3F',NULL,NULL,NULL,0x01,NULL,NULL,'huluadmin','2018-05-14 12:51:46','最大管理员','2018-05-21 12:51:12'),('kfhh',NULL,'开封横河','17/11/03   开封横河  张月添加（3台带物联卡的已开放）','6ED5833CF35286EBF8662B7B5949F0D742BBEC3F',NULL,NULL,NULL,0x01,4339,'2021-02-01 17:16:32','管理员','2017-11-03 16:12:47','管理员','2018-03-05 10:08:20'),('kfkc',NULL,'开封开创','18/3/6 开封开创  张月添加','6ED5833CF35286EBF8662B7B5949F0D742BBEC3F',NULL,NULL,NULL,0x01,NULL,NULL,'admin','2018-03-06 09:38:41','最大管理员','2020-05-06 14:00:47'),('kfqc',NULL,'开封启城','20/7/27 开封启城','6ED5833CF35286EBF8662B7B5949F0D742BBEC3F',NULL,NULL,NULL,0x01,NULL,NULL,'huluadmin','2020-07-27 11:25:25','huluadmin','2020-07-27 11:25:25'),('kfqt',NULL,'开封青天','17/11/06   开封青天    张月添加  ','6ED5833CF35286EBF8662B7B5949F0D742BBEC3F',NULL,NULL,NULL,0x01,2906,'2021-02-01 14:04:33','管理员','2017-11-06 12:41:01','最大管理员','2018-12-20 10:41:58'),('kfsd',NULL,'开封盛达','19/7/12  开封盛达','6ED5833CF35286EBF8662B7B5949F0D742BBEC3F',NULL,NULL,NULL,0x01,NULL,NULL,'huluadmin','2019-07-12 15:16:35','huluadmin','2019-07-12 15:16:35'),('kfsmk',NULL,'开封硕美科','20/10/21   开封硕美科','6ED5833CF35286EBF8662B7B5949F0D742BBEC3F',NULL,NULL,NULL,0x01,NULL,NULL,'huluadmin','2020-10-22 09:22:36','huluadmin','2020-10-22 09:22:36'),('kfxn',NULL,'开封信诺','19/11/26 开封信诺','6ED5833CF35286EBF8662B7B5949F0D742BBEC3F',NULL,NULL,NULL,0x01,NULL,NULL,'huluadmin','2019-12-13 09:51:05','huluadmin','2019-12-13 09:51:05'),('kfyk',NULL,'开封优凯','19/4/9   开封优凯       张月添加','6ED5833CF35286EBF8662B7B5949F0D742BBEC3F',NULL,NULL,NULL,0x01,NULL,NULL,'huluadmin','2019-04-09 09:44:06','huluadmin','2019-04-09 09:44:06'),('kydczh',NULL,'开封仪表有限公司','开封仪表有限公司测试，郑东志添加','6ED5833CF35286EBF8662B7B5949F0D742BBEC3F',NULL,NULL,NULL,0x01,7747,'2021-01-28 10:24:21','kfyb','2017-10-11 17:12:48','管理员','2018-03-06 15:55:14'),('kysw',NULL,'内蒙古科源水务有限公司','18/4/2  开封百特客户  内蒙古科源水务   张月添加','6ED5833CF35286EBF8662B7B5949F0D742BBEC3F',NULL,NULL,NULL,0x01,NULL,NULL,'huluadmin','2018-04-02 13:01:32','最大管理员','2020-05-06 14:00:57'),('ljgr4',NULL,'ljgr4','19/11/11 锦科用户','6ED5833CF35286EBF8662B7B5949F0D742BBEC3F',NULL,NULL,NULL,0x01,NULL,NULL,'huluadmin','2019-11-11 10:09:38','huluadmin','2019-11-11 10:09:38'),('lpxdt',NULL,'滦平县大唐','18/1/24 滦平水政分组  张月添加','6ED5833CF35286EBF8662B7B5949F0D742BBEC3F',NULL,NULL,NULL,0x01,NULL,NULL,'admin','2018-01-24 14:03:56','最大管理员','2019-01-23 11:35:21'),('mege-tek',NULL,'mege-tek','20/11/20 开封精博用户','6ED5833CF35286EBF8662B7B5949F0D742BBEC3F',NULL,NULL,NULL,0x01,NULL,NULL,'huluadmin','2020-11-20 13:01:07','huluadmin','2020-11-20 13:01:07'),('microsensor',NULL,'麦克传感器','18/4/8   麦克传感器  张月添加','6ED5833CF35286EBF8662B7B5949F0D742BBEC3F',NULL,NULL,NULL,0x01,NULL,NULL,'huluadmin','2018-04-08 12:42:56','huluadmin','2018-04-08 12:42:56'),('NLTL',NULL,'NLTL','20/9/18 百特用户','6ED5833CF35286EBF8662B7B5949F0D742BBEC3F',NULL,NULL,NULL,0x01,NULL,NULL,'huluadmin','2020-09-18 13:36:08','huluadmin','2020-09-18 13:36:08'),('pasz',NULL,'平安水站','18/12/24 上海银流用户   张月添加','6ED5833CF35286EBF8662B7B5949F0D742BBEC3F',NULL,NULL,NULL,0x01,NULL,NULL,'huluadmin','2018-12-24 10:32:04','huluadmin','2018-12-24 10:32:04'),('plld',NULL,'开封普洛兰德','20/7/27 开封普洛兰德','6ED5833CF35286EBF8662B7B5949F0D742BBEC3F',NULL,NULL,NULL,0x01,NULL,NULL,'huluadmin','2020-07-27 11:49:09','huluadmin','2020-07-27 11:49:09'),('prs',NULL,'普瑞斯','19/4/23  普瑞斯','6ED5833CF35286EBF8662B7B5949F0D742BBEC3F',NULL,NULL,NULL,0x01,NULL,NULL,'huluadmin','2019-04-23 15:26:20','huluadmin','2019-04-23 15:26:20'),('QQGS',NULL,'QQGS','20/11/26  讯尔用户','6ED5833CF35286EBF8662B7B5949F0D742BBEC3F',NULL,NULL,NULL,0x01,NULL,NULL,'huluadmin','2020-11-26 14:17:48','huluadmin','2020-11-26 14:17:48'),('qqsz',NULL,'钱桥水站','18/12/20 上海银流用户 张月添加','6ED5833CF35286EBF8662B7B5949F0D742BBEC3F',NULL,NULL,NULL,0x01,NULL,NULL,'huluadmin','2018-12-20 10:11:36','huluadmin','2018-12-20 10:11:36'),('shhj',NULL,'上海鹤吉','20/10/15  上海鹤吉','6ED5833CF35286EBF8662B7B5949F0D742BBEC3F',NULL,NULL,NULL,0x01,NULL,NULL,'huluadmin','2020-10-15 09:38:17','huluadmin','2020-10-15 09:38:17'),('shhujiang',NULL,'上海沪江','18/4/18  上海沪江','6ED5833CF35286EBF8662B7B5949F0D742BBEC3F',NULL,NULL,NULL,0x01,NULL,NULL,'huluadmin','2020-10-15 10:08:48','huluadmin','2020-10-15 10:08:48'),('shkc',NULL,'上海康创','20/10/20 上海康创','6ED5833CF35286EBF8662B7B5949F0D742BBEC3F',NULL,NULL,NULL,0x01,NULL,NULL,'huluadmin','2020-10-20 10:43:40','huluadmin','2020-10-20 10:43:40'),('shsmc',NULL,'上海盛蒙创','18/1/2 上海盛蒙创 张月添加','6ED5833CF35286EBF8662B7B5949F0D742BBEC3F',NULL,NULL,NULL,0x01,NULL,NULL,'admin','2018-01-02 13:11:20','最大管理员','2020-05-06 14:01:13'),('SJZJC',NULL,'SJZJC','20/9/14 讯尔用户','6ED5833CF35286EBF8662B7B5949F0D742BBEC3F',NULL,NULL,NULL,0x01,NULL,NULL,'huluadmin','2020-09-14 13:21:32','huluadmin','2020-09-14 13:21:32'),('stsz',NULL,'四团水站','18/12/26 上海银流用户  张月添加','6ED5833CF35286EBF8662B7B5949F0D742BBEC3F',NULL,NULL,NULL,0x01,NULL,NULL,'huluadmin','2018-12-26 09:15:15','huluadmin','2018-12-26 09:15:15'),('sxtx',NULL,'上海申迅通信','19/4/23  上海申迅通信','6ED5833CF35286EBF8662B7B5949F0D742BBEC3F',NULL,NULL,NULL,0x01,NULL,NULL,'huluadmin','2019-04-23 15:24:36','huluadmin','2019-04-23 15:24:36'),('syhrrl',NULL,'沈阳华润热力','17/12/27交费','D0888E3FF26CDE4BF62247280B89753C976FA0D4',NULL,NULL,NULL,0x01,5375,'2021-02-01 17:50:12','管理员','2017-10-31 13:34:16','管理员','2018-03-08 11:31:15'),('syzkaw',NULL,'沈阳中科奥维','19/10/21','6ED5833CF35286EBF8662B7B5949F0D742BBEC3F',NULL,NULL,NULL,0x01,NULL,NULL,'huluadmin','2019-11-01 10:35:04','huluadmin','2019-11-01 10:35:04'),('szfly',NULL,'深圳丰利源','18/6/12  深圳丰利源   张月添加','6ED5833CF35286EBF8662B7B5949F0D742BBEC3F',NULL,NULL,NULL,0x01,NULL,NULL,'huluadmin','2018-06-12 16:46:17','huluadmin','2018-06-12 16:46:17'),('szwx',NULL,'深圳万讯','深圳万讯 19/1/24   张月添加','6ED5833CF35286EBF8662B7B5949F0D742BBEC3F',NULL,NULL,NULL,0x01,NULL,NULL,'huluadmin','2019-02-26 15:04:41','huluadmin','2019-02-26 15:04:41'),('test',NULL,'外网测试用户','','6ED5833CF35286EBF8662B7B5949F0D742BBEC3F',NULL,NULL,NULL,0x01,3337,'2021-06-30 08:47:43','管理员','2017-03-14 10:53:41','管理员','2017-12-16 14:23:46'),('test2',NULL,'test2','盘锦客户演示 17/8/31 崔大林添加','6ED5833CF35286EBF8662B7B5949F0D742BBEC3F',NULL,NULL,NULL,0x01,2297,'2021-07-05 21:47:35','管理员','2017-08-31 11:09:16','管理员','2017-08-31 11:09:16'),('TJAJWLKJ',NULL,'TJAJWLKJ','21/1/21 天津迅尔用户','6ED5833CF35286EBF8662B7B5949F0D742BBEC3F',NULL,NULL,NULL,0x01,NULL,NULL,'huluadmin','2021-01-26 13:33:28','huluadmin','2021-01-26 13:33:28'),('tjxeyh',NULL,'tjxe','18/10/15  天津迅尔测试  张月添加','6ED5833CF35286EBF8662B7B5949F0D742BBEC3F',NULL,NULL,NULL,0x01,6335,'2021-02-01 15:51:20','huluadmin','2018-10-15 13:54:12','huluadmin','2018-10-15 13:54:12'),('tpys',NULL,'凉州区脱贫饮水','2020/4/30 创新用户','6ED5833CF35286EBF8662B7B5949F0D742BBEC3F',NULL,NULL,NULL,0x01,NULL,NULL,'huluadmin','2020-04-30 11:44:01','huluadmin','2020-04-30 11:44:01'),('tszls',NULL,'铜山自来水','2020/4/13   天津迅尔用户','6ED5833CF35286EBF8662B7B5949F0D742BBEC3F',NULL,NULL,NULL,0x01,NULL,NULL,'huluadmin','2020-04-13 10:09:06','huluadmin','2020-04-13 10:09:06'),('whgs',NULL,'whgs','18/8/01  天津迅尔用户  张月添加','6ED5833CF35286EBF8662B7B5949F0D742BBEC3F',NULL,NULL,NULL,0x01,NULL,NULL,'huluadmin','2018-08-01 13:46:28','huluadmin','2018-08-01 13:46:28'),('wsk',NULL,NULL,NULL,'123456',NULL,NULL,NULL,NULL,NULL,NULL,NULL,NULL,NULL,NULL),('wxhc',NULL,'wxhc','19/12/18  泛太','6ED5833CF35286EBF8662B7B5949F0D742BBEC3F',NULL,NULL,NULL,0x01,NULL,NULL,'huluadmin','2019-12-18 11:36:54','huluadmin','2019-12-18 11:36:54'),('xkyb',NULL,'上海星空仪表','20/7/27 上海星空仪表','6ED5833CF35286EBF8662B7B5949F0D742BBEC3F',NULL,NULL,NULL,0x01,NULL,NULL,'huluadmin','2020-07-27 13:29:35','huluadmin','2020-07-27 13:29:35'),('xmjx',NULL,'厦门计讯','19/11/23 恒劲科博用户','6ED5833CF35286EBF8662B7B5949F0D742BBEC3F',NULL,NULL,NULL,0x01,NULL,NULL,'huluadmin','2019-11-25 10:07:35','huluadmin','2019-11-25 10:07:35'),('xmknx',NULL,'厦门可尼西','18/5/11   上海光华客户  张月添加','6ED5833CF35286EBF8662B7B5949F0D742BBEC3F',NULL,NULL,NULL,0x01,4795,'2021-02-01 12:01:25','huluadmin','2018-05-11 14:05:21','huluadmin','2018-05-11 14:05:21'),('xtdsh',NULL,' 新天地商砼/DN50','百特用户','6ED5833CF35286EBF8662B7B5949F0D742BBEC3F',NULL,NULL,NULL,0x01,NULL,NULL,'huluadmin','2019-08-12 10:51:36','huluadmin','2019-08-12 10:51:36'),('xzzls',NULL,'新郑自来水','20/9/29 开封普盛用户','6ED5833CF35286EBF8662B7B5949F0D742BBEC3F',NULL,NULL,NULL,0x01,NULL,NULL,'huluadmin','2020-09-29 10:46:37','huluadmin','2020-09-29 10:46:37'),('yjjl',NULL,'永嘉嘉林','20/10/10 百特用户 ','6ED5833CF35286EBF8662B7B5949F0D742BBEC3F',NULL,NULL,NULL,0x01,NULL,NULL,'huluadmin','2020-10-10 09:04:36','huluadmin','2020-10-10 09:04:36'),('ymsp',NULL,'宇牧食品/DN50','19/7/29 百特用户','6ED5833CF35286EBF8662B7B5949F0D742BBEC3F',NULL,NULL,NULL,0x01,NULL,NULL,'huluadmin','2019-07-29 11:10:33','huluadmin','2019-07-29 11:10:33'),('ymsyglj',NULL,'ymsyglj','男','6ED5833CF35286EBF8662B7B5949F0D742BBEC3F',NULL,NULL,NULL,0x00,NULL,NULL,'管理员','2017-09-28 10:42:12','管理员','2018-03-05 09:17:35'),('yyyd',NULL,'余姚远大','18/12/14 余姚远大 张月添加','6ED5833CF35286EBF8662B7B5949F0D742BBEC3F',NULL,NULL,NULL,0x01,NULL,NULL,'huluadmin','2018-12-14 09:00:30','huluadmin','2018-12-14 09:00:30'),('yzhcgs',NULL,'宜章黄岑供水','开封仪表客户，宗良分组','6ED5833CF35286EBF8662B7B5949F0D742BBEC3F',NULL,NULL,NULL,0x01,4108,'2021-02-01 11:17:07','管理员','2017-09-28 10:59:51','管理员','2018-03-07 14:09:10'),('yzhqgs',NULL,'宜章黄岑供水','开封仪表有限公司客户，20160905刘微添加','6ED5833CF35286EBF8662B7B5949F0D742BBEC3F',NULL,NULL,NULL,0x01,5097,'2021-02-01 19:30:10','管理员','2017-02-08 09:31:52','管理员','2018-03-07 14:14:43'),('zjjk',NULL,'浙江精控','17/12/05 浙江精控 张月添加','6ED5833CF35286EBF8662B7B5949F0D742BBEC3F',NULL,NULL,NULL,0x01,NULL,NULL,'admin','2017-12-05 15:02:51','admin','2017-12-05 15:02:51'),('zjzy',NULL,'浙江昭雅','17/11/27 浙江昭雅  张月添加','6ED5833CF35286EBF8662B7B5949F0D742BBEC3F',NULL,NULL,NULL,0x01,NULL,NULL,'admin','2017-11-27 14:55:19','admin','2017-11-27 14:55:19'),('zxj',NULL,NULL,NULL,'123456789',NULL,NULL,NULL,NULL,NULL,NULL,NULL,NULL,NULL,NULL),('zxl',NULL,NULL,NULL,'123456789',NULL,NULL,NULL,NULL,NULL,NULL,NULL,NULL,NULL,NULL),('zzsc',NULL,'郑州三川传奇','2020/6/6  百特用户','6ED5833CF35286EBF8662B7B5949F0D742BBEC3F',NULL,NULL,NULL,0x01,NULL,NULL,'huluadmin','2020-06-08 09:04:52','huluadmin','2020-06-08 09:04:52'),('上海威尔泰',NULL,'上海威尔泰','韩付，男，18702196696，18702196696@163.com','C06D3F235E0EA23AFD3D5F8C501DEE0D95C51709',NULL,NULL,NULL,0x00,NULL,NULL,'管理员','2017-09-28 10:45:13','管理员','2018-03-05 09:17:35'),('广西北投湖海',NULL,'广西北投湖海','昂工，男，15715232191，16/8/23 大林添加 江苏杰创','139F69C93C042496A8E958EC5930662C6CCCAFBF',NULL,NULL,NULL,0x00,NULL,NULL,'管理员','2017-09-28 10:58:02','管理员','2018-03-05 09:17:35'),('开封利源',NULL,'开封利源','17/10/17 开封利源  张月添加  ','6ED5833CF35286EBF8662B7B5949F0D742BBEC3F',NULL,NULL,NULL,0x00,NULL,NULL,'管理员','2017-10-17 10:46:10','管理员','2018-03-05 09:17:35'),('开封奥泰',NULL,'开封奥泰','朱孟俊，男，13949403015','19CFA6832E730A2508948E391F0B66E74688D6F4',NULL,NULL,NULL,0x00,NULL,NULL,'管理员','2017-09-28 10:44:28','管理员','2018-03-05 09:17:35'),('普宁水务北所',NULL,'0','开封仪表客户，翟帅添加','6ED5833CF35286EBF8662B7B5949F0D742BBEC3F',NULL,NULL,NULL,0x00,NULL,NULL,'kfyb','2019-11-07 09:18:29','开封仪表','2020-03-12 08:57:34'),('普宁水务西所',NULL,'1','开封仪表客户，翟帅添加','6ED5833CF35286EBF8662B7B5949F0D742BBEC3F',NULL,NULL,NULL,0x00,NULL,NULL,'kfyb','2019-11-07 09:17:18','开封仪表','2020-03-12 08:57:33'),('江苏扬州大学',NULL,'江苏扬州大学','','C326BF50DD4347546CE1B99A295FA4A152E61E77',NULL,NULL,NULL,0x00,NULL,NULL,'管理员','2017-09-28 10:59:03','管理员','2018-03-05 09:17:35'),('沂南县水利局',NULL,'沂南县水利局','姜鹏宇，男，15942458891，15942458891@163.com，天津讯尔→大连优科仪器仪表发展中心→QQ：1632735301 姜工（天津迅尔）','CBFB668E7CE0EB9575F8B4104C0336F197E7F455',NULL,NULL,NULL,0x00,NULL,NULL,'管理员','2017-09-28 10:43:15','管理员','2018-03-05 09:17:42'),('清丰水务',NULL,'清丰水务','男','1643F25C3619ED7ED48D49D95C1D0E9397D5EE2E',NULL,NULL,NULL,0x00,NULL,NULL,'管理员','2017-09-28 10:41:39','管理员','2018-03-05 09:17:35'),('营口水务',NULL,'营口水务','吕传宝，男，13941729936','5E77ED215029279A2D00FF85353292B030D06B9C',NULL,NULL,NULL,0x00,NULL,NULL,'管理员','2017-02-08 09:21:32','管理员','2018-03-05 09:17:42'),('连江温泉',NULL,'连江温泉','王其挺，男，15060084506','9EF0161012E6276BAA3177CB87013BA3710F5D35',NULL,NULL,NULL,0x00,NULL,NULL,'管理员','2017-02-08 09:25:13','管理员','2018-03-05 09:17:35');
/*!40000 ALTER TABLE `sys_user` ENABLE KEYS */;
UNLOCK TABLES;

--
-- Table structure for table `sys_user_appapi_map`
--

DROP TABLE IF EXISTS `sys_user_appapi_map`;
/*!40101 SET @saved_cs_client     = @@character_set_client */;
/*!40101 SET character_set_client = utf8 */;
CREATE TABLE `sys_user_appapi_map` (
  `AppApi_ID` int(11) NOT NULL,
  `UserCode` varchar(100) NOT NULL,
  KEY `AppApi_ID` (`AppApi_ID`),
  KEY `UserCode` (`UserCode`),
  CONSTRAINT `FK_sys_User_AppApi_Map_sys_AppApi` FOREIGN KEY (`AppApi_ID`) REFERENCES `sys_appapi` (`ID`),
  CONSTRAINT `FK_sys_User_AppApi_Map_sys_user` FOREIGN KEY (`UserCode`) REFERENCES `sys_user` (`UserCode`)
) ENGINE=InnoDB DEFAULT CHARSET=utf8;
/*!40101 SET character_set_client = @saved_cs_client */;

--
-- Dumping data for table `sys_user_appapi_map`
--

LOCK TABLES `sys_user_appapi_map` WRITE;
/*!40000 ALTER TABLE `sys_user_appapi_map` DISABLE KEYS */;
INSERT INTO `sys_user_appapi_map` VALUES (13,'admin'),(17,'admin'),(17,'huluadmin'),(17,'test2'),(14,'admin'),(14,'kfhh'),(14,'kfqt'),(14,'kydczh'),(14,'syhrrl'),(14,'test'),(14,'test2'),(14,'ymsyglj'),(14,'yzhcgs'),(14,'yzhqgs'),(14,'广西北投湖海'),(14,'江苏扬州大学'),(14,'开封奥泰'),(14,'开封利源'),(14,'连江温泉'),(14,'清丰水务'),(14,'上海威尔泰'),(14,'沂南县水利局'),(14,'营口水务'),(13,'kfhh'),(13,'kfqt'),(13,'kydczh'),(13,'syhrrl'),(13,'test'),(13,'test2'),(13,'ymsyglj'),(13,'yzhcgs'),(13,'yzhqgs'),(13,'广西北投湖海'),(13,'江苏扬州大学'),(13,'开封奥泰'),(13,'开封利源'),(13,'连江温泉'),(13,'清丰水务'),(13,'上海威尔泰'),(13,'沂南县水利局'),(13,'营口水务'),(13,'huluadmin');
/*!40000 ALTER TABLE `sys_user_appapi_map` ENABLE KEYS */;
UNLOCK TABLES;

--
-- Table structure for table `sys_usermenucolumnsetting`
--

DROP TABLE IF EXISTS `sys_usermenucolumnsetting`;
/*!40101 SET @saved_cs_client     = @@character_set_client */;
/*!40101 SET character_set_client = utf8 */;
CREATE TABLE `sys_usermenucolumnsetting` (
  `MenuCode` varchar(100) NOT NULL,
  `UserCode` varchar(100) NOT NULL,
  `Sequence` int(11) NOT NULL,
  `Name` varchar(50) NOT NULL,
  `Visible` bit(1) NOT NULL,
  `Frozen` bit(1) NOT NULL,
  `Align` varchar(20) NOT NULL,
  `Sort` bit(1) DEFAULT NULL,
  `GroupName` varchar(50) DEFAULT NULL,
  `DisplayName` varchar(50) NOT NULL,
  `Width` int(11) NOT NULL,
  `Field` varchar(50) NOT NULL,
  `Formatter` varchar(50) DEFAULT NULL,
  `Editor` varchar(100) DEFAULT NULL,
  `Hidden` bit(1) DEFAULT NULL,
  `Required` bit(1) NOT NULL,
  KEY `MenuCode` (`MenuCode`),
  KEY `UserCode` (`UserCode`),
  CONSTRAINT `FK_sys_UserMenuColumnSetting_sys_menu` FOREIGN KEY (`MenuCode`) REFERENCES `sys_menu` (`MenuCode`),
  CONSTRAINT `FK_sys_UserMenuColumnSetting_sys_user` FOREIGN KEY (`UserCode`) REFERENCES `sys_user` (`UserCode`)
) ENGINE=InnoDB DEFAULT CHARSET=utf8;
/*!40101 SET character_set_client = @saved_cs_client */;

--
-- Dumping data for table `sys_usermenucolumnsetting`
--

LOCK TABLES `sys_usermenucolumnsetting` WRITE;
/*!40000 ALTER TABLE `sys_usermenucolumnsetting` DISABLE KEYS */;
/*!40000 ALTER TABLE `sys_usermenucolumnsetting` ENABLE KEYS */;
UNLOCK TABLES;

--
-- Table structure for table `sys_userorganizemap`
--

DROP TABLE IF EXISTS `sys_userorganizemap`;
/*!40101 SET @saved_cs_client     = @@character_set_client */;
/*!40101 SET character_set_client = utf8 */;
CREATE TABLE `sys_userorganizemap` (
  `ID` int(11) NOT NULL AUTO_INCREMENT,
  `OrganizeCode` varchar(100) DEFAULT NULL,
  `UserCode` varchar(100) DEFAULT NULL,
  PRIMARY KEY (`ID`),
  KEY `OrganizeCode` (`OrganizeCode`),
  KEY `UserCode` (`UserCode`),
  CONSTRAINT `FK__SysUserOr__Organ__0E6E26BF` FOREIGN KEY (`OrganizeCode`) REFERENCES `sys_organize` (`OrganizeCode`),
  CONSTRAINT `FK__SysUserOr__UserC__0F624AF8` FOREIGN KEY (`UserCode`) REFERENCES `sys_user` (`UserCode`)
) ENGINE=InnoDB AUTO_INCREMENT=542 DEFAULT CHARSET=utf8;
/*!40101 SET character_set_client = @saved_cs_client */;

--
-- Dumping data for table `sys_userorganizemap`
--

LOCK TABLES `sys_userorganizemap` WRITE;
/*!40000 ALTER TABLE `sys_userorganizemap` DISABLE KEYS */;
INSERT INTO `sys_userorganizemap` VALUES (520,'010102','kydczh'),(537,'0102','hysw'),(538,'0102','zjjk'),(539,'0102','hbwcsgs'),(541,'0102','hftw');
/*!40000 ALTER TABLE `sys_userorganizemap` ENABLE KEYS */;
UNLOCK TABLES;

--
-- Table structure for table `sys_userrolemap`
--

DROP TABLE IF EXISTS `sys_userrolemap`;
/*!40101 SET @saved_cs_client     = @@character_set_client */;
/*!40101 SET character_set_client = utf8 */;
CREATE TABLE `sys_userrolemap` (
  `ID` int(11) NOT NULL AUTO_INCREMENT,
  `UserCode` varchar(100) DEFAULT NULL,
  `RoleCode` varchar(100) DEFAULT NULL,
  PRIMARY KEY (`ID`),
  KEY `RoleCode` (`RoleCode`),
  KEY `UserCode` (`UserCode`),
  CONSTRAINT `FK__SysUserRo__RoleC__114A936A` FOREIGN KEY (`RoleCode`) REFERENCES `sys_role` (`RoleCode`),
  CONSTRAINT `FK__SysUserRo__UserC__10566F31` FOREIGN KEY (`UserCode`) REFERENCES `sys_user` (`UserCode`)
) ENGINE=InnoDB AUTO_INCREMENT=418 DEFAULT CHARSET=utf8;
/*!40101 SET character_set_client = @saved_cs_client */;

--
-- Dumping data for table `sys_userrolemap`
--

LOCK TABLES `sys_userrolemap` WRITE;
/*!40000 ALTER TABLE `sys_userrolemap` DISABLE KEYS */;
/*!40000 ALTER TABLE `sys_userrolemap` ENABLE KEYS */;
UNLOCK TABLES;

--
-- Table structure for table `sys_usersetting`
--

DROP TABLE IF EXISTS `sys_usersetting`;
/*!40101 SET @saved_cs_client     = @@character_set_client */;
/*!40101 SET character_set_client = utf8 */;
CREATE TABLE `sys_usersetting` (
  `ID` int(11) NOT NULL AUTO_INCREMENT,
  `UserCode` varchar(100) DEFAULT NULL,
  `SettingCode` varchar(100) DEFAULT NULL,
  `SettingName` varchar(200) DEFAULT NULL,
  `SettingValue` varchar(100) DEFAULT NULL,
  `Description` text,
  PRIMARY KEY (`ID`),
  KEY `UserCode` (`UserCode`),
  CONSTRAINT `FK__sys_userS__UserC__32767D0B` FOREIGN KEY (`UserCode`) REFERENCES `sys_user` (`UserCode`)
) ENGINE=InnoDB AUTO_INCREMENT=44 DEFAULT CHARSET=utf8;
/*!40101 SET character_set_client = @saved_cs_client */;

--
-- Dumping data for table `sys_usersetting`
--

LOCK TABLES `sys_usersetting` WRITE;
/*!40000 ALTER TABLE `sys_usersetting` DISABLE KEYS */;
INSERT INTO `sys_usersetting` VALUES (20,'admin','theme',NULL,'default',NULL),(22,'admin','gridrows',NULL,'30',NULL),(23,'admin','home',NULL,'550102',NULL),(35,'test','theme',NULL,'default',NULL),(36,'test','gridrows',NULL,'30',NULL),(37,'test','home',NULL,'550101',NULL),(41,'test2','theme',NULL,'gray',NULL),(42,'test2','gridrows',NULL,'50',NULL),(43,'test2','home',NULL,'550101',NULL);
/*!40000 ALTER TABLE `sys_usersetting` ENABLE KEYS */;
UNLOCK TABLES;

--
-- Table structure for table `sysdiagrams`
--

DROP TABLE IF EXISTS `sysdiagrams`;
/*!40101 SET @saved_cs_client     = @@character_set_client */;
/*!40101 SET character_set_client = utf8 */;
CREATE TABLE `sysdiagrams` (
  `name` varchar(128) NOT NULL,
  `principal_id` int(11) NOT NULL,
  `diagram_id` int(11) NOT NULL AUTO_INCREMENT,
  `version` int(11) DEFAULT NULL,
  `definition` longblob,
  PRIMARY KEY (`diagram_id`),
  UNIQUE KEY `UK_principal_name` (`principal_id`,`name`)
) ENGINE=InnoDB AUTO_INCREMENT=4 DEFAULT CHARSET=utf8;
/*!40101 SET character_set_client = @saved_cs_client */;

--
-- Dumping data for table `sysdiagrams`
--

LOCK TABLES `sysdiagrams` WRITE;
/*!40000 ALTER TABLE `sysdiagrams` DISABLE KEYS */;
INSERT INTO `sysdiagrams` VALUES ('Diagram_0',1,1,1,0xD0CF11E0A1B11AE1000000000000000000000000000000003E000300FEFF0900060000000000000000000000010000000100000000000000001000000200000001000000FEFFFFFF0000000000000000FFFFFFFFFFFFFFFFFFFFFFFFFFFFFFFFFFFFFFFFFFFFFFFFFFFFFFFFFFFFFFFFFFFFFFFFFFFFFFFFFFFFFFFFFFFFFFFFFFFFFFFFFFFFFFFFFFFFFFFFFFFFFFFFFFFFFFFFFFFFFFFFFFFFFFFFFFFFFFFFFFFFFFFFFFFFFFFFFFFFFFFFFFFFFFFFFFFFFFFFFFFFFFFFFFFFFFFFFFFFFFFFFFFFFFFFFFFFFFFFFFFFFFFFFFFFFFFFFFFFFFFFFFFFFFFFFFFFFFFFFFFFFFFFFFFFFFFFFFFFFFFFFFFFFFFFFFFFFFFFFFFFFFFFFFFFFFFFFFFFFFFFFFFFFFFFFFFFFFFFFFFFFFFFFFFFFFFFFFFFFFFFFFFFFFFFFFFFFFFFFFFFFFFFFFFFFFFFFFFFFFFFFFFFFFFFFFFFFFFFFFFFFFFFFFFFFFFFFFFFFFFFFFFFFFFFFFFFFFFFFFFFFFFFFFFFFFFFFFFFFFFFFFFFFFFFFFFFFFFFFFFFFFFFFFFFFFFFFFFFFFFFFFFFFFFFFFFFFFFFFFFFFFFFFFFFFFFFFFFFFFFFFFFFFFFFFFFFFFFFFFFFFFFFFFFFFFFFFFFFFFFFFFFFFFFFFFFFFFFFFFFFFFFFFFFFFFFFFFFFFFFFFFFFFFFFFFFFFFFFFFFFFFFFFFFFFFFFFFFFFFFFFFFFFFFFFFFFFFFFFFFFFFFFFFFFFFFFFFFFFFFFFFFFFFFFFFFFFFFFFFFFFFFFFFFFFFFFFFFFFFFFFFFFFFFFFFFFFFFFFFFFFFFFFFFFFFFFFFFFFFFFFFFFFFFFFFFFFFFFFFFFFFFFFFFFFFFFFFFFFFFFFDFFFFFF21000000FEFFFFFF040000000500000006000000070000000800000009000000340000000B0000000C0000000D0000000E0000000F000000100000001100000012000000130000001400000015000000160000001700000018000000190000001A0000001B0000001C0000001D0000001E0000001F00000020000000FEFFFFFFFEFFFFFF230000002400000025000000260000002700000028000000290000002A0000002B0000002C0000002D0000002E0000002F00000030000000310000003200000033000000FEFFFFFF3500000036000000FEFFFFFFFFFFFFFFFFFFFFFFFFFFFFFFFFFFFFFFFFFFFFFFFFFFFFFFFFFFFFFFFFFFFFFFFFFFFFFFFFFFFFFFFFFFFFFFFFFFFFFFFFFFFFFFFFFFFFFFFFFFFFFFFFFFFFFFFFFFFFFFFFFFFFFFFFFFFFFFFFFFFFFFFFFFFFFFFFFFFFFFFFFFFFFFFFFFFFFFFFFFFFFFFFFFFFFFFFFFFFFFFFFFFFFFFFFFFFFFFFFFFFFFFFFFFFFFFFFFFFFFFFFFFFFFFFFFFFFFFFFFFFFFFFFFFFFFFFFFFFFFFFFFFFFFFFFFFFFFFFFFFFFFFFFFFFFFFFFFFFFFFFFFFFFFFFFFFFFFFFFFFFFFFFFFFFFFFFFFFFFFFFFFFFFFFFFFFFFFFFFFFFFFFFFFFFFFFFFFFFFFFFFFFFFFFFFFFFFFFFFFFFFFFFFFFFFFFFFFFFFFFFFFFFFFFFFFFFFFFFFFFFFFFFFFFFFFFFFFFFFFFFFFFFFFFFFFFFFFFFFFFFFFFFFFFFFFFFFFFFFFFFFFFFFFFFFFFFFFFFFFFFFFFFFFFFFFFFFFFFFFFFFFFFFF52006F006F007400200045006E00740072007900000000000000000000000000000000000000000000000000000000000000000000000000000000000000000016000500FFFFFFFFFFFFFFFF02000000000000000000000000000000000000000000000000000000000000007038FB477E53D7010300000080130000000000006600000000000000000000000000000000000000000000000000000000000000000000000000000000000000000000000000000000000000000000000000000004000201FFFFFFFFFFFFFFFFFFFFFFFF00000000000000000000000000000000000000000000000000000000000000000000000000000000CA0C0000000000006F000000000000000000000000000000000000000000000000000000000000000000000000000000000000000000000000000000000000000000000000000000040002010100000004000000FFFFFFFF0000000000000000000000000000000000000000000000000000000000000000000000000A0000008E2C000000000000010043006F006D0070004F0062006A0000000000000000000000000000000000000000000000000000000000000000000000000000000000000000000000000012000201FFFFFFFFFFFFFFFFFFFFFFFF000000000000000000000000000000000000000000000000000000000000000000000000340000005F000000000000000100000002000000030000000400000005000000060000000700000008000000090000000A0000000B0000000C0000000D0000000E0000000F000000100000001100000012000000130000001400000015000000160000001700000018000000190000001A0000001B0000001C0000001D0000001E0000001F000000200000002100000022000000230000002400000025000000260000002700000028000000290000002A0000002B0000002C0000002D0000002E0000002F00000030000000310000003200000033000000FEFFFFFF35000000FEFFFFFFFEFFFFFF38000000390000003A0000003B0000003C0000003D0000003E0000003F000000400000004100000042000000430000004400000045000000460000004700000048000000490000004A0000004B0000004C000000FEFFFFFFFEFFFFFFFFFFFFFFFFFFFFFFFFFFFFFFFFFFFFFFFFFFFFFFFFFFFFFFFFFFFFFFFFFFFFFFFFFFFFFFFFFFFFFFFFFFFFFFFFFFFFFFFFFFFFFFFFFFFFFFFFFFFFFFFFFFFFFFFFFFFFFFFFFFFFFFFFFFFFFFFFFFFFFFFFFFFFFFFFFFFFFFFFFFFFFFFFFFFFFFFFFFFFFFFFFFFFFFFFFFFFFFFFFFFFFFFFFFFFFFFFFFFFFFFFFFFFFFFFFFFFFFFFFFFFFFFFFFFFFFFFFFFFFFFFFFFFFFFFFFFFFFFFFFFFFFFFFFFFFFFFFFFFFFFFFFFFFFFFFFFFFFFFFFFFFFFFFFFFFFFFFFFFFFFFFFFFFFFFFFFFFFFFFFFFFFFFFFFFFFFFFFFFFF000434000A1E500C05000080240000000F00FFFF3200000024000000007D0000946A00001C3C0000AED10000628F000062C6FFFFC0D1FFFFDE805B10F195D011B0A000AA00BDCB5C00001800B300000006000080010000408622BC0253797374656D00C0030000003C006B0000000900000000000000D9E6B0E91C81D011AD5100A0C90F5739F43B7F847F61C74385352986E1D552F8A0327DB2D86295428D98273C25A2DA2D00002800430000000000000053444DD2011FD1118E63006097D2DF4834C9D2777977D811907000065B840D9C00002800430000000000000051444DD2011FD1118E63006097D2DF4834C9D2777977D811907000065B840D9C22000000C40B000000A2017300003400A50900000700008001000000A6020000008000000A00008053636847726964FFACDBFFFF542400007379735F627574746F6E000000003000A50900000700008002000000A2020000008000000800008053636847726964000E1F0000AE1500007379735F636F646500003400A50900000700008003000000AA020000008000000C0000805363684772696400781E000074F5FFFF7379735F636F6465547970650000A400A5090000070000800400000052000000018000007C000000436F6E74726F6C005B2A00009C0D00001C207300790073005F0063006F006400650054007900700065001D200E4E1C207300790073005F0063006F00640065001D204B4EF49584767351FB7C1C2046004B005F005F0053007900730043006F00640065005F005F00540079007000650043006F0064005F005F00350043004100310043003100300031001D2000002800B50100000700008005000000310000006D00000002800000436F6E74726F6C00FC1600006112000000003000A50900000700008006000000A00200000080000007000080536368477269640018150000BED8FFFF7379735F6C6F670000003800A50900000700008007000000B202000000800000100000805363684772696400EE02000054D9FFFF7379735F6C6F67696E486973746F727900003000A50900000700008008000000A202000000800000080000805363684772696400B80B0000FE1000007379735F6D656E7500003C00A50900000700008009000000B40200000080000011000080536368477269646586F2FFFFF22B00007379735F6D656E75427574746F6E4D61700000000000B000A5090000070000800A000000520000000180000086000000436F6E74726F6C0094040000F12A00001C207300790073005F006D0065006E0075001D200E4E1C207300790073005F006D0065006E00750042007500740074006F006E004D00610070001D204B4EF49584767351FB7C1C2046004B005F005F007300790073005F006D0065006E00750042005F005F004D0065006E00750043005F005F00310032004600440044003100420032001D20000000002800B5010000070000800B000000310000006D00000002800000436F6E74726F6C0099FEFFFF9B2A00000000B400A5090000070000800C00000052000000018000008A000000436F6E74726F6C009FEAFFFF7D3500001C207300790073005F0062007500740074006F006E001D200E4E1C207300790073005F006D0065006E00750042007500740074006F006E004D00610070001D204B4EF49584767351FB7C1C2046004B005F005F007300790073005F006D0065006E00750042005F005F0042007500740074006F005F005F00310036004300450036003200390036001D20000000002800B5010000070000800D000000310000006D00000002800000436F6E74726F6C0007E5FFFFC337000000003400A50900000700008010000000AA020000008000000C0000805363684772696400ACDBFFFF1A0400007379735F6F7267616E697A6500003C00A50900000700008011000000B80200000080000013000080536368477269640080DAFFFFB2F3FFFF7379735F6F7267616E697A65526F6C654D61700000008800A5090000070000801200000052000000018000005E000000436F6E74726F6C00ABDAFFFF32FEFFFF1C207300790073005F006F007200670061006E0069007A0065001D200E4E1C207300790073005F006F007200670061006E0069007A00650052006F006C0065004D00610070001D204B4EF49584767351FB7C1C2052005F00330038001D20000000002800B50100000700008013000000310000003900000002800000436F6E74726F6C00F1DCFFFFE401000000003800A50900000700008014000000AC020000008000000D00008053636847726964002EF0FFFFBED8FFFF7379735F706172616D6574657207000000003800A50900000700008015000000AE020000008000000E0000805363684772696400ACDBFFFF54D9FFFF7379735F7065726D697373696F6E000000003000A50900000700008016000000A202000000800000080000805363684772696400F0F1FFFF74F5FFFF7379735F726F6C6500008000A50900000700008017000000520000000180000056000000436F6E74726F6C002CEDFFFF73F4FFFF1C207300790073005F0072006F006C0065001D200E4E1C207300790073005F006F007200670061006E0069007A00650052006F006C0065004D00610070001D204B4EF49584767351FB7C1C2052005F00330039001D20000000002800B50100000700008018000000310000003900000002800000436F6E74726F6C75E4EEFFFF1DF4FFFF00004000A50900000700008019000000BC02000000800000150000805363684772696400C4F0FFFF561300007379735F726F6C654D656E75427574746F6E4D61700900000000BC00A5090000070000801A000000620000000180000092000000436F6E74726F6C659FEAFFFF052400001C207300790073005F0062007500740074006F006E001D200E4E1C207300790073005F0072006F006C0065004D0065006E00750042007500740074006F006E004D00610070001D204B4EF49584767351FB7C1C2046004B005F005F007300790073005F0072006F006C0065004D005F005F0042007500740074006F005F005F00320037004600380045004500390038001D20000000002800B5010000070000801B000000310000006D00000002800000436F6E74726F6C0016EEFFFF7B2600000000B800A5090000070000801C00000052000000018000008E000000436F6E74726F6C00B6050000E11C00001C207300790073005F006D0065006E0075001D200E4E1C207300790073005F0072006F006C0065004D0065006E00750042007500740074006F006E004D00610070001D204B4EF49584767351FB7C1C2046004B005F005F007300790073005F0072006F006C0065004D005F005F004D0065006E00750043005F005F00320038004500440031003200440031001D20000000002800B5010000070000801D000000310000006D00000002800000436F6E74726F6C6527FFFFFF8B1C00000000B800A5090000070000801E00000052000000018000008E000000436F6E74726F6C7585F1FFFF670D00001C207300790073005F0072006F006C0065001D200E4E1C207300790073005F0072006F006C0065004D0065006E00750042007500740074006F006E004D00610070001D204B4EF49584767351FB7C1C2046004B005F005F007300790073005F0072006F006C0065004D005F005F0052006F006C00650043005F005F00320039004500310033003700300041001D20200000002800B5010000070000801F000000310000006D00000002800000436F6E74726F6C00CBF3FFFF1B11000000004000A50900000700008020000000BC02000000800000150000805363684772696400460500000AF6FFFF7379735F726F6C654D656E75436F6C756D6E4D617070DA290000B800A5090000070000802100000052000000018000008E000000436F6E74726F6C00E30000008DF8FFFF1C207300790073005F0072006F006C0065001D200E4E1C207300790073005F0072006F006C0065004D0065006E00750043006F006C0075006D006E004D00610070001D204B4EF49584767351FB7C1C2046004B005F005F007300790073005F0072006F006C00650043005F005F0052006F006C00650043005F005F00330035003500320045003900420036001D20346300002800B50100000700008022000000310000006D00000002800000436F6E74726F6C008AF9FFFF37F8FFFF0000B800A5090000070000802300000052000000018000008E000000436F6E74726F6C003B0E0000B50500001C207300790073005F006D0065006E0075001D200E4E1C207300790073005F0072006F006C0065004D0065006E00750043006F006C0075006D006E004D00610070001D204B4EF49584767351FB7C1C2046004B005F005F007300790073005F0072006F006C00650043005F005F004D0065006E00750043005F005F00330036003400370030004400450046001D20200000002800B50100000700008024000000310000006D00000002800000436F6E74726F6C0081100000180C00000000000000000000000000000000000000000000000000000000000000000000000000000000000000000000000000000000000000000100FEFF030A0000FFFFFFFF00000000000000000000000000000000170000004D6963726F736F66742044445320466F726D20322E300010000000456D626564646564204F626A6563740000000000F439B271000000000000000000000000000000000000000000000000000000000000000000000000000000000000000000010003000000000000000C0000000B0000004E61BC00000000000000000000000000000000000000000000000000000000000000000000000000000000000000DBE6B0E91C81D011AD5100A0C90F5739000002000027FA477E53D701020200001048450000000000000000000000000000000000EA010000440061007400610021433412080000001F100000BC1C00007856341207000000140100007300790073005F0062007500740074006F006E000000780500000000230000000200000003000000040000000C00000010007805000000002300000003000000030000000400000008000000100078050000000023000000040000000300000004000000040000001000780500000000230000000000000000000000010000000400000010007805230000003B0000000200000003000000050000001000000010007805230000003E0000000300000003000000050000000C0000001000780523000000410000000400000003000000050000000800000010007805230000004600000001000000000000000600000000000000000000000100000005000000540000002C0000002C0000002C00000034000000000000000000000096240000BB1C0000000000002D0100000B0000000C000000070000001C010000BC07000054060000E001000058020000A401000038040000840300001C02000084030000740400000C03000000000000010000001F100000BC1C000000000000090000000900000002000000020000001C010000500700000000000001000000C7110000FF05000000000000010000000100000002000000020000001C010000BC0700000100000000000000C7110000ED03000000000000000000000000000002000000020000001C010000BC0700000000000000000000072C0000DE20000000000000000000000D00000004000000040000001C010000BC07000024090000A005000078563412040000005E00000001000000010000000B000000000000000100000002000000030000000400000005000000060000000700000008000000090000000A00000004000000640062006F0000000B0000007300790073005F0062007500740074006F006E000000214334120800000020100000342B00007856341207000000140100007300790073005F0063006F006400650000002E00560069007300750061006C00530074007500640069006F002E00760073007000530071006C0045006E0075006D002C002000560065007200730069006F006E003D0039002E0030002E003200340032002E0030002C002000430075006C0074007500720065003D006E00650075007400720061006C002C0020005000750062006C00690063004B006500790054006F006B0065006E003D00380039003800340035006400630064003800300038003000630063003900310000000000000000000000000000000000000000000000000000000000000000000000000000000000000000000100000005000000540000002C0000002C0000002C00000034000000000000000000000096240000DE200000000000002D0100000D0000000C000000070000001C010000BC07000054060000E001000058020000A401000038040000840300001C02000084030000740400000C030000000000000100000020100000342B0000000000000E0000000C00000002000000020000001C010000380700000000000001000000C71100001008000000000000020000000200000002000000020000001C010000BC0700000100000000000000C7110000ED03000000000000000000000000000002000000020000001C010000BC0700000000000000000000072C0000DE20000000000000000000000D00000004000000040000001C010000BC07000024090000A005000078563412040000005A00000001000000010000000B000000000000000100000002000000030000000400000005000000060000000700000008000000090000000A00000004000000640062006F000000090000007300790073005F0063006F0064006500000021433412080000001F100000DF1A00007856341207000000140100007300790073005F0063006F00640065005400790070006500000000006596BE2E70690080ACBC092BC210008094020000000000000000000000238305FFFFFFFF00000000987E8205B889387A0010377A821300060000000000000000A5BC092B987E00809B02FFFF000000006B96BE2E00000080A0020000A000000018238305E06A437A0010377A9F1000060000000000000000BEBC092B18230080A202FFFF00000000BCBC092B006B0080BA02377AA010000600000000000000007196BE2E18230080AA02FFFF80608F05B7BC092BE4260080A902377AA11000060000000000000000B4BC092B18230080D202000000000000000000000100000005000000540000002C0000002C0000002C00000034000000000000000000000096240000AA1A0000000000002D0100000A0000000C000000070000001C010000BC07000054060000E001000058020000A401000038040000840300001C02000084030000740400000C03000000000000010000001F100000DF1A000000000000080000000800000002000000020000001C010000500700000000000001000000C7110000FF05000000000000010000000100000002000000020000001C010000BC0700000100000000000000C7110000ED03000000000000000000000000000002000000020000001C010000BC0700000000000000000000072C0000DE20000000000000000000000D00000004000000040000001C010000BC07000024090000A005000078563412040000006200000001000000010000000B000000000000000100000002000000030000000400000005000000060000000700000008000000090000000A00000004000000640062006F0000000D0000007300790073005F0063006F00640065005400790070006500000002000B00F22B000053100000F22B0000AE1500000000000002000000F0F0F00000000000000000000000000000000000010000000500000000000000FC16000061120000471400003E01000032000000010000020000471400003E0100000200000000000500008008000080010000001500018600009001905F010004CBCECCE51E0046004B005F005F0053007900730043006F00640065005F005F00540079007000650043006F0064005F005F0035004300410031004300310030003100214334120800000020100000141B00007856341207000000140100007300790073005F006C006F006700000000000000000000001823830542BD092BE4620080BE028305606B437A0010377AA51000065FBD092B00000080D702000018238305FFFFFFFF94648F05182383052427377A5BBD092BA6100080C5020000000000000000000018238305FFFFFFFF00000000FFCEB52E00000080D8020000A000000018238305806B437A54BD092BA7100080CC0200000000000000000000182383059997BE2E00000080D2028F050301387A81498F0504010006A9498F05050100006DBD092B06010080D3028F0507010000314A8F050801387A30238305B427377A0010377A8D1000060000000000000000000000000100000005000000540000002C0000002C0000002C00000034000000000000000000000096240000AA1A0000000000002D0100000A0000000C000000070000001C010000BC07000054060000E001000058020000A401000038040000840300001C02000084030000740400000C030000000000000100000020100000141B000000000000080000000800000002000000020000001C010000380700000000000001000000C7110000FF05000000000000010000000100000002000000020000001C010000BC0700000100000000000000C7110000ED03000000000000000000000000000002000000020000001C010000BC0700000000000000000000072C0000DE20000000000000000000000D00000004000000040000001C010000BC07000024090000A005000078563412040000005800000001000000010000000B000000000000000100000002000000030000000400000005000000060000000700000008000000090000000A00000004000000640062006F000000080000007300790073005F006C006F006700000021433412080000001F100000991800007856341207000000140100007300790073005F006C006F00670069006E0048006900730074006F007200790000000000E397BE2E482300801803FFFF688B387A48238305A06C437A28BD092B8710008027BD092B000000801903000048238305FFFFFFFF2400000048238305C06C437A0010377A881000060000000000000000E997BE2E4823008020BD092B208C00802003B52E2800008030030000A000000048238305E06C437A0010377A891000060000000000000000000000004823830539BD092B2C00008027038305006D437AFF97BE2E8A1000802C030000000000000000000048238305FFFFFFFF088D387AF14B8F051E01387A32BD000000000000000000000100000005000000540000002C0000002C0000002C0000003400000000000000000000009624000099180000000000002D010000090000000C000000070000001C010000BC07000054060000E001000058020000A401000038040000840300001C02000084030000740400000C03000000000000010000001F1000009918000000000000070000000700000002000000020000001C010000380700000000000001000000C7110000FF05000000000000010000000100000002000000020000001C010000BC0700000100000000000000C7110000ED03000000000000000000000000000002000000020000001C010000BC0700000000000000000000072C0000DE20000000000000000000000D00000004000000040000001C010000BC07000024090000A005000078563412040000006A00000001000000010000000B000000000000000100000002000000030000000400000005000000060000000700000008000000090000000A00000004000000640062006F000000110000007300790073005F006C006F00670069006E0048006900730074006F00720079000000214334120800000020100000692B00007856341207000000140100007300790073005F006D0065006E0075000000008040038F053501387AF14C8F0536010006194D8F0537010000414D8F0538018205694D8F0539010000DDBD092B3A01008043038E05806D437A13CEB52EC410008083030000000000001197BE2EF0C800804A03FFFFA88B387A0010377AAD130006D6BD092B000000804A030000987E8205FFFFFFFF2491387A7BCEB52E249100805C030000A0000000F0C88E05A06D437A0010377AC5100006EFBD092B000000805103092BF0C800806803FFFF8092387AF0C88E05C06D437A0010377AC6100006000000000000000000000000F0C88E05E8BD092B789300805803000000000000000000000100000005000000540000002C0000002C0000002C00000034000000000000000000000096240000DE200000000000002D0100000D0000000C000000070000001C010000BC07000054060000E001000058020000A401000038040000840300001C02000084030000740400000C030000000000000100000020100000692B0000000000000E0000000C00000002000000020000001C010000380700000000000001000000C7110000FF05000000000000010000000100000002000000020000001C010000BC0700000100000000000000C7110000ED03000000000000000000000000000002000000020000001C010000BC0700000000000000000000072C0000DE20000000000000000000000D00000004000000040000001C010000BC07000024090000A005000078563412040000005A00000001000000010000000B000000000000000100000002000000030000000400000005000000060000000700000008000000090000000A00000004000000640062006F000000090000007300790073005F006D0065006E007500000021433412080000003A130000EA0F00007856341207000000140100007300790073005F006D0065006E00750042007500740074006F006E004D0061007000000000000000000000000000000000000000000000000000000000000000000000000000000000000000000000000000000000000000000000000000000000000000000000000000000000000000000000000000000000000000000000000000000000000000000000000000000000000000000000000000000000000000000000000000000000000000000000000000000000000000000000000000000000000000000000000000000000000000000000000000000000000000000000000000000000000000000000000000000000000000000000000100000005000000540000002C0000002C0000002C0000003400000000000000000000009624000077140000000000002D010000070000000C000000070000001C010000BC07000054060000E001000058020000A401000038040000840300001C02000084030000740400000C03000000000000010000003A130000EA0F000000000000030000000300000002000000020000001C010000000900000000000001000000C7110000210A000000000000030000000300000002000000020000001C010000BC0700000100000000000000C7110000ED03000000000000000000000000000002000000020000001C010000BC0700000000000000000000072C0000DE20000000000000000000000D00000004000000040000001C010000BC07000024090000A005000078563412040000006C00000001000000010000000B000000000000000100000002000000030000000400000005000000060000000700000008000000090000000A00000004000000640062006F000000120000007300790073005F006D0065006E00750042007500740074006F006E004D0061007000000002000B00B80B0000882C0000C0050000882C00000000000002000000F0F0F00000000000000000000000000000000000010000000B0000000000000099FEFFFF9B2A0000471400003E01000032000000010000020000471400003E0100000200000000000500008008000080010000001500018600009001905F010004CBCECCE51E0046004B005F005F007300790073005F006D0065006E00750042005F005F004D0065006E00750043005F005F003100320046004400440031004200320002000B00CBEBFFFF1437000086F2FFFF143700000000000002000000F0F0F00000000000000000000000000000000000010000000D0000000000000007E5FFFFC3370000471400003E01000032000000010000020000471400003E0100000200000000000500008008000080010000001500018600009001905F010004CBCECCE51E0046004B005F005F007300790073005F006D0065006E00750042005F005F0042007500740074006F005F005F003100360043004500360032003900360021433412080000001F1000008F1D00007856341207000000140100007300790073005F006F007200670061006E0069007A00650000000000000000000000000000000000000000000000000000000000000000000000000000000000000000000000000000000000000000000000000000000000000000000000000000000000000000000000000000000000000000000000000000000000000000000000000000000000000000000000000000000000000000000000000000000000000000000000000000000000000000000000000000000000000000000000000000000000000000000000000000000000000000000000000000000000000000000000000000000000000000000000000000000000000000000100000005000000540000002C0000002C0000002C00000034000000000000000000000096240000BB1C0000000000002D0100000B0000000C000000070000001C010000BC07000054060000E001000058020000A401000038040000840300001C02000084030000740400000C03000000000000010000001F1000008F1D000000000000090000000900000002000000020000001C010000500700000000000001000000C7110000FF05000000000000010000000100000002000000020000001C010000BC0700000100000000000000C7110000ED03000000000000000000000000000002000000020000001C010000BC0700000000000000000000072C0000DE20000000000000000000000D00000004000000040000001C010000BC07000024090000A005000078563412040000006200000001000000010000000B000000000000000100000002000000030000000400000005000000060000000700000008000000090000000A00000004000000640062006F0000000D0000007300790073005F006F007200670061006E0069007A00650000002143341208000000D81300003B0D00007856341207000000140100007300790073005F006F007200670061006E0069007A00650052006F006C0065004D00610070000000000000000000000000000000000000000000000000000000000000000000000000000000000000000000000000000000000000000000000000000000000000000000000000000000000000000000000000000000000000000000000000000000000000000000000000000000000000000000000000000000000000000000000000000000000000000000000000000000000000000000000000000000000000000000000000000000000000000000000000000000000000000000000000000000000000000000000000000000000000000100000005000000540000002C0000002C0000002C0000003400000000000000000000009624000077140000000000002D010000070000000C000000070000001C010000BC07000054060000E001000058020000A401000038040000840300001C02000084030000740400000C0300000000000001000000D81300003B0D000000000000030000000300000002000000020000001C010000600900000000000001000000C7110000210A000000000000030000000300000002000000020000001C010000BC0700000100000000000000C7110000ED03000000000000000000000000000002000000020000001C010000BC0700000000000000000000072C0000DE20000000000000000000000D00000004000000040000001C010000BC07000024090000A005000078563412040000007000000001000000010000000B000000000000000100000002000000030000000400000005000000060000000700000008000000090000000A00000004000000640062006F000000140000007300790073005F006F007200670061006E0069007A00650052006F006C0065004D0061007000000002000B0042DCFFFF1A04000042DCFFFFED0000000000000002000000F0F0F00000000000000000000000000000000000010000001300000000000000F1DCFFFFE4010000B40200003E01000032000000010000020000B40200003E0100000200000000000500008008000080010000001500018600009001905F010004CBCECCE5040052005F0033003800214334120800000020100000DF1A00007856341207000000140100007300790073005F0070006100720061006D0065007400650072000000000000000000000000000000000000000000000000000000000000000000000000000000000000000000000000000000000000000000000000000000000000000000000000000000000000000000000000000000000000000000000000000000000000000000000000000000000000000000000000000000000000000000000000000000000000000000000000000000000000000000000000000000000000000000000000000000000000000000000000000000000000000000000000000000000000000000000000000000000000000000000000000000000000000100000005000000540000002C0000002C0000002C00000034000000000000000000000096240000AA1A0000000000002D0100000A0000000C000000070000001C010000BC07000054060000E001000058020000A401000038040000840300001C02000084030000740400000C030000000000000100000020100000DF1A000000000000080000000800000002000000020000001C010000500700000000000001000000C7110000FF05000000000000010000000100000002000000020000001C010000BC0700000100000000000000C7110000ED03000000000000000000000000000002000000020000001C010000BC0700000000000000000000072C0000DE20000000000000000000000D00000004000000040000001C010000BC07000024090000A005000078563412040000006400000001000000010000000B000000000000000100000002000000030000000400000005000000060000000700000008000000090000000A00000004000000640062006F0000000E0000007300790073005F0070006100720061006D006500740065007200000021433412080000001F1000002F1800007856341207000000140100007300790073005F007000650072006D0069007300730069006F006E0000000000000000000000000000000000000000000000000000000000000000000000000000000000000000000000000000000000000000000000000000000000000000000000000000000000000000000000000000000000000000000000000004000000FF501C0090002D0090002D003800FF083800FF0800C01A090040240000000000000000000000000000000000000000000000000000000000000000000000000000000000000000000000000000000000000000000000000000000000000000000000000000000000000000000000000000000000000000000100000005000000540000002C0000002C0000002C0000003400000000000000000000009624000099180000000000002D010000090000000C000000070000001C010000BC07000054060000E001000058020000A401000038040000840300001C02000084030000740400000C03000000000000010000001F1000002F18000000000000070000000700000002000000020000001C010000500700000000000001000000C7110000FF05000000000000010000000100000002000000020000001C010000BC0700000100000000000000C7110000ED03000000000000000000000000000002000000020000001C010000BC0700000000000000000000072C0000DE20000000000000000000000D00000004000000040000001C010000BC07000024090000A005000078563412040000006600000001000000010000000B000000000000000100000002000000030000000400000005000000060000000700000008000000090000000A00000004000000640062006F0000000F0000007300790073005F007000650072006D0069007300730069006F006E00000021433412080000001F100000AA1A00007856341207000000140100007300790073005F0072006F006C006500000000000000000000000000000000000000000000000000000000000000000000000000000000000000000000000000000000000000000000000000000000000000000000000000000000000000000000000000000000000000000000000000000000000000000000000000000000000000000000000000000000000000000000000000000000000000000000000000000000000000000000000000000000000000000000000000000000000000000000000000000000000000000000000000000000000000000000000000000000000000000000000000000000000000000000000000000000000100000005000000540000002C0000002C0000002C00000034000000000000000000000096240000AA1A0000000000002D0100000A0000000C000000070000001C010000BC07000054060000E001000058020000A401000038040000840300001C02000084030000740400000C03000000000000010000001F100000AA1A000000000000080000000800000002000000020000001C010000380700000000000001000000C7110000FF05000000000000010000000100000002000000020000001C010000BC0700000100000000000000C7110000ED03000000000000000000000000000002000000020000001C010000BC0700000000000000000000072C0000DE20000000000000000000000D00000004000000040000001C010000BC07000024090000A005000078563412040000005A00000001000000010000000B000000000000000100000002000000030000000400000005000000060000000700000008000000090000000A00000004000000640062006F000000090000007300790073005F0072006F006C006500000002000B00F0F1FFFF0AF6FFFF58EEFFFF0AF6FFFF0000000002000000F0F0F00000000000000000000000000000000000010000001800000000000000E4EEFFFF1DF4FFFFB40200003E01000027000000010000020000B40200003E010000020000000000FFFFFF0008000080010000001500018600009001905F010004CBCECCE5040052005F003300390021433412080000001E160000CE1200007856341207000000140100007300790073005F0072006F006C0065004D0065006E00750042007500740074006F006E004D006100700000006900640020006C0065006600740020006F00750074006500720020006A006F0069006E0020007300790073002E0064006100740061005F00730070006100630065007300200064007300700020006F006E0020006400730070002E0064006100740061005F00730070006100630065005F006900640020003D00200069006E0064002E0064006100740061005F00730070006100630065005F00690064002000200077006800650072006500200069006E0064002E006F0062006A00650063007400000000000000000000000100000005000000540000002C0000002C0000002C0000003400000000000000000000009624000077140000000000002D010000070000000C000000070000001C010000BC07000054060000E001000058020000A401000038040000840300001C02000084030000740400000C03000000000000010000001E160000CE12000000000000040000000400000002000000020000001C010000B00A00000000000001000000C7110000320C000000000000040000000400000002000000020000001C010000BC0700000100000000000000C7110000ED03000000000000000000000000000002000000020000001C010000BC0700000000000000000000072C0000DE20000000000000000000000D00000004000000040000001C010000BC07000024090000A005000078563412040000007400000001000000010000000B000000000000000100000002000000030000000400000005000000060000000700000008000000090000000A00000004000000640062006F000000160000007300790073005F0072006F006C0065004D0065006E00750042007500740074006F006E004D0061007000000004000B00CBEBFFFFD827000067EDFFFFD827000067EDFFFF80250000C4F0FFFF802500000000000002000000F0F0F00000000000000000000000000000000000010000001B0000000000000016EEFFFF7B260000471400003E01000032000000010000020000471400003E010000020000000000FFFFFF0008000080010000001500018600009001905F010004CBCECCE51E0046004B005F005F007300790073005F0072006F006C0065004D005F005F0042007500740074006F005F005F003200370046003800450045003900380002000B00B80B0000781E0000E2060000781E00000000000002000000F0F0F00000000000000000000000000000000000010000001D0000000000000027FFFFFF8B1C0000471400003E01000032000000010000020000471400003E010000020000000000FFFFFF0008000080010000001500018600009001905F010004CBCECCE51E0046004B005F005F007300790073005F0072006F006C0065004D005F005F004D0065006E00750043005F005F003200380045004400310032004400310002000B001CF3FFFF1E1000001CF3FFFF561300000000000002000000F0F0F00000000000000000000000000000000000010000001F00000000000000CBF3FFFF1B110000471400003E01000032000000010000020000471400003E010000020000000000FFFFFF0008000080010000001500018600009001905F010004CBCECCE51E0046004B005F005F007300790073005F0072006F006C0065004D005F005F0052006F006C00650043005F005F00320039004500310033003700300041002143341208000000F1160000661200007856341207000000140100007300790073005F0072006F006C0065004D0065006E00750043006F006C0075006D006E004D00610070000000FFFFFFFFFFFFFFFFFFFFFFFFFFFFFFFFFFFFFFFFFFFFFFFFFFFFFFFFFFFFFFFFFFFFFFFFFFFFFFFFFFFFFFFFFFFFFFFFFFFFFFFFFFFFFFFFFFFFFFFFFFFFFFFFFFFFFFFFFFFFFFFFFFFFFFFFFFFFFFFFFFFFFFFFFFFFFFFFFFFFFFFFFFFFFFFFFFFFFFFFFFFFFFFFFFFFFFFFFFFFFFFFFFFFFFFFFFFFFFFFFFFFFFFFFFFFFFFFFFFFFFFFFFFFFFFFFFFFFFFFFFFFFFFFFFFFFFFFFFFFFFFFFFFFFFFFFFFFFFFFFFFFFFFFFFFFFFFFFFFFFFFFFFFFFFFFFFFFFFFFFFFFFFFFFFFFFFFFFFFFFFFFFFFF000000000000000000000100000005000000540000002C0000002C0000002C0000003400000000000000000000009624000077140000000000002D010000070000000C000000070000001C010000BC07000054060000E001000058020000A401000038040000840300001C02000084030000740400000C0300000000000001000000F11600006612000000000000050000000500000002000000020000001C010000280B00000000000001000000C7110000210A000000000000030000000300000002000000020000001C010000BC0700000100000000000000C7110000ED03000000000000000000000000000002000000020000001C010000BC0700000000000000000000072C0000DE20000000000000000000000D00000004000000040000001C010000BC07000024090000A005000078563412040000007400000001000000010000000B000000000000000100000002000000030000000400000005000000060000000700000008000000090000000A00000004000000640062006F000000160000007300790073005F0072006F006C0065004D0065006E00750043006F006C0075006D006E004D0061007000000002000B000F02000024FAFFFF4605000024FAFFFF0000000002000000F0F0F000000000000000000000000000000000000100000022000000000000008AF9FFFF37F8FFFF471400003E01000032000000010000020000471400003E010000020000000000FFFFFF0008000080010000001500018600009001905F010004CBCECCE51E0046004B005F005F007300790073005F0072006F006C00650043005F005F0052006F006C00650043005F005F003300350035003200450039004200360002000B00D20F0000FE100000D20F0000700800000000000002000000F0F0F0000000000000000000000000000000000001000000240000000000000081100000180C0000471400003E01000032000000010000020000471400003E010000020000000000FFFFFF0008000080010000001500018600009001905F010004CBCECCE51E0046004B005F005F007300790073005F0072006F006C00650043005F005F004D0065006E00750043005F005F0033003600340037003000440045004600000000000000000000000000000000000000000000000000000000000000000000000000000000000000000000000000000000000000000000000000000000000000000000000000000000000000000000000000000000000000000000000000000000000000000000000000000000000000000000000000000000000000000000000000000000000000000000000000000000000000000000000000000000000000000000000000000000000000000000000000000000000000000000000000000000000000000000000000000000000000000000000000000000000000000000000000000000000000000000000000000000000000000000000000000000000000000000000000000000000000000000000000000000000000000000000000000000000000000000000000000000000000000000000000000000000000000000000000000000000000000000000000000000000000000000000000000000000000000000000000000000000000000000000300440064007300530074007200650061006D000000000000000000000000000000000000000000000000000000000000000000000000000000000000000000160002000300000006000000FFFFFFFF00000000000000000000000000000000000000000000000000000000000000000000000022000000702300000000000053006300680065006D00610020005500440056002000440065006600610075006C0074000000000000000000000000000000000000000000000000000000000026000200FFFFFFFFFFFFFFFFFFFFFFFF000000000000000000000000000000000000000000000000000000000000000000000000360000001600000000000000440053005200450046002D0053004300480045004D0041002D0043004F004E00540045004E0054005300000000000000000000000000000000000000000000002C0002010500000007000000FFFFFFFF000000000000000000000000000000000000000000000000000000000000000000000000370000004E0500000000000053006300680065006D00610020005500440056002000440065006600610075006C007400200050006F007300740020005600360000000000000000000000000036000200FFFFFFFFFFFFFFFFFFFFFFFF0000000000000000000000000000000000000000000000000000000000000000000000004D00000012000000000000000C00000062C6FFFFC0D1FFFF0100260000007300630068005F006C006100620065006C0073005F00760069007300690062006C0065000000010000000B0000001E000000000000000000000000000000000000006400000000000000000000000000000000000000000000000000010000000100000000000000000000000000000000000000D00200000600280000004100630074006900760065005400610062006C00650056006900650077004D006F006400650000000100000008000400000031000000200000005400610062006C00650056006900650077004D006F00640065003A00300000000100000008003A00000034002C0030002C003200380034002C0030002C0031003900380030002C0031002C0031003600320030002C0035002C0031003000380030000000200000005400610062006C00650056006900650077004D006F00640065003A00310000000100000008001E00000032002C0030002C003200380034002C0030002C0031003800370032000000200000005400610062006C00650056006900650077004D006F00640065003A00320000000100000008001E00000032002C0030002C003200380034002C0030002C0031003900380030000000200000005400610062006C00650056006900650077004D006F00640065003A00330000000100000008001E00000032002C0030002C003200380034002C0030002C0031003900380030000000200000005400610062006C00650056006900650077004D006F00640065003A00340000000100000008003E00000034002C0030002C003200380034002C0030002C0031003900380030002C00310032002C0032003300340030002C00310031002C0031003400340030000000020000000200000000000000000000000000000000000000D00200000600280000004100630074006900760065005400610062006C00650056006900650077004D006F006400650000000100000008000400000031000000200000005400610062006C00650056006900650077004D006F00640065003A00300000000100000008003A00000034002C0030002C003200380034002C0030002C0031003900380030002C0031002C0031003600320030002C0035002C0031003000380030000000200000005400610062006C00650056006900650077004D006F00640065003A00310000000100000008001E00000032002C0030002C003200380034002C0030002C0031003800340038000000200000005400610062006C00650056006900650077004D006F00640065003A00320000000100000008001E00000032002C0030002C003200380034002C0030002C0031003900380030000000200000005400610062006C00650056006900650077004D006F00640065003A00330000000100000008001E00000032002C0030002C003200380034002C0030002C0031003900380030000000200000005400610062006C00650056006900650077004D006F00640065003A00340000000100000008003E00000034002C0030002C003200380034002C0030002C0031003900380030002C00310032002C0032003300340030002C00310031002C0031003400340030000000030000000300000000000000000000000000000000000000D00200000600280000004100630074006900760065005400610062006C00650056006900650077004D006F006400650000000100000008000400000031000000200000005400610062006C00650056006900650077004D006F00640065003A00300000000100000008003A00000034002C0030002C003200380034002C0030002C0031003900380030002C0031002C0031003600320030002C0035002C0031003000380030000000200000005400610062006C00650056006900650077004D006F00640065003A00310000000100000008001E00000032002C0030002C003200380034002C0030002C0031003800370032000000200000005400610062006C00650056006900650077004D006F00640065003A00320000000100000008001E00000032002C0030002C003200380034002C0030002C0031003900380030000000200000005400610062006C00650056006900650077004D006F00640065003A00330000000100000008001E00000032002C0030002C003200380034002C0030002C0031003900380030000000200000005400610062006C00650056006900650077004D006F00640065003A00340000000100000008003E00000034002C0030002C003200380034002C0030002C0031003900380030002C00310032002C0032003300340030002C00310031002C00310034003400300000000400000004000000000000004E00000001A03B2701000000640062006F00000046004B005F005F0053007900730043006F00640065005F005F00540079007000650043006F0064005F005F003500430041003100430031003000310000000000000000000000C4020000000005000000050000000400000008000000013E3B27C03E3B270000000000000000AD070000000000060000000600000000000000000000000000000000000000D00200000600280000004100630074006900760065005400610062006C00650056006900650077004D006F006400650000000100000008000400000031000000200000005400610062006C00650056006900650077004D006F00640065003A00300000000100000008003A00000034002C0030002C003200380034002C0030002C0031003900380030002C0031002C0031003600320030002C0035002C0031003000380030000000200000005400610062006C00650056006900650077004D006F00640065003A00310000000100000008001E00000032002C0030002C003200380034002C0030002C0031003800340038000000200000005400610062006C00650056006900650077004D006F00640065003A00320000000100000008001E00000032002C0030002C003200380034002C0030002C0031003900380030000000200000005400610062006C00650056006900650077004D006F00640065003A00330000000100000008001E00000032002C0030002C003200380034002C0030002C0031003900380030000000200000005400610062006C00650056006900650077004D006F00640065003A00340000000100000008003E00000034002C0030002C003200380034002C0030002C0031003900380030002C00310032002C0032003300340030002C00310031002C0031003400340030000000070000000700000000000000000000000000000000000000D00200000600280000004100630074006900760065005400610062006C00650056006900650077004D006F006400650000000100000008000400000031000000200000005400610062006C00650056006900650077004D006F00640065003A00300000000100000008003A00000034002C0030002C003200380034002C0030002C0031003900380030002C0031002C0031003600320030002C0035002C0031003000380030000000200000005400610062006C00650056006900650077004D006F00640065003A00310000000100000008001E00000032002C0030002C003200380034002C0030002C0031003800340038000000200000005400610062006C00650056006900650077004D006F00640065003A00320000000100000008001E00000032002C0030002C003200380034002C0030002C0031003900380030000000200000005400610062006C00650056006900650077004D006F00640065003A00330000000100000008001E00000032002C0030002C003200380034002C0030002C0031003900380030000000200000005400610062006C00650056006900650077004D006F00640065003A00340000000100000008003E00000034002C0030002C003200380034002C0030002C0031003900380030002C00310032002C0032003300340030002C00310031002C0031003400340030000000080000000800000000000000000000000000000000000000D00200000600280000004100630074006900760065005400610062006C00650056006900650077004D006F006400650000000100000008000400000031000000200000005400610062006C00650056006900650077004D006F00640065003A00300000000100000008003A00000034002C0030002C003200380034002C0030002C0031003900380030002C0031002C0031003600320030002C0035002C0031003000380030000000200000005400610062006C00650056006900650077004D006F00640065003A00310000000100000008001E00000032002C0030002C003200380034002C0030002C0031003800340038000000200000005400610062006C00650056006900650077004D006F00640065003A00320000000100000008001E00000032002C0030002C003200380034002C0030002C0031003900380030000000200000005400610062006C00650056006900650077004D006F00640065003A00330000000100000008001E00000032002C0030002C003200380034002C0030002C0031003900380030000000200000005400610062006C00650056006900650077004D006F00640065003A00340000000100000008003E00000034002C0030002C003200380034002C0030002C0031003900380030002C00310032002C0032003300340030002C00310031002C0031003400340030000000090000000900000000000000000000000000000000000000D00200000600280000004100630074006900760065005400610062006C00650056006900650077004D006F006400650000000100000008000400000031000000200000005400610062006C00650056006900650077004D006F00640065003A00300000000100000008003A00000034002C0030002C003200380034002C0030002C0031003900380030002C0031002C0031003600320030002C0035002C0031003000380030000000200000005400610062006C00650056006900650077004D006F00640065003A00310000000100000008001E00000032002C0030002C003200380034002C0030002C0032003300300034000000200000005400610062006C00650056006900650077004D006F00640065003A00320000000100000008001E00000032002C0030002C003200380034002C0030002C0031003900380030000000200000005400610062006C00650056006900650077004D006F00640065003A00330000000100000008001E00000032002C0030002C003200380034002C0030002C0031003900380030000000200000005400610062006C00650056006900650077004D006F00640065003A00340000000100000008003E00000034002C0030002C003200380034002C0030002C0031003900380030002C00310032002C0032003300340030002C00310031002C00310034003400300000000A0000000A000000000000004E00000001A03B2701000000640062006F00000046004B005F005F007300790073005F006D0065006E00750042005F005F004D0065006E00750043005F005F003100320046004400440031004200320000000000000000000000C402000000000B0000000B0000000A00000008000000013C3B27803C3B270000000000000000AD0700000000000C0000000C000000000000004E00000001A03B2701000000640062006F00000046004B005F005F007300790073005F006D0065006E00750042005F005F0042007500740074006F005F005F003100360043004500360032003900360000000000000000000000C402000000000D0000000D0000000C00000008000000013C3B27403C3B270000000000000000AD070000000000100000001000000000000000000000000000000000000000D00200000600280000004100630074006900760065005400610062006C00650056006900650077004D006F006400650000000100000008000400000031000000200000005400610062006C00650056006900650077004D006F00640065003A00300000000100000008003A00000034002C0030002C003200380034002C0030002C0031003900380030002C0031002C0031003600320030002C0035002C0031003000380030000000200000005400610062006C00650056006900650077004D006F00640065003A00310000000100000008001E00000032002C0030002C003200380034002C0030002C0031003800370032000000200000005400610062006C00650056006900650077004D006F00640065003A00320000000100000008001E00000032002C0030002C003200380034002C0030002C0031003900380030000000200000005400610062006C00650056006900650077004D006F00640065003A00330000000100000008001E00000032002C0030002C003200380034002C0030002C0031003900380030000000200000005400610062006C00650056006900650077004D006F00640065003A00340000000100000008003E00000034002C0030002C003200380034002C0030002C0031003900380030002C00310032002C0032003300340030002C00310031002C0031003400340030000000110000001100000000000000000000000000000000000000D00200000600280000004100630074006900760065005400610062006C00650056006900650077004D006F006400650000000100000008000400000031000000200000005400610062006C00650056006900650077004D006F00640065003A00300000000100000008003A00000034002C0030002C003200380034002C0030002C0031003900380030002C0031002C0031003600320030002C0035002C0031003000380030000000200000005400610062006C00650056006900650077004D006F00640065003A00310000000100000008001E00000032002C0030002C003200380034002C0030002C0032003400300030000000200000005400610062006C00650056006900650077004D006F00640065003A00320000000100000008001E00000032002C0030002C003200380034002C0030002C0031003900380030000000200000005400610062006C00650056006900650077004D006F00640065003A00330000000100000008001E00000032002C0030002C003200380034002C0030002C0031003900380030000000200000005400610062006C00650056006900650077004D006F00640065003A00340000000100000008003E00000034002C0030002C003200380034002C0030002C0031003900380030002C00310032002C0032003300340030002C00310031002C00310034003400300000001200000012000000000000001A000000014FF97701000000640062006F00000052005F003300380000000000000000000000C4020000000013000000130000001200000008000000013B3B27403B3B270000000000000000AD070000000000140000001400000000000000000000000000000000000000D00200000600280000004100630074006900760065005400610062006C00650056006900650077004D006F006400650000000100000008000400000031000000200000005400610062006C00650056006900650077004D006F00640065003A00300000000100000008003A00000034002C0030002C003200380034002C0030002C0031003900380030002C0031002C0031003600320030002C0035002C0031003000380030000000200000005400610062006C00650056006900650077004D006F00640065003A00310000000100000008001E00000032002C0030002C003200380034002C0030002C0031003800370032000000200000005400610062006C00650056006900650077004D006F00640065003A00320000000100000008001E00000032002C0030002C003200380034002C0030002C0031003900380030000000200000005400610062006C00650056006900650077004D006F00640065003A00330000000100000008001E00000032002C0030002C003200380034002C0030002C0031003900380030000000200000005400610062006C00650056006900650077004D006F00640065003A00340000000100000008003E00000034002C0030002C003200380034002C0030002C0031003900380030002C00310032002C0032003300340030002C00310031002C0031003400340030000000150000001500000000000000000000000000000000000000D00200000600280000004100630074006900760065005400610062006C00650056006900650077004D006F006400650000000100000008000400000031000000200000005400610062006C00650056006900650077004D006F00640065003A00300000000100000008003A00000034002C0030002C003200380034002C0030002C0031003900380030002C0031002C0031003600320030002C0035002C0031003000380030000000200000005400610062006C00650056006900650077004D006F00640065003A00310000000100000008001E00000032002C0030002C003200380034002C0030002C0031003800370032000000200000005400610062006C00650056006900650077004D006F00640065003A00320000000100000008001E00000032002C0030002C003200380034002C0030002C0031003900380030000000200000005400610062006C00650056006900650077004D006F00640065003A00330000000100000008001E00000032002C0030002C003200380034002C0030002C0031003900380030000000200000005400610062006C00650056006900650077004D006F00640065003A00340000000100000008003E00000034002C0030002C003200380034002C0030002C0031003900380030002C00310032002C0032003300340030002C00310031002C0031003400340030000000160000001600000000000000000000000000000000000000D00200000600280000004100630074006900760065005400610062006C00650056006900650077004D006F006400650000000100000008000400000031000000200000005400610062006C00650056006900650077004D006F00640065003A00300000000100000008003A00000034002C0030002C003200380034002C0030002C0031003900380030002C0031002C0031003600320030002C0035002C0031003000380030000000200000005400610062006C00650056006900650077004D006F00640065003A00310000000100000008001E00000032002C0030002C003200380034002C0030002C0031003800340038000000200000005400610062006C00650056006900650077004D006F00640065003A00320000000100000008001E00000032002C0030002C003200380034002C0030002C0031003900380030000000200000005400610062006C00650056006900650077004D006F00640065003A00330000000100000008001E00000032002C0030002C003200380034002C0030002C0031003900380030000000200000005400610062006C00650056006900650077004D006F00640065003A00340000000100000008003E00000034002C0030002C003200380034002C0030002C0031003900380030002C00310032002C0032003300340030002C00310031002C00310034003400300000001700000017000000000000001A0000000100000001000000640062006F00000052005F003300390000000000000000000000C4020000000018000000180000001700000008000000013B3B27003B3B270000000000000000AD070000000000190000001900000000000000000000000000000000000000D00200000600280000004100630074006900760065005400610062006C00650056006900650077004D006F006400650000000100000008000400000031000000200000005400610062006C00650056006900650077004D006F00640065003A00300000000100000008003A00000034002C0030002C003200380034002C0030002C0031003900380030002C0031002C0031003600320030002C0035002C0031003000380030000000200000005400610062006C00650056006900650077004D006F00640065003A00310000000100000008001E00000032002C0030002C003200380034002C0030002C0032003700330036000000200000005400610062006C00650056006900650077004D006F00640065003A00320000000100000008001E00000032002C0030002C003200380034002C0030002C0031003900380030000000200000005400610062006C00650056006900650077004D006F00640065003A00330000000100000008001E00000032002C0030002C003200380034002C0030002C0031003900380030000000200000005400610062006C00650056006900650077004D006F00640065003A00340000000100000008003E00000034002C0030002C003200380034002C0030002C0031003900380030002C00310032002C0032003300340030002C00310031002C00310034003400300000001A0000001A000000000000004E00000001A03B2701000000640062006F00000046004B005F005F007300790073005F0072006F006C0065004D005F005F0042007500740074006F005F005F003200370046003800450045003900380000000000000000000000C402000000001B0000001B0000001A00000008000000013A3B27803A3B270000000000000000AD0700000000001C0000001C000000000000004E00000001A03B2701000000640062006F00000046004B005F005F007300790073005F0072006F006C0065004D005F005F004D0065006E00750043005F005F003200380045004400310032004400310000000000000000000000C402000000001D0000001D0000001C00000008000000013A3B27C03A3B270000000000000000AD0700000000001E0000001E000000000000004E00000001A5392701000000640062006F00000046004B005F005F007300790073005F0072006F006C0065004D005F005F0052006F006C00650043005F005F003200390045003100330037003000410000000000000000000000C402000000001F0000001F0000001E0000000800000001393B2740393B270000000000000000AD070000000000200000002000000000000000000000000000000000000000D00200000600280000004100630074006900760065005400610062006C00650056006900650077004D006F006400650000000100000008000400000031000000200000005400610062006C00650056006900650077004D006F00640065003A00300000000100000008003A00000034002C0030002C003200380034002C0030002C0031003900380030002C0031002C0031003600320030002C0035002C0031003000380030000000200000005400610062006C00650056006900650077004D006F00640065003A00310000000100000008001E00000032002C0030002C003200380034002C0030002C0032003800350036000000200000005400610062006C00650056006900650077004D006F00640065003A00320000000100000008001E00000032002C0030002C003200380034002C0030002C0031003900380030000000200000005400610062006C00650056006900650077004D006F00640065003A00330000000100000008001E00000032002C0030002C003200380034002C0030002C0031003900380030000000200000005400610062006C00650056006900650077004D006F00640065003A00340000000100000008003E00000034002C0030002C003200380034002C0030002C0031003900380030002C00310032002C0032003300340030002C00310031002C00310034003400300000002100000021000000000000004E0000000100350001000000640062006F00000046004B005F005F007300790073005F0072006F006C00650043005F005F0052006F006C00650043005F005F003300350035003200450039004200360000000000000000000000C402000000002200000022000000210000000800000001353B2700353B270000000000000000AD0700000000002300000023000000000000004E0000000100350001000000640062006F00000046004B005F005F007300790073005F0072006F006C00650043005F005F004D0065006E00750043005F005F003300360034003700300044004500460000000000000000000000C402000000002400000024000000230000000800000001383B27C0383B270000000000000000AD070000000000320000000C000000010000000900000073000000640000001A00000001000000190000003F000000860000000400000003000000020000002D0000002A0000000A000000080000000900000090000000410000001C0000000800000019000000600000006F0000002300000008000000200000000C00000023000000120000001000000011000000000000000500000017000000160000001100000034000000490000001E000000160000001900000003000000060000002100000016000000200000004300000058000000000000000000000000000000000000000000000000000000000000000000000000000000000000000000000000000000000000000000000000000000000000000000000000000000000000000000000000000000000000000000000000000000000000000000000000000000000000000000000000000000000000000000000000000000000000000000000000000000200053006F0075007200630065003D004C004100500054004F0050002D004D004F0031004600330052004A004D003B0049006E0069007400690061006C00200043006100740061006C006F0067003D0052004400410053005F0045006E0067003B005000650072007300690073007400200053006500630075007200690074007900200049006E0066006F003D0054007200750065003B0055007300650072002000490044003D00730061003B004D0075006C007400690070006C00650041006300740069007600650052006500730075006C00740053006500740073003D00460061006C00730065003B0043006F006E006E006500630074002000540069006D0065006F00750074003D00330030003B0054007200750073007400530065007200760065007200430065007200740069006600690063006100740065003D00460061006C00730065003B005000610063006B00650074002000530069007A0065003D0034003000390036003B004100700070006C00690063006100740069006F006E0020004E0061006D0065003D0022004D006900630072006F0073006F00660074002000530051004C00200053006500720076006500720020004D0061006E006100670065006D0065006E0074002000530074007500640069006F002200000000800500140000004400690061006700720061006D005F0030000000000226002C0000007300790073005F0072006F006C0065004D0065006E00750043006F006C0075006D006E004D0061007000000008000000640062006F000000000226002C0000007300790073005F0072006F006C0065004D0065006E00750042007500740074006F006E004D0061007000000008000000640062006F00000000022600120000007300790073005F0072006F006C006500000008000000640062006F000000000226001E0000007300790073005F007000650072006D0069007300730069006F006E00000008000000640062006F000000000226001C0000007300790073005F0070006100720061006D006500740065007200000008000000640062006F00000000022600280000007300790073005F006F007200670061006E0069007A00650052006F006C0065004D0061007000000008000000640062006F000000000226001A0000007300790073005F006F007200670061006E0069007A006500000008000000640062006F00000000022600240000007300790073005F006D0065006E00750042007500740074006F006E004D0061007000000008000000640062006F00000000022600120000007300790073005F006D0065006E007500000008000000640062006F00000000022600220000007300790073005F006C006F00670069006E0048006900730074006F0072007900000008000000640062006F00000000022600100000007300790073005F006C006F006700000008000000640062006F000000000226001A0000007300790073005F0063006F00640065005400790070006500000008000000640062006F00000000022600120000007300790073005F0063006F0064006500000008000000640062006F00000000022400160000007300790073005F0062007500740074006F006E00000008000000640062006F00000001000000D68509B3BB6BF2459AB8371664F0327008004E0000007B00310036003300340043004400440037002D0030003800380038002D0034003200450033002D0039004600410032002D004200360044003300320035003600330042003900310044007D0000000000000000000000000000000000000000000000000000000000000000000000000000000000000000000000000000000000010003000000000000000C0000000B00000000000000000000000000000000000000000000000000000000000000000000000000000000000000000000000000000000000000000000000000000000000000000000000000000000000000000000000000000000000000000000000000000000000000000000000000000000000000000000000000000000000000000000000000000000000000000000000000000000000000000000000000000000000000000000000000000000000000000062885214),('Diagram_1',1,2,1,0xD0CF11E0A1B11AE1000000000000000000000000000000003E000300FEFF0900060000000000000000000000010000000100000000000000001000002500000001000000FEFFFFFF0000000000000000FFFFFFFFFFFFFFFFFFFFFFFFFFFFFFFFFFFFFFFFFFFFFFFFFFFFFFFFFFFFFFFFFFFFFFFFFFFFFFFFFFFFFFFFFFFFFFFFFFFFFFFFFFFFFFFFFFFFFFFFFFFFFFFFFFFFFFFFFFFFFFFFFFFFFFFFFFFFFFFFFFFFFFFFFFFFFFFFFFFFFFFFFFFFFFFFFFFFFFFFFFFFFFFFFFFFFFFFFFFFFFFFFFFFFFFFFFFFFFFFFFFFFFFFFFFFFFFFFFFFFFFFFFFFFFFFFFFFFFFFFFFFFFFFFFFFFFFFFFFFFFFFFFFFFFFFFFFFFFFFFFFFFFFFFFFFFFFFFFFFFFFFFFFFFFFFFFFFFFFFFFFFFFFFFFFFFFFFFFFFFFFFFFFFFFFFFFFFFFFFFFFFFFFFFFFFFFFFFFFFFFFFFFFFFFFFFFFFFFFFFFFFFFFFFFFFFFFFFFFFFFFFFFFFFFFFFFFFFFFFFFFFFFFFFFFFFFFFFFFFFFFFFFFFFFFFFFFFFFFFFFFFFFFFFFFFFFFFFFFFFFFFFFFFFFFFFFFFFFFFFFFFFFFFFFFFFFFFFFFFFFFFFFFFFFFFFFFFFFFFFFFFFFFFFFFFFFFFFFFFFFFFFFFFFFFFFFFFFFFFFFFFFFFFFFFFFFFFFFFFFFFFFFFFFFFFFFFFFFFFFFFFFFFFFFFFFFFFFFFFFFFFFFFFFFFFFFFFFFFFFFFFFFFFFFFFFFFFFFFFFFFFFFFFFFFFFFFFFFFFFFFFFFFFFFFFFFFFFFFFFFFFFFFFFFFFFFFFFFFFFFFFFFFFFFFFFFFFFFFFFFFFFFFFFFFFFFFFFFFFFFFFFFFFFFFFFFFFFFFFFFFFFDFFFFFF28000000030000000400000005000000060000000700000008000000090000000A0000000B0000000C0000000D0000000E0000000F000000100000001100000012000000130000001400000015000000160000001700000018000000190000001A0000001B0000001C0000001D0000001E0000001F0000002000000021000000220000002300000024000000FEFFFFFFFEFFFFFF2700000029000000FEFFFFFFFEFFFFFFFFFFFFFFFFFFFFFFFFFFFFFFFFFFFFFFFFFFFFFFFFFFFFFFFFFFFFFFFFFFFFFFFFFFFFFFFFFFFFFFFFFFFFFFFFFFFFFFFFFFFFFFFFFFFFFFFFFFFFFFFFFFFFFFFFFFFFFFFFFFFFFFFFFFFFFFFFFFFFFFFFFFFFFFFFFFFFFFFFFFFFFFFFFFFFFFFFFFFFFFFFFFFFFFFFFFFFFFFFFFFFFFFFFFFFFFFFFFFFFFFFFFFFFFFFFFFFFFFFFFFFFFFFFFFFFFFFFFFFFFFFFFFFFFFFFFFFFFFFFFFFFFFFFFFFFFFFFFFFFFFFFFFFFFFFFFFFFFFFFFFFFFFFFFFFFFFFFFFFFFFFFFFFFFFFFFFFFFFFFFFFFFFFFFFFFFFFFFFFFFFFFFFFFFFFFFFFFFFFFFFFFFFFFFFFFFFFFFFFFFFFFFFFFFFFFFFFFFFFFFFFFFFFFFFFFFFFFFFFFFFFFFFFFFFFFFFFFFFFFFFFFFFFFFFFFFFFFFFFFFFFFFFFFFFFFFFFFFFFFFFFFFFFFFFFFFFFFFFFFFFFFFFFFFFFFFFFFFFFFFFFFFFFFFFFFFFFFFFFFFFFFFFFFFFFFFFFFFFFFFFFFFFFFFFFFFFFFFFFFFFFFFFFFFFFFFFFFFFFFFFFFFFFFFFFFFFFFFFFFFFFFFFFFF52006F006F007400200045006E00740072007900000000000000000000000000000000000000000000000000000000000000000000000000000000000000000016000500FFFFFFFFFFFFFFFF020000000000000000000000000000000000000000000000000000000000000080C917EE7E53D70126000000400400000000000044006400730058004D004C00530074007200650061006D00000000000000000000000000000000000000000000000000000000000000000000000000000000001A000201FFFFFFFFFFFFFFFFFFFFFFFF00000000000000000000000000000000000000000000000000000000000000000000000002000000744400000000000053006300680065006D00610020005500440056002000440065006600610075006C00740000000000000000000000000000000000000000000000000000000000260002010100000003000000FFFFFFFF000000000000000000000000000000000000000000000000000000000000000000000000000000001600000000000000440053005200450046002D0053004300480045004D0041002D0043004F004E00540045004E0054005300000000000000000000000000000000000000000000002C000201FFFFFFFF04000000FFFFFFFF000000000000000000000000000000000000000000000000000000000000000000000000010000008C030000000000003C6464733E3C6469616772616D20666F6E74636C7369643D227B37374432433932442D373737392D313144382D393037302D3030303635423834304439437D22206D6F75736569636F6E636C7369643D227B30424533353230342D384639312D313143452D394445332D3030414130303442423835317D222064656661756C746C61796F75743D224D534444532E52656374696C696E656172222064656661756C746C696E65726F7574653D224D534444532E52656374696C696E656172222076657273696F6E3D223722206E6578746F626A6563743D22313122207363616C653D22313030222070616765627265616B616E63686F72783D2230222070616765627265616B616E63686F72793D2230222070616765627265616B73697A65783D2230222070616765627265616B73697A65793D223022207363726F6C6C6C6566743D223022207363726F6C6C746F703D2239363732222067726964783D22313530222067726964793D2231353022206D617267696E783D223530303022206D617267696E793D223530303022207A6F6F6D3D223130302220783D2233333138392220793D22313735343722206261636B636F6C6F723D222D32313437343833363433222064656661756C7470657273697374656E63653D223322205072696E74506167654E756D626572734D6F64653D223322205072696E744D617267696E546F703D223022205072696E744D617267696E426F74746F6D3D2236333522205072696E744D617267696E4C6566743D223022205072696E744D617267696E52696768743D223022206D61727175656573656C656374696F6E6D6F64653D223122206D6F757365706F696E7465723D22302220736E6170746F677269643D223122206175746F74797065616E6E6F746174696F6E3D2231222073686F777363726F6C6C626172733D223122207669657770616765627265616B733D22302220646F6E6F74666F726365636F6E6E6563746F7273626568696E647368617065733D2231223E3C666F6E743E3C646473786D6C6F626A65637473747265616D777261707065722062696E6172793D223030303031383030623330303030303030363030303038303031303030303430383632326263303235333739373337343635366464313033222F3E3C2F666F6E743E3C6D6F75736569636F6E3E3C646473786D6C6F626A65637473747265616D777261707065722062696E6172793D2236633734303030303030303030303030222F3E3C2F6D6F75736569636F6E3E3C2F6469616772616D3E3C6C61796F75746D616E616765723E3C646473786D6C6F626A3E3C70726F7065727479206E616D653D227363685F6C6162656C735F76697369626C65222076616C75653D22302220766172747970653D223131222F3E3C2F646473786D6C6F626A3E3C2F6C61796F75746D616E616765723E3C646473636F6E74726F6C20636F6E74726F6C70726F6769643D227B36323341433037352D324337372D343837332D383833442D3933304234333634423442437D2220746F6F6C7469703D226571755F416C61726D5265636F726422206C6566743D22313335302220746F703D223022206C6F676963616C69643D22312220636F6E74726F6C69643D223122206D617374657269643D2230222068696E74313D2230222068696E74323D2230222077696474683D223632383722206865696768743D223734303822206E6F726573697A653D223022206E6F6D6F76653D223022206E6F64656661756C74617474616368706F696E74733D223022206175746F647261673D2230222075736564656661756C7469646473686170653D2230222073656C65637461626C653D2231222073686F7773656C656374696F6E68616E646C65733D22302220616C6C6F776E756467696E673D223122206973616E6E6F746174696F6E3D22302220646F6E746175746F6C61796F75743D2230222067726F7570636F6C6C61707365643D2230222074616273746F703D2231222076697369626C653D22312220736E6170746F677269643D2231223E3C636F6E74726F6C3E3C646473786D6C6F626A65637473747265616D696E6974777261707065722062696E6172793D223231343333343132303830303030303038663138303030306630316330303030373835363334313230373030303030303134303130303030363530303731303037353030356630303431303036633030363130303732303036643030353230303635303036333030366630303732303036343030303030303032303030303030303030303030303030343030303030303030303030303030303430303030303030303030303030303034303030303030303030303030303038343030303030303435303033613030356330303464303036393030363330303732303036663030373330303666303036363030373430303230303035333030353130303463303032303030353330303635303037323030373630303635303037323030323030303464303036313030366530303631303036373030363530303664303036353030366530303734303032303030353330303734303037353030363430303639303036663030323030303331303033383030356330303433303036663030366430303664303036663030366530303337303035633030343930303434303034353030356330303533303037333030366430303733303032653030363530303738303036353030303030303563303030303030353730303639303036653030363430303666303037373030373330303436303036663030373230303664303037333030333130303330303032653030343330303466303030303030303030303030303030303030303030303031303030303030303530303030303035343030303030303263303030303030326330303030303032633030303030303334303030303030303030303030303030303030303030303338326530303030323632323030303030303030303030303264303130303030306430303030303030633030303030303037303030303030316330313030303035303061303030303730303830303030633030333030303062303034303030303438303330303030613030353030303030383037303030303338303430303030303830373030303065383038303030303138303630303030303030303030303030313030303030303866313830303030663031633030303030303030303030303062303030303030306230303030303030323030303030303032303030303030316330313030303033633063303030303030303030303030303130303030303034303135303030303937303930303030303030303030303030333030303030303033303030303030303230303030303030323030303030303163303130303030353030613030303030313030303030303030303030303030343031353030303065353032303030303030303030303030303030303030303030303030303030303032303030303030303230303030303031633031303030303530306130303030303030303030303030303030303030303234333830303030323632323030303030303030303030303030303030303030306430303030303030343030303030303034303030303030316330313030303035303061303030303330306330303030383030373030303037383536333431323034303030303030363830303030303030313030303030303031303030303030306230303030303030303030303030303031303030303030303230303030303030333030303030303034303030303030303530303030303030363030303030303037303030303030303830303030303030393030303030303061303030303030303430303030303036343030363230303666303030303030313030303030303036353030373130303735303035663030343130303663303036313030373230303664303035323030363530303633303036663030373230303634303030303030222F3E3C2F636F6E74726F6C3E3C6C61796F75746F626A6563743E3C646473786D6C6F626A3E3C70726F7065727479206E616D653D224163746976655461626C65566965774D6F6465222076616C75653D22312220766172747970653D2238222F3E3C70726F7065727479206E616D653D225461626C65566965774D6F64653A30222076616C75653D22342C302C3238342C302C323634302C312C323136302C352C313434302220766172747970653D2238222F3E3C70726F7065727479206E616D653D225461626C65566965774D6F64653A31222076616C75653D22322C302C3238342C302C333133322220766172747970653D2238222F3E3C70726F7065727479206E616D653D225461626C65566965774D6F64653A32222076616C75653D22322C302C3238342C302C323634302220766172747970653D2238222F3E3C70726F7065727479206E616D653D225461626C65566965774D6F64653A33222076616C75653D22322C302C3238342C302C323634302220766172747970653D2238222F3E3C70726F7065727479206E616D653D225461626C65566965774D6F64653A34222076616C75653D22342C302C3238342C302C323634302C31322C333132302C31312C313932302220766172747970653D2238222F3E3C2F646473786D6C6F626A3E3C2F6C61796F75746F626A6563743E3C73686170652067726F7570736861706569643D2230222067726F75706E6F64653D2230222F3E3C2F646473636F6E74726F6C3E3C646473636F6E74726F6C20636F6E74726F6C70726F6769643D227B36323341433037352D324337372D343837332D383833442D3933304234333634423442437D2220746F6F6C7469703D226571755F436F6D6D616E6422206C6566743D2231303035302220746F703D22313332303022206C6F676963616C69643D22322220636F6E74726F6C69643D223222206D617374657269643D2230222068696E74313D2230222068696E74323D2230222077696474683D223632383722206865696768743D223936393422206E6F726573697A653D223022206E6F6D6F76653D223022206E6F64656661756C74617474616368706F696E74733D223022206175746F647261673D2230222075736564656661756C7469646473686170653D2230222073656C65637461626C653D2231222073686F7773656C656374696F6E68616E646C65733D22302220616C6C6F776E756467696E673D223122206973616E6E6F746174696F6E3D22302220646F6E746175746F6C61796F75743D2230222067726F7570636F6C6C61707365643D2230222074616273746F703D2231222076697369626C653D22312220736E6170746F677269643D2231223E3C636F6E74726F6C3E3C646473786D6C6F626A65637473747265616D696E6974777261707065722062696E6172793D2232313433333431323038303030303030386631383030303064653235303030303738353633343132303730303030303031343031303030303635303037313030373530303566303034333030366630303664303036643030363130303665303036343030303030303034303030303030613030303030303030323030303030303030303035333030303430303030303030303030303030303034303030303030303030303030303030343030303030303030303030303030383430303030303034353030336130303563303034643030363930303633303037323030366630303733303036663030363630303734303032303030353330303531303034633030323030303533303036353030373230303736303036353030373230303230303034643030363130303665303036313030363730303635303036643030363530303665303037343030323030303533303037343030373530303634303036393030366630303230303033313030333830303563303034333030366630303664303036643030366630303665303033373030356330303439303034343030343530303563303035333030373330303664303037333030326530303635303037383030363530303030303035633030303030303537303036393030366530303634303036663030373730303733303034363030366630303732303036643030373330303331303033303030326530303433303034663030303030303030303030303030303030303030303030313030303030303035303030303030353430303030303032633030303030303263303030303030326330303030303033343030303030303030303030303030303030303030303033383265303030303236323230303030303030303030303032643031303030303064303030303030306330303030303030373030303030303163303130303030353030613030303037303038303030306330303330303030623030343030303034383033303030306130303530303030303830373030303033383034303030303038303730303030653830383030303031383036303030303030303030303030303130303030303038663138303030306465323530303030303030303030303030663030303030303063303030303030303230303030303030323030303030303163303130303030336330633030303030303030303030303031303030303030343031353030303035633037303030303030303030303030303230303030303030323030303030303032303030303030303230303030303031633031303030303530306130303030303130303030303030303030303030303430313530303030653530323030303030303030303030303030303030303030303030303030303030323030303030303032303030303030316330313030303035303061303030303030303030303030303030303030303032343338303030303236323230303030303030303030303030303030303030303064303030303030303430303030303030343030303030303163303130303030353030613030303033303063303030303830303730303030373835363334313230343030303030303630303030303030303130303030303030313030303030303062303030303030303030303030303030313030303030303032303030303030303330303030303030343030303030303035303030303030303630303030303030373030303030303038303030303030303930303030303030613030303030303034303030303030363430303632303036663030303030303063303030303030363530303731303037353030356630303433303036663030366430303664303036313030366530303634303030303030222F3E3C2F636F6E74726F6C3E3C6C61796F75746F626A6563743E3C646473786D6C6F626A3E3C70726F7065727479206E616D653D224163746976655461626C65566965774D6F6465222076616C75653D22312220766172747970653D2238222F3E3C70726F7065727479206E616D653D225461626C65566965774D6F64653A30222076616C75653D22342C302C3238342C302C323634302C312C323136302C352C313434302220766172747970653D2238222F3E3C70726F7065727479206E616D653D225461626C65566965774D6F64653A31222076616C75653D22322C302C3238342C302C333133322220766172747970653D2238222F3E3C70726F7065727479206E616D653D225461626C65566965774D6F64653A32222076616C75653D22322C302C3238342C302C323634302220766172747970653D2238222F3E3C70726F7065727479206E616D653D225461626C65566965774D6F64653A33222076616C75653D22322C302C3238342C302C323634302220766172747970653D2238222F3E3C70726F7065727479206E616D653D225461626C65566965774D6F64653A34222076616C75653D22342C302C3238342C302C323634302C31322C333132302C31312C313932302220766172747970653D2238222F3E3C2F646473786D6C6F626A3E3C2F6C61796F75746F626A6563743E3C73686170652067726F7570736861706569643D2230222067726F75706E6F64653D2230222F3E3C2F646473636F6E74726F6C3E3C646473636F6E74726F6C20636F6E74726F6C70726F6769643D227B36323341433037352D324337372D343837332D383833442D3933304234333634423442437D2220746F6F6C7469703D226571755F45717569706D656E7422206C6566743D22313335302220746F703D223937353022206C6F676963616C69643D22332220636F6E74726F6C69643D223322206D617374657269643D2230222068696E74313D2230222068696E74323D2230222077696474683D223632383722206865696768743D22313635353222206E6F726573697A653D223022206E6F6D6F76653D223022206E6F64656661756C74617474616368706F696E74733D223022206175746F647261673D2230222075736564656661756C7469646473686170653D2230222073656C65637461626C653D2231222073686F7773656C656374696F6E68616E646C65733D22302220616C6C6F776E756467696E673D223122206973616E6E6F746174696F6E3D22302220646F6E746175746F6C61796F75743D2230222067726F7570636F6C6C61707365643D2230222074616273746F703D2231222076697369626C653D22312220736E6170746F677269643D2231223E3C636F6E74726F6C3E3C646473786D6C6F626A65637473747265616D696E6974777261707065722062696E6172793D22323134333334313230383030303030303866313830303030613834303030303037383536333431323037303030303030313430313030303036353030373130303735303035663030343530303731303037353030363930303730303036643030363530303665303037343030303030303030303030303030653565346534336539613939393933653030303030303030303030303030303030303030303030306139613861383365303030303030336630303030303030303030303030303030303030303030303061646163326333653333333333333366303030303030303030303030303030303030303030303030653165303630336436363636363633663030303030303030303030303030303030303030303030306331633034303363303030303830336630303030303030303030303030303030303030303030303065363662653039333030313730303830303030303030303030303030303030303030303030303030303030303030303030303030303030303030303030303030303030303030303030303030303030303030303030303030303030303030303030303030303030303030303030303030303030303030303030303030303030303030303030303030303030303030303030303030303030303030303030303030303030303030303030303030303030303030303030303030303030303030303030303030303030303030303030303030303030303030303030303030303030303030303030303030303130303030303030353030303030303534303030303030326330303030303032633030303030303263303030303030333430303030303030303030303030303030303030303030333832653030303032363232303030303030303030303030326430313030303030643030303030303063303030303030303730303030303031633031303030303530306130303030373030383030303063303033303030306230303430303030343830333030303061303035303030303038303730303030333830343030303030383037303030306538303830303030313830363030303030303030303030303031303030303030386631383030303061383430303030303030303030303030316230303030303030633030303030303032303030303030303230303030303031633031303030303363306330303030303030303030303030313030303030303430313530303030323030353030303030303030303030303031303030303030303130303030303030323030303030303032303030303030316330313030303035303061303030303031303030303030303030303030303034303135303030306535303230303030303030303030303030303030303030303030303030303030303230303030303030323030303030303163303130303030353030613030303030303030303030303030303030303030323433383030303032363232303030303030303030303030303030303030303030643030303030303034303030303030303430303030303031633031303030303530306130303030333030633030303038303037303030303738353633343132303430303030303036343030303030303031303030303030303130303030303030623030303030303030303030303030303130303030303030323030303030303033303030303030303430303030303030353030303030303036303030303030303730303030303030383030303030303039303030303030306130303030303030343030303030303634303036323030366630303030303030653030303030303635303037313030373530303566303034353030373130303735303036393030373030303664303036353030366530303734303030303030222F3E3C2F636F6E74726F6C3E3C6C61796F75746F626A6563743E3C646473786D6C6F626A3E3C70726F7065727479206E616D653D224163746976655461626C65566965774D6F6465222076616C75653D22312220766172747970653D2238222F3E3C70726F7065727479206E616D653D225461626C65566965774D6F64653A30222076616C75653D22342C302C3238342C302C323634302C312C323136302C352C313434302220766172747970653D2238222F3E3C70726F7065727479206E616D653D225461626C65566965774D6F64653A31222076616C75653D22322C302C3238342C302C333133322220766172747970653D2238222F3E3C70726F7065727479206E616D653D225461626C65566965774D6F64653A32222076616C75653D22322C302C3238342C302C323634302220766172747970653D2238222F3E3C70726F7065727479206E616D653D225461626C65566965774D6F64653A33222076616C75653D22322C302C3238342C302C323634302220766172747970653D2238222F3E3C70726F7065727479206E616D653D225461626C65566965774D6F64653A34222076616C75653D22342C302C3238342C302C323634302C31322C333132302C31312C313932302220766172747970653D2238222F3E3C2F646473786D6C6F626A3E3C2F6C61796F75746F626A6563743E3C73686170652067726F7570736861706569643D2230222067726F75706E6F64653D2230222F3E3C2F646473636F6E74726F6C3E3C646473636F6E74726F6C2073656D616E746963636F6F6B69653D2230313230343636353031303030303030363430303632303036663030303030303436303034623030356630303635303037313030373530303566303034313030366330303631303037323030366430303532303036353030363330303666303037323030363430303566303036353030373130303735303035663030343530303731303037353030363930303730303036643030363530303665303037343030303030302220636F6E74726F6C70726F6769643D224D534444532E506F6C796C696E652E3038302E312220746F6F6C7469703D22E2809C6571755F45717569706D656E74E2809DE4B88EE2809C6571755F416C61726D5265636F7264E2809DE4B98BE997B4E79A84E585B3E7B3BBE2809C464B5F6571755F416C61726D5265636F72645F6571755F45717569706D656E74E2809D22206C6566743D22343039332220746F703D223637303922206C6F676963616C69643D22342220636F6E74726F6C69643D223422206D617374657269643D2230222068696E74313D2230222068696E74323D2230222077696474683D2238313522206865696768743D223337333722206E6F726573697A653D223022206E6F6D6F76653D223022206E6F64656661756C74617474616368706F696E74733D223122206175746F647261673D2230222075736564656661756C7469646473686170653D2230222073656C65637461626C653D2231222073686F7773656C656374696F6E68616E646C65733D22302220616C6C6F776E756467696E673D223122206973616E6E6F746174696F6E3D22302220646F6E746175746F6C61796F75743D2230222067726F7570636F6C6C61707365643D2230222074616273746F703D2231222076697369626C653D22312220736E6170746F677269643D2230223E3C636F6E74726F6C3E3C646473786D6C6F626A3E3C706F6C796C696E6520656E64747970656473743D22302220656E64747970657372633D2232222075736572636F6C6F723D22313537393033323022206C696E657374796C653D223022206C696E6572656E6465723D22302220637573746F6D656E647479706564737469643D22302220637573746F6D656E647479706573726369643D2230222061646F726E7376697369626C653D2231223E3C61646F726E6D656E742070657263656E74706F733D2235302220636F6E74726F6C69643D2235222077696474683D223539303622206865696768743D223331382220736964653D223022206265686176696F723D2233222068696D65747269633D223131373122206469737466726F6D6C696E653D22313735222073746172746F626A3D22302220783D22343637352220793D2238343230222076697369626C653D22302220616C6C6F776F7665726C61703D2231222075736570657263656E743D2231222F3E3C2F706F6C796C696E653E3C2F646473786D6C6F626A3E3C2F636F6E74726F6C3E3C6C61796F75746F626A6563743E3C646473786D6C6F626A2F3E3C2F6C61796F75746F626A6563743E3C636F6E6E6563746F7220736F7572636569643D223322206465737469643D22312220736F75726365617474616368706F696E743D223430222064657374617474616368706F696E743D22343122207365676D656E74656469746D6F64653D2230222062656E64706F696E74656469746D6F64653D2230222062656E64706F696E747669736962696C6974793D2230222072656C6174656469643D223022207669727475616C3D2230223E3C706F696E7420783D22343530302220793D2239373530222F3E3C706F696E7420783D22343530302220793D2237343038222F3E3C2F636F6E6E6563746F723E3C2F646473636F6E74726F6C3E3C646473636F6E74726F6C2073656D616E746963636F6F6B69653D22303135303362323738303530336232372220636F6E74726F6C70726F6769643D224D534444532E546578742E3038302E3122206C6566743D22343637352220746F703D223834323022206C6F676963616C69643D22352220636F6E74726F6C69643D223522206D617374657269643D2234222068696E74313D2230222068696E74323D2230222077696474683D223539303622206865696768743D2233313822206E6F726573697A653D223122206E6F6D6F76653D223022206E6F64656661756C74617474616368706F696E74733D223122206175746F647261673D2231222075736564656661756C7469646473686170653D2231222073656C65637461626C653D2231222073686F7773656C656374696F6E68616E646C65733D22312220616C6C6F776E756467696E673D223122206973616E6E6F746174696F6E3D22302220646F6E746175746F6C61796F75743D2231222067726F7570636F6C6C61707365643D2230222074616273746F703D2230222076697369626C653D22302220736E6170746F677269643D2230223E3C636F6E74726F6C3E3C646473786D6C6F626A65637473747265616D696E6974777261707065722062696E6172793D22303030323030303031323137303030303365303130303030303330303030303030303030303530303030383030383030303038303031303030303030313530303031383630303030393030313930356630313030303463626365636365353230303034363030346230303566303036353030373130303735303035663030343130303663303036313030373230303664303035323030363530303633303036663030373230303634303035663030363530303731303037353030356630303435303037313030373530303639303037303030366430303635303036653030373430303030303030303030222F3E3C2F636F6E74726F6C3E3C6C61796F75746F626A6563743E3C646473786D6C6F626A2F3E3C2F6C61796F75746F626A6563743E3C73686170652067726F7570736861706569643D2230222067726F75706E6F64653D2230222F3E3C2F646473636F6E74726F6C3E3C646473636F6E74726F6C2073656D616E746963636F6F6B69653D22303130303335303030313030303030303634303036323030366630303030303034363030346230303566303036353030373130303735303035663030343330303666303036643030366430303631303036653030363430303566303036353030373130303735303035663030343530303731303037353030363930303730303036643030363530303665303037343030303030302220636F6E74726F6C70726F6769643D224D534444532E506F6C796C696E652E3038302E312220746F6F6C7469703D22E2809C6571755F45717569706D656E74E2809DE4B88EE2809C6571755F436F6D6D616E64E2809DE4B98BE997B4E79A84E585B3E7B3BBE2809C464B5F6571755F436F6D6D616E645F6571755F45717569706D656E74E2809D22206C6566743D22373333372220746F703D22313735393322206C6F676963616C69643D22362220636F6E74726F6C69643D223622206D617374657269643D2230222068696E74313D2230222068696E74323D2230222077696474683D223330313322206865696768743D2238313522206E6F726573697A653D223022206E6F6D6F76653D223022206E6F64656661756C74617474616368706F696E74733D223122206175746F647261673D2230222075736564656661756C7469646473686170653D2230222073656C65637461626C653D2231222073686F7773656C656374696F6E68616E646C65733D22302220616C6C6F776E756467696E673D223122206973616E6E6F746174696F6E3D22302220646F6E746175746F6C61796F75743D2230222067726F7570636F6C6C61707365643D2230222074616273746F703D2231222076697369626C653D22312220736E6170746F677269643D2230223E3C636F6E74726F6C3E3C646473786D6C6F626A3E3C706F6C796C696E6520656E64747970656473743D22302220656E64747970657372633D2232222075736572636F6C6F723D22313537393033323022206C696E657374796C653D223022206C696E6572656E6465723D22302220637573746F6D656E647479706564737469643D22302220637573746F6D656E647479706573726369643D2230222061646F726E7376697369626C653D2231223E3C61646F726E6D656E742070657263656E74706F733D2234392E303331353038323634343632382220636F6E74726F6C69643D2237222077696474683D223531363722206865696768743D223331382220736964653D223022206265686176696F723D2233222068696D65747269633D223131383322206469737466726F6D6C696E653D22313735222073746172746F626A3D22302220783D22363238362220793D223138313735222076697369626C653D22302220616C6C6F776F7665726C61703D2231222075736570657263656E743D2231222F3E3C2F706F6C796C696E653E3C2F646473786D6C6F626A3E3C2F636F6E74726F6C3E3C6C61796F75746F626A6563743E3C646473786D6C6F626A2F3E3C2F6C61796F75746F626A6563743E3C636F6E6E6563746F7220736F7572636569643D223322206465737469643D22322220736F75726365617474616368706F696E743D22313931222064657374617474616368706F696E743D2231343422207365676D656E74656469746D6F64653D2230222062656E64706F696E74656469746D6F64653D2230222062656E64706F696E747669736962696C6974793D2230222072656C6174656469643D223022207669727475616C3D2230223E3C706F696E7420783D22373633372220793D223138303030222F3E3C706F696E7420783D2231303035302220793D223138303030222F3E3C2F636F6E6E6563746F723E3C2F646473636F6E74726F6C3E3C646473636F6E74726F6C2073656D616E746963636F6F6B69653D22303134663362323738303466336232372220636F6E74726F6C70726F6769643D224D534444532E546578742E3038302E3122206C6566743D22363238362220746F703D22313831373522206C6F676963616C69643D22372220636F6E74726F6C69643D223722206D617374657269643D2236222068696E74313D2230222068696E74323D2230222077696474683D223531363722206865696768743D2233313822206E6F726573697A653D223122206E6F6D6F76653D223022206E6F64656661756C74617474616368706F696E74733D223122206175746F647261673D2231222075736564656661756C7469646473686170653D2231222073656C65637461626C653D2231222073686F7773656C656374696F6E68616E646C65733D22312220616C6C6F776E756467696E673D223122206973616E6E6F746174696F6E3D22302220646F6E746175746F6C61796F75743D2231222067726F7570636F6C6C61707365643D2230222074616273746F703D2230222076697369626C653D22302220736E6170746F677269643D2230223E3C636F6E74726F6C3E3C646473786D6C6F626A65637473747265616D696E6974777261707065722062696E6172793D223030303230303030326631343030303033653031303030303033303030303030303030306666666666663030303830303030383030313030303030303135303030313836303030303930303139303566303130303034636263656363653531633030343630303462303035663030363530303731303037353030356630303433303036663030366430303664303036313030366530303634303035663030363530303731303037353030356630303435303037313030373530303639303037303030366430303635303036653030373430303030303030303030222F3E3C2F636F6E74726F6C3E3C6C61796F75746F626A6563743E3C646473786D6C6F626A2F3E3C2F6C61796F75746F626A6563743E3C73686170652067726F7570736861706569643D2230222067726F75706E6F64653D2230222F3E3C2F646473636F6E74726F6C3E3C646473636F6E74726F6C20636F6E74726F6C70726F6769643D227B36323341433037352D324337372D343837332D383833442D3933304234333634423442437D2220746F6F6C7469703D226571755F45717569706D656E7447726F75705F45717569706D656E745F4D617022206C6566743D22302220746F703D22323838303022206C6F676963616C69643D22382220636F6E74726F6C69643D223822206D617374657269643D2230222068696E74313D2230222068696E74323D2230222077696474683D223839313122206865696768743D223232363522206E6F726573697A653D223022206E6F6D6F76653D223022206E6F64656661756C74617474616368706F696E74733D223022206175746F647261673D2230222075736564656661756C7469646473686170653D2230222073656C65637461626C653D2231222073686F7773656C656374696F6E68616E646C65733D22302220616C6C6F776E756467696E673D223122206973616E6E6F746174696F6E3D22302220646F6E746175746F6C61796F75743D2230222067726F7570636F6C6C61707365643D2230222074616273746F703D2231222076697369626C653D22312220736E6170746F677269643D2231223E3C636F6E74726F6C3E3C646473786D6C6F626A65637473747265616D696E6974777261707065722062696E6172793D2232313433333431323038303030303030636632323030303064393038303030303738353633343132303730303030303031343031303030303635303037313030373530303566303034353030373130303735303036393030373030303664303036353030366530303734303034373030373230303666303037353030373030303566303034353030373130303735303036393030373030303664303036353030366530303734303035663030346430303631303037303030303030303030303034353030336130303563303034643030363930303633303037323030366630303733303036663030363630303734303032303030353330303531303034633030323030303533303036353030373230303736303036353030373230303230303034643030363130303665303036313030363730303635303036643030363530303665303037343030323030303533303037343030373530303634303036393030366630303230303033313030333830303563303034333030366630303664303036643030366630303665303033373030356330303439303034343030343530303563303035333030373330303664303037333030326530303635303037383030363530303030303035633030303030303537303036393030366530303634303036663030373730303733303034363030366630303732303036643030373330303331303033303030326530303433303034663030303030303030303030303030303030303030303030313030303030303035303030303030353430303030303032633030303030303263303030303030326330303030303033343030303030303030303030303030303030303030303033383265303030306331313430303030303030303030303032643031303030303037303030303030306330303030303030373030303030303163303130303030353030613030303037303038303030306330303330303030623030343030303034383033303030306130303530303030303830373030303033383034303030303038303730303030653830383030303031383036303030303030303030303030303130303030303063663232303030306439303830303030303030303030303030323030303030303032303030303030303230303030303030323030303030303163303130303030306331323030303030303030303030303031303030303030343031353030303035633037303030303030303030303030303230303030303030323030303030303032303030303030303230303030303031633031303030303530306130303030303130303030303030303030303030303430313530303030653530323030303030303030303030303030303030303030303030303030303030323030303030303032303030303030316330313030303035303061303030303030303030303030303030303030303032343338303030303236323230303030303030303030303030303030303030303064303030303030303430303030303030343030303030303163303130303030353030613030303033303063303030303830303730303030373835363334313230343030303030303861303030303030303130303030303030313030303030303062303030303030303030303030303030313030303030303032303030303030303330303030303030343030303030303035303030303030303630303030303030373030303030303038303030303030303930303030303030613030303030303034303030303030363430303632303036663030303030303231303030303030363530303731303037353030356630303435303037313030373530303639303037303030366430303635303036653030373430303437303037323030366630303735303037303030356630303435303037313030373530303639303037303030366430303635303036653030373430303566303034643030363130303730303030303030222F3E3C2F636F6E74726F6C3E3C6C61796F75746F626A6563743E3C646473786D6C6F626A3E3C70726F7065727479206E616D653D224163746976655461626C65566965774D6F6465222076616C75653D22312220766172747970653D2238222F3E3C70726F7065727479206E616D653D225461626C65566965774D6F64653A30222076616C75653D22342C302C3238342C302C323634302C312C323136302C352C313434302220766172747970653D2238222F3E3C70726F7065727479206E616D653D225461626C65566965774D6F64653A31222076616C75653D22322C302C3238342C302C343632302220766172747970653D2238222F3E3C70726F7065727479206E616D653D225461626C65566965774D6F64653A32222076616C75653D22322C302C3238342C302C323634302220766172747970653D2238222F3E3C70726F7065727479206E616D653D225461626C65566965774D6F64653A33222076616C75653D22322C302C3238342C302C323634302220766172747970653D2238222F3E3C70726F7065727479206E616D653D225461626C65566965774D6F64653A34222076616C75653D22342C302C3238342C302C323634302C31322C333132302C31312C313932302220766172747970653D2238222F3E3C2F646473786D6C6F626A3E3C2F6C61796F75746F626A6563743E3C73686170652067726F7570736861706569643D2230222067726F75706E6F64653D2230222F3E3C2F646473636F6E74726F6C3E3C646473636F6E74726F6C2073656D616E746963636F6F6B69653D22303130303030303030313030303030303634303036323030366630303030303034363030346230303566303036353030373130303735303035663030343530303731303037353030363930303730303036643030363530303665303037343030343730303732303036663030373530303730303035663030343530303731303037353030363930303730303036643030363530303665303037343030356630303464303036313030373030303566303036353030373130303735303035663030343530303731303037353030363930303730303036643030363530303665303037343030303030302220636F6E74726F6C70726F6769643D224D534444532E506F6C796C696E652E3038302E312220746F6F6C7469703D22E2809C6571755F45717569706D656E74E2809DE4B88EE2809C6571755F45717569706D656E7447726F75705F45717569706D656E745F4D6170E2809DE4B98BE997B4E79A84E585B3E7B3BBE2809C464B5F6571755F45717569706D656E7447726F75705F45717569706D656E745F4D61705F6571755F45717569706D656E74E2809D22206C6566743D22343039332220746F703D22323536303722206C6F676963616C69643D22392220636F6E74726F6C69643D223922206D617374657269643D2230222068696E74313D2230222068696E74323D2230222077696474683D2238313522206865696768743D223338393322206E6F726573697A653D223022206E6F6D6F76653D223022206E6F64656661756C74617474616368706F696E74733D223122206175746F647261673D2230222075736564656661756C7469646473686170653D2230222073656C65637461626C653D2231222073686F7773656C656374696F6E68616E646C65733D22302220616C6C6F776E756467696E673D223122206973616E6E6F746174696F6E3D22302220646F6E746175746F6C61796F75743D2230222067726F7570636F6C6C61707365643D2230222074616273746F703D2231222076697369626C653D22312220736E6170746F677269643D2230223E3C636F6E74726F6C3E3C646473786D6C6F626A3E3C706F6C796C696E6520656E64747970656473743D22302220656E64747970657372633D2232222075736572636F6C6F723D22313537393033323022206C696E657374796C653D223022206C696E6572656E6465723D22302220637573746F6D656E647479706564737469643D22302220637573746F6D656E647479706573726369643D2230222061646F726E7376697369626C653D2231223E3C61646F726E6D656E742070657263656E74706F733D2235302220636F6E74726F6C69643D223130222077696474683D223930343322206865696768743D223331382220736964653D223022206265686176696F723D2233222068696D65747269633D223132343922206469737466726F6D6C696E653D22313735222073746172746F626A3D22302220783D222D343731382220793D223237333932222076697369626C653D22302220616C6C6F776F7665726C61703D2231222075736570657263656E743D2231222F3E3C2F706F6C796C696E653E3C2F646473786D6C6F626A3E3C2F636F6E74726F6C3E3C6C61796F75746F626A6563743E3C646473786D6C6F626A2F3E3C2F6C61796F75746F626A6563743E3C636F6E6E6563746F7220736F7572636569643D223322206465737469643D22382220736F75726365617474616368706F696E743D223431222064657374617474616368706F696E743D22353822207365676D656E74656469746D6F64653D2230222062656E64706F696E74656469746D6F64653D2230222062656E64706F696E747669736962696C6974793D2230222072656C6174656469643D223022207669727475616C3D2230223E3C706F696E7420783D22343530302220793D223236333032222F3E3C706F696E7420783D22343530302220793D223238383030222F3E3C2F636F6E6E6563746F723E3C2F646473636F6E74726F6C3E3C646473636F6E74726F6C2073656D616E746963636F6F6B69653D22303135323362323734303532336232372220636F6E74726F6C70726F6769643D224D534444532E546578742E3038302E3122206C6566743D222D343731382220746F703D22323733393222206C6F676963616C69643D2231302220636F6E74726F6C69643D22313022206D617374657269643D2239222068696E74313D2230222068696E74323D2230222077696474683D223930343322206865696768743D2233313822206E6F726573697A653D223122206E6F6D6F76653D223022206E6F64656661756C74617474616368706F696E74733D223122206175746F647261673D2231222075736564656661756C7469646473686170653D2231222073656C65637461626C653D2231222073686F7773656C656374696F6E68616E646C65733D22312220616C6C6F776E756467696E673D223122206973616E6E6F746174696F6E3D22302220646F6E746175746F6C61796F75743D2231222067726F7570636F6C6C61707365643D2230222074616273746F703D2230222076697369626C653D22302220736E6170746F677269643D2230223E3C636F6E74726F6C3E3C646473786D6C6F626A65637473747265616D696E6974777261707065722062696E6172793D223030303230303030353332333030303033653031303030303033303030303030303030306666666666663030303830303030383030313030303030303135303030313836303030303930303139303566303130303034636263656363653533313030343630303462303035663030363530303731303037353030356630303435303037313030373530303639303037303030366430303635303036653030373430303437303037323030366630303735303037303030356630303435303037313030373530303639303037303030366430303635303036653030373430303566303034643030363130303730303035663030363530303731303037353030356630303435303037313030373530303639303037303030366430303635303036653030373430303030303030303030222F3E3C2F636F6E74726F6C3E3C6C61796F75746F626A6563743E3C646473786D6C6F626A2F3E3C2F6C61796F75746F626A6563743E3C73686170652067726F7570736861706569643D2230222067726F75706E6F64653D2230222F3E3C2F646473636F6E74726F6C3E3C2F6464733E0D0A000000000000000000000000000000000000000000000000000000000000000000000000000000000000000000000000000000000000000000000000000000000000000000000000000000000000000000000000000000000000000000000000000000000000000000000000000000000000000000000000000000000000000000000000000000000000000000000000000000000000000000000000000000000000000000000000000000000000000000000000000000000000000000000000000000000000000000000000000000000000000000000000000000000000000000000000000000000000000000000000000000000000000000000000000000000000000000000000000000000000000000000000000000000000000000000000000000000000000000000000000000000000000000000000000000000000000000000000000000000000000000000000000000000000000000000000000000000000000000000000000000000000000000000000000000000000000000000000000000000000000000000000FEFFFFFF02000000030000000400000005000000060000000700000008000000090000000A0000000B0000000C0000000D0000000E0000000F000000FEFFFFFFFEFFFFFFFFFFFFFFFFFFFFFFFFFFFFFFFFFFFFFFFFFFFFFFFFFFFFFFFFFFFFFFFFFFFFFFFFFFFFFFFFFFFFFFFFFFFFFFFFFFFFFFFFFFFFFFFFFFFFFFFFFFFFFFFFFFFFFFFFFFFFFFFFFFFFFFFFFFFFFFFFFFFFFFFFFFFFFFFFFFFFFFFFFFFFFFFFFFFFFFFFFFFFFFFFFFFFFFFFFFFFFFFFFFFFFFFFFFFFFFFFFFFFFFFFFFFFFFFFFFFFFFFFFFFFFFFFFFFFFFFFFFFFFFFFFFFFFFFFFFFFFFFFFFFFFFFFFFFFFFFFFFFFFFFFFFFFFFFFFFFFFFFFFFFFFFFFFFFFFFFFFFFFFFFFFFFFFFFFFFFFFFFFFFFFFFFFFFFFFFFFFFFFFFFFFFFFFFFFFFFFFFFFFFFFFFFFFFFFFFFFFFFFFFFFFFFFFFFFFFFFFFFFFFFFFFFFFFFFFFFFFFFFFFFFFFFFFFFFFFFFFFFFFFFFFFFFFFFFFFFFFFFFFFFFFFFFFFFFFFFFFFFFFFFFFFFFFFFFFFFFFFFFFFFFFFFFFFFFFFFFFFFFFFFFFFFFFFFFFFFFFFFFFFFFFFFFFFFFFFFFFFFFFFFFFFFFFFFFFFFFFFFFFFFFFFFFFFFFFFFFFFFFFFFFFFFFFFFFFFFFFFFFFFFFFFFFFFFFFFFFFFFFFFFFFFFFFFFFFFFFFFFFFFFFFFFFFFFFFFFFFFFFFFFFFFFFFFFFFFFFFFFFFFFFFFFFFFFFFFFFFFFFFFFFFFFFFFFFFFFFFFFFFFFFFFFFFFFFFFFFFFFFFFFFFFFFFFFFFFFFFFFFFFFFFFFFFFFFFFFFFFFFFFFFFFFFFFFFFFFFFFFFFFFFFFFFFF010003000000000000000C0000000B0000004E61BC00000000000000000000000000000000000000000000000000000000000000000000000000000000000000DBE6B0E91C81D011AD5100A0C90F573900000200009116EE7E53D701020200001048450000000000000000000000000000000000EA0100004400610074006100200053006F0075007200630065003D004C004100500054004F0050002D004D004F0031004600330052004A004D003B0049006E0069007400690061006C00200043006100740061006C006F0067003D0052004400410053005F0045006E0067003B005000650072007300690073007400200053006500630075007200690074007900200049006E0066006F003D0054007200750065003B0055007300650072002000490044003D00730061003B004D0075006C007400690070006C00650041006300740069007600650052006500730075006C00740053006500740073003D00460061006C00730065003B0043006F006E006E006500630074002000540069006D0065006F00750074003D00330030003B0054007200750073007400530065007200760065007200430065007200740069006600690063006100740065003D00460061006C00730065003B005000610063006B00650074002000530069007A0065003D0034003000390036003B004100700070006C00690063006100740069006F006E0020004E0061006D0065003D0022004D006900630072006F0073006F00660074002000530051004C00200053006500720076006500720020004D0061006E006100670065006D0065006E0074002000530074007500640069006F002200000000800500140000004400690061006700720061006D005F003100000000022600200000006500710075005F0041006C00610072006D005200650063006F0072006400000008000000640062006F00000000022600180000006500710075005F0043006F006D006D0061006E006400000008000000640062006F000000000226001C0000006500710075005F00450071007500690070006D0065006E007400000008000000640062006F00000000022400420000006500710075005F00450071007500690070006D0065006E007400470072006F00750070005F00450071007500690070006D0065006E0074005F004D0061007000000008000000640062006F00000001000000D68509B3BB6BF2459AB8371664F0327008004E0000007B00310036003300340043004400440037002D0030003800380038002D0034003200450033002D0039004600410032002D004200360044003300320035003600330042003900310044007D0000000000000000000000000000000000000000000000000000000000000000000000000000000000000000000000000000000000000053006300680065006D00610020005500440056002000440065006600610075006C007400200050006F007300740020005600360000000000000000000000000036000200FFFFFFFFFFFFFFFFFFFFFFFF0000000000000000000000000000000000000000000000000000000000000000000000001000000012000000000000000000000000000000000000000000000000000000000000000000000000000000000000000000000000000000000000000000000000000000000000000000000000000000FFFFFFFFFFFFFFFFFFFFFFFF0000000000000000000000000000000000000000000000000000000000000000000000000000000000000000000000000000000000000000000000000000000000000000000000000000000000000000000000000000000000000000000000000000000000000000000000000000000000000000FFFFFFFFFFFFFFFFFFFFFFFF0000000000000000000000000000000000000000000000000000000000000000000000000000000000000000000000000000000000000000000000000000000000000000000000000000000000000000000000000000000000000000000000000000000000000000000000000000000000000000FFFFFFFFFFFFFFFFFFFFFFFF000000000000000000000000000000000000000000000000000000000000000000000000000000000000000000000000010003000000000000000C0000000B000000000000000000000000000000000000000000000000000000000000000000000000000000000000000000000000000000000000000000000000000000000000000000000000000000000000000000000000000000000000000000000000000000000000000000000000000000000000000000000000000000000000000000000000000000000000000000000000000000000000000000000000000000000000000000000000000000000000000000000000000000000000000000000000000000000000000000000000000000000000000000000000000000000000000000000000000000000000000000000000000000000000000000000000000000000000000000000000000000000000000000000000000000000000000000000000000000000000000000000000000000000000000000000000000000000000000000000000000000000000000000000000000000000000000000000000000000000000000000000000000000000000000000000000000000000000000000000000000000000000000000000000000000000000000000000000000000000000000000000000000000000000000000000000000000000000000000000000000000000000000000000000000000000000000000000000000000000000000000000000000000000000000000000000000000000062885214),('Diagram_2',1,3,1,0xD0CF11E0A1B11AE1000000000000000000000000000000003E000300FEFF0900060000000000000000000000050000000100000000000000001000003E02000001000000FEFFFFFF000000000000000002000000030000000400000005000000FFFFFFFFFFFFFFFFFFFFFFFFFFFFFFFFFFFFFFFFFFFFFFFFFFFFFFFFFFFFFFFFFFFFFFFFFFFFFFFFFFFFFFFFFFFFFFFFFFFFFFFFFFFFFFFFFFFFFFFFFFFFFFFFFFFFFFFFFFFFFFFFFFFFFFFFFFFFFFFFFFFFFFFFFFFFFFFFFFFFFFFFFFFFFFFFFFFFFFFFFFFFFFFFFFFFFFFFFFFFFFFFFFFFFFFFFFFFFFFFFFFFFFFFFFFFFFFFFFFFFFFFFFFFFFFFFFFFFFFFFFFFFFFFFFFFFFFFFFFFFFFFFFFFFFFFFFFFFFFFFFFFFFFFFFFFFFFFFFFFFFFFFFFFFFFFFFFFFFFFFFFFFFFFFFFFFFFFFFFFFFFFFFFFFFFFFFFFFFFFFFFFFFFFFFFFFFFFFFFFFFFFFFFFFFFFFFFFFFFFFFFFFFFFFFFFFFFFFFFFFFFFFFFFFFFFFFFFFFFFFFFFFFFFFFFFFFFFFFFFFFFFFFFFFFFFFFFFFFFFFFFFFFFFFFFFFFFFFFFFFFFFFFFFFFFFFFFFFFFFFFFFFFFFFFFFFFFFFFFFFFFFFFFFFFFFFFFFFFFFFFFFFFFFFFFFFFFFFFFFFFFFFFFFFFFFFFFFFFFFFFFFFFFFFFFFFFFFFFFFFFFFFFFFFFFFFFFFFFFFFFFFFFFFFFFFFFFFFFFFFFFFFFFFFFFFFFFFFFFFFFFFFFFFFFFFFFFFFFFFFFFFFFFFFFFFFFFFFFFFFFFFFFFFFFFFFFFFFFFFFFFFFFFFFFFFFFFFFFFFFFFFFFFFFFFFFFFFFFFFFFFFFFFFFFFFFDFFFFFF49020000FDFFFFFFFDFFFFFFFDFFFFFFFDFFFFFF0700000008000000090000000A0000000B0000000C0000000D0000000E0000000F000000100000001100000012000000130000001400000015000000160000001700000018000000190000001A0000001B0000001C0000001D0000001E0000001F000000200000002100000022000000230000002400000025000000260000002700000028000000290000002A0000002B0000002C0000002D0000002E0000002F000000300000003100000032000000330000003400000035000000360000003700000038000000390000003A0000003B0000003C0000003D0000003E0000003F000000400000004100000042000000430000004400000045000000460000004700000048000000490000004A0000004B0000004C0000004D0000004E0000004F000000500000005100000052000000530000005400000055000000560000005700000058000000590000005A0000005B0000005C0000005D0000005E0000005F000000600000006100000062000000630000006400000065000000660000006700000068000000690000006A0000006B0000006C0000006D0000006E0000006F000000700000007100000072000000730000007400000075000000760000007700000078000000790000007A0000007B0000007C0000007D0000007E0000007F0000008000000052006F006F007400200045006E00740072007900000000000000000000000000000000000000000000000000000000000000000000000000000000000000000016000500FFFFFFFFFFFFFFFF02000000000000000000000000000000000000000000000000000000000000004005220A8053D7013F020000800000000000000044006400730058004D004C00530074007200650061006D00000000000000000000000000000000000000000000000000000000000000000000000000000000001A000201FFFFFFFFFFFFFFFFFFFFFFFF00000000000000000000000000000000000000000000000000000000000000000000000006000000796F04000000000053006300680065006D00610020005500440056002000440065006600610075006C00740000000000000000000000000000000000000000000000000000000000260002010100000003000000FFFFFFFF000000000000000000000000000000000000000000000000000000000000000000000000000000001600000000000000440053005200450046002D0053004300480045004D0041002D0043004F004E00540045004E0054005300000000000000000000000000000000000000000000002C000201FFFFFFFF04000000FFFFFFFF0000000000000000000000000000000000000000000000000000000000000000000000004002000032100000000000008100000082000000830000008400000085000000860000008700000088000000890000008A0000008B0000008C0000008D0000008E0000008F000000900000009100000092000000930000009400000095000000960000009700000098000000990000009A0000009B0000009C0000009D0000009E0000009F000000A0000000A1000000A2000000A3000000A4000000A5000000A6000000A7000000A8000000A9000000AA000000AB000000AC000000AD000000AE000000AF000000B0000000B1000000B2000000B3000000B4000000B5000000B6000000B7000000B8000000B9000000BA000000BB000000BC000000BD000000BE000000BF000000C0000000C1000000C2000000C3000000C4000000C5000000C6000000C7000000C8000000C9000000CA000000CB000000CC000000CD000000CE000000CF000000D0000000D1000000D2000000D3000000D4000000D5000000D6000000D7000000D8000000D9000000DA000000DB000000DC000000DD000000DE000000DF000000E0000000E1000000E2000000E3000000E4000000E5000000E6000000E7000000E8000000E9000000EA000000EB000000EC000000ED000000EE000000EF000000F0000000F1000000F2000000F3000000F4000000F5000000F6000000F7000000F8000000F9000000FA000000FB000000FC000000FD000000FE000000FF000000000100000101000002010000030100000401000005010000060100000701000008010000090100000A0100000B0100000C0100000D0100000E0100000F010000100100001101000012010000130100001401000015010000160100001701000018010000190100001A0100001B0100001C0100001D0100001E0100001F010000200100002101000022010000230100002401000025010000260100002701000028010000290100002A0100002B0100002C0100002D0100002E0100002F010000300100003101000032010000330100003401000035010000360100003701000038010000390100003A0100003B0100003C0100003D0100003E0100003F010000400100004101000042010000430100004401000045010000460100004701000048010000490100004A0100004B0100004C0100004D0100004E0100004F010000500100005101000052010000530100005401000055010000560100005701000058010000590100005A0100005B0100005C0100005D0100005E0100005F010000600100006101000062010000630100006401000065010000660100006701000068010000690100006A0100006B0100006C0100006D0100006E0100006F010000700100007101000072010000730100007401000075010000760100007701000078010000790100007A0100007B0100007C0100007D0100007E0100007F010000800100008101000082010000830100008401000085010000860100008701000088010000890100008A0100008B0100008C0100008D0100008E0100008F010000900100009101000092010000930100009401000095010000960100009701000098010000990100009A0100009B0100009C0100009D0100009E0100009F010000A0010000A1010000A2010000A3010000A4010000A5010000A6010000A7010000A8010000A9010000AA010000AB010000AC010000AD010000AE010000AF010000B0010000B1010000B2010000B3010000B4010000B5010000B6010000B7010000B8010000B9010000BA010000BB010000BC010000BD010000BE010000BF010000C0010000C1010000C2010000C3010000C4010000C5010000C6010000C7010000C8010000C9010000CA010000CB010000CC010000CD010000CE010000CF010000D0010000D1010000D2010000D3010000D4010000D5010000D6010000D7010000D8010000D9010000DA010000DB010000DC010000DD010000DE010000DF010000E0010000E1010000E2010000E3010000E4010000E5010000E6010000E7010000E8010000E9010000EA010000EB010000EC010000ED010000EE010000EF010000F0010000F1010000F2010000F3010000F4010000F5010000F6010000F7010000F8010000F9010000FA010000FB010000FC010000FD010000FE010000FF010000000200000102000002020000030200000402000005020000060200000702000008020000090200000A0200000B0200000C0200000D0200000E0200000F020000100200001102000012020000130200001402000015020000160200001702000018020000190200001A0200001B0200001C0200001D0200001E0200001F020000200200002102000022020000230200002402000025020000260200002702000028020000290200002A0200002B0200002C0200002D0200002E0200002F020000300200003102000032020000330200003402000035020000360200003702000038020000390200003A0200003B0200003C0200003D020000FEFFFFFFFEFFFFFFFEFFFFFF4102000042020000430200004402000045020000460200004702000048020000FEFFFFFFFEFFFFFFFFFFFFFFFFFFFFFFFFFFFFFFFFFFFFFFFFFFFFFFFFFFFFFFFFFFFFFFFFFFFFFFFFFFFFFFFFFFFFFFFFFFFFFFFFFFFFFFFFFFFFFFFFFFFFFFFFFFFFFFFFFFFFFFFFFFFFFFFFFFFFFFFFFFFFFFFFFFFFFFFFFFFFFFFFFFFFFFFFFFFFFFFFFFFFFFFFFFFFFFFFFFFFFFFFFFFFFFFFFFFFFFFFFFFFFFFFFFFFFFFFFFFFFFFFFFFFFFFFFFFFFFFFFFFFFFFFFFFFFFFFFFFFFFFFFFFFFFFFFFFFFFFFFFFFFFFFFFFFFFFFFFFFFFFFFFFFFFFFFFFFFFFFFFFFFFFFFFFFFFFFFFFFFFFFFFFFFFFFFFFFFFFFFFFFFFFFFFFFFFFFFFFFFFFFFFFFFFFFFFFFFFFFFFFFFF3C6464733E3C6469616772616D20666F6E74636C7369643D227B37374432433932442D373737392D313144382D393037302D3030303635423834304439437D22206D6F75736569636F6E636C7369643D227B30424533353230342D384639312D313143452D394445332D3030414130303442423835317D222064656661756C746C61796F75743D224D534444532E52656374696C696E656172222064656661756C746C696E65726F7574653D224D534444532E52656374696C696E656172222076657273696F6E3D223722206E6578746F626A6563743D2231383222207363616C653D22313030222070616765627265616B616E63686F72783D2230222070616765627265616B616E63686F72793D2230222070616765627265616B73697A65783D2230222070616765627265616B73697A65793D223022207363726F6C6C6C6566743D22343822207363726F6C6C746F703D222D35303030222067726964783D22313530222067726964793D2231353022206D617267696E783D223530303022206D617267696E793D223530303022207A6F6F6D3D2233302220783D2232393231302220793D22313735343722206261636B636F6C6F723D222D32313437343833363433222064656661756C7470657273697374656E63653D223322205072696E74506167654E756D626572734D6F64653D223322205072696E744D617267696E546F703D223022205072696E744D617267696E426F74746F6D3D2236333522205072696E744D617267696E4C6566743D223022205072696E744D617267696E52696768743D223022206D61727175656573656C656374696F6E6D6F64653D223122206D6F757365706F696E7465723D22302220736E6170746F677269643D223122206175746F74797065616E6E6F746174696F6E3D2231222073686F777363726F6C6C626172733D223122207669657770616765627265616B733D22302220646F6E6F74666F726365636F6E6E6563746F7273626568696E647368617065733D2231223E3C666F6E743E3C646473786D6C6F626A65637473747265616D777261707065722062696E6172793D223030303031383030623330303030303030363030303038303031303030303430383632326263303235333739373337343635366430306330222F3E3C2F666F6E743E3C6D6F75736569636F6E3E3C646473786D6C6F626A65637473747265616D777261707065722062696E6172793D2236633734303030303030303030303030222F3E3C2F6D6F75736569636F6E3E3C2F6469616772616D3E3C6C61796F75746D616E616765723E3C646473786D6C6F626A3E3C70726F7065727479206E616D653D227363685F6C6162656C735F76697369626C65222076616C75653D22302220766172747970653D223131222F3E3C2F646473786D6C6F626A3E3C2F6C61796F75746D616E616765723E3C646473636F6E74726F6C20636F6E74726F6C70726F6769643D227B36323341433037352D324337372D343837332D383833442D3933304234333634423442437D2220746F6F6C7469703D226571755F416C61726D5265636F726422206C6566743D2237303035302220746F703D2231343232303022206C6F676963616C69643D22312220636F6E74726F6C69643D223122206D617374657269643D2230222068696E74313D2230222068696E74323D2230222077696474683D223632383722206865696768743D223734303822206E6F726573697A653D223022206E6F6D6F76653D223022206E6F64656661756C74617474616368706F696E74733D223022206175746F647261673D2230222075736564656661756C7469646473686170653D2230222073656C65637461626C653D2231222073686F7773656C656374696F6E68616E646C65733D22302220616C6C6F776E756467696E673D223122206973616E6E6F746174696F6E3D22302220646F6E746175746F6C61796F75743D2230222067726F7570636F6C6C61707365643D2230222074616273746F703D2231222076697369626C653D22312220736E6170746F677269643D2231223E3C636F6E74726F6C3E3C646473786D6C6F626A65637473747265616D696E6974777261707065722062696E6172793D223231343333343132303830303030303038663138303030306630316330303030373835363334313230373030303030303134303130303030363530303731303037353030356630303431303036633030363130303732303036643030353230303635303036333030366630303732303036343030303030303030303030303030303030303030303030313030303030303164303130303030303030303030303031643030303030303532303030303030303130303030303030303030303030303036303030303030316430313030303030303030303030303935303030303030396430303030303030333030303030303030303030303030303030303030303031643031303030303030303030303030353230303030303064653030303030303032303030303030303330303030303030353030303030306434666666666666303030303030303031643030303030306465303030303030303530303030303030333030303030303035303030303030646366666666666630303030303030303164303030303030663230303030303030303030303030303033303030303030303530303030303064386666666666663030303030303030303130313030303030613031303030303035303030303030303330303030303030353030303030306463666666666666303030303030303030613031303030303133303130303030303030303030303030333030303030303035303030303030303030303030303030303030303030303031303030303030303530303030303035343030303030303263303030303030326330303030303032633030303030303334303030303030303030303030303030303030303030303338326530303030323632323030303030303030303030303264303130303030306430303030303030633030303030303037303030303030316330313030303035303061303030303730303830303030363030303030303037383030303030303534303030303030613030353030303062343030303030303663303030303030623430303030303065343030303030303963303030303030303030303030303030313030303030303866313830303030663031633030303030303030303030303062303030303030306230303030303030323030303030303032303030303030316330313030303064383039303030303030303030303030303130303030303034303135303030303937303930303030303030303030303030333030303030303033303030303030303230303030303030323030303030303163303130303030353030613030303030313030303030303030303030303030343031353030303065353032303030303030303030303030303030303030303030303030303030303032303030303030303230303030303031633031303030303530306130303030303030303030303030303030303030303234333830303030323632323030303030303030303030303030303030303030306430303030303030343030303030303034303030303030316330313030303035303061303030303330306330303030383030373030303037383536333431323034303030303030363830303030303030313030303030303031303030303030306230303030303030303030303030303031303030303030303230303030303030333030303030303034303030303030303530303030303030363030303030303037303030303030303830303030303030393030303030303061303030303030303430303030303036343030363230303666303030303030313030303030303036353030373130303735303035663030343130303663303036313030373230303664303035323030363530303633303036663030373230303634303030303030222F3E3C2F636F6E74726F6C3E3C6C61796F75746F626A6563743E3C646473786D6C6F626A3E3C70726F7065727479206E616D653D224163746976655461626C65566965774D6F6465222076616C75653D22312220766172747970653D2238222F3E3C70726F7065727479206E616D653D225461626C65566965774D6F64653A30222076616C75653D22342C302C3238342C302C323634302C312C323136302C352C313434302220766172747970653D2238222F3E3C70726F7065727479206E616D653D225461626C65566965774D6F64653A31222076616C75653D22322C302C3238342C302C323532302220766172747970653D2238222F3E3C70726F7065727479206E616D653D225461626C65566965774D6F64653A32222076616C75653D22322C302C3238342C302C323634302220766172747970653D2238222F3E3C70726F7065727479206E616D653D225461626C65566965774D6F64653A33222076616C75653D22322C302C3238342C302C323634302220766172747970653D2238222F3E3C70726F7065727479206E616D653D225461626C65566965774D6F64653A34222076616C75653D22342C302C3238342C302C323634302C31322C333132302C31312C313932302220766172747970653D2238222F3E3C2F646473786D6C6F626A3E3C2F6C61796F75746F626A6563743E3C73686170652067726F7570736861706569643D2230222067726F75706E6F64653D2230222F3E3C2F646473636F6E74726F6C3E3C646473636F6E74726F6C20636F6E74726F6C70726F6769643D227B36323341433037352D324337372D343837332D383833442D3933304234333634423442437D2220746F6F6C7469703D226571755F436F6D6D616E6422206C6566743D2235323335302220746F703D22383436303022206C6F676963616C69643D22322220636F6E74726F6C69643D223222206D617374657269643D2230222068696E74313D2230222068696E74323D2230222077696474683D223632383722206865696768743D223936393422206E6F726573697A653D223022206E6F6D6F76653D223022206E6F64656661756C74617474616368706F696E74733D223022206175746F647261673D2230222075736564656661756C7469646473686170653D2230222073656C65637461626C653D2231222073686F7773656C656374696F6E68616E646C65733D22302220616C6C6F776E756467696E673D223122206973616E6E6F746174696F6E3D22302220646F6E746175746F6C61796F75743D2230222067726F7570636F6C6C61707365643D2230222074616273746F703D2231222076697369626C653D22312220736E6170746F677269643D2231223E3C636F6E74726F6C3E3C646473786D6C6F626A65637473747265616D696E6974777261707065722062696E6172793D2232313433333431323038303030303030386631383030303064653235303030303738353633343132303730303030303031343031303030303635303037313030373530303566303034333030366630303664303036643030363130303665303036343030303030306437643635363366653665353635336630303030383033663030303038303366643063663466336664376436353633666536653536353366303030303830336663636234366437316363623436643731643462343664373164346234366437316463623436643731646362343664373165346234366437316534623436643731656362343664373165636234366437316663623436643731666362343664373130346235366437313034623536643731306362353664373130636235366437313134623536643731313462353664373131636235366437313163623536643731323462353664373132346235366437313263623536643731326362353664373133346235366437313334623536643731336362353664373133636235366437313434623536643731343462353664373134636235366437313463623536643731353462353664373135346235366437313563623536643731356362353664373136346235366437313634623536643731366362353664373136636235366437313734623536643731373462353664373137636235366437313763623536643731383462353664373138346235303030303030303030303030303030303030303030313030303030303035303030303030353430303030303032633030303030303263303030303030326330303030303033343030303030303030303030303030303030303030303033383265303030303236323230303030303030303030303032643031303030303064303030303030306330303030303030373030303030303163303130303030353030613030303037303038303030303230303130303030363830313030303066633030303030306130303530303030316330323030303034343031303030303163303230303030616330323030303064343031303030303030303030303030303130303030303038663138303030306465323530303030303030303030303030663030303030303063303030303030303230303030303030323030303030303163303130303030373030383030303030303030303030303031303030303030343031353030303035633037303030303030303030303030303230303030303030323030303030303032303030303030303230303030303031633031303030303530306130303030303130303030303030303030303030303430313530303030653530323030303030303030303030303030303030303030303030303030303030323030303030303032303030303030316330313030303035303061303030303030303030303030303030303030303032343338303030303236323230303030303030303030303030303030303030303064303030303030303430303030303030343030303030303163303130303030353030613030303033303063303030303830303730303030373835363334313230343030303030303630303030303030303130303030303030313030303030303062303030303030303030303030303030313030303030303032303030303030303330303030303030343030303030303035303030303030303630303030303030373030303030303038303030303030303930303030303030613030303030303034303030303030363430303632303036663030303030303063303030303030363530303731303037353030356630303433303036663030366430303664303036313030366530303634303030303030222F3E3C2F636F6E74726F6C3E3C6C61796F75746F626A6563743E3C646473786D6C6F626A3E3C70726F7065727479206E616D653D224163746976655461626C65566965774D6F6465222076616C75653D22312220766172747970653D2238222F3E3C70726F7065727479206E616D653D225461626C65566965774D6F64653A30222076616C75653D22342C302C3238342C302C323634302C312C323136302C352C313434302220766172747970653D2238222F3E3C70726F7065727479206E616D653D225461626C65566965774D6F64653A31222076616C75653D22322C302C3238342C302C323136302220766172747970653D2238222F3E3C70726F7065727479206E616D653D225461626C65566965774D6F64653A32222076616C75653D22322C302C3238342C302C323634302220766172747970653D2238222F3E3C70726F7065727479206E616D653D225461626C65566965774D6F64653A33222076616C75653D22322C302C3238342C302C323634302220766172747970653D2238222F3E3C70726F7065727479206E616D653D225461626C65566965774D6F64653A34222076616C75653D22342C302C3238342C302C323634302C31322C333132302C31312C313932302220766172747970653D2238222F3E3C2F646473786D6C6F626A3E3C2F6C61796F75746F626A6563743E3C73686170652067726F7570736861706569643D2230222067726F75706E6F64653D2230222F3E3C2F646473636F6E74726F6C3E3C646473636F6E74726F6C20636F6E74726F6C70726F6769643D227B36323341433037352D324337372D343837332D383833442D3933304234333634423442437D2220746F6F6C7469703D226571755F45717569706D656E7422206C6566743D2234333635302220746F703D2231303939353022206C6F676963616C69643D22332220636F6E74726F6C69643D223322206D617374657269643D2230222068696E74313D2230222068696E74323D2230222077696474683D223632383722206865696768743D22313635353222206E6F726573697A653D223022206E6F6D6F76653D223022206E6F64656661756C74617474616368706F696E74733D223022206175746F647261673D2230222075736564656661756C7469646473686170653D2230222073656C65637461626C653D2231222073686F7773656C656374696F6E68616E646C65733D22302220616C6C6F776E756467696E673D223122206973616E6E6F746174696F6E3D22302220646F6E746175746F6C61796F75743D2230222067726F7570636F6C6C61707365643D2230222074616273746F703D2231222076697369626C653D22312220736E6170746F677269643D2231223E3C636F6E74726F6C3E3C646473786D6C6F626A65637473747265616D696E6974777261707065722062696E6172793D22323134333334313230383030303030303866313830303030613834303030303037383536333431323037303030303030313430313030303036353030373130303735303035663030343530303731303037353030363930303730303036643030363530303665303037343030303030303965396431643366303030303830336630303030303033663030303038303366663366323732336639653964316433663030303038303366303030303830336630303030383033666633663237323366396539643164336630303030383033663333333333333366303030303030303030303030303030303030303030303030653165303630336436363636363633663030303030303030303030303030303030303030303030306331633034303363303030303830336630303030303030303030303030303030303030303030303030303030303030303130326430393030303130303038303030303030303032303030303030303030323330303030303030303030303032303030303030303030303030303030303030303030303030303030323030303030303030303131303030303030303030303030323037383230306532383062303030323030306130303030303030303230303030303030303031323030303030303030303030303230303030303030303030303030303030303030303030303030303032303538326630663264333530303030303030303030303032303030303030303030303030303030303030303030303130303030303030353030303030303534303030303030326330303030303032633030303030303263303030303030333430303030303030303030303030303030303030303030333832653030303032363232303030303030303030303030326430313030303030643030303030303063303030303030303730303030303031633031303030303530306130303030373030383030303063303030303030306630303030303030613830303030303061303035303030303638303130303030643830303030303036383031303030306338303130303030333830313030303030303030303030303031303030303030386631383030303061383430303030303030303030303030316230303030303030633030303030303032303030303030303230303030303031633031303030303763306230303030303030303030303030313030303030303430313530303030323030353030303030303030303030303031303030303030303130303030303030323030303030303032303030303030316330313030303035303061303030303031303030303030303030303030303034303135303030306535303230303030303030303030303030303030303030303030303030303030303230303030303030323030303030303163303130303030353030613030303030303030303030303030303030303030323433383030303032363232303030303030303030303030303030303030303030643030303030303034303030303030303430303030303031633031303030303530306130303030333030633030303038303037303030303738353633343132303430303030303036343030303030303031303030303030303130303030303030623030303030303030303030303030303130303030303030323030303030303033303030303030303430303030303030353030303030303036303030303030303730303030303030383030303030303039303030303030306130303030303030343030303030303634303036323030366630303030303030653030303030303635303037313030373530303566303034353030373130303735303036393030373030303664303036353030366530303734303030303030222F3E3C2F636F6E74726F6C3E3C6C61796F75746F626A6563743E3C646473786D6C6F626A3E3C70726F7065727479206E616D653D224163746976655461626C65566965774D6F6465222076616C75653D22312220766172747970653D2238222F3E3C70726F7065727479206E616D653D225461626C65566965774D6F64653A30222076616C75653D22342C302C3238342C302C323634302C312C323136302C352C313434302220766172747970653D2238222F3E3C70726F7065727479206E616D653D225461626C65566965774D6F64653A31222076616C75653D22322C302C3238342C302C323934302220766172747970653D2238222F3E3C70726F7065727479206E616D653D225461626C65566965774D6F64653A32222076616C75653D22322C302C3238342C302C323634302220766172747970653D2238222F3E3C70726F7065727479206E616D653D225461626C65566965774D6F64653A33222076616C75653D22322C302C3238342C302C323634302220766172747970653D2238222F3E3C70726F7065727479206E616D653D225461626C65566965774D6F64653A34222076616C75653D22342C302C3238342C302C323634302C31322C333132302C31312C313932302220766172747970653D2238222F3E3C2F646473786D6C6F626A3E3C2F6C61796F75746F626A6563743E3C73686170652067726F7570736861706569643D2230222067726F75706E6F64653D2230222F3E3C2F646473636F6E74726F6C3E3C646473636F6E74726F6C2073656D616E746963636F6F6B69653D2230313230343636353031303030303030363430303632303036663030303030303436303034623030356630303635303037313030373530303566303034313030366330303631303037323030366430303532303036353030363330303666303037323030363430303566303036353030373130303735303035663030343530303731303037353030363930303730303036643030363530303665303037343030303030302220636F6E74726F6C70726F6769643D224D534444532E506F6C796C696E652E3038302E312220746F6F6C7469703D22E2809C6571755F45717569706D656E74E2809DE4B88EE2809C6571755F416C61726D5265636F7264E2809DE4B98BE997B4E79A84E585B3E7B3BBE2809C464B5F6571755F416C61726D5265636F72645F6571755F45717569706D656E74E2809D22206C6566743D2234363534332220746F703D2231323538303722206C6F676963616C69643D22342220636F6E74726F6C69643D223422206D617374657269643D2230222068696E74313D2230222068696E74323D2230222077696474683D22323730333722206865696768743D22313730393322206E6F726573697A653D223022206E6F6D6F76653D223022206E6F64656661756C74617474616368706F696E74733D223122206175746F647261673D2230222075736564656661756C7469646473686170653D2230222073656C65637461626C653D2231222073686F7773656C656374696F6E68616E646C65733D22302220616C6C6F776E756467696E673D223122206973616E6E6F746174696F6E3D22302220646F6E746175746F6C61796F75743D2230222067726F7570636F6C6C61707365643D2230222074616273746F703D2231222076697369626C653D22312220736E6170746F677269643D2230223E3C636F6E74726F6C3E3C646473786D6C6F626A3E3C706F6C796C696E6520656E64747970656473743D22302220656E64747970657372633D2232222075736572636F6C6F723D22313537393033323022206C696E657374796C653D223022206C696E6572656E6465723D22302220637573746F6D656E647479706564737469643D22302220637573746F6D656E647479706573726369643D2230222061646F726E7376697369626C653D2231223E3C61646F726E6D656E742070657263656E74706F733D2235302220636F6E74726F6C69643D2235222077696474683D223539303622206865696768743D223331382220736964653D223022206265686176696F723D2233222068696D65747269633D22323039373422206469737466726F6D6C696E653D22313735222073746172746F626A3D22302220783D2234363837342220793D22313431363436222076697369626C653D22302220616C6C6F776F7665726C61703D2231222075736570657263656E743D2231222F3E3C2F706F6C796C696E653E3C2F646473786D6C6F626A3E3C2F636F6E74726F6C3E3C6C61796F75746F626A6563743E3C646473786D6C6F626A2F3E3C2F6C61796F75746F626A6563743E3C636F6E6E6563746F7220736F7572636569643D223322206465737469643D22312220736F75726365617474616368706F696E743D223433222064657374617474616368706F696E743D22343022207365676D656E74656469746D6F64653D2230222062656E64706F696E74656469746D6F64653D2230222062656E64706F696E747669736962696C6974793D2230222072656C6174656469643D223022207669727475616C3D2230223E3C706F696E7420783D2234363935302220793D22313236353032222F3E3C706F696E7420783D2234363935302220793D22313431343731222F3E3C706F696E7420783D2237333230302220793D22313431343731222F3E3C706F696E7420783D2237333230302220793D22313432323030222F3E3C2F636F6E6E6563746F723E3C2F646473636F6E74726F6C3E3C646473636F6E74726F6C2073656D616E746963636F6F6B69653D22303132316663323736303231666332372220636F6E74726F6C70726F6769643D224D534444532E546578742E3038302E3122206C6566743D2234363837342220746F703D2231343136343622206C6F676963616C69643D22352220636F6E74726F6C69643D223522206D617374657269643D2234222068696E74313D2230222068696E74323D2230222077696474683D223539303622206865696768743D2233313822206E6F726573697A653D223122206E6F6D6F76653D223022206E6F64656661756C74617474616368706F696E74733D223122206175746F647261673D2231222075736564656661756C7469646473686170653D2231222073656C65637461626C653D2231222073686F7773656C656374696F6E68616E646C65733D22312220616C6C6F776E756467696E673D223122206973616E6E6F746174696F6E3D22302220646F6E746175746F6C61796F75743D2231222067726F7570636F6C6C61707365643D2230222074616273746F703D2230222076697369626C653D22302220736E6170746F677269643D2230223E3C636F6E74726F6C3E3C646473786D6C6F626A65637473747265616D696E6974777261707065722062696E6172793D22303030323030303031323137303030303365303130303030303330303030303030303030303530303030383030383030303038303031303030303030313530303031383630303030393030313930356630313030303463626365636365353230303034363030346230303566303036353030373130303735303035663030343130303663303036313030373230303664303035323030363530303633303036663030373230303634303035663030363530303731303037353030356630303435303037313030373530303639303037303030366430303635303036653030373430303030303030303030222F3E3C2F636F6E74726F6C3E3C6C61796F75746F626A6563743E3C646473786D6C6F626A2F3E3C2F6C61796F75746F626A6563743E3C73686170652067726F7570736861706569643D2230222067726F75706E6F64653D2230222F3E3C2F646473636F6E74726F6C3E3C646473636F6E74726F6C2073656D616E746963636F6F6B69653D22303130303738303030313030303030303634303036323030366630303030303034363030346230303566303036353030373130303735303035663030343330303666303036643030366430303631303036653030363430303566303036353030373130303735303035663030343530303731303037353030363930303730303036643030363530303665303037343030303030302220636F6E74726F6C70726F6769643D224D534444532E506F6C796C696E652E3038302E312220746F6F6C7469703D22E2809C6571755F45717569706D656E74E2809DE4B88EE2809C6571755F436F6D6D616E64E2809DE4B98BE997B4E79A84E585B3E7B3BBE2809C464B5F6571755F436F6D6D616E645F6571755F45717569706D656E74E2809D22206C6566743D2234363534332220746F703D22393335393522206C6F676963616C69643D22362220636F6E74726F6C69643D223622206D617374657269643D2230222068696E74313D2230222068696E74323D2230222077696474683D223933333722206865696768743D22313730353122206E6F726573697A653D223022206E6F6D6F76653D223022206E6F64656661756C74617474616368706F696E74733D223122206175746F647261673D2230222075736564656661756C7469646473686170653D2230222073656C65637461626C653D2231222073686F7773656C656374696F6E68616E646C65733D22302220616C6C6F776E756467696E673D223122206973616E6E6F746174696F6E3D22302220646F6E746175746F6C61796F75743D2230222067726F7570636F6C6C61707365643D2230222074616273746F703D2231222076697369626C653D22312220736E6170746F677269643D2230223E3C636F6E74726F6C3E3C646473786D6C6F626A3E3C706F6C796C696E6520656E64747970656473743D22302220656E64747970657372633D2232222075736572636F6C6F723D22313537393033323022206C696E657374796C653D223022206C696E6572656E6465723D22302220637573746F6D656E647479706564737469643D22302220637573746F6D656E647479706573726369643D2230222061646F726E7376697369626C653D2231223E3C61646F726E6D656E742070657263656E74706F733D2234392E303331353038323634343632382220636F6E74726F6C69643D2237222077696474683D223531363722206865696768743D223331382220736964653D223022206265686176696F723D2233222068696D65747269633D22313138363822206469737466726F6D6C696E653D22313735222073746172746F626A3D22302220783D2234373132352220793D223938313534222076697369626C653D22302220616C6C6F776F7665726C61703D2231222075736570657263656E743D2231222F3E3C2F706F6C796C696E653E3C2F646473786D6C6F626A3E3C2F636F6E74726F6C3E3C6C61796F75746F626A6563743E3C646473786D6C6F626A2F3E3C2F6C61796F75746F626A6563743E3C636F6E6E6563746F7220736F7572636569643D223322206465737469643D22322220736F75726365617474616368706F696E743D223432222064657374617474616368706F696E743D22343122207365676D656E74656469746D6F64653D2230222062656E64706F696E74656469746D6F64653D2230222062656E64706F696E747669736962696C6974793D2230222072656C6174656469643D223022207669727475616C3D2230223E3C706F696E7420783D2234363935302220793D22313039393530222F3E3C706F696E7420783D2234363935302220793D223934393831222F3E3C706F696E7420783D2235353530302220793D223934393831222F3E3C706F696E7420783D2235353530302220793D223934323934222F3E3C2F636F6E6E6563746F723E3C2F646473636F6E74726F6C3E3C646473636F6E74726F6C2073656D616E746963636F6F6B69653D22303132356663323761303235666332372220636F6E74726F6C70726F6769643D224D534444532E546578742E3038302E3122206C6566743D2234373132352220746F703D22393831353422206C6F676963616C69643D22372220636F6E74726F6C69643D223722206D617374657269643D2236222068696E74313D2230222068696E74323D2230222077696474683D223531363722206865696768743D2233313822206E6F726573697A653D223122206E6F6D6F76653D223022206E6F64656661756C74617474616368706F696E74733D223122206175746F647261673D2231222075736564656661756C7469646473686170653D2231222073656C65637461626C653D2231222073686F7773656C656374696F6E68616E646C65733D22312220616C6C6F776E756467696E673D223122206973616E6E6F746174696F6E3D22302220646F6E746175746F6C61796F75743D2231222067726F7570636F6C6C61707365643D2230222074616273746F703D2230222076697369626C653D22302220736E6170746F677269643D2230223E3C636F6E74726F6C3E3C646473786D6C6F626A65637473747265616D696E6974777261707065722062696E6172793D223030303230303030326631343030303033653031303030303033303030303030303030303035303030303830303830303030383030313030303030303135303030313836303030303930303139303566303130303034636263656363653531633030343630303462303035663030363530303731303037353030356630303433303036663030366430303664303036313030366530303634303035663030363530303731303037353030356630303435303037313030373530303639303037303030366430303635303036653030373430303030303030303030222F3E3C2F636F6E74726F6C3E3C6C61796F75746F626A6563743E3C646473786D6C6F626A2F3E3C2F6C61796F75746F626A6563743E3C73686170652067726F7570736861706569643D2230222067726F75706E6F64653D2230222F3E3C2F646473636F6E74726F6C3E3C646473636F6E74726F6C20636F6E74726F6C70726F6769643D227B36323341433037352D324337372D343837332D383833442D3933304234333634423442437D2220746F6F6C7469703D226571755F45717569706D656E7447726F75705F45717569706D656E745F4D617022206C6566743D2235383635302220746F703D2231353735303022206C6F676963616C69643D22382220636F6E74726F6C69643D223822206D617374657269643D2230222068696E74313D2230222068696E74323D2230222077696474683D223839313122206865696768743D223232363522206E6F726573697A653D223022206E6F6D6F76653D223022206E6F64656661756C74617474616368706F696E74733D223022206175746F647261673D2230222075736564656661756C7469646473686170653D2230222073656C65637461626C653D2231222073686F7773656C656374696F6E68616E646C65733D22302220616C6C6F776E756467696E673D223122206973616E6E6F746174696F6E3D22302220646F6E746175746F6C61796F75743D2230222067726F7570636F6C6C61707365643D2230222074616273746F703D2231222076697369626C653D22312220736E6170746F677269643D2231223E3C636F6E74726F6C3E3C646473786D6C6F626A65637473747265616D696E6974777261707065722062696E6172793D2232313433333431323038303030303030636632323030303064393038303030303738353633343132303730303030303031343031303030303635303037313030373530303566303034353030373130303735303036393030373030303664303036353030366530303734303034373030373230303666303037353030373030303566303034353030373130303735303036393030373030303664303036353030366530303734303035663030346430303631303037303030303030303664373164346234366437316463623436643731646362343664373165346234366437316534623436643731656362343664373165636234366437316663623436643731666362343664373130346235366437313034623536643731306362353664373130636235366437313134623536643731313462353664373131636235366437313163623536643731323462353664373132346235366437313263623536643731326362353664373133346235366437313334623536643731336362353664373133636235366437313434623536643731343462353664373134636235366437313463623536643731353462353664373135346235366437313563623536643731356362353664373136346235366437313634623536643731366362353664373136636235366437313734623536643731373462353664373137636235366437313763623536643731383462353664373138346235303030303030303030303030303030303030303030313030303030303035303030303030353430303030303032633030303030303263303030303030326330303030303033343030303030303030303030303030303030303030303033383265303030306331313430303030303030303030303032643031303030303037303030303030306330303030303030373030303030303163303130303030353030613030303037303038303030303630303030303030373830303030303035343030303030306130303530303030623430303030303036633030303030306234303030303030653430303030303039633030303030303030303030303030303130303030303063663232303030306439303830303030303030303030303030323030303030303032303030303030303230303030303030323030303030303163303130303030373830663030303030303030303030303031303030303030343031353030303035633037303030303030303030303030303230303030303030323030303030303032303030303030303230303030303031633031303030303530306130303030303130303030303030303030303030303430313530303030653530323030303030303030303030303030303030303030303030303030303030323030303030303032303030303030316330313030303035303061303030303030303030303030303030303030303032343338303030303236323230303030303030303030303030303030303030303064303030303030303430303030303030343030303030303163303130303030353030613030303033303063303030303830303730303030373835363334313230343030303030303861303030303030303130303030303030313030303030303062303030303030303030303030303030313030303030303032303030303030303330303030303030343030303030303035303030303030303630303030303030373030303030303038303030303030303930303030303030613030303030303034303030303030363430303632303036663030303030303231303030303030363530303731303037353030356630303435303037313030373530303639303037303030366430303635303036653030373430303437303037323030366630303735303037303030356630303435303037313030373530303639303037303030366430303635303036653030373430303566303034643030363130303730303030303030222F3E3C2F636F6E74726F6C3E3C6C61796F75746F626A6563743E3C646473786D6C6F626A3E3C70726F7065727479206E616D653D224163746976655461626C65566965774D6F6465222076616C75653D22312220766172747970653D2238222F3E3C70726F7065727479206E616D653D225461626C65566965774D6F64653A30222076616C75653D22342C302C3238342C302C323634302C312C323136302C352C313434302220766172747970653D2238222F3E3C70726F7065727479206E616D653D225461626C65566965774D6F64653A31222076616C75653D22322C302C3238342C302C333936302220766172747970653D2238222F3E3C70726F7065727479206E616D653D225461626C65566965774D6F64653A32222076616C75653D22322C302C3238342C302C323634302220766172747970653D2238222F3E3C70726F7065727479206E616D653D225461626C65566965774D6F64653A33222076616C75653D22322C302C3238342C302C323634302220766172747970653D2238222F3E3C70726F7065727479206E616D653D225461626C65566965774D6F64653A34222076616C75653D22342C302C3238342C302C323634302C31322C333132302C31312C313932302220766172747970653D2238222F3E3C2F646473786D6C6F626A3E3C2F6C61796F75746F626A6563743E3C73686170652067726F7570736861706569643D2230222067726F75706E6F64653D2230222F3E3C2F646473636F6E74726F6C3E3C646473636F6E74726F6C2073656D616E746963636F6F6B69653D22303130303030303030313030303030303634303036323030366630303030303034363030346230303566303036353030373130303735303035663030343530303731303037353030363930303730303036643030363530303665303037343030343730303732303036663030373530303730303035663030343530303731303037353030363930303730303036643030363530303665303037343030356630303464303036313030373030303566303036353030373130303735303035663030343530303731303037353030363930303730303036643030363530303665303037343030303030302220636F6E74726F6C70726F6769643D224D534444532E506F6C796C696E652E3038302E312220746F6F6C7469703D22E2809C6571755F45717569706D656E74E2809DE4B88EE2809C6571755F45717569706D656E7447726F75705F45717569706D656E745F4D6170E2809DE4B98BE997B4E79A84E585B3E7B3BBE2809C464B5F6571755F45717569706D656E7447726F75705F45717569706D656E745F4D61705F6571755F45717569706D656E74E2809D22206C6566743D2234363039332220746F703D2231323538303722206C6F676963616C69643D22392220636F6E74726F6C69643D223922206D617374657269643D2230222068696E74313D2230222068696E74323D2230222077696474683D22313734333722206865696768743D22333233393322206E6F726573697A653D223022206E6F6D6F76653D223022206E6F64656661756C74617474616368706F696E74733D223122206175746F647261673D2230222075736564656661756C7469646473686170653D2230222073656C65637461626C653D2231222073686F7773656C656374696F6E68616E646C65733D22302220616C6C6F776E756467696E673D223122206973616E6E6F746174696F6E3D22302220646F6E746175746F6C61796F75743D2230222067726F7570636F6C6C61707365643D2230222074616273746F703D2231222076697369626C653D22312220736E6170746F677269643D2230223E3C636F6E74726F6C3E3C646473786D6C6F626A3E3C706F6C796C696E6520656E64747970656473743D22302220656E64747970657372633D2232222075736572636F6C6F723D22313537393033323022206C696E657374796C653D223022206C696E6572656E6465723D22302220637573746F6D656E647479706564737469643D22302220637573746F6D656E647479706573726369643D2230222061646F726E7376697369626C653D2231223E3C61646F726E6D656E742070657263656E74706F733D2235302220636F6E74726F6C69643D223130222077696474683D223930343322206865696768743D223331382220736964653D223022206265686176696F723D2233222068696D65747269633D22323338323422206469737466726F6D6C696E653D22313735222073746172746F626A3D22302220783D2234353935372220793D22313431383236222076697369626C653D22302220616C6C6F776F7665726C61703D2231222075736570657263656E743D2231222F3E3C2F706F6C796C696E653E3C2F646473786D6C6F626A3E3C2F636F6E74726F6C3E3C6C61796F75746F626A6563743E3C646473786D6C6F626A2F3E3C2F6C61796F75746F626A6563743E3C636F6E6E6563746F7220736F7572636569643D223322206465737469643D22382220736F75726365617474616368706F696E743D223337222064657374617474616368706F696E743D22353822207365676D656E74656469746D6F64653D2230222062656E64706F696E74656469746D6F64653D2230222062656E64706F696E747669736962696C6974793D2230222072656C6174656469643D223022207669727475616C3D2230223E3C706F696E7420783D2234363530302220793D22313236353032222F3E3C706F696E7420783D2234363530302220793D22313431363531222F3E3C706F696E7420783D2236333135302220793D22313431363531222F3E3C706F696E7420783D2236333135302220793D22313537353030222F3E3C2F636F6E6E6563746F723E3C2F646473636F6E74726F6C3E3C646473636F6E74726F6C2073656D616E746963636F6F6B69653D22303132376663323765303237666332372220636F6E74726F6C70726F6769643D224D534444532E546578742E3038302E3122206C6566743D2234353935372220746F703D2231343138323622206C6F676963616C69643D2231302220636F6E74726F6C69643D22313022206D617374657269643D2239222068696E74313D2230222068696E74323D2230222077696474683D223930343322206865696768743D2233313822206E6F726573697A653D223122206E6F6D6F76653D223022206E6F64656661756C74617474616368706F696E74733D223122206175746F647261673D2231222075736564656661756C7469646473686170653D2231222073656C65637461626C653D2231222073686F7773656C656374696F6E68616E646C65733D22312220616C6C6F776E756467696E673D223122206973616E6E6F746174696F6E3D22302220646F6E746175746F6C61796F75743D2231222067726F7570636F6C6C61707365643D2230222074616273746F703D2230222076697369626C653D22302220736E6170746F677269643D2230223E3C636F6E74726F6C3E3C646473786D6C6F626A65637473747265616D696E6974777261707065722062696E6172793D223030303230303030353332333030303033653031303030303033303030303030303030303035303030303830303830303030383030313030303030303135303030313836303030303930303139303566303130303034636263656363653533313030343630303462303035663030363530303731303037353030356630303435303037313030373530303639303037303030366430303635303036653030373430303437303037323030366630303735303037303030356630303435303037313030373530303639303037303030366430303635303036653030373430303566303034643030363130303730303035663030363530303731303037353030356630303435303037313030373530303639303037303030366430303635303036653030373430303030303030303030222F3E3C2F636F6E74726F6C3E3C6C61796F75746F626A6563743E3C646473786D6C6F626A2F3E3C2F6C61796F75746F626A6563743E3C73686170652067726F7570736861706569643D2230222067726F75706E6F64653D2230222F3E3C2F646473636F6E74726F6C3E3C646473636F6E74726F6C20636F6E74726F6C70726F6769643D227B36323341433037352D324337372D343837332D383833442D3933304234333634423442437D2220746F6F6C7469703D226571755F45717569706D656E745061726153657474696E675265636F726422206C6566743D2233393135302220746F703D2231343638353022206C6F676963616C69643D2231312220636F6E74726F6C69643D22313122206D617374657269643D2230222068696E74313D2230222068696E74323D2230222077696474683D223738393522206865696768743D223739383022206E6F726573697A653D223022206E6F6D6F76653D223022206E6F64656661756C74617474616368706F696E74733D223022206175746F647261673D2230222075736564656661756C7469646473686170653D2230222073656C65637461626C653D2231222073686F7773656C656374696F6E68616E646C65733D22302220616C6C6F776E756467696E673D223122206973616E6E6F746174696F6E3D22302220646F6E746175746F6C61796F75743D2230222067726F7570636F6C6C61707365643D2230222074616273746F703D2231222076697369626C653D22312220736E6170746F677269643D2231223E3C636F6E74726F6C3E3C646473786D6C6F626A65637473747265616D696E6974777261707065722062696E6172793D223231343333343132303830303030303064373165303030303263316630303030373835363334313230373030303030303134303130303030363530303731303037353030356630303435303037313030373530303639303037303030366430303635303036653030373430303530303036313030373230303631303035333030363530303734303037343030363930303665303036373030353230303635303036333030366630303732303036343030303030303030303030303030303030303030303030303030616461633263336533333333333333663030303030303030303030303030303030303030303030306531653036303364363636363636336630303030303030303030303030303030303030303030303063316330343033633030303038303366303030303030303030303030303030303030303030303030303030303030303033363336333833333030336330303039303030343030656662653030303030303030303030303030303032653030303030303030303030303030303030303030303030303030303030303030303030303030303030303030303030303030303030303030303033313030333630303336303033383030333330303030303031343030366330303331303030303030303030303432353261343630313132303333343432303466363236613635363337343733303030303532303030393030303430306566626534323532613430303030303030303030303030303030303030303031303030303030303530303030303035343030303030303263303030303030326330303030303032633030303030303334303030303030303030303030303030303030303030303338326530303030323632323030303030303030303030303264303130303030306430303030303030633030303030303037303030303030316330313030303035303061303030303730303830303030363030303030303037383030303030303534303030303030613030353030303062343030303030303663303030303030623430303030303065343030303030303963303030303030303030303030303030313030303030306437316530303030326331663030303030303030303030303063303030303030306330303030303030323030303030303032303030303030316330313030303032303064303030303030303030303030303130303030303034303135303030303937303930303030303030303030303030333030303030303033303030303030303230303030303030323030303030303163303130303030353030613030303030313030303030303030303030303030343031353030303065353032303030303030303030303030303030303030303030303030303030303032303030303030303230303030303031633031303030303530306130303030303030303030303030303030303030303234333830303030323632323030303030303030303030303030303030303030306430303030303030343030303030303034303030303030316330313030303035303061303030303330306330303030383030373030303037383536333431323034303030303030383630303030303030313030303030303031303030303030306230303030303030303030303030303031303030303030303230303030303030333030303030303034303030303030303530303030303030363030303030303037303030303030303830303030303030393030303030303061303030303030303430303030303036343030363230303666303030303030316630303030303036353030373130303735303035663030343530303731303037353030363930303730303036643030363530303665303037343030353030303631303037323030363130303533303036353030373430303734303036393030366530303637303035323030363530303633303036663030373230303634303030303030222F3E3C2F636F6E74726F6C3E3C6C61796F75746F626A6563743E3C646473786D6C6F626A3E3C70726F7065727479206E616D653D224163746976655461626C65566965774D6F6465222076616C75653D22312220766172747970653D2238222F3E3C70726F7065727479206E616D653D225461626C65566965774D6F64653A30222076616C75653D22342C302C3238342C302C323634302C312C323136302C352C313434302220766172747970653D2238222F3E3C70726F7065727479206E616D653D225461626C65566965774D6F64653A31222076616C75653D22322C302C3238342C302C333336302220766172747970653D2238222F3E3C70726F7065727479206E616D653D225461626C65566965774D6F64653A32222076616C75653D22322C302C3238342C302C323634302220766172747970653D2238222F3E3C70726F7065727479206E616D653D225461626C65566965774D6F64653A33222076616C75653D22322C302C3238342C302C323634302220766172747970653D2238222F3E3C70726F7065727479206E616D653D225461626C65566965774D6F64653A34222076616C75653D22342C302C3238342C302C323634302C31322C333132302C31312C313932302220766172747970653D2238222F3E3C2F646473786D6C6F626A3E3C2F6C61796F75746F626A6563743E3C73686170652067726F7570736861706569643D2230222067726F75706E6F64653D2230222F3E3C2F646473636F6E74726F6C3E3C646473636F6E74726F6C2073656D616E746963636F6F6B69653D2230313138326436303031303030303030363430303632303036663030303030303436303034623030356630303635303037313030373530303566303034353030373130303735303036393030373030303664303036353030366530303734303035303030363130303732303036313030353330303635303037343030373430303639303036653030363730303532303036353030363330303666303037323030363430303566303036353030373130303735303035663030343530303731303037353030363930303730303036643030363530303665303037343030303030302220636F6E74726F6C70726F6769643D224D534444532E506F6C796C696E652E3038302E312220746F6F6C7469703D22E2809C6571755F45717569706D656E74E2809DE4B88EE2809C6571755F45717569706D656E745061726153657474696E675265636F7264E2809DE4B98BE997B4E79A84E585B3E7B3BBE2809C464B5F6571755F45717569706D656E745061726153657474696E675265636F72645F6571755F45717569706D656E74E2809D22206C6566743D2234323637312220746F703D2231323538303722206C6F676963616C69643D2231322220636F6E74726F6C69643D22313222206D617374657269643D2230222068696E74313D2230222068696E74323D2230222077696474683D223337383722206865696768743D22323137343322206E6F726573697A653D223022206E6F6D6F76653D223022206E6F64656661756C74617474616368706F696E74733D223122206175746F647261673D2230222075736564656661756C7469646473686170653D2230222073656C65637461626C653D2231222073686F7773656C656374696F6E68616E646C65733D22302220616C6C6F776E756467696E673D223122206973616E6E6F746174696F6E3D22302220646F6E746175746F6C61796F75743D2230222067726F7570636F6C6C61707365643D2230222074616273746F703D2231222076697369626C653D22312220736E6170746F677269643D2230223E3C636F6E74726F6C3E3C646473786D6C6F626A3E3C706F6C796C696E6520656E64747970656473743D22302220656E64747970657372633D2232222075736572636F6C6F723D22313537393033323022206C696E657374796C653D223022206C696E6572656E6465723D22302220637573746F6D656E647479706564737469643D22302220637573746F6D656E647479706573726369643D2230222061646F726E7376697369626C653D2231223E3C61646F726E6D656E742070657263656E74706F733D2235302220636F6E74726F6C69643D223133222077696474683D223836373522206865696768743D223331382220736964653D223022206265686176696F723D2233222068696D65747269633D22313136373422206469737466726F6D6C696E653D22313735222073746172746F626A3D22302220783D2233373230302220793D22313337373936222076697369626C653D22302220616C6C6F776F7665726C61703D2231222075736570657263656E743D2231222F3E3C2F706F6C796C696E653E3C2F646473786D6C6F626A3E3C2F636F6E74726F6C3E3C6C61796F75746F626A6563743E3C646473786D6C6F626A2F3E3C2F6C61796F75746F626A6563743E3C636F6E6E6563746F7220736F7572636569643D223322206465737469643D2231312220736F75726365617474616368706F696E743D223331222064657374617474616368706F696E743D22353022207365676D656E74656469746D6F64653D2230222062656E64706F696E74656469746D6F64653D2230222062656E64706F696E747669736962696C6974793D2230222072656C6174656469643D223022207669727475616C3D2230223E3C706F696E7420783D2234363035302220793D22313236353032222F3E3C706F696E7420783D2234363035302220793D22313431363531222F3E3C706F696E7420783D2234333035302220793D22313431363531222F3E3C706F696E7420783D2234333035302220793D22313436383530222F3E3C2F636F6E6E6563746F723E3C2F646473636F6E74726F6C3E3C646473636F6E74726F6C2073656D616E746963636F6F6B69653D22303132366663323761303236666332372220636F6E74726F6C70726F6769643D224D534444532E546578742E3038302E3122206C6566743D2233373230302220746F703D2231333737393622206C6F676963616C69643D2231332220636F6E74726F6C69643D22313322206D617374657269643D223132222068696E74313D2230222068696E74323D2230222077696474683D223836373522206865696768743D2233313822206E6F726573697A653D223122206E6F6D6F76653D223022206E6F64656661756C74617474616368706F696E74733D223122206175746F647261673D2231222075736564656661756C7469646473686170653D2231222073656C65637461626C653D2231222073686F7773656C656374696F6E68616E646C65733D22312220616C6C6F776E756467696E673D223122206973616E6E6F746174696F6E3D22302220646F6E746175746F6C61796F75743D2231222067726F7570636F6C6C61707365643D2230222074616273746F703D2230222076697369626C653D22302220736E6170746F677269643D2230223E3C636F6E74726F6C3E3C646473786D6C6F626A65637473747265616D696E6974777261707065722062696E6172793D22303030323030303065333231303030303365303130303030303330303030303030303030303530303030383030383030303038303031303030303030313530303031383630303030393030313930356630313030303463626365636365353266303034363030346230303566303036353030373130303735303035663030343530303731303037353030363930303730303036643030363530303665303037343030353030303631303037323030363130303533303036353030373430303734303036393030366530303637303035323030363530303633303036663030373230303634303035663030363530303731303037353030356630303435303037313030373530303639303037303030366430303635303036653030373430303030303030303030222F3E3C2F636F6E74726F6C3E3C6C61796F75746F626A6563743E3C646473786D6C6F626A2F3E3C2F6C61796F75746F626A6563743E3C73686170652067726F7570736861706569643D2230222067726F75706E6F64653D2230222F3E3C2F646473636F6E74726F6C3E3C646473636F6E74726F6C20636F6E74726F6C70726F6769643D227B36323341433037352D324337372D343837332D383833442D3933304234333634423442437D2220746F6F6C7469703D226571755F45717569706D656E745265616C4461746122206C6566743D2233343935302220746F703D2231313538303022206C6F676963616C69643D2231342220636F6E74726F6C69643D22313422206D617374657269643D2230222068696E74313D2230222068696E74323D2230222077696474683D223632383722206865696768743D223739383022206E6F726573697A653D223022206E6F6D6F76653D223022206E6F64656661756C74617474616368706F696E74733D223022206175746F647261673D2230222075736564656661756C7469646473686170653D2230222073656C65637461626C653D2231222073686F7773656C656374696F6E68616E646C65733D22302220616C6C6F776E756467696E673D223122206973616E6E6F746174696F6E3D22302220646F6E746175746F6C61796F75743D2230222067726F7570636F6C6C61707365643D2230222074616273746F703D2231222076697369626C653D22312220736E6170746F677269643D2231223E3C636F6E74726F6C3E3C646473786D6C6F626A65637473747265616D696E6974777261707065722062696E6172793D223231343333343132303830303030303038663138303030303263316630303030373835363334313230373030303030303134303130303030363530303731303037353030356630303435303037313030373530303639303037303030366430303635303036653030373430303532303036353030363130303663303034343030363130303734303036313030303030306633663237323366396539643164336630303030383033663030303038303366303030303830336666336632373233663965396431643366303030303830336633333333333333663030303030303030303030303030303030303030303030306531653036303364363636363636336630303030303030303030303030303030303030303030303063316330343033633030303038303366303030303030303030303030303030303030303030303030303030303030303033363336333833333030336330303039303030343030656662653030303030303030303030303030303032653030303030303030303030303030303030303030303030303030303030303030303030303030303030303030303030303030303030303030303033313030333630303336303033383030333330303030303031343030363630303331303030303030303030306238353233343731313030303434363537333662373436663730303035303030303930303034303065666265343235323464356662633532653730303030303030303030303030303030303030303031303030303030303530303030303035343030303030303263303030303030326330303030303032633030303030303334303030303030303030303030303030303030303030303338326530303030323632323030303030303030303030303264303130303030306430303030303030633030303030303037303030303030316330313030303035303061303030303730303830303030633030303030303066303030303030306138303030303030613030353030303036383031303030306438303030303030363830313030303063383031303030303338303130303030303030303030303030313030303030303866313830303030326331663030303030303030303030303063303030303030306330303030303030323030303030303032303030303030316330313030303037633062303030303030303030303030303130303030303034303135303030303563303730303030303030303030303030323030303030303032303030303030303230303030303030323030303030303163303130303030353030613030303030313030303030303030303030303030343031353030303065353032303030303030303030303030303030303030303030303030303030303032303030303030303230303030303031633031303030303530306130303030303030303030303030303030303030303234333830303030323632323030303030303030303030303030303030303030306430303030303030343030303030303034303030303030316330313030303035303061303030303330306330303030383030373030303037383536333431323034303030303030373430303030303030313030303030303031303030303030306230303030303030303030303030303031303030303030303230303030303030333030303030303034303030303030303530303030303030363030303030303037303030303030303830303030303030393030303030303061303030303030303430303030303036343030363230303666303030303030313630303030303036353030373130303735303035663030343530303731303037353030363930303730303036643030363530303665303037343030353230303635303036313030366330303434303036313030373430303631303030303030222F3E3C2F636F6E74726F6C3E3C6C61796F75746F626A6563743E3C646473786D6C6F626A3E3C70726F7065727479206E616D653D224163746976655461626C65566965774D6F6465222076616C75653D22312220766172747970653D2238222F3E3C70726F7065727479206E616D653D225461626C65566965774D6F64653A30222076616C75653D22342C302C3238342C302C323634302C312C323136302C352C313434302220766172747970653D2238222F3E3C70726F7065727479206E616D653D225461626C65566965774D6F64653A31222076616C75653D22322C302C3238342C302C323934302220766172747970653D2238222F3E3C70726F7065727479206E616D653D225461626C65566965774D6F64653A32222076616C75653D22322C302C3238342C302C323634302220766172747970653D2238222F3E3C70726F7065727479206E616D653D225461626C65566965774D6F64653A33222076616C75653D22322C302C3238342C302C323634302220766172747970653D2238222F3E3C70726F7065727479206E616D653D225461626C65566965774D6F64653A34222076616C75653D22342C302C3238342C302C323634302C31322C333132302C31312C313932302220766172747970653D2238222F3E3C2F646473786D6C6F626A3E3C2F6C61796F75746F626A6563743E3C73686170652067726F7570736861706569643D2230222067726F75706E6F64653D2230222F3E3C2F646473636F6E74726F6C3E3C646473636F6E74726F6C2073656D616E746963636F6F6B69653D2230313136326436303031303030303030363430303632303036663030303030303436303034623030356630303635303037313030373530303566303034353030373130303735303036393030373030303664303036353030366530303734303035323030363530303631303036633030343430303631303037343030363130303566303036353030373130303735303035663030343530303731303037353030363930303730303036643030363530303665303037343030303030302220636F6E74726F6C70726F6769643D224D534444532E506F6C796C696E652E3038302E312220746F6F6C7469703D22E2809C6571755F45717569706D656E74E2809DE4B88EE2809C6571755F45717569706D656E745265616C44617461E2809DE4B98BE997B4E79A84E585B3E7B3BBE2809C464B5F6571755F45717569706D656E745265616C446174615F6571755F45717569706D656E74E2809D22206C6566743D2234303933372220746F703D2231313739343322206C6F676963616C69643D2231352220636F6E74726F6C69643D22313522206D617374657269643D2230222068696E74313D2230222068696E74323D2230222077696474683D223330313322206865696768743D223232383722206E6F726573697A653D223022206E6F6D6F76653D223022206E6F64656661756C74617474616368706F696E74733D223122206175746F647261673D2230222075736564656661756C7469646473686170653D2230222073656C65637461626C653D2231222073686F7773656C656374696F6E68616E646C65733D22302220616C6C6F776E756467696E673D223122206973616E6E6F746174696F6E3D22302220646F6E746175746F6C61796F75743D2230222067726F7570636F6C6C61707365643D2230222074616273746F703D2231222076697369626C653D22312220736E6170746F677269643D2230223E3C636F6E74726F6C3E3C646473786D6C6F626A3E3C706F6C796C696E6520656E64747970656473743D22302220656E64747970657372633D2232222075736572636F6C6F723D22313537393033323022206C696E657374796C653D223022206C696E6572656E6465723D22302220637573746F6D656E647479706564737469643D22302220637573746F6D656E647479706573726369643D2230222061646F726E7376697369626C653D2231223E3C61646F726E6D656E742070657263656E74706F733D2235302220636F6E74726F6C69643D223136222077696474683D223730313422206865696768743D223331382220736964653D223022206265686176696F723D2233222068696D65747269633D223139353622206469737466726F6D6C696E653D22313735222073746172746F626A3D22302220783D2233343634312220793D22313137393933222076697369626C653D22302220616C6C6F776F7665726C61703D2231222075736570657263656E743D2231222F3E3C2F706F6C796C696E653E3C2F646473786D6C6F626A3E3C2F636F6E74726F6C3E3C6C61796F75746F626A6563743E3C646473786D6C6F626A2F3E3C2F6C61796F75746F626A6563743E3C636F6E6E6563746F7220736F7572636569643D223322206465737469643D2231342220736F75726365617474616368706F696E743D22313932222064657374617474616368706F696E743D2231333522207365676D656E74656469746D6F64653D2230222062656E64706F696E74656469746D6F64653D2230222062656E64706F696E747669736962696C6974793D2230222072656C6174656469643D223022207669727475616C3D2230223E3C706F696E7420783D2234333635302220793D22313138333530222F3E3C706F696E7420783D2234313833302220793D22313138333530222F3E3C706F696E7420783D2234313833302220793D22313139383530222F3E3C706F696E7420783D2234313233372220793D22313139383530222F3E3C2F636F6E6E6563746F723E3C2F646473636F6E74726F6C3E3C646473636F6E74726F6C2073656D616E746963636F6F6B69653D22303133346663323761303334666332372220636F6E74726F6C70726F6769643D224D534444532E546578742E3038302E3122206C6566743D2233343634312220746F703D2231313739393322206C6F676963616C69643D2231362220636F6E74726F6C69643D22313622206D617374657269643D223135222068696E74313D2230222068696E74323D2230222077696474683D223730313422206865696768743D2233313822206E6F726573697A653D223122206E6F6D6F76653D223022206E6F64656661756C74617474616368706F696E74733D223122206175746F647261673D2231222075736564656661756C7469646473686170653D2231222073656C65637461626C653D2231222073686F7773656C656374696F6E68616E646C65733D22312220616C6C6F776E756467696E673D223122206973616E6E6F746174696F6E3D22302220646F6E746175746F6C61796F75743D2231222067726F7570636F6C6C61707365643D2230222074616273746F703D2230222076697369626C653D22302220736E6170746F677269643D2230223E3C636F6E74726F6C3E3C646473786D6C6F626A65637473747265616D696E6974777261707065722062696E6172793D22303030323030303036363162303030303365303130303030303330303030303030303030303530303030383030383030303038303031303030303030313530303031383630303030393030313930356630313030303463626365636365353236303034363030346230303566303036353030373130303735303035663030343530303731303037353030363930303730303036643030363530303665303037343030353230303635303036313030366330303434303036313030373430303631303035663030363530303731303037353030356630303435303037313030373530303639303037303030366430303635303036653030373430303030303030303030222F3E3C2F636F6E74726F6C3E3C6C61796F75746F626A6563743E3C646473786D6C6F626A2F3E3C2F6C61796F75746F626A6563743E3C73686170652067726F7570736861706569643D2230222067726F75706E6F64653D2230222F3E3C2F646473636F6E74726F6C3E3C646473636F6E74726F6C20636F6E74726F6C70726F6769643D227B36323341433037352D324337372D343837332D383833442D3933304234333634423442437D2220746F6F6C7469703D226571755F45717569706D656E745479706522206C6566743D2236343935302220746F703D223022206C6F676963616C69643D2231372220636F6E74726F6C69643D22313722206D617374657269643D2230222068696E74313D2230222068696E74323D2230222077696474683D223632383722206865696768743D223238333622206E6F726573697A653D223022206E6F6D6F76653D223022206E6F64656661756C74617474616368706F696E74733D223022206175746F647261673D2230222075736564656661756C7469646473686170653D2230222073656C65637461626C653D2231222073686F7773656C656374696F6E68616E646C65733D22302220616C6C6F776E756467696E673D223122206973616E6E6F746174696F6E3D22302220646F6E746175746F6C61796F75743D2230222067726F7570636F6C6C61707365643D2230222074616273746F703D2231222076697369626C653D22312220736E6170746F677269643D2231223E3C636F6E74726F6C3E3C646473786D6C6F626A65637473747265616D696E6974777261707065722062696E6172793D2232313433333431323038303030303030386631383030303031343062303030303738353633343132303730303030303031343031303030303635303037313030373530303566303034353030373130303735303036393030373030303664303036353030366530303734303035343030373930303730303036353030303030303030303038303366643764363536336664636462356233666561653936393366303030303830336630613030303030303033303030303030303330303030303030343030303030303038303030303030303030303030303030303030303030303061303030303030303430303030303030333030303030303034303030303030303430303030303030303030303030303030303030303030306130303030303030303030303030303030303030303030303130303030303030343030303030303030303030303030306130303030303031653030303030303030303030303030303030303030303030373030303030303034303030303030303030303030303030613030303030303430303030303030303230303030303030303030303030303033303030303030303430303030303030303030303030303061303030303030343330303030303030333030303030303033303030303030303530303030303030633030303030303030303030303030306130303030303036653030303030303034303030303030303330303030303030353030303030303030303030303030303030303030303030313030303030303035303030303030353430303030303032633030303030303263303030303030326330303030303033343030303030303030303030303030303030303030303033383265303030306331313430303030303030303030303032643031303030303037303030303030306330303030303030373030303030303163303130303030353030613030303037303038303030303230303130303030363830313030303066633030303030306130303530303030316330323030303034343031303030303163303230303030616330323030303064343031303030303030303030303030303130303030303038663138303030303134306230303030303030303030303030333030303030303033303030303030303230303030303030323030303030303163303130303030373030383030303030303030303030303031303030303030343031353030303032303035303030303030303030303030303130303030303030313030303030303032303030303030303230303030303031633031303030303530306130303030303130303030303030303030303030303430313530303030653530323030303030303030303030303030303030303030303030303030303030323030303030303032303030303030316330313030303035303061303030303030303030303030303030303030303032343338303030303236323230303030303030303030303030303030303030303064303030303030303430303030303030343030303030303163303130303030353030613030303033303063303030303830303730303030373835363334313230343030303030303663303030303030303130303030303030313030303030303062303030303030303030303030303030313030303030303032303030303030303330303030303030343030303030303035303030303030303630303030303030373030303030303038303030303030303930303030303030613030303030303034303030303030363430303632303036663030303030303132303030303030363530303731303037353030356630303435303037313030373530303639303037303030366430303635303036653030373430303534303037393030373030303635303030303030222F3E3C2F636F6E74726F6C3E3C6C61796F75746F626A6563743E3C646473786D6C6F626A3E3C70726F7065727479206E616D653D224163746976655461626C65566965774D6F6465222076616C75653D22312220766172747970653D2238222F3E3C70726F7065727479206E616D653D225461626C65566965774D6F64653A30222076616C75653D22342C302C3238342C302C323634302C312C323136302C352C313434302220766172747970653D2238222F3E3C70726F7065727479206E616D653D225461626C65566965774D6F64653A31222076616C75653D22322C302C3238342C302C323136302220766172747970653D2238222F3E3C70726F7065727479206E616D653D225461626C65566965774D6F64653A32222076616C75653D22322C302C3238342C302C323634302220766172747970653D2238222F3E3C70726F7065727479206E616D653D225461626C65566965774D6F64653A33222076616C75653D22322C302C3238342C302C323634302220766172747970653D2238222F3E3C70726F7065727479206E616D653D225461626C65566965774D6F64653A34222076616C75653D22342C302C3238342C302C323634302C31322C333132302C31312C313932302220766172747970653D2238222F3E3C2F646473786D6C6F626A3E3C2F6C61796F75746F626A6563743E3C73686170652067726F7570736861706569643D2230222067726F75706E6F64653D2230222F3E3C2F646473636F6E74726F6C3E3C646473636F6E74726F6C20636F6E74726F6C70726F6769643D227B36323341433037352D324337372D343837332D383833442D3933304234333634423442437D2220746F6F6C7469703D226571755F4D616E75666163747572657222206C6566743D2235353635302220746F703D223022206C6F676963616C69643D2231382220636F6E74726F6C69643D22313822206D617374657269643D2230222068696E74313D2230222068696E74323D2230222077696474683D223632383722206865696768743D223435353122206E6F726573697A653D223022206E6F6D6F76653D223022206E6F64656661756C74617474616368706F696E74733D223022206175746F647261673D2230222075736564656661756C7469646473686170653D2230222073656C65637461626C653D2231222073686F7773656C656374696F6E68616E646C65733D22302220616C6C6F776E756467696E673D223122206973616E6E6F746174696F6E3D22302220646F6E746175746F6C61796F75743D2230222067726F7570636F6C6C61707365643D2230222074616273746F703D2231222076697369626C653D22312220736E6170746F677269643D2231223E3C636F6E74726F6C3E3C646473786D6C6F626A65637473747265616D696E6974777261707065722062696E6172793D22323134333334313230383030303030303866313830303030633731313030303037383536333431323037303030303030313430313030303036353030373130303735303035663030346430303631303036653030373530303636303036313030363330303734303037353030373230303635303037323030303030303030303030303030303030303030353030303331303030303030303030303030303030303030313030303535373336353732373330303363303030393030303430306566626530303030303030303030303030303030326530303030303030303030303030303030303030303030303030303030303030303030303030303030303030303030303030303030303030303030353530303733303036353030373230303733303030303030313430303530303033313030303030303030303030303030303030303130303033313336333633383333303033633030303930303034303065666265303030303030303030303030303030303265303030303030303030303030303030303030303030303030303030303030303030303030303030303030303030303030303030303030303030303331303033363030333630303338303033333030303030303134303036633030333130303030303030303030343235326530363033313034346636653635343437323639373636353030303035343030303930303034303065666265343235326365363034323030303030303030303030303030303030303030303130303030303030353030303030303534303030303030326330303030303032633030303030303263303030303030333430303030303030303030303030303030303030303030333832653030303066633136303030303030303030303030326430313030303030383030303030303063303030303030303730303030303031633031303030303530306130303030373030383030303032303031303030303638303130303030666330303030303061303035303030303163303230303030343430313030303031633032303030306163303230303030643430313030303030303030303030303031303030303030386631383030303063373131303030303030303030303030303630303030303030363030303030303032303030303030303230303030303031633031303030303730303830303030303030303030303030313030303030303430313530303030323030353030303030303030303030303031303030303030303130303030303030323030303030303032303030303030316330313030303035303061303030303031303030303030303030303030303034303135303030306535303230303030303030303030303030303030303030303030303030303030303230303030303030323030303030303163303130303030353030613030303030303030303030303030303030303030323433383030303032363232303030303030303030303030303030303030303030643030303030303034303030303030303430303030303031633031303030303530306130303030333030633030303038303037303030303738353633343132303430303030303036613030303030303031303030303030303130303030303030623030303030303030303030303030303130303030303030323030303030303033303030303030303430303030303030353030303030303036303030303030303730303030303030383030303030303039303030303030306130303030303030343030303030303634303036323030366630303030303031313030303030303635303037313030373530303566303034643030363130303665303037353030363630303631303036333030373430303735303037323030363530303732303030303030222F3E3C2F636F6E74726F6C3E3C6C61796F75746F626A6563743E3C646473786D6C6F626A3E3C70726F7065727479206E616D653D224163746976655461626C65566965774D6F6465222076616C75653D22312220766172747970653D2238222F3E3C70726F7065727479206E616D653D225461626C65566965774D6F64653A30222076616C75653D22342C302C3238342C302C323634302C312C323136302C352C313434302220766172747970653D2238222F3E3C70726F7065727479206E616D653D225461626C65566965774D6F64653A31222076616C75653D22322C302C3238342C302C323136302220766172747970653D2238222F3E3C70726F7065727479206E616D653D225461626C65566965774D6F64653A32222076616C75653D22322C302C3238342C302C323634302220766172747970653D2238222F3E3C70726F7065727479206E616D653D225461626C65566965774D6F64653A33222076616C75653D22322C302C3238342C302C323634302220766172747970653D2238222F3E3C70726F7065727479206E616D653D225461626C65566965774D6F64653A34222076616C75653D22342C302C3238342C302C323634302C31322C333132302C31312C313932302220766172747970653D2238222F3E3C2F646473786D6C6F626A3E3C2F6C61796F75746F626A6563743E3C73686170652067726F7570736861706569643D2230222067726F75706E6F64653D2230222F3E3C2F646473636F6E74726F6C3E3C646473636F6E74726F6C20636F6E74726F6C70726F6769643D227B36323341433037352D324337372D343837332D383833442D3933304234333634423442437D2220746F6F6C7469703D226571755F5061726122206C6566743D2232363430302220746F703D2231303432353022206C6F676963616C69643D2231392220636F6E74726F6C69643D22313922206D617374657269643D2230222068696E74313D2230222068696E74323D2230222077696474683D223632383722206865696768743D223339373922206E6F726573697A653D223022206E6F6D6F76653D223022206E6F64656661756C74617474616368706F696E74733D223022206175746F647261673D2230222075736564656661756C7469646473686170653D2230222073656C65637461626C653D2231222073686F7773656C656374696F6E68616E646C65733D22302220616C6C6F776E756467696E673D223122206973616E6E6F746174696F6E3D22302220646F6E746175746F6C61796F75743D2230222067726F7570636F6C6C61707365643D2230222074616273746F703D2231222076697369626C653D22312220736E6170746F677269643D2231223E3C636F6E74726F6C3E3C646473786D6C6F626A65637473747265616D696E6974777261707065722062696E6172793D2232313433333431323038303030303030386631383030303038623066303030303738353633343132303730303030303031343031303030303635303037313030373530303566303035303030363130303732303036313030303030303030303030303030303030303030303030303030313030303030303030323030303030303033303030303030303430303030303030383030303030303030303030303030303030303030303031303030303030303033303030303030303330303030303030343030303030303034303030303030303030303030303030303030303030303130303030303030303030303030303030303030303030303031303030303030303430303030303030303030303030303130303030303030316630303030303030303030303030303030303030303030303630303030303030343030303030303030303030303030313230303030303033323030303030303034303030303030303030303030303030333030303030303034303030303030303030303030303031303030303030303332303030303030303230303030303030333030303030303035303030303030306330303030303030303030303030303265303030303030333930303030303030353030303030303030303030303030303130303030303030633030303030303030303030303030313030303030303033393030303030303031303030303030303030303030303030373030303030303030303030303030303030303030303030313030303030303035303030303030353430303030303032633030303030303263303030303030326330303030303033343030303030303030303030303030303030303030303033383265303030306331313430303030303030303030303032643031303030303037303030303030306330303030303030373030303030303163303130303030353030613030303037303038303030303230303130303030363830313030303066633030303030306130303530303030316330323030303034343031303030303163303230303030616330323030303064343031303030303030303030303030303130303030303038663138303030303862306630303030303030303030303030353030303030303035303030303030303230303030303030323030303030303163303130303030373030383030303030303030303030303031303030303030343031353030303035633037303030303030303030303030303230303030303030323030303030303032303030303030303230303030303031633031303030303530306130303030303130303030303030303030303030303430313530303030653530323030303030303030303030303030303030303030303030303030303030323030303030303032303030303030316330313030303035303061303030303030303030303030303030303030303032343338303030303236323230303030303030303030303030303030303030303064303030303030303430303030303030343030303030303163303130303030353030613030303033303063303030303830303730303030373835363334313230343030303030303561303030303030303130303030303030313030303030303062303030303030303030303030303030313030303030303032303030303030303330303030303030343030303030303035303030303030303630303030303030373030303030303038303030303030303930303030303030613030303030303034303030303030363430303632303036663030303030303039303030303030363530303731303037353030356630303530303036313030373230303631303030303030222F3E3C2F636F6E74726F6C3E3C6C61796F75746F626A6563743E3C646473786D6C6F626A3E3C70726F7065727479206E616D653D224163746976655461626C65566965774D6F6465222076616C75653D22312220766172747970653D2238222F3E3C70726F7065727479206E616D653D225461626C65566965774D6F64653A30222076616C75653D22342C302C3238342C302C323634302C312C323136302C352C313434302220766172747970653D2238222F3E3C70726F7065727479206E616D653D225461626C65566965774D6F64653A31222076616C75653D22322C302C3238342C302C323136302220766172747970653D2238222F3E3C70726F7065727479206E616D653D225461626C65566965774D6F64653A32222076616C75653D22322C302C3238342C302C323634302220766172747970653D2238222F3E3C70726F7065727479206E616D653D225461626C65566965774D6F64653A33222076616C75653D22322C302C3238342C302C323634302220766172747970653D2238222F3E3C70726F7065727479206E616D653D225461626C65566965774D6F64653A34222076616C75653D22342C302C3238342C302C323634302C31322C333132302C31312C313932302220766172747970653D2238222F3E3C2F646473786D6C6F626A3E3C2F6C61796F75746F626A6563743E3C73686170652067726F7570736861706569643D2230222067726F75706E6F64653D2230222F3E3C2F646473636F6E74726F6C3E3C646473636F6E74726F6C20636F6E74726F6C70726F6769643D227B36323341433037352D324337372D343837332D383833442D3933304234333634423442437D2220746F6F6C7469703D226571755F5061726147726F757022206C6566743D2233343935302220746F703D2231303530303022206C6F676963616C69643D2232302220636F6E74726F6C69643D22323022206D617374657269643D2230222068696E74313D2230222068696E74323D2230222077696474683D223632383722206865696768743D223232363522206E6F726573697A653D223022206E6F6D6F76653D223022206E6F64656661756C74617474616368706F696E74733D223022206175746F647261673D2230222075736564656661756C7469646473686170653D2230222073656C65637461626C653D2231222073686F7773656C656374696F6E68616E646C65733D22302220616C6C6F776E756467696E673D223122206973616E6E6F746174696F6E3D22302220646F6E746175746F6C61796F75743D2230222067726F7570636F6C6C61707365643D2230222074616273746F703D2231222076697369626C653D22312220736E6170746F677269643D2231223E3C636F6E74726F6C3E3C646473786D6C6F626A65637473747265616D696E6974777261707065722062696E6172793D22323134333334313230383030303030303866313830303030643930383030303037383536333431323037303030303030313430313030303036353030373130303735303035663030353030303631303037323030363130303437303037323030366630303735303037303030303030306536653536353366303030303830336630303030383033666430636634663366643764363536336665366535363533663030303038303366303030303030336630303030303030303030303030303030303030303030303061646163326333653333333333333366303030303030303030303030303030303030303030303030653165303630336436363636363633663030303030303030303030303030303030303030303030306331633034303363303030303830336630303030303030303030303030303030303030303030303030303030303030303130303030303030633630303030303034393030303030303032303030303030643330303030303035303030303030303032303030303030643730303030303035333030303030303032303030303030643930303030303035343030303030303130303030303030646630303030303035393030303030303032303030303030653230303030303035613030303030303032303030303030653430303030303066646666666666663032303030303030656230303030303066666666666666663032303030303030663430303030303030303030303030303030303030303030303130303030303030353030303030303534303030303030326330303030303032633030303030303263303030303030333430303030303030303030303030303030303030303030333832653030303063313134303030303030303030303030326430313030303030373030303030303063303030303030303730303030303031633031303030303530306130303030373030383030303032303031303030303638303130303030666330303030303061303035303030303163303230303030343430313030303031633032303030306163303230303030643430313030303030303030303030303031303030303030386631383030303064393038303030303030303030303030303230303030303030323030303030303032303030303030303230303030303031633031303030303730303830303030303030303030303030313030303030303430313530303030323030353030303030303030303030303031303030303030303130303030303030323030303030303032303030303030316330313030303035303061303030303031303030303030303030303030303034303135303030306535303230303030303030303030303030303030303030303030303030303030303230303030303030323030303030303163303130303030353030613030303030303030303030303030303030303030323433383030303032363232303030303030303030303030303030303030303030643030303030303034303030303030303430303030303031633031303030303530306130303030333030633030303038303037303030303738353633343132303430303030303036343030303030303031303030303030303130303030303030623030303030303030303030303030303130303030303030323030303030303033303030303030303430303030303030353030303030303036303030303030303730303030303030383030303030303039303030303030306130303030303030343030303030303634303036323030366630303030303030653030303030303635303037313030373530303566303035303030363130303732303036313030343730303732303036663030373530303730303030303030222F3E3C2F636F6E74726F6C3E3C6C61796F75746F626A6563743E3C646473786D6C6F626A3E3C70726F7065727479206E616D653D224163746976655461626C65566965774D6F6465222076616C75653D22312220766172747970653D2238222F3E3C70726F7065727479206E616D653D225461626C65566965774D6F64653A30222076616C75653D22342C302C3238342C302C323634302C312C323136302C352C313434302220766172747970653D2238222F3E3C70726F7065727479206E616D653D225461626C65566965774D6F64653A31222076616C75653D22322C302C3238342C302C323136302220766172747970653D2238222F3E3C70726F7065727479206E616D653D225461626C65566965774D6F64653A32222076616C75653D22322C302C3238342C302C323634302220766172747970653D2238222F3E3C70726F7065727479206E616D653D225461626C65566965774D6F64653A33222076616C75653D22322C302C3238342C302C323634302220766172747970653D2238222F3E3C70726F7065727479206E616D653D225461626C65566965774D6F64653A34222076616C75653D22342C302C3238342C302C323634302C31322C333132302C31312C313932302220766172747970653D2238222F3E3C2F646473786D6C6F626A3E3C2F6C61796F75746F626A6563743E3C73686170652067726F7570736861706569643D2230222067726F75706E6F64653D2230222F3E3C2F646473636F6E74726F6C3E3C646473636F6E74726F6C2073656D616E746963636F6F6B69653D22303134386530373330313030303030303634303036323030366630303030303034363030346230303566303036353030373130303735303035663030353030303631303037323030363130303566303036353030373130303735303035663030353030303631303037323030363130303437303037323030366630303735303037303030303030302220636F6E74726F6C70726F6769643D224D534444532E506F6C796C696E652E3038302E312220746F6F6C7469703D22E2809C6571755F5061726147726F7570E2809DE4B88EE2809C6571755F50617261E2809DE4B98BE997B4E79A84E585B3E7B3BBE2809C464B5F6571755F506172615F6571755F5061726147726F7570E2809D22206C6566743D2233323338372220746F703D2231303537393322206C6F676963616C69643D2232312220636F6E74726F6C69643D22323122206D617374657269643D2230222068696E74313D2230222068696E74323D2230222077696474683D223238363322206865696768743D2238313522206E6F726573697A653D223022206E6F6D6F76653D223022206E6F64656661756C74617474616368706F696E74733D223122206175746F647261673D2230222075736564656661756C7469646473686170653D2230222073656C65637461626C653D2231222073686F7773656C656374696F6E68616E646C65733D22302220616C6C6F776E756467696E673D223122206973616E6E6F746174696F6E3D22302220646F6E746175746F6C61796F75743D2230222067726F7570636F6C6C61707365643D2230222074616273746F703D2231222076697369626C653D22312220736E6170746F677269643D2230223E3C636F6E74726F6C3E3C646473786D6C6F626A3E3C706F6C796C696E6520656E64747970656473743D22302220656E64747970657372633D2232222075736572636F6C6F723D22313537393033323022206C696E657374796C653D223022206C696E6572656E6465723D22302220637573746F6D656E647479706564737469643D22302220637573746F6D656E647479706573726369643D2230222061646F726E7376697369626C653D2231223E3C61646F726E6D656E742070657263656E74706F733D2235302E333537333839393030383533312220636F6E74726F6C69643D223232222077696474683D223436313322206865696768743D223331382220736964653D223122206265686176696F723D2233222068696D65747269633D223131333922206469737466726F6D6C696E653D22313735222073746172746F626A3D22302220783D2233313531392220793D22313036333735222076697369626C653D22302220616C6C6F776F7665726C61703D2231222075736570657263656E743D2231222F3E3C2F706F6C796C696E653E3C2F646473786D6C6F626A3E3C2F636F6E74726F6C3E3C6C61796F75746F626A6563743E3C646473786D6C6F626A2F3E3C2F6C61796F75746F626A6563743E3C636F6E6E6563746F7220736F7572636569643D22323022206465737469643D2231392220736F75726365617474616368706F696E743D223936222064657374617474616368706F696E743D2231303722207365676D656E74656469746D6F64653D2230222062656E64706F696E74656469746D6F64653D2230222062656E64706F696E747669736962696C6974793D2230222072656C6174656469643D223022207669727475616C3D2230223E3C706F696E7420783D2233343935302220793D22313036323030222F3E3C706F696E7420783D2233323638372220793D22313036323030222F3E3C2F636F6E6E6563746F723E3C2F646473636F6E74726F6C3E3C646473636F6E74726F6C2073656D616E746963636F6F6B69653D22303133616663323761303361666332372220636F6E74726F6C70726F6769643D224D534444532E546578742E3038302E3122206C6566743D2233313531392220746F703D2231303633373522206C6F676963616C69643D2232322220636F6E74726F6C69643D22323222206D617374657269643D223231222068696E74313D2230222068696E74323D2230222077696474683D223436313322206865696768743D2233313822206E6F726573697A653D223122206E6F6D6F76653D223022206E6F64656661756C74617474616368706F696E74733D223122206175746F647261673D2231222075736564656661756C7469646473686170653D2231222073656C65637461626C653D2231222073686F7773656C656374696F6E68616E646C65733D22312220616C6C6F776E756467696E673D223122206973616E6E6F746174696F6E3D22302220646F6E746175746F6C61796F75743D2231222067726F7570636F6C6C61707365643D2230222074616273746F703D2230222076697369626C653D22302220736E6170746F677269643D2230223E3C636F6E74726F6C3E3C646473786D6C6F626A65637473747265616D696E6974777261707065722062696E6172793D223030303230303030303531323030303033653031303030303033303030303030303030303035303030303830303830303030383030313030303030303135303030313836303030303930303139303566303130303034636263656363653531393030343630303462303035663030363530303731303037353030356630303530303036313030373230303631303035663030363530303731303037353030356630303530303036313030373230303631303034373030373230303666303037353030373030303030303030303030222F3E3C2F636F6E74726F6C3E3C6C61796F75746F626A6563743E3C646473786D6C6F626A2F3E3C2F6C61796F75746F626A6563743E3C73686170652067726F7570736861706569643D2230222067726F75706E6F64653D2230222F3E3C2F646473636F6E74726F6C3E3C646473636F6E74726F6C20636F6E74726F6C70726F6769643D227B36323341433037352D324337372D343837332D383833442D3933304234333634423442437D2220746F6F6C7469703D226571755F5061726156616C756522206C6566743D2232313435302220746F703D2231313035353022206C6F676963616C69643D2232332220636F6E74726F6C69643D22323322206D617374657269643D2230222068696E74313D2230222068696E74323D2230222077696474683D223632383722206865696768743D223238333622206E6F726573697A653D223022206E6F6D6F76653D223022206E6F64656661756C74617474616368706F696E74733D223022206175746F647261673D2230222075736564656661756C7469646473686170653D2230222073656C65637461626C653D2231222073686F7773656C656374696F6E68616E646C65733D22302220616C6C6F776E756467696E673D223122206973616E6E6F746174696F6E3D22302220646F6E746175746F6C61796F75743D2230222067726F7570636F6C6C61707365643D2230222074616273746F703D2231222076697369626C653D22312220736E6170746F677269643D2231223E3C636F6E74726F6C3E3C646473786D6C6F626A65637473747265616D696E6974777261707065722062696E6172793D22323134333334313230383030303030303866313830303030313430623030303037383536333431323037303030303030313430313030303036353030373130303735303035663030353030303631303037323030363130303536303036313030366330303735303036353030303030303030303030303030653565346534336539613939393933653030303030303030303030303030303030303030303030306139613861383365303030303030336630303030303030303030303030303030303030303030303061646163326333653333333333333366303030303030303030303030303030303030303030303030653165303630336436363636363633663030303030303030303030303030303030303030303030306331633034303363303030303830336630303030303030303030303030303030303030303030303030303030303030303336333633383333303033633030303930303034303065666265303030303030303030303030303030303265303030303030303030303030303030303030303030303030303030303030303030303030303030303030303030303030303030303030303030303331303033363030333630303338303033333030303030303134303036633030333130303030303030303030343235326134363031313230333334343230346636323661363536333734373330303030353230303039303030343030656662653432353261343030303030303030303030303030303030303030303130303030303030353030303030303534303030303030326330303030303032633030303030303263303030303030333430303030303030303030303030303030303030303030333832653030303063313134303030303030303030303030326430313030303030373030303030303063303030303030303730303030303031633031303030303530306130303030373030383030303063303030303030306630303030303030613830303030303061303035303030303638303130303030643830303030303036383031303030306338303130303030333830313030303030303030303030303031303030303030386631383030303031343062303030303030303030303030303330303030303030333030303030303032303030303030303230303030303031633031303030303430306230303030303030303030303030313030303030303430313530303030356330373030303030303030303030303032303030303030303230303030303030323030303030303032303030303030316330313030303035303061303030303031303030303030303030303030303034303135303030306535303230303030303030303030303030303030303030303030303030303030303230303030303030323030303030303163303130303030353030613030303030303030303030303030303030303030323433383030303032363232303030303030303030303030303030303030303030643030303030303034303030303030303430303030303031633031303030303530306130303030333030633030303038303037303030303738353633343132303430303030303036343030303030303031303030303030303130303030303030623030303030303030303030303030303130303030303030323030303030303033303030303030303430303030303030353030303030303036303030303030303730303030303030383030303030303039303030303030306130303030303030343030303030303634303036323030366630303030303030653030303030303635303037313030373530303566303035303030363130303732303036313030353630303631303036633030373530303635303030303030222F3E3C2F636F6E74726F6C3E3C6C61796F75746F626A6563743E3C646473786D6C6F626A3E3C70726F7065727479206E616D653D224163746976655461626C65566965774D6F6465222076616C75653D22312220766172747970653D2238222F3E3C70726F7065727479206E616D653D225461626C65566965774D6F64653A30222076616C75653D22342C302C3238342C302C323634302C312C323136302C352C313434302220766172747970653D2238222F3E3C70726F7065727479206E616D653D225461626C65566965774D6F64653A31222076616C75653D22322C302C3238342C302C323838302220766172747970653D2238222F3E3C70726F7065727479206E616D653D225461626C65566965774D6F64653A32222076616C75653D22322C302C3238342C302C323634302220766172747970653D2238222F3E3C70726F7065727479206E616D653D225461626C65566965774D6F64653A33222076616C75653D22322C302C3238342C302C323634302220766172747970653D2238222F3E3C70726F7065727479206E616D653D225461626C65566965774D6F64653A34222076616C75653D22342C302C3238342C302C323634302C31322C333132302C31312C313932302220766172747970653D2238222F3E3C2F646473786D6C6F626A3E3C2F6C61796F75746F626A6563743E3C73686170652067726F7570736861706569643D2230222067726F75706E6F64653D2230222F3E3C2F646473636F6E74726F6C3E3C646473636F6E74726F6C2073656D616E746963636F6F6B69653D22303134386530373330313030303030303634303036323030366630303030303034363030346230303566303036353030373130303735303035663030353030303631303037323030363130303536303036313030366330303735303036353030356630303635303037313030373530303566303035303030363130303732303036313030303030302220636F6E74726F6C70726F6769643D224D534444532E506F6C796C696E652E3038302E312220746F6F6C7469703D22E2809C6571755F50617261E2809DE4B88EE2809C6571755F5061726156616C7565E2809DE4B98BE997B4E79A84E585B3E7B3BBE2809C464B5F6571755F5061726156616C75655F6571755F50617261E2809D22206C6566743D2232343232312220746F703D2231303735333422206C6F676963616C69643D2232342220636F6E74726F6C69643D22323422206D617374657269643D2230222068696E74313D2230222068696E74323D2230222077696474683D223534333722206865696768743D223337313622206E6F726573697A653D223022206E6F6D6F76653D223022206E6F64656661756C74617474616368706F696E74733D223122206175746F647261673D2230222075736564656661756C7469646473686170653D2230222073656C65637461626C653D2231222073686F7773656C656374696F6E68616E646C65733D22302220616C6C6F776E756467696E673D223122206973616E6E6F746174696F6E3D22302220646F6E746175746F6C61796F75743D2230222067726F7570636F6C6C61707365643D2230222074616273746F703D2231222076697369626C653D22312220736E6170746F677269643D2230223E3C636F6E74726F6C3E3C646473786D6C6F626A3E3C706F6C796C696E6520656E64747970656473743D22302220656E64747970657372633D2232222075736572636F6C6F723D22313537393033323022206C696E657374796C653D223022206C696E6572656E6465723D22302220637573746F6D656E647479706564737469643D22302220637573746F6D656E647479706573726369643D2230222061646F726E7376697369626C653D2231223E3C61646F726E6D656E742070657263656E74706F733D2232362E3136333030373037313038332220636F6E74726F6C69643D223235222077696474683D223436313322206865696768743D223331382220736964653D223122206265686176696F723D2233222068696D65747269633D223138323322206469737466726F6D6C696E653D22313735222073746172746F626A3D22302220783D2232393432312220793D22313130323233222076697369626C653D22302220616C6C6F776F7665726C61703D2231222075736570657263656E743D2231222F3E3C2F706F6C796C696E653E3C2F646473786D6C6F626A3E3C2F636F6E74726F6C3E3C6C61796F75746F626A6563743E3C646473786D6C6F626A2F3E3C2F6C61796F75746F626A6563743E3C636F6E6E6563746F7220736F7572636569643D22313922206465737469643D2232332220736F75726365617474616368706F696E743D223337222064657374617474616368706F696E743D22343022207365676D656E74656469746D6F64653D2230222062656E64706F696E74656469746D6F64653D2230222062656E64706F696E747669736962696C6974793D2230222072656C6174656469643D223022207669727475616C3D2230223E3C706F696E7420783D2232393235302220793D22313038323239222F3E3C706F696E7420783D2232393235302220793D22313130303438222F3E3C706F696E7420783D2232343630302220793D22313130303438222F3E3C706F696E7420783D2232343630302220793D22313130353530222F3E3C2F636F6E6E6563746F723E3C2F646473636F6E74726F6C3E3C646473636F6E74726F6C2073656D616E746963636F6F6B69653D22303133636663323761303363666332372220636F6E74726F6C70726F6769643D224D534444532E546578742E3038302E3122206C6566743D2232393432312220746F703D2231313032323322206C6F676963616C69643D2232352220636F6E74726F6C69643D22323522206D617374657269643D223234222068696E74313D2230222068696E74323D2230222077696474683D223436313322206865696768743D2233313822206E6F726573697A653D223122206E6F6D6F76653D223022206E6F64656661756C74617474616368706F696E74733D223122206175746F647261673D2231222075736564656661756C7469646473686170653D2231222073656C65637461626C653D2231222073686F7773656C656374696F6E68616E646C65733D22312220616C6C6F776E756467696E673D223122206973616E6E6F746174696F6E3D22302220646F6E746175746F6C61796F75743D2231222067726F7570636F6C6C61707365643D2230222074616273746F703D2230222076697369626C653D22302220736E6170746F677269643D2230223E3C636F6E74726F6C3E3C646473786D6C6F626A65637473747265616D696E6974777261707065722062696E6172793D223030303230303030303531323030303033653031303030303033303030303030303030303035303030303830303830303030383030313030303030303135303030313836303030303930303139303566303130303034636263656363653531393030343630303462303035663030363530303731303037353030356630303530303036313030373230303631303035363030363130303663303037353030363530303566303036353030373130303735303035663030353030303631303037323030363130303030303030303030222F3E3C2F636F6E74726F6C3E3C6C61796F75746F626A6563743E3C646473786D6C6F626A2F3E3C2F6C61796F75746F626A6563743E3C73686170652067726F7570736861706569643D2230222067726F75706E6F64653D2230222F3E3C2F646473636F6E74726F6C3E3C646473636F6E74726F6C20636F6E74726F6C70726F6769643D227B36323341433037352D324337372D343837332D383833442D3933304234333634423442437D2220746F6F6C7469703D226571755F4261747465727922206C6566743D2234363530302220746F703D223022206C6F676963616C69643D2232362220636F6E74726F6C69643D22323622206D617374657269643D2230222068696E74313D2230222068696E74323D2230222077696474683D223632383722206865696768743D223931323322206E6F726573697A653D223022206E6F6D6F76653D223022206E6F64656661756C74617474616368706F696E74733D223022206175746F647261673D2230222075736564656661756C7469646473686170653D2230222073656C65637461626C653D2231222073686F7773656C656374696F6E68616E646C65733D22302220616C6C6F776E756467696E673D223122206973616E6E6F746174696F6E3D22302220646F6E746175746F6C61796F75743D2230222067726F7570636F6C6C61707365643D2230222074616273746F703D2231222076697369626C653D22312220736E6170746F677269643D2231223E3C636F6E74726F6C3E3C646473786D6C6F626A65637473747265616D696E6974777261707065722062696E6172793D2232313433333431323038303030303030386631383030303061333233303030303738353633343132303730303030303031343031303030303635303037313030373530303566303034323030363130303734303037343030363530303732303037393030303030306463646235623366656165393639336630303030383033663030303038303366643764363536336664636462356233666561653936393366303030303830336630303030303033663030303030303030303030303030303030303030303030306164616332633365333333333333336630303030303030303030303030303030303030303030303065316530363033643636363636363366303030303030303030303030303030303030303030303030633163303430336330303030383033663030303030303030303030303030303030303030303030303030303030303030306330303030303063383364313232383063303030303030623833383132323830633030303030306330613766653237306330303030303066383632306432383063303030303030323865346232303830633030303030306638636566643237306330303030303035303936666532373063303030303030303033656237323730633030303030303438353866343237306330303030303033306263303832383063303030313030653033333139323830313030303030306130326431393238303130303030303063303330303030303030303030303030303030303030303030313030303030303035303030303030353430303030303032633030303030303263303030303030326330303030303033343030303030303030303030303030303030303030303033383265303030303236323230303030303030303030303032643031303030303064303030303030306330303030303030373030303030303163303130303030353030613030303037303038303030303230303130303030363830313030303066633030303030306130303530303030316330323030303034343031303030303163303230303030616330323030303064343031303030303030303030303030303130303030303038663138303030306133323330303030303030303030303030653030303030303063303030303030303230303030303030323030303030303163303130303030373030383030303030303030303030303031303030303030343031353030303032303035303030303030303030303030303130303030303030313030303030303032303030303030303230303030303031633031303030303530306130303030303130303030303030303030303030303430313530303030653530323030303030303030303030303030303030303030303030303030303030323030303030303032303030303030316330313030303035303061303030303030303030303030303030303030303032343338303030303236323230303030303030303030303030303030303030303064303030303030303430303030303030343030303030303163303130303030353030613030303033303063303030303830303730303030373835363334313230343030303030303630303030303030303130303030303030313030303030303062303030303030303030303030303030313030303030303032303030303030303330303030303030343030303030303035303030303030303630303030303030373030303030303038303030303030303930303030303030613030303030303034303030303030363430303632303036663030303030303063303030303030363530303731303037353030356630303432303036313030373430303734303036353030373230303739303030303030222F3E3C2F636F6E74726F6C3E3C6C61796F75746F626A6563743E3C646473786D6C6F626A3E3C70726F7065727479206E616D653D224163746976655461626C65566965774D6F6465222076616C75653D22312220766172747970653D2238222F3E3C70726F7065727479206E616D653D225461626C65566965774D6F64653A30222076616C75653D22342C302C3238342C302C323634302C312C323136302C352C313434302220766172747970653D2238222F3E3C70726F7065727479206E616D653D225461626C65566965774D6F64653A31222076616C75653D22322C302C3238342C302C323136302220766172747970653D2238222F3E3C70726F7065727479206E616D653D225461626C65566965774D6F64653A32222076616C75653D22322C302C3238342C302C323634302220766172747970653D2238222F3E3C70726F7065727479206E616D653D225461626C65566965774D6F64653A33222076616C75653D22322C302C3238342C302C323634302220766172747970653D2238222F3E3C70726F7065727479206E616D653D225461626C65566965774D6F64653A34222076616C75653D22342C302C3238342C302C323634302C31322C333132302C31312C313932302220766172747970653D2238222F3E3C2F646473786D6C6F626A3E3C2F6C61796F75746F626A6563743E3C73686170652067726F7570736861706569643D2230222067726F75706E6F64653D2230222F3E3C2F646473636F6E74726F6C3E3C646473636F6E74726F6C20636F6E74726F6C70726F6769643D227B36323341433037352D324337372D343837332D383833442D3933304234333634423442437D2220746F6F6C7469703D226571755F446174615479706522206C6566743D2233373530302220746F703D2234353022206C6F676963616C69643D2232372220636F6E74726F6C69643D22323722206D617374657269643D2230222068696E74313D2230222068696E74323D2230222077696474683D223632383722206865696768743D223334303822206E6F726573697A653D223022206E6F6D6F76653D223022206E6F64656661756C74617474616368706F696E74733D223022206175746F647261673D2230222075736564656661756C7469646473686170653D2230222073656C65637461626C653D2231222073686F7773656C656374696F6E68616E646C65733D22302220616C6C6F776E756467696E673D223122206973616E6E6F746174696F6E3D22302220646F6E746175746F6C61796F75743D2230222067726F7570636F6C6C61707365643D2230222074616273746F703D2231222076697369626C653D22312220736E6170746F677269643D2231223E3C636F6E74726F6C3E3C646473786D6C6F626A65637473747265616D696E6974777261707065722062696E6172793D223231343333343132303830303030303038663138303030303530306430303030373835363334313230373030303030303134303130303030363530303731303037353030356630303434303036313030373430303631303035343030373930303730303036353030303030303030303030303030303030306535653465343365396139393939336530303030303030303030303030303030303030303030303061396138613833653030303030303366303030303030303030303030303030303030303030303030616461633263336533333333333333663030303030303030303030303030303030303030303030306531653036303364363636363636336630303030303030303030303030303030303030303030303063316330343033633030303038303366303030303030303030303030303030303030303030303030303030303030303062613532653933323265303030303030373631363035303030303030303130303030303030303030303030303030303030303030303030303030303062623633613530303665303036313030373430303631303037303030373030303566303037373030363930303665303036343030366630303737303037333030356630303631303036643030363430303336303033343030356630303332303035663030333330303566303033393030303030303261303030303030303031313030303030303139303030303030303030303030303030303030303030303030303030303031303030303030303530303030303035343030303030303263303030303030326330303030303032633030303030303334303030303030303030303030303030303030303030303338326530303030633131343030303030303030303030303264303130303030303730303030303030633030303030303037303030303030316330313030303035303061303030303730303830303030323030313030303036383031303030306663303030303030613030353030303031633032303030303434303130303030316330323030303061633032303030306434303130303030303030303030303030313030303030303866313830303030353030643030303030303030303030303034303030303030303430303030303030323030303030303032303030303030316330313030303037303038303030303030303030303030303130303030303034303135303030303230303530303030303030303030303030313030303030303031303030303030303230303030303030323030303030303163303130303030353030613030303030313030303030303030303030303030343031353030303065353032303030303030303030303030303030303030303030303030303030303032303030303030303230303030303031633031303030303530306130303030303030303030303030303030303030303234333830303030323632323030303030303030303030303030303030303030306430303030303030343030303030303034303030303030316330313030303035303061303030303330306330303030383030373030303037383536333431323034303030303030363230303030303030313030303030303031303030303030306230303030303030303030303030303031303030303030303230303030303030333030303030303034303030303030303530303030303030363030303030303037303030303030303830303030303030393030303030303061303030303030303430303030303036343030363230303666303030303030306430303030303036353030373130303735303035663030343430303631303037343030363130303534303037393030373030303635303030303030222F3E3C2F636F6E74726F6C3E3C6C61796F75746F626A6563743E3C646473786D6C6F626A3E3C70726F7065727479206E616D653D224163746976655461626C65566965774D6F6465222076616C75653D22312220766172747970653D2238222F3E3C70726F7065727479206E616D653D225461626C65566965774D6F64653A30222076616C75653D22342C302C3238342C302C323634302C312C323136302C352C313434302220766172747970653D2238222F3E3C70726F7065727479206E616D653D225461626C65566965774D6F64653A31222076616C75653D22322C302C3238342C302C323136302220766172747970653D2238222F3E3C70726F7065727479206E616D653D225461626C65566965774D6F64653A32222076616C75653D22322C302C3238342C302C323634302220766172747970653D2238222F3E3C70726F7065727479206E616D653D225461626C65566965774D6F64653A33222076616C75653D22322C302C3238342C302C323634302220766172747970653D2238222F3E3C70726F7065727479206E616D653D225461626C65566965774D6F64653A34222076616C75653D22342C302C3238342C302C323634302C31322C333132302C31312C313932302220766172747970653D2238222F3E3C2F646473786D6C6F626A3E3C2F6C61796F75746F626A6563743E3C73686170652067726F7570736861706569643D2230222067726F75706E6F64653D2230222F3E3C2F646473636F6E74726F6C3E3C646473636F6E74726F6C20636F6E74726F6C70726F6769643D227B36323341433037352D324337372D343837332D383833442D3933304234333634423442437D2220746F6F6C7469703D226571755F45717569706D656E7447726F757022206C6566743D2235303130302220746F703D2231353732303022206C6F676963616C69643D2232382220636F6E74726F6C69643D22323822206D617374657269643D2230222068696E74313D2230222068696E74323D2230222077696474683D223632383722206865696768743D223238333622206E6F726573697A653D223022206E6F6D6F76653D223022206E6F64656661756C74617474616368706F696E74733D223022206175746F647261673D2230222075736564656661756C7469646473686170653D2230222073656C65637461626C653D2231222073686F7773656C656374696F6E68616E646C65733D22302220616C6C6F776E756467696E673D223122206973616E6E6F746174696F6E3D22302220646F6E746175746F6C61796F75743D2230222067726F7570636F6C6C61707365643D2230222074616273746F703D2231222076697369626C653D22312220736E6170746F677269643D2231223E3C636F6E74726F6C3E3C646473786D6C6F626A65637473747265616D696E6974777261707065722062696E6172793D223231343333343132303830303030303038663138303030303134306230303030373835363334313230373030303030303134303130303030363530303731303037353030356630303435303037313030373530303639303037303030366430303635303036653030373430303437303037323030366630303735303037303030303030303136303030303030303061303030303030303030326130303030303030303030303032306330346131303264326330303030303032623030303030303030323030303030303030303063303030303030303030303030323034306661306232383664303030303030366330303030303030303230303030303030303031633030303030303030303030303230303030303030303036643030303030303663303030303030303032303030303030303030313230303030303030303030303032303030303030303030303030303030303030303030303030303030323030303030303030303233303030303030303030303030323030303030303030303030303030303030303030303030303030303230303030303030303031343030303030303030303030303230303030303030303030303030303030303030303030303030303032303363333330663264323530303030303030303030303032303030303030303030303030303030303030303030303030303030613030303030303030303362303030303030303030303030323030303030303030303030303030303030303030303031303030303030303530303030303035343030303030303263303030303030326330303030303032633030303030303334303030303030303030303030303030303030303030303338326530303030633131343030303030303030303030303264303130303030303730303030303030633030303030303037303030303030316330313030303035303061303030303730303830303030363030303030303037383030303030303534303030303030613030353030303062343030303030303663303030303030623430303030303065343030303030303963303030303030303030303030303030313030303030303866313830303030313430623030303030303030303030303033303030303030303330303030303030323030303030303032303030303030316330313030303036303039303030303030303030303030303130303030303034303135303030303230303530303030303030303030303030313030303030303031303030303030303230303030303030323030303030303163303130303030353030613030303030313030303030303030303030303030343031353030303065353032303030303030303030303030303030303030303030303030303030303032303030303030303230303030303031633031303030303530306130303030303030303030303030303030303030303234333830303030323632323030303030303030303030303030303030303030306430303030303030343030303030303034303030303030316330313030303035303061303030303330306330303030383030373030303037383536333431323034303030303030366530303030303030313030303030303031303030303030306230303030303030303030303030303031303030303030303230303030303030333030303030303034303030303030303530303030303030363030303030303037303030303030303830303030303030393030303030303061303030303030303430303030303036343030363230303666303030303030313330303030303036353030373130303735303035663030343530303731303037353030363930303730303036643030363530303665303037343030343730303732303036663030373530303730303030303030222F3E3C2F636F6E74726F6C3E3C6C61796F75746F626A6563743E3C646473786D6C6F626A3E3C70726F7065727479206E616D653D224163746976655461626C65566965774D6F6465222076616C75653D22312220766172747970653D2238222F3E3C70726F7065727479206E616D653D225461626C65566965774D6F64653A30222076616C75653D22342C302C3238342C302C323634302C312C323136302C352C313434302220766172747970653D2238222F3E3C70726F7065727479206E616D653D225461626C65566965774D6F64653A31222076616C75653D22322C302C3238342C302C323430302220766172747970653D2238222F3E3C70726F7065727479206E616D653D225461626C65566965774D6F64653A32222076616C75653D22322C302C3238342C302C323634302220766172747970653D2238222F3E3C70726F7065727479206E616D653D225461626C65566965774D6F64653A33222076616C75653D22322C302C3238342C302C323634302220766172747970653D2238222F3E3C70726F7065727479206E616D653D225461626C65566965774D6F64653A34222076616C75653D22342C302C3238342C302C323634302C31322C333132302C31312C313932302220766172747970653D2238222F3E3C2F646473786D6C6F626A3E3C2F6C61796F75746F626A6563743E3C73686170652067726F7570736861706569643D2230222067726F75706E6F64653D2230222F3E3C2F646473636F6E74726F6C3E3C646473636F6E74726F6C2073656D616E746963636F6F6B69653D223031303030303030303130303030303036343030363230303666303030303030343630303462303035663030363530303731303037353030356630303435303037313030373530303639303037303030366430303635303036653030373430303437303037323030366630303735303037303030356630303435303037313030373530303639303037303030366430303635303036653030373430303566303034643030363130303730303035663030363530303731303037353030356630303435303037313030373530303639303037303030366430303635303036653030373430303437303037323030366630303735303037303030303030302220636F6E74726F6C70726F6769643D224D534444532E506F6C796C696E652E3038302E312220746F6F6C7469703D22E2809C6571755F45717569706D656E7447726F7570E2809DE4B88EE2809C6571755F45717569706D656E7447726F75705F45717569706D656E745F4D6170E2809DE4B98BE997B4E79A84E585B3E7B3BBE2809C464B5F6571755F45717569706D656E7447726F75705F45717569706D656E745F4D61705F6571755F45717569706D656E7447726F7570E2809D22206C6566743D2235363038372220746F703D2231353831343322206C6F676963616C69643D2232392220636F6E74726F6C69643D22323922206D617374657269643D2230222068696E74313D2230222068696E74323D2230222077696474683D223238363322206865696768743D2238313522206E6F726573697A653D223022206E6F6D6F76653D223022206E6F64656661756C74617474616368706F696E74733D223122206175746F647261673D2230222075736564656661756C7469646473686170653D2230222073656C65637461626C653D2231222073686F7773656C656374696F6E68616E646C65733D22302220616C6C6F776E756467696E673D223122206973616E6E6F746174696F6E3D22302220646F6E746175746F6C61796F75743D2230222067726F7570636F6C6C61707365643D2230222074616273746F703D2231222076697369626C653D22312220736E6170746F677269643D2230223E3C636F6E74726F6C3E3C646473786D6C6F626A3E3C706F6C796C696E6520656E64747970656473743D22302220656E64747970657372633D2232222075736572636F6C6F723D22313537393033323022206C696E657374796C653D223022206C696E6572656E6465723D22302220637573746F6D656E647479706564737469643D22302220637573746F6D656E647479706573726369643D2230222061646F726E7376697369626C653D2231223E3C61646F726E6D656E742070657263656E74706F733D2236342E323737313138373839373534322220636F6E74726F6C69643D223330222077696474683D223939363622206865696768743D223331382220736964653D223022206265686176696F723D2233222068696D65747269633D223134353422206469737466726F6D6C696E653D22313735222073746172746F626A3D22302220783D2235313433372220793D22313538373235222076697369626C653D22302220616C6C6F776F7665726C61703D2231222075736570657263656E743D2231222F3E3C2F706F6C796C696E653E3C2F646473786D6C6F626A3E3C2F636F6E74726F6C3E3C6C61796F75746F626A6563743E3C646473786D6C6F626A2F3E3C2F6C61796F75746F626A6563743E3C636F6E6E6563746F7220736F7572636569643D22323822206465737469643D22382220736F75726365617474616368706F696E743D223939222064657374617474616368706F696E743D2231323822207365676D656E74656469746D6F64653D2230222062656E64706F696E74656469746D6F64653D2230222062656E64706F696E747669736962696C6974793D2230222072656C6174656469643D223022207669727475616C3D2230223E3C706F696E7420783D2235363338372220793D22313538353530222F3E3C706F696E7420783D2235383635302220793D22313538353530222F3E3C2F636F6E6E6563746F723E3C2F646473636F6E74726F6C3E3C646473636F6E74726F6C2073656D616E746963636F6F6B69653D22303133666663323765303366666332372220636F6E74726F6C70726F6769643D224D534444532E546578742E3038302E3122206C6566743D2235313433372220746F703D2231353837323522206C6F676963616C69643D2233302220636F6E74726F6C69643D22333022206D617374657269643D223239222068696E74313D2230222068696E74323D2230222077696474683D223939363622206865696768743D2233313822206E6F726573697A653D223122206E6F6D6F76653D223022206E6F64656661756C74617474616368706F696E74733D223122206175746F647261673D2231222075736564656661756C7469646473686170653D2231222073656C65637461626C653D2231222073686F7773656C656374696F6E68616E646C65733D22312220616C6C6F776E756467696E673D223122206973616E6E6F746174696F6E3D22302220646F6E746175746F6C61796F75743D2231222067726F7570636F6C6C61707365643D2230222074616273746F703D2230222076697369626C653D22302220736E6170746F677269643D2230223E3C636F6E74726F6C3E3C646473786D6C6F626A65637473747265616D696E6974777261707065722062696E6172793D2230303032303030306565323630303030336530313030303030333030303030303030303030353030303038303038303030303830303130303030303031353030303138363030303039303031393035663031303030346362636563636535333630303436303034623030356630303635303037313030373530303566303034353030373130303735303036393030373030303664303036353030366530303734303034373030373230303666303037353030373030303566303034353030373130303735303036393030373030303664303036353030366530303734303035663030346430303631303037303030356630303635303037313030373530303566303034353030373130303735303036393030373030303664303036353030366530303734303034373030373230303666303037353030373030303030303030303030222F3E3C2F636F6E74726F6C3E3C6C61796F75746F626A6563743E3C646473786D6C6F626A2F3E3C2F6C61796F75746F626A6563743E3C73686170652067726F7570736861706569643D2230222067726F75706E6F64653D2230222F3E3C2F646473636F6E74726F6C3E3C646473636F6E74726F6C20636F6E74726F6C70726F6769643D227B36323341433037352D324337372D343837332D383833442D3933304234333634423442437D2220746F6F6C7469703D226571755F45717569706D656E745061726122206C6566743D2232363430302220746F703D22393636303022206C6F676963616C69643D2233312220636F6E74726F6C69643D22333122206D617374657269643D2230222068696E74313D2230222068696E74323D2230222077696474683D223632383722206865696768743D223531323222206E6F726573697A653D223022206E6F6D6F76653D223022206E6F64656661756C74617474616368706F696E74733D223022206175746F647261673D2230222075736564656661756C7469646473686170653D2230222073656C65637461626C653D2231222073686F7773656C656374696F6E68616E646C65733D22302220616C6C6F776E756467696E673D223122206973616E6E6F746174696F6E3D22302220646F6E746175746F6C61796F75743D2230222067726F7570636F6C6C61707365643D2230222074616273746F703D2231222076697369626C653D22312220736E6170746F677269643D2231223E3C636F6E74726F6C3E3C646473786D6C6F626A65637473747265616D696E6974777261707065722062696E6172793D2232313433333431323038303030303030386631383030303030323134303030303738353633343132303730303030303031343031303030303635303037313030373530303566303034353030373130303735303036393030373030303664303036353030366530303734303035303030363130303732303036313030303030303030303030303030303035303030333130303030303030303030303030303030303031303030353537333635373237333030336330303039303030343030656662653030303030303030303030303030303032653030303030303030303030303030303030303030303030303030303030303030303030303030303030303030303030303030303030303030303035353030373330303635303037323030373330303030303031343030353030303331303030303030303030303030303030303030313030303331333633363338333330303363303030393030303430306566626530303030303030303030303030303030326530303030303030303030303030303030303030303030303030303030303030303030303030303030303030303030303030303030303030303030333130303336303033363030333830303333303030303030313430303632303033313030303030303030303062353532393233613131303034343666363337353664363536653734373330303461303030393030303430306566626534323532346435666263303030303030303030303030303030303030303030313030303030303035303030303030353430303030303032633030303030303263303030303030326330303030303033343030303030303030303030303030303030303030303033383265303030303338313930303030303030303030303032643031303030303039303030303030306330303030303030373030303030303163303130303030353030613030303037303038303030303230303130303030363830313030303066633030303030306130303530303030316330323030303034343031303030303163303230303030616330323030303064343031303030303030303030303030303130303030303038663138303030303032313430303030303030303030303030373030303030303037303030303030303230303030303030323030303030303163303130303030373030383030303030303030303030303031303030303030343031353030303035633037303030303030303030303030303230303030303030323030303030303032303030303030303230303030303031633031303030303530306130303030303130303030303030303030303030303430313530303030653530323030303030303030303030303030303030303030303030303030303030323030303030303032303030303030316330313030303035303061303030303030303030303030303030303030303032343338303030303236323230303030303030303030303030303030303030303064303030303030303430303030303030343030303030303163303130303030353030613030303033303063303030303830303730303030373835363334313230343030303030303663303030303030303130303030303030313030303030303062303030303030303030303030303030313030303030303032303030303030303330303030303030343030303030303035303030303030303630303030303030373030303030303038303030303030303930303030303030613030303030303034303030303030363430303632303036663030303030303132303030303030363530303731303037353030356630303435303037313030373530303639303037303030366430303635303036653030373430303530303036313030373230303631303030303030222F3E3C2F636F6E74726F6C3E3C6C61796F75746F626A6563743E3C646473786D6C6F626A3E3C70726F7065727479206E616D653D224163746976655461626C65566965774D6F6465222076616C75653D22312220766172747970653D2238222F3E3C70726F7065727479206E616D653D225461626C65566965774D6F64653A30222076616C75653D22342C302C3238342C302C323634302C312C323136302C352C313434302220766172747970653D2238222F3E3C70726F7065727479206E616D653D225461626C65566965774D6F64653A31222076616C75653D22322C302C3238342C302C323136302220766172747970653D2238222F3E3C70726F7065727479206E616D653D225461626C65566965774D6F64653A32222076616C75653D22322C302C3238342C302C323634302220766172747970653D2238222F3E3C70726F7065727479206E616D653D225461626C65566965774D6F64653A33222076616C75653D22322C302C3238342C302C323634302220766172747970653D2238222F3E3C70726F7065727479206E616D653D225461626C65566965774D6F64653A34222076616C75653D22342C302C3238342C302C323634302C31322C333132302C31312C313932302220766172747970653D2238222F3E3C2F646473786D6C6F626A3E3C2F6C61796F75746F626A6563743E3C73686170652067726F7570736861706569643D2230222067726F75706E6F64653D2230222F3E3C2F646473636F6E74726F6C3E3C646473636F6E74726F6C2073656D616E746963636F6F6B69653D22303136383332373630313030303030303634303036323030366630303030303034363030346230303566303036353030373130303735303035663030343530303731303037353030363930303730303036643030363530303665303037343030353030303631303037323030363130303566303036353030373130303735303035663030343530303731303037353030363930303730303036643030363530303665303037343030303030302220636F6E74726F6C70726F6769643D224D534444532E506F6C796C696E652E3038302E312220746F6F6C7469703D22E2809C6571755F45717569706D656E74E2809DE4B88EE2809C6571755F45717569706D656E7450617261E2809DE4B98BE997B4E79A84E585B3E7B3BBE2809C464B5F6571755F45717569706D656E74506172615F6571755F45717569706D656E74E2809D22206C6566743D2233323338372220746F703D22393837373122206C6F676963616C69643D2233322220636F6E74726F6C69643D22333222206D617374657269643D2230222068696E74313D2230222068696E74323D2230222077696474683D22313135363322206865696768743D22313930383722206E6F726573697A653D223022206E6F6D6F76653D223022206E6F64656661756C74617474616368706F696E74733D223122206175746F647261673D2230222075736564656661756C7469646473686170653D2230222073656C65637461626C653D2231222073686F7773656C656374696F6E68616E646C65733D22302220616C6C6F776E756467696E673D223122206973616E6E6F746174696F6E3D22302220646F6E746175746F6C61796F75743D2230222067726F7570636F6C6C61707365643D2230222074616273746F703D2231222076697369626C653D22312220736E6170746F677269643D2230223E3C636F6E74726F6C3E3C646473786D6C6F626A3E3C706F6C796C696E6520656E64747970656473743D22302220656E64747970657372633D2232222075736572636F6C6F723D22313537393033323022206C696E657374796C653D223022206C696E6572656E6465723D22302220637573746F6D656E647479706564737469643D22302220637573746F6D656E647479706573726369643D2230222061646F726E7376697369626C653D2231223E3C61646F726E6D656E742070657263656E74706F733D2234392E393938303430323134373932352220636F6E74726F6C69643D223333222077696474683D223632373522206865696768743D223331382220736964653D223022206265686176696F723D2233222068696D65747269633D22313436333022206469737466726F6D6C696E653D22313735222073746172746F626A3D22302220783D2234323138352220793D22313033393637222076697369626C653D22302220616C6C6F776F7665726C61703D2231222075736570657263656E743D2231222F3E3C2F706F6C796C696E653E3C2F646473786D6C6F626A3E3C2F636F6E74726F6C3E3C6C61796F75746F626A6563743E3C646473786D6C6F626A2F3E3C2F6C61796F75746F626A6563743E3C636F6E6E6563746F7220736F7572636569643D223322206465737469643D2233312220736F75726365617474616368706F696E743D22313830222064657374617474616368706F696E743D2231313522207365676D656E74656469746D6F64653D2230222062656E64706F696E74656469746D6F64653D2230222062656E64706F696E747669736962696C6974793D2230222072656C6174656469643D223022207669727475616C3D2230223E3C706F696E7420783D2234333635302220793D22313137343530222F3E3C706F696E7420783D2234323031302220793D22313137343530222F3E3C706F696E7420783D2234323031302220793D223939313530222F3E3C706F696E7420783D2233323638372220793D223939313530222F3E3C2F636F6E6E6563746F723E3C2F646473636F6E74726F6C3E3C646473636F6E74726F6C2073656D616E746963636F6F6B69653D22303133666663323761303366666332372220636F6E74726F6C70726F6769643D224D534444532E546578742E3038302E3122206C6566743D2234323138352220746F703D2231303339363722206C6F676963616C69643D2233332220636F6E74726F6C69643D22333322206D617374657269643D223332222068696E74313D2230222068696E74323D2230222077696474683D223632373522206865696768743D2233313822206E6F726573697A653D223122206E6F6D6F76653D223022206E6F64656661756C74617474616368706F696E74733D223122206175746F647261673D2231222075736564656661756C7469646473686170653D2231222073656C65637461626C653D2231222073686F7773656C656374696F6E68616E646C65733D22312220616C6C6F776E756467696E673D223122206973616E6E6F746174696F6E3D22302220646F6E746175746F6C61796F75743D2231222067726F7570636F6C6C61707365643D2230222074616273746F703D2230222076697369626C653D22302220736E6170746F677269643D2230223E3C636F6E74726F6C3E3C646473786D6C6F626A65637473747265616D696E6974777261707065722062696E6172793D223030303230303030383331383030303033653031303030303033303030303030303030303035303030303830303830303030383030313030303030303135303030313836303030303930303139303566303130303034636263656363653532323030343630303462303035663030363530303731303037353030356630303435303037313030373530303639303037303030366430303635303036653030373430303530303036313030373230303631303035663030363530303731303037353030356630303435303037313030373530303639303037303030366430303635303036653030373430303030303030303030222F3E3C2F636F6E74726F6C3E3C6C61796F75746F626A6563743E3C646473786D6C6F626A2F3E3C2F6C61796F75746F626A6563743E3C73686170652067726F7570736861706569643D2230222067726F75706E6F64653D2230222F3E3C2F646473636F6E74726F6C3E3C646473636F6E74726F6C2073656D616E746963636F6F6B69653D2230313466663937373031303030303030363430303632303036663030303030303436303034623030356630303635303037313030373530303566303034353030373130303735303036393030373030303664303036353030366530303734303035303030363130303732303036313030356630303635303037313030373530303566303035303030363130303732303036313030303030302220636F6E74726F6C70726F6769643D224D534444532E506F6C796C696E652E3038302E312220746F6F6C7469703D22E2809C6571755F50617261E2809DE4B88EE2809C6571755F45717569706D656E7450617261E2809DE4B98BE997B4E79A84E585B3E7B3BBE2809C464B5F6571755F45717569706D656E74506172615F6571755F50617261E2809D22206C6566743D2232393134332220746F703D2231303130323322206C6F676963616C69643D2233342220636F6E74726F6C69643D22333422206D617374657269643D2230222068696E74313D2230222068696E74323D2230222077696474683D2238313522206865696768743D223339323322206E6F726573697A653D223022206E6F6D6F76653D223022206E6F64656661756C74617474616368706F696E74733D223122206175746F647261673D2230222075736564656661756C7469646473686170653D2230222073656C65637461626C653D2231222073686F7773656C656374696F6E68616E646C65733D22302220616C6C6F776E756467696E673D223122206973616E6E6F746174696F6E3D22302220646F6E746175746F6C61796F75743D2230222067726F7570636F6C6C61707365643D2230222074616273746F703D2231222076697369626C653D22312220736E6170746F677269643D2230223E3C636F6E74726F6C3E3C646473786D6C6F626A3E3C706F6C796C696E6520656E64747970656473743D22302220656E64747970657372633D2232222075736572636F6C6F723D22313537393033323022206C696E657374796C653D223022206C696E6572656E6465723D22302220637573746F6D656E647479706564737469643D22302220637573746F6D656E647479706573726369643D2230222061646F726E7376697369626C653D2231223E3C61646F726E6D656E742070657263656E74706F733D2236332E3135353236373039393335312220636F6E74726F6C69643D223335222077696474683D223533353222206865696768743D223331382220736964653D223022206265686176696F723D2233222068696D65747269633D223135393622206469737466726F6D6C696E653D22313735222073746172746F626A3D22302220783D2232393732352220793D22313032353336222076697369626C653D22302220616C6C6F776F7665726C61703D2231222075736570657263656E743D2231222F3E3C2F706F6C796C696E653E3C2F646473786D6C6F626A3E3C2F636F6E74726F6C3E3C6C61796F75746F626A6563743E3C646473786D6C6F626A2F3E3C2F6C61796F75746F626A6563743E3C636F6E6E6563746F7220736F7572636569643D22313922206465737469643D2233312220736F75726365617474616368706F696E743D223430222064657374617474616368706F696E743D22343122207365676D656E74656469746D6F64653D2230222062656E64706F696E74656469746D6F64653D2230222062656E64706F696E747669736962696C6974793D2230222072656C6174656469643D223022207669727475616C3D2230223E3C706F696E7420783D2232393535302220793D22313034323530222F3E3C706F696E7420783D2232393535302220793D22313031373232222F3E3C2F636F6E6E6563746F723E3C2F646473636F6E74726F6C3E3C646473636F6E74726F6C2073656D616E746963636F6F6B69653D22303134346663323736303434666332372220636F6E74726F6C70726F6769643D224D534444532E546578742E3038302E3122206C6566743D2232393732352220746F703D2231303235333622206C6F676963616C69643D2233352220636F6E74726F6C69643D22333522206D617374657269643D223334222068696E74313D2230222068696E74323D2230222077696474683D223533353222206865696768743D2233313822206E6F726573697A653D223122206E6F6D6F76653D223022206E6F64656661756C74617474616368706F696E74733D223122206175746F647261673D2231222075736564656661756C7469646473686170653D2231222073656C65637461626C653D2231222073686F7773656C656374696F6E68616E646C65733D22312220616C6C6F776E756467696E673D223122206973616E6E6F746174696F6E3D22302220646F6E746175746F6C61796F75743D2231222067726F7570636F6C6C61707365643D2230222074616273746F703D2230222076697369626C653D22302220736E6170746F677269643D2230223E3C636F6E74726F6C3E3C646473786D6C6F626A65637473747265616D696E6974777261707065722062696E6172793D22303030323030303065383134303030303365303130303030303330303030303030303030303530303030383030383030303038303031303030303030313530303031383630303030393030313930356630313030303463626365636365353164303034363030346230303566303036353030373130303735303035663030343530303731303037353030363930303730303036643030363530303665303037343030353030303631303037323030363130303566303036353030373130303735303035663030353030303631303037323030363130303030303030303030222F3E3C2F636F6E74726F6C3E3C6C61796F75746F626A6563743E3C646473786D6C6F626A2F3E3C2F6C61796F75746F626A6563743E3C73686170652067726F7570736861706569643D2230222067726F75706E6F64653D2230222F3E3C2F646473636F6E74726F6C3E3C646473636F6E74726F6C20636F6E74726F6C70726F6769643D227B36323341433037352D324337372D343837332D383833442D3933304234333634423442437D2220746F6F6C7469703D226571755F45717569706D656E745061726156616C756552616E676522206C6566743D2233303135302220746F703D2231313035353022206C6F676963616C69643D2233362220636F6E74726F6C69643D22333622206D617374657269643D2230222068696E74313D2230222068696E74323D2230222077696474683D223734353122206865696768743D223238333622206E6F726573697A653D223022206E6F6D6F76653D223022206E6F64656661756C74617474616368706F696E74733D223022206175746F647261673D2230222075736564656661756C7469646473686170653D2230222073656C65637461626C653D2231222073686F7773656C656374696F6E68616E646C65733D22302220616C6C6F776E756467696E673D223122206973616E6E6F746174696F6E3D22302220646F6E746175746F6C61796F75743D2230222067726F7570636F6C6C61707365643D2230222074616273746F703D2231222076697369626C653D22312220736E6170746F677269643D2231223E3C636F6E74726F6C3E3C646473786D6C6F626A65637473747265616D696E6974777261707065722062696E6172793D223231343333343132303830303030303031623164303030303134306230303030373835363334313230373030303030303134303130303030363530303731303037353030356630303435303037313030373530303639303037303030366430303635303036653030373430303530303036313030373230303631303035363030363130303663303037353030363530303532303036313030366530303637303036353030303030303030303030303366303030303030303030303030303030303030303030303030616461633263336533333333333333663030303030303030303030303030303030303030303030306531653036303364363636363636336630303030303030303030303030303030303030303030303063316330343033633030303038303366303030303030303030303030303030303030303030303030303030303030303033363336333833333030336330303039303030343030656662653030303030303030303030303030303032653030303030303030303030303030303030303030303030303030303030303030303030303030303030303030303030303030303030303030303033313030333630303336303033383030333330303030303031343030366330303331303030303030303030303432353265303630333130343466366536353434373236393736363530303030353430303039303030343030656662653432353263653630343230303030303030303030303030303030303030303031303030303030303530303030303035343030303030303263303030303030326330303030303032633030303030303334303030303030303030303030303030303030303030303338326530303030633131343030303030303030303030303264303130303030303730303030303030633030303030303037303030303030316330313030303035303061303030303730303830303030633030303030303066303030303030306138303030303030613030353030303036383031303030306438303030303030363830313030303063383031303030303338303130303030303030303030303030313030303030303162316430303030313430623030303030303030303030303033303030303030303330303030303030323030303030303032303030303030316330313030303064343064303030303030303030303030303130303030303034303135303030303937303930303030303030303030303030333030303030303033303030303030303230303030303030323030303030303163303130303030353030613030303030313030303030303030303030303030343031353030303065353032303030303030303030303030303030303030303030303030303030303032303030303030303230303030303031633031303030303530306130303030303030303030303030303030303030303234333830303030323632323030303030303030303030303030303030303030306430303030303030343030303030303034303030303030316330313030303035303061303030303330306330303030383030373030303037383536333431323034303030303030383030303030303030313030303030303031303030303030306230303030303030303030303030303031303030303030303230303030303030333030303030303034303030303030303530303030303030363030303030303037303030303030303830303030303030393030303030303061303030303030303430303030303036343030363230303666303030303030316330303030303036353030373130303735303035663030343530303731303037353030363930303730303036643030363530303665303037343030353030303631303037323030363130303536303036313030366330303735303036353030353230303631303036653030363730303635303030303030222F3E3C2F636F6E74726F6C3E3C6C61796F75746F626A6563743E3C646473786D6C6F626A3E3C70726F7065727479206E616D653D224163746976655461626C65566965774D6F6465222076616C75653D22312220766172747970653D2238222F3E3C70726F7065727479206E616D653D225461626C65566965774D6F64653A30222076616C75653D22342C302C3238342C302C323634302C312C323136302C352C313434302220766172747970653D2238222F3E3C70726F7065727479206E616D653D225461626C65566965774D6F64653A31222076616C75653D22322C302C3238342C302C333534302220766172747970653D2238222F3E3C70726F7065727479206E616D653D225461626C65566965774D6F64653A32222076616C75653D22322C302C3238342C302C323634302220766172747970653D2238222F3E3C70726F7065727479206E616D653D225461626C65566965774D6F64653A33222076616C75653D22322C302C3238342C302C323634302220766172747970653D2238222F3E3C70726F7065727479206E616D653D225461626C65566965774D6F64653A34222076616C75653D22342C302C3238342C302C323634302C31322C333132302C31312C313932302220766172747970653D2238222F3E3C2F646473786D6C6F626A3E3C2F6C61796F75746F626A6563743E3C73686170652067726F7570736861706569643D2230222067726F75706E6F64653D2230222F3E3C2F646473636F6E74726F6C3E3C646473636F6E74726F6C2073656D616E746963636F6F6B69653D2230313138326436303031303030303030363430303632303036663030303030303436303034623030356630303635303037313030373530303566303034353030373130303735303036393030373030303664303036353030366530303734303035303030363130303732303036313030353630303631303036633030373530303635303035323030363130303665303036373030363530303566303036353030373130303735303035663030343530303731303037353030363930303730303036643030363530303665303037343030303030302220636F6E74726F6C70726F6769643D224D534444532E506F6C796C696E652E3038302E312220746F6F6C7469703D22E2809C6571755F45717569706D656E74E2809DE4B88EE2809C6571755F45717569706D656E745061726156616C756552616E6765E2809DE4B98BE997B4E79A84E585B3E7B3BBE2809C464B5F6571755F45717569706D656E745061726156616C756552616E67655F6571755F45717569706D656E74E2809D22206C6566743D2233373330312220746F703D2231313135323122206C6F676963616C69643D2233372220636F6E74726F6C69643D22333722206D617374657269643D2230222068696E74313D2230222068696E74323D2230222077696474683D223636343922206865696768743D223637383722206E6F726573697A653D223022206E6F6D6F76653D223022206E6F64656661756C74617474616368706F696E74733D223122206175746F647261673D2230222075736564656661756C7469646473686170653D2230222073656C65637461626C653D2231222073686F7773656C656374696F6E68616E646C65733D22302220616C6C6F776E756467696E673D223122206973616E6E6F746174696F6E3D22302220646F6E746175746F6C61796F75743D2230222067726F7570636F6C6C61707365643D2230222074616273746F703D2231222076697369626C653D22312220736E6170746F677269643D2230223E3C636F6E74726F6C3E3C646473786D6C6F626A3E3C706F6C796C696E6520656E64747970656473743D22302220656E64747970657372633D2232222075736572636F6C6F723D22313537393033323022206C696E657374796C653D223022206C696E6572656E6465723D22302220637573746F6D656E647479706564737469643D22302220637573746F6D656E647479706573726369643D2230222061646F726E7376697369626C653D2231223E3C61646F726E6D656E742070657263656E74706F733D2234392E393938333038363936363831372220636F6E74726F6C69643D223338222077696474683D223831323122206865696768743D223331382220736964653D223122206265686176696F723D2233222068696D65747269633D223630323422206469737466726F6D6C696E653D22313735222073746172746F626A3D22302220783D2233333533342220793D22313133383731222076697369626C653D22302220616C6C6F776F7665726C61703D2231222075736570657263656E743D2231222F3E3C2F706F6C796C696E653E3C2F646473786D6C6F626A3E3C2F636F6E74726F6C3E3C6C61796F75746F626A6563743E3C646473786D6C6F626A2F3E3C2F6C61796F75746F626A6563743E3C636F6E6E6563746F7220736F7572636569643D223322206465737469643D2233362220736F75726365617474616368706F696E743D22313836222064657374617474616368706F696E743D2231313322207365676D656E74656469746D6F64653D2230222062656E64706F696E74656469746D6F64653D2230222062656E64706F696E747669736962696C6974793D2230222072656C6174656469643D223022207669727475616C3D2230223E3C706F696E7420783D2234333635302220793D22313137393030222F3E3C706F696E7420783D2234313833302220793D22313137393030222F3E3C706F696E7420783D2234313833302220793D22313131393030222F3E3C706F696E7420783D2233373630312220793D22313131393030222F3E3C2F636F6E6E6563746F723E3C2F646473636F6E74726F6C3E3C646473636F6E74726F6C2073656D616E746963636F6F6B69653D22303134326663323765303432666332372220636F6E74726F6C70726F6769643D224D534444532E546578742E3038302E3122206C6566743D2233333533342220746F703D2231313338373122206C6F676963616C69643D2233382220636F6E74726F6C69643D22333822206D617374657269643D223337222068696E74313D2230222068696E74323D2230222077696474683D223831323122206865696768743D2233313822206E6F726573697A653D223122206E6F6D6F76653D223022206E6F64656661756C74617474616368706F696E74733D223122206175746F647261673D2231222075736564656661756C7469646473686170653D2231222073656C65637461626C653D2231222073686F7773656C656374696F6E68616E646C65733D22312220616C6C6F776E756467696E673D223122206973616E6E6F746174696F6E3D22302220646F6E746175746F6C61796F75743D2231222067726F7570636F6C6C61707365643D2230222074616273746F703D2230222076697369626C653D22302220736E6170746F677269643D2230223E3C636F6E74726F6C3E3C646473786D6C6F626A65637473747265616D696E6974777261707065722062696E6172793D22303030323030303062393166303030303365303130303030303330303030303030303030303530303030383030383030303038303031303030303030313530303031383630303030393030313930356630313030303463626365636365353263303034363030346230303566303036353030373130303735303035663030343530303731303037353030363930303730303036643030363530303665303037343030353030303631303037323030363130303536303036313030366330303735303036353030353230303631303036653030363730303635303035663030363530303731303037353030356630303435303037313030373530303639303037303030366430303635303036653030373430303030303030303030222F3E3C2F636F6E74726F6C3E3C6C61796F75746F626A6563743E3C646473786D6C6F626A2F3E3C2F6C61796F75746F626A6563743E3C73686170652067726F7570736861706569643D2230222067726F75706E6F64653D2230222F3E3C2F646473636F6E74726F6C3E3C646473636F6E74726F6C2073656D616E746963636F6F6B69653D223031313632643630303130303030303036343030363230303666303030303030343630303462303035663030363530303731303037353030356630303435303037313030373530303639303037303030366430303635303036653030373430303530303036313030373230303631303035363030363130303663303037353030363530303532303036313030366530303637303036353030356630303635303037313030373530303566303035303030363130303732303036313030303030302220636F6E74726F6C70726F6769643D224D534444532E506F6C796C696E652E3038302E312220746F6F6C7469703D22E2809C6571755F50617261E2809DE4B88EE2809C6571755F45717569706D656E745061726156616C756552616E6765E2809DE4B98BE997B4E79A84E585B3E7B3BBE2809C464B5F6571755F45717569706D656E745061726156616C756552616E67655F6571755F50617261E2809D22206C6566743D2232393239332220746F703D2231303735333422206C6F676963616C69643D2233392220636F6E74726F6C69643D22333922206D617374657269643D2230222068696E74313D2230222068696E74323D2230222077696474683D223439383722206865696768743D223337313622206E6F726573697A653D223022206E6F6D6F76653D223022206E6F64656661756C74617474616368706F696E74733D223122206175746F647261673D2230222075736564656661756C7469646473686170653D2230222073656C65637461626C653D2231222073686F7773656C656374696F6E68616E646C65733D22302220616C6C6F776E756467696E673D223122206973616E6E6F746174696F6E3D22302220646F6E746175746F6C61796F75743D2230222067726F7570636F6C6C61707365643D2230222074616273746F703D2231222076697369626C653D22312220736E6170746F677269643D2230223E3C636F6E74726F6C3E3C646473786D6C6F626A3E3C706F6C796C696E6520656E64747970656473743D22302220656E64747970657372633D2232222075736572636F6C6F723D22313537393033323022206C696E657374796C653D223022206C696E6572656E6465723D22302220637573746F6D656E647479706564737469643D22302220637573746F6D656E647479706573726369643D2230222061646F726E7376697369626C653D2231223E3C61646F726E6D656E742070657263656E74706F733D2236352E333134353932343430393237352220636F6E74726F6C69643D223430222077696474683D223731393822206865696768743D223331382220736964653D223022206265686176696F723D2233222068696D65747269633D223432353922206469737466726F6D6C696E653D22313735222073746172746F626A3D22302220783D2232343736372220793D22313130323233222076697369626C653D22302220616C6C6F776F7665726C61703D2231222075736570657263656E743D2231222F3E3C2F706F6C796C696E653E3C2F646473786D6C6F626A3E3C2F636F6E74726F6C3E3C6C61796F75746F626A6563743E3C646473786D6C6F626A2F3E3C2F6C61796F75746F626A6563743E3C636F6E6E6563746F7220736F7572636569643D22313922206465737469643D2233362220736F75726365617474616368706F696E743D223433222064657374617474616368706F696E743D22343822207365676D656E74656469746D6F64653D2230222062656E64706F696E74656469746D6F64653D2230222062656E64706F696E747669736962696C6974793D2230222072656C6174656469643D223022207669727475616C3D2230223E3C706F696E7420783D2232393730302220793D22313038323239222F3E3C706F696E7420783D2232393730302220793D22313130303438222F3E3C706F696E7420783D2233333930302220793D22313130303438222F3E3C706F696E7420783D2233333930302220793D22313130353530222F3E3C2F636F6E6E6563746F723E3C2F646473636F6E74726F6C3E3C646473636F6E74726F6C2073656D616E746963636F6F6B69653D22303133666663323736303366666332372220636F6E74726F6C70726F6769643D224D534444532E546578742E3038302E3122206C6566743D2232343736372220746F703D2231313032323322206C6F676963616C69643D2234302220636F6E74726F6C69643D22343022206D617374657269643D223339222068696E74313D2230222068696E74323D2230222077696474683D223731393822206865696768743D2233313822206E6F726573697A653D223122206E6F6D6F76653D223022206E6F64656661756C74617474616368706F696E74733D223122206175746F647261673D2231222075736564656661756C7469646473686170653D2231222073656C65637461626C653D2231222073686F7773656C656374696F6E68616E646C65733D22312220616C6C6F776E756467696E673D223122206973616E6E6F746174696F6E3D22302220646F6E746175746F6C61796F75743D2231222067726F7570636F6C6C61707365643D2230222074616273746F703D2230222076697369626C653D22302220736E6170746F677269643D2230223E3C636F6E74726F6C3E3C646473786D6C6F626A65637473747265616D696E6974777261707065722062696E6172793D2230303032303030303165316330303030336530313030303030333030303030303030303030353030303038303038303030303830303130303030303031353030303138363030303039303031393035663031303030346362636563636535323730303436303034623030356630303635303037313030373530303566303034353030373130303735303036393030373030303664303036353030366530303734303035303030363130303732303036313030353630303631303036633030373530303635303035323030363130303665303036373030363530303566303036353030373130303735303035663030353030303631303037323030363130303030303030303030222F3E3C2F636F6E74726F6C3E3C6C61796F75746F626A6563743E3C646473786D6C6F626A2F3E3C2F6C61796F75746F626A6563743E3C73686170652067726F7570736861706569643D2230222067726F75706E6F64653D2230222F3E3C2F646473636F6E74726F6C3E3C646473636F6E74726F6C20636F6E74726F6C70726F6769643D227B36323341433037352D324337372D343837332D383833442D3933304234333634423442437D2220746F6F6C7469703D226571755F526573706F6E73655265636F726422206C6566743D2235323335302220746F703D2231313631303022206C6F676963616C69643D2234312220636F6E74726F6C69643D22343122206D617374657269643D2230222068696E74313D2230222068696E74323D2230222077696474683D223632383722206865696768743D223531323222206E6F726573697A653D223022206E6F6D6F76653D223022206E6F64656661756C74617474616368706F696E74733D223022206175746F647261673D2230222075736564656661756C7469646473686170653D2230222073656C65637461626C653D2231222073686F7773656C656374696F6E68616E646C65733D22302220616C6C6F776E756467696E673D223122206973616E6E6F746174696F6E3D22302220646F6E746175746F6C61796F75743D2230222067726F7570636F6C6C61707365643D2230222074616273746F703D2231222076697369626C653D22312220736E6170746F677269643D2231223E3C636F6E74726F6C3E3C646473786D6C6F626A65637473747265616D696E6974777261707065722062696E6172793D223231343333343132303830303030303038663138303030303032313430303030373835363334313230373030303030303134303130303030363530303731303037353030356630303532303036353030373330303730303036663030366530303733303036353030353230303635303036333030366630303732303036343030303030303030303030303030323434303030303030303030303030303134343030303030303063306363386336663430303030303030303030303030663033663030303030303030303030303030303030303030303030303031303030303030303130303030303030303030303030303030303030303030303030303030303030303030303030303030303030303030303030303030303030303030303030303030303030303030303030303030303030303030303030303030303066303366303030303030303030303030303030303030303030303030303030303030303066383136326436303030303030303030303030303030303066343137326436303230623332643630313861656438323731386165643832373032303030303030303230303030303030303030303030303030303030303030303030303030303030303030303030303032303030303030363636363861343330303030323034313636653638633433303030303230343136363636386134333030303037303431303030303030303030303030303030303030303030303030303030303030303030303030303030303031303030303030303530303030303035343030303030303263303030303030326330303030303032633030303030303334303030303030303030303030303030303030303030303338326530303030333831393030303030303030303030303264303130303030303930303030303030633030303030303037303030303030316330313030303035303061303030303730303830303030633030303030303066303030303030306138303030303030613030353030303036383031303030306438303030303030363830313030303063383031303030303338303130303030303030303030303030313030303030303866313830303030303231343030303030303030303030303037303030303030303730303030303030323030303030303032303030303030316330313030303034303062303030303030303030303030303130303030303034303135303030303937303930303030303030303030303030333030303030303033303030303030303230303030303030323030303030303163303130303030353030613030303030313030303030303030303030303030343031353030303065353032303030303030303030303030303030303030303030303030303030303032303030303030303230303030303031633031303030303530306130303030303030303030303030303030303030303234333830303030323632323030303030303030303030303030303030303030306430303030303030343030303030303034303030303030316330313030303035303061303030303330306330303030383030373030303037383536333431323034303030303030366530303030303030313030303030303031303030303030306230303030303030303030303030303031303030303030303230303030303030333030303030303034303030303030303530303030303030363030303030303037303030303030303830303030303030393030303030303061303030303030303430303030303036343030363230303666303030303030313330303030303036353030373130303735303035663030353230303635303037333030373030303666303036653030373330303635303035323030363530303633303036663030373230303634303030303030222F3E3C2F636F6E74726F6C3E3C6C61796F75746F626A6563743E3C646473786D6C6F626A3E3C70726F7065727479206E616D653D224163746976655461626C65566965774D6F6465222076616C75653D22312220766172747970653D2238222F3E3C70726F7065727479206E616D653D225461626C65566965774D6F64653A30222076616C75653D22342C302C3238342C302C323634302C312C323136302C352C313434302220766172747970653D2238222F3E3C70726F7065727479206E616D653D225461626C65566965774D6F64653A31222076616C75653D22322C302C3238342C302C323838302220766172747970653D2238222F3E3C70726F7065727479206E616D653D225461626C65566965774D6F64653A32222076616C75653D22322C302C3238342C302C323634302220766172747970653D2238222F3E3C70726F7065727479206E616D653D225461626C65566965774D6F64653A33222076616C75653D22322C302C3238342C302C323634302220766172747970653D2238222F3E3C70726F7065727479206E616D653D225461626C65566965774D6F64653A34222076616C75653D22342C302C3238342C302C323634302C31322C333132302C31312C313932302220766172747970653D2238222F3E3C2F646473786D6C6F626A3E3C2F6C61796F75746F626A6563743E3C73686170652067726F7570736861706569643D2230222067726F75706E6F64653D2230222F3E3C2F646473636F6E74726F6C3E3C646473636F6E74726F6C2073656D616E746963636F6F6B69653D2230313230343636353031303030303030363430303632303036663030303030303436303034623030356630303635303037313030373530303566303035323030363530303733303037303030366630303665303037333030363530303532303036353030363330303666303037323030363430303566303036353030373130303735303035663030343530303731303037353030363930303730303036643030363530303665303037343030303030302220636F6E74726F6C70726F6769643D224D534444532E506F6C796C696E652E3038302E312220746F6F6C7469703D22E2809C6571755F45717569706D656E74E2809DE4B88EE2809C6571755F526573706F6E73655265636F7264E2809DE4B98BE997B4E79A84E585B3E7B3BBE2809C464B5F6571755F526573706F6E73655265636F72645F6571755F45717569706D656E74E2809D22206C6566743D2234393633372220746F703D2231313737393322206C6F676963616C69643D2234322220636F6E74726F6C69643D22343222206D617374657269643D2230222068696E74313D2230222068696E74323D2230222077696474683D223330313322206865696768743D223132333722206E6F726573697A653D223022206E6F6D6F76653D223022206E6F64656661756C74617474616368706F696E74733D223122206175746F647261673D2230222075736564656661756C7469646473686170653D2230222073656C65637461626C653D2231222073686F7773656C656374696F6E68616E646C65733D22302220616C6C6F776E756467696E673D223122206973616E6E6F746174696F6E3D22302220646F6E746175746F6C61796F75743D2230222067726F7570636F6C6C61707365643D2230222074616273746F703D2231222076697369626C653D22312220736E6170746F677269643D2230223E3C636F6E74726F6C3E3C646473786D6C6F626A3E3C706F6C796C696E6520656E64747970656473743D22302220656E64747970657372633D2232222075736572636F6C6F723D22313537393033323022206C696E657374796C653D223022206C696E6572656E6465723D22302220637573746F6D656E647479706564737469643D22302220637573746F6D656E647479706573726369643D2230222061646F726E7376697369626C653D2231223E3C61646F726E6D656E742070657263656E74706F733D2234392E393938353132343830323930342220636F6E74726F6C69643D223433222077696474683D223634363022206865696768743D223331382220736964653D223122206265686176696F723D2233222068696D65747269633D223134333122206469737466726F6D6C696E653D22313735222073746172746F626A3D22302220783D2235313530352220793D22313137373037222076697369626C653D22302220616C6C6F776F7665726C61703D2231222075736570657263656E743D2231222F3E3C2F706F6C796C696E653E3C2F646473786D6C6F626A3E3C2F636F6E74726F6C3E3C6C61796F75746F626A6563743E3C646473786D6C6F626A2F3E3C2F6C61796F75746F626A6563743E3C636F6E6E6563746F7220736F7572636569643D223322206465737469643D2234312220736F75726365617474616368706F696E743D22313931222064657374617474616368706F696E743D2231313422207365676D656E74656469746D6F64653D2230222062656E64706F696E74656469746D6F64653D2230222062656E64706F696E747669736962696C6974793D2230222072656C6174656469643D223022207669727475616C3D2230223E3C706F696E7420783D2234393933372220793D22313138323030222F3E3C706F696E7420783D2235313735372220793D22313138323030222F3E3C706F696E7420783D2235313735372220793D22313138363530222F3E3C706F696E7420783D2235323335302220793D22313138363530222F3E3C2F636F6E6E6563746F723E3C2F646473636F6E74726F6C3E3C646473636F6E74726F6C2073656D616E746963636F6F6B69653D22303134306663323765303430666332372220636F6E74726F6C70726F6769643D224D534444532E546578742E3038302E3122206C6566743D2235313530352220746F703D2231313737303722206C6F676963616C69643D2234332220636F6E74726F6C69643D22343322206D617374657269643D223432222068696E74313D2230222068696E74323D2230222077696474683D223634363022206865696768743D2233313822206E6F726573697A653D223122206E6F6D6F76653D223022206E6F64656661756C74617474616368706F696E74733D223122206175746F647261673D2231222075736564656661756C7469646473686170653D2231222073656C65637461626C653D2231222073686F7773656C656374696F6E68616E646C65733D22312220616C6C6F776E756467696E673D223122206973616E6E6F746174696F6E3D22302220646F6E746175746F6C61796F75743D2231222067726F7570636F6C6C61707365643D2230222074616273746F703D2230222076697369626C653D22302220736E6170746F677269643D2230223E3C636F6E74726F6C3E3C646473786D6C6F626A65637473747265616D696E6974777261707065722062696E6172793D22303030323030303033633139303030303365303130303030303330303030303030303030303530303030383030383030303038303031303030303030313530303031383630303030393030313930356630313030303463626365636365353233303034363030346230303566303036353030373130303735303035663030353230303635303037333030373030303666303036653030373330303635303035323030363530303633303036663030373230303634303035663030363530303731303037353030356630303435303037313030373530303639303037303030366430303635303036653030373430303030303030303030222F3E3C2F636F6E74726F6C3E3C6C61796F75746F626A6563743E3C646473786D6C6F626A2F3E3C2F6C61796F75746F626A6563743E3C73686170652067726F7570736861706569643D2230222067726F75706E6F64653D2230222F3E3C2F646473636F6E74726F6C3E3C646473636F6E74726F6C20636F6E74726F6C70726F6769643D227B36323341433037352D324337372D343837332D383833442D3933304234333634423442437D2220746F6F6C7469703D226571755F53657276657222206C6566743D2235323530302220746F703D2231303338303022206C6F676963616C69643D2234342220636F6E74726F6C69643D22343422206D617374657269643D2230222068696E74313D2230222068696E74323D2230222077696474683D223632383722206865696768743D223339373922206E6F726573697A653D223022206E6F6D6F76653D223022206E6F64656661756C74617474616368706F696E74733D223022206175746F647261673D2230222075736564656661756C7469646473686170653D2230222073656C65637461626C653D2231222073686F7773656C656374696F6E68616E646C65733D22302220616C6C6F776E756467696E673D223122206973616E6E6F746174696F6E3D22302220646F6E746175746F6C61796F75743D2230222067726F7570636F6C6C61707365643D2230222074616273746F703D2231222076697369626C653D22312220736E6170746F677269643D2231223E3C636F6E74726F6C3E3C646473786D6C6F626A65637473747265616D696E6974777261707065722062696E6172793D22323134333334313230383030303030303866313830303030386230663030303037383536333431323037303030303030313430313030303036353030373130303735303035663030353330303635303037323030373630303635303037323030303030306438323730303030303030303030303030303030303030303030303030303030303061303939393966393366303030303030303030303430373034303030303030303030303030303334343030303030303030303030303066303366303030303030303030303030303030303030303030303030303130303030303030313030303030303030303030303030303030303030303030303030303030303030303030303030303030303030303030303030303030303030303030303030303030303030303030303030303030303030303030303030303030303030303030303030303030303030303066303366303030303030303030303030303030306638313632643630303030303030303030303030303030306634313732643630323062333264363063306265643832376330626564383237303230303030303030323030303030303030303030303030303030303030303030303030303030303030303030303030303230303030303030303030303030306364636363633366303030303030303063646363616334313030303061306331636463636363336630303030303030303030303030303030303030303030303030303030303030303030303030303030303130303030303030353030303030303534303030303030326330303030303032633030303030303263303030303030333430303030303030303030303030303030303030303030333832653030303063313134303030303030303030303030326430313030303030373030303030303063303030303030303730303030303031633031303030303530306130303030373030383030303032303031303030303638303130303030666330303030303061303035303030303163303230303030343430313030303031633032303030306163303230303030643430313030303030303030303030303031303030303030386631383030303038623066303030303030303030303030303530303030303030353030303030303032303030303030303230303030303031633031303030303730303830303030303030303030303030313030303030303430313530303030323030353030303030303030303030303031303030303030303130303030303030323030303030303032303030303030316330313030303035303061303030303031303030303030303030303030303034303135303030306535303230303030303030303030303030303030303030303030303030303030303230303030303030323030303030303163303130303030353030613030303030303030303030303030303030303030323433383030303032363232303030303030303030303030303030303030303030643030303030303034303030303030303430303030303031633031303030303530306130303030333030633030303038303037303030303738353633343132303430303030303035653030303030303031303030303030303130303030303030623030303030303030303030303030303130303030303030323030303030303033303030303030303430303030303030353030303030303036303030303030303730303030303030383030303030303039303030303030306130303030303030343030303030303634303036323030366630303030303030623030303030303635303037313030373530303566303035333030363530303732303037363030363530303732303030303030222F3E3C2F636F6E74726F6C3E3C6C61796F75746F626A6563743E3C646473786D6C6F626A3E3C70726F7065727479206E616D653D224163746976655461626C65566965774D6F6465222076616C75653D22312220766172747970653D2238222F3E3C70726F7065727479206E616D653D225461626C65566965774D6F64653A30222076616C75653D22342C302C3238342C302C323634302C312C323136302C352C313434302220766172747970653D2238222F3E3C70726F7065727479206E616D653D225461626C65566965774D6F64653A31222076616C75653D22322C302C3238342C302C323136302220766172747970653D2238222F3E3C70726F7065727479206E616D653D225461626C65566965774D6F64653A32222076616C75653D22322C302C3238342C302C323634302220766172747970653D2238222F3E3C70726F7065727479206E616D653D225461626C65566965774D6F64653A33222076616C75653D22322C302C3238342C302C323634302220766172747970653D2238222F3E3C70726F7065727479206E616D653D225461626C65566965774D6F64653A34222076616C75653D22342C302C3238342C302C323634302C31322C333132302C31312C313932302220766172747970653D2238222F3E3C2F646473786D6C6F626A3E3C2F6C61796F75746F626A6563743E3C73686170652067726F7570736861706569643D2230222067726F75706E6F64653D2230222F3E3C2F646473636F6E74726F6C3E3C646473636F6E74726F6C20636F6E74726F6C70726F6769643D227B36323341433037352D324337372D343837332D383833442D3933304234333634423442437D2220746F6F6C7469703D226571755F5365727665725F45717569706D656E745F4D617022206C6566743D2235323335302220746F703D2231313032353022206C6F676963616C69643D2234352220636F6E74726F6C69643D22343522206D617374657269643D2230222068696E74313D2230222068696E74323D2230222077696474683D223636343722206865696768743D223334303822206E6F726573697A653D223022206E6F6D6F76653D223022206E6F64656661756C74617474616368706F696E74733D223022206175746F647261673D2230222075736564656661756C7469646473686170653D2230222073656C65637461626C653D2231222073686F7773656C656374696F6E68616E646C65733D22302220616C6C6F776E756467696E673D223122206973616E6E6F746174696F6E3D22302220646F6E746175746F6C61796F75743D2230222067726F7570636F6C6C61707365643D2230222074616273746F703D2231222076697369626C653D22312220736E6170746F677269643D2231223E3C636F6E74726F6C3E3C646473786D6C6F626A65637473747265616D696E6974777261707065722062696E6172793D223231343333343132303830303030303066373139303030303530306430303030373835363334313230373030303030303134303130303030363530303731303037353030356630303533303036353030373230303736303036353030373230303566303034353030373130303735303036393030373030303664303036353030366530303734303035663030346430303631303037303030303030303738343030303030303030303030303033343430303030303030303030303030663033663030303030303030303030303030303030303030303030303031303030303030303130303030303030303030303030303030303030303030303030303030303030303030303030303030303030303030303030303030303030303030303030303030303030303030303030303030303030303030303030303030303030303030303030303030303030303030663033663030303030303030303030303030303066383136326436303030303030303030303030303030303066343137326436303230623332643630623061376438323762306137643832373032303030303030303230303030303030303030303030303030303030303030303030303030303030303030303030303032303030303030303030303030303063646363636333663030303030303030636463636163343130303030613063316364636363633366303030303030303030303030303030303030303030303030303030303030303030303030303030303031303030303030303530303030303035343030303030303263303030303030326330303030303032633030303030303334303030303030303030303030303030303030303030303338326530303030633131343030303030303030303030303264303130303030303730303030303030633030303030303037303030303030316330313030303035303061303030303730303830303030633030303030303066303030303030306138303030303030613030353030303036383031303030306438303030303030363830313030303063383031303030303338303130303030303030303030303030313030303030306637313930303030353030643030303030303030303030303034303030303030303430303030303030323030303030303032303030303030316330313030303066343062303030303030303030303030303130303030303034303135303030303563303730303030303030303030303030323030303030303032303030303030303230303030303030323030303030303163303130303030353030613030303030313030303030303030303030303030343031353030303065353032303030303030303030303030303030303030303030303030303030303032303030303030303230303030303031633031303030303530306130303030303030303030303030303030303030303234333830303030323632323030303030303030303030303030303030303030306430303030303030343030303030303034303030303030316330313030303035303061303030303330306330303030383030373030303037383536333431323034303030303030376130303030303030313030303030303031303030303030306230303030303030303030303030303031303030303030303230303030303030333030303030303034303030303030303530303030303030363030303030303037303030303030303830303030303030393030303030303061303030303030303430303030303036343030363230303666303030303030313930303030303036353030373130303735303035663030353330303635303037323030373630303635303037323030356630303435303037313030373530303639303037303030366430303635303036653030373430303566303034643030363130303730303030303030222F3E3C2F636F6E74726F6C3E3C6C61796F75746F626A6563743E3C646473786D6C6F626A3E3C70726F7065727479206E616D653D224163746976655461626C65566965774D6F6465222076616C75653D22312220766172747970653D2238222F3E3C70726F7065727479206E616D653D225461626C65566965774D6F64653A30222076616C75653D22342C302C3238342C302C323634302C312C323136302C352C313434302220766172747970653D2238222F3E3C70726F7065727479206E616D653D225461626C65566965774D6F64653A31222076616C75653D22322C302C3238342C302C333036302220766172747970653D2238222F3E3C70726F7065727479206E616D653D225461626C65566965774D6F64653A32222076616C75653D22322C302C3238342C302C323634302220766172747970653D2238222F3E3C70726F7065727479206E616D653D225461626C65566965774D6F64653A33222076616C75653D22322C302C3238342C302C323634302220766172747970653D2238222F3E3C70726F7065727479206E616D653D225461626C65566965774D6F64653A34222076616C75653D22342C302C3238342C302C323634302C31322C333132302C31312C313932302220766172747970653D2238222F3E3C2F646473786D6C6F626A3E3C2F6C61796F75746F626A6563743E3C73686170652067726F7570736861706569643D2230222067726F75706E6F64653D2230222F3E3C2F646473636F6E74726F6C3E3C646473636F6E74726F6C2073656D616E746963636F6F6B69653D2230313030323730303031303030303030363430303632303036663030303030303436303034623030356630303635303037313030373530303566303035333030363530303732303037363030363530303732303035663030343530303731303037353030363930303730303036643030363530303665303037343030356630303464303036313030373030303566303036353030373130303735303035663030343530303731303037353030363930303730303036643030363530303665303037343030303030302220636F6E74726F6C70726F6769643D224D534444532E506F6C796C696E652E3038302E312220746F6F6C7469703D22E2809C6571755F45717569706D656E74E2809DE4B88EE2809C6571755F5365727665725F45717569706D656E745F4D6170E2809DE4B98BE997B4E79A84E585B3E7B3BBE2809C464B5F6571755F5365727665725F45717569706D656E745F4D61705F6571755F45717569706D656E74E2809D22206C6566743D2234393633372220746F703D2231313135323122206C6F676963616C69643D2234362220636F6E74726F6C69643D22343622206D617374657269643D2230222068696E74313D2230222068696E74323D2230222077696474683D223330313322206865696768743D223636333722206E6F726573697A653D223022206E6F6D6F76653D223022206E6F64656661756C74617474616368706F696E74733D223122206175746F647261673D2230222075736564656661756C7469646473686170653D2230222073656C65637461626C653D2231222073686F7773656C656374696F6E68616E646C65733D22302220616C6C6F776E756467696E673D223122206973616E6E6F746174696F6E3D22302220646F6E746175746F6C61796F75743D2230222067726F7570636F6C6C61707365643D2230222074616273746F703D2231222076697369626C653D22312220736E6170746F677269643D2230223E3C636F6E74726F6C3E3C646473786D6C6F626A3E3C706F6C796C696E6520656E64747970656473743D22302220656E64747970657372633D2232222075736572636F6C6F723D22313537393033323022206C696E657374796C653D223022206C696E6572656E6465723D22302220637573746F6D656E647479706564737469643D22302220637573746F6D656E647479706573726369643D2230222061646F726E7376697369626C653D2231223E3C61646F726E6D656E742070657263656E74706F733D2234392E393938383035363237383831342220636F6E74726F6C69643D223437222077696474683D223735363722206865696768743D223331382220736964653D223022206265686176696F723D2233222068696D65747269633D223431333122206469737466726F6D6C696E653D22313735222073746172746F626A3D22302220783D2235313933322220793D22313135363134222076697369626C653D22302220616C6C6F776F7665726C61703D2231222075736570657263656E743D2231222F3E3C2F706F6C796C696E653E3C2F646473786D6C6F626A3E3C2F636F6E74726F6C3E3C6C61796F75746F626A6563743E3C646473786D6C6F626A2F3E3C2F6C61796F75746F626A6563743E3C636F6E6E6563746F7220736F7572636569643D223322206465737469643D2234352220736F75726365617474616368706F696E743D22313835222064657374617474616368706F696E743D2231303622207365676D656E74656469746D6F64653D2230222062656E64706F696E74656469746D6F64653D2230222062656E64706F696E747669736962696C6974793D2230222072656C6174656469643D223022207669727475616C3D2230223E3C706F696E7420783D2234393933372220793D22313137373530222F3E3C706F696E7420783D2235313735372220793D22313137373530222F3E3C706F696E7420783D2235313735372220793D22313131393030222F3E3C706F696E7420783D2235323335302220793D22313131393030222F3E3C2F636F6E6E6563746F723E3C2F646473636F6E74726F6C3E3C646473636F6E74726F6C2073656D616E746963636F6F6B69653D22303134626663323761303462666332372220636F6E74726F6C70726F6769643D224D534444532E546578742E3038302E3122206C6566743D2235313933322220746F703D2231313536313422206C6F676963616C69643D2234372220636F6E74726F6C69643D22343722206D617374657269643D223436222068696E74313D2230222068696E74323D2230222077696474683D223735363722206865696768743D2233313822206E6F726573697A653D223122206E6F6D6F76653D223022206E6F64656661756C74617474616368706F696E74733D223122206175746F647261673D2231222075736564656661756C7469646473686170653D2231222073656C65637461626C653D2231222073686F7773656C656374696F6E68616E646C65733D22312220616C6C6F776E756467696E673D223122206973616E6E6F746174696F6E3D22302220646F6E746175746F6C61796F75743D2231222067726F7570636F6C6C61707365643D2230222074616273746F703D2230222076697369626C653D22302220736E6170746F677269643D2230223E3C636F6E74726F6C3E3C646473786D6C6F626A65637473747265616D696E6974777261707065722062696E6172793D22303030323030303038663164303030303365303130303030303330303030303030303030303530303030383030383030303038303031303030303030313530303031383630303030393030313930356630313030303463626365636365353239303034363030346230303566303036353030373130303735303035663030353330303635303037323030373630303635303037323030356630303435303037313030373530303639303037303030366430303635303036653030373430303566303034643030363130303730303035663030363530303731303037353030356630303435303037313030373530303639303037303030366430303635303036653030373430303030303030303030222F3E3C2F636F6E74726F6C3E3C6C61796F75746F626A6563743E3C646473786D6C6F626A2F3E3C2F6C61796F75746F626A6563743E3C73686170652067726F7570736861706569643D2230222067726F75706E6F64653D2230222F3E3C2F646473636F6E74726F6C3E3C646473636F6E74726F6C2073656D616E746963636F6F6B69653D2230313136326436303031303030303030363430303632303036663030303030303436303034623030356630303635303037313030373530303566303035333030363530303732303037363030363530303732303035663030343530303731303037353030363930303730303036643030363530303665303037343030356630303464303036313030373030303566303036353030373130303735303035663030353330303635303037323030373630303635303037323030303030302220636F6E74726F6C70726F6769643D224D534444532E506F6C796C696E652E3038302E312220746F6F6C7469703D22E2809C6571755F536572766572E2809DE4B88EE2809C6571755F5365727665725F45717569706D656E745F4D6170E2809DE4B98BE997B4E79A84E585B3E7B3BBE2809C464B5F6571755F5365727665725F45717569706D656E745F4D61705F6571755F536572766572E2809D22206C6566743D2235353234332220746F703D2231303730383422206C6F676963616C69643D2234382220636F6E74726F6C69643D22343822206D617374657269643D2230222068696E74313D2230222068696E74323D2230222077696474683D2238313522206865696768743D223338363622206E6F726573697A653D223022206E6F6D6F76653D223022206E6F64656661756C74617474616368706F696E74733D223122206175746F647261673D2230222075736564656661756C7469646473686170653D2230222073656C65637461626C653D2231222073686F7773656C656374696F6E68616E646C65733D22302220616C6C6F776E756467696E673D223122206973616E6E6F746174696F6E3D22302220646F6E746175746F6C61796F75743D2230222067726F7570636F6C6C61707365643D2230222074616273746F703D2231222076697369626C653D22312220736E6170746F677269643D2230223E3C636F6E74726F6C3E3C646473786D6C6F626A3E3C706F6C796C696E6520656E64747970656473743D22302220656E64747970657372633D2232222075736572636F6C6F723D22313537393033323022206C696E657374796C653D223022206C696E6572656E6465723D22302220637573746F6D656E647479706564737469643D22302220637573746F6D656E647479706573726369643D2230222061646F726E7376697369626C653D2231223E3C61646F726E6D656E742070657263656E74706F733D2237372E343233363638333735333036342220636F6E74726F6C69643D223439222077696474683D223730313422206865696768743D223331382220736964653D223022206265686176696F723D2233222068696D65747269633D223139313322206469737466726F6D6C696E653D22313735222073746172746F626A3D22302220783D2234383436312220793D22313039343435222076697369626C653D22302220616C6C6F776F7665726C61703D2231222075736570657263656E743D2231222F3E3C2F706F6C796C696E653E3C2F646473786D6C6F626A3E3C2F636F6E74726F6C3E3C6C61796F75746F626A6563743E3C646473786D6C6F626A2F3E3C2F6C61796F75746F626A6563743E3C636F6E6E6563746F7220736F7572636569643D22343422206465737469643D2234352220736F75726365617474616368706F696E743D223431222064657374617474616368706F696E743D22343222207365676D656E74656469746D6F64653D2230222062656E64706F696E74656469746D6F64653D2230222062656E64706F696E747669736962696C6974793D2230222072656C6174656469643D223022207669727475616C3D2230223E3C706F696E7420783D2235353635302220793D22313037373739222F3E3C706F696E7420783D2235353635302220793D22313130323530222F3E3C2F636F6E6E6563746F723E3C2F646473636F6E74726F6C3E3C646473636F6E74726F6C2073656D616E746963636F6F6B69653D22303134366663323761303436666332372220636F6E74726F6C70726F6769643D224D534444532E546578742E3038302E3122206C6566743D2234383436312220746F703D2231303934343522206C6F676963616C69643D2234392220636F6E74726F6C69643D22343922206D617374657269643D223438222068696E74313D2230222068696E74323D2230222077696474683D223730313422206865696768743D2233313822206E6F726573697A653D223122206E6F6D6F76653D223022206E6F64656661756C74617474616368706F696E74733D223122206175746F647261673D2231222075736564656661756C7469646473686170653D2231222073656C65637461626C653D2231222073686F7773656C656374696F6E68616E646C65733D22312220616C6C6F776E756467696E673D223122206973616E6E6F746174696F6E3D22302220646F6E746175746F6C61796F75743D2231222067726F7570636F6C6C61707365643D2230222074616273746F703D2230222076697369626C653D22302220736E6170746F677269643D2230223E3C636F6E74726F6C3E3C646473786D6C6F626A65637473747265616D696E6974777261707065722062696E6172793D22303030323030303036363162303030303365303130303030303330303030303030303030303530303030383030383030303038303031303030303030313530303031383630303030393030313930356630313030303463626365636365353236303034363030346230303566303036353030373130303735303035663030353330303635303037323030373630303635303037323030356630303435303037313030373530303639303037303030366430303635303036653030373430303566303034643030363130303730303035663030363530303731303037353030356630303533303036353030373230303736303036353030373230303030303030303030222F3E3C2F636F6E74726F6C3E3C6C61796F75746F626A6563743E3C646473786D6C6F626A2F3E3C2F6C61796F75746F626A6563743E3C73686170652067726F7570736861706569643D2230222067726F75706E6F64653D2230222F3E3C2F646473636F6E74726F6C3E3C646473636F6E74726F6C20636F6E74726F6C70726F6769643D227B36323341433037352D324337372D343837332D383833442D3933304234333634423442437D2220746F6F6C7469703D226571755F53494D22206C6566743D2239363735302220746F703D22313839303022206C6F676963616C69643D2235302220636F6E74726F6C69643D22353022206D617374657269643D2230222068696E74313D2230222068696E74323D2230222077696474683D223632383722206865696768743D22313032363622206E6F726573697A653D223022206E6F6D6F76653D223022206E6F64656661756C74617474616368706F696E74733D223022206175746F647261673D2230222075736564656661756C7469646473686170653D2230222073656C65637461626C653D2231222073686F7773656C656374696F6E68616E646C65733D22302220616C6C6F776E756467696E673D223122206973616E6E6F746174696F6E3D22302220646F6E746175746F6C61796F75743D2230222067726F7570636F6C6C61707365643D2230222074616273746F703D2231222076697369626C653D22312220736E6170746F677269643D2231223E3C636F6E74726F6C3E3C646473786D6C6F626A65637473747265616D696E6974777261707065722062696E6172793D22323134333334313230383030303030303866313830303030316132383030303037383536333431323037303030303030313430313030303036353030373130303735303035663030353330303439303034643030303030306364636363633364303030303030303030303030303030303030303030303030653565346534336539613939393933653030303030303030303030303030303030303030303030306139613861383365303030303030336630303030303030303030303030303030303030303030303061646163326333653333333333333366303030303030303030303030303030303030303030303030653165303630336436363636363633663030303030303030303030303030303030303030303030306331633034303363303030303830336630303030303030303030303030303030303030303030303030303030303030303030303030303030303030303030303030303030303032303038333030663264313230303030303030303030303032303030303030303030303030303030303030303030303030303030323033633333306632643235303030303030303030303030323030303030303030303030303030303030303030303030303030303230336333333066326431343030303030303030303030303230303030303030303030303030303030303030303030303030303032303363333330663264353230303030303030303030303032303030303030303030303030303030303030303030303130303030303030353030303030303534303030303030326330303030303032633030303030303263303030303030333430303030303030303030303030303030303030303030333832653030303032363232303030303030303030303030326430313030303030643030303030303063303030303030303730303030303031633031303030303530306130303030373030383030303063303030303030306630303030303030613830303030303061303035303030303638303130303030643830303030303036383031303030306338303130303030333830313030303030303030303030303031303030303030386631383030303031613238303030303030303030303030313030303030303030633030303030303032303030303030303230303030303031633031303030303763306230303030303030303030303030313030303030303430313530303030393730393030303030303030303030303033303030303030303330303030303030323030303030303032303030303030316330313030303035303061303030303031303030303030303030303030303034303135303030306535303230303030303030303030303030303030303030303030303030303030303230303030303030323030303030303163303130303030353030613030303030303030303030303030303030303030323433383030303032363232303030303030303030303030303030303030303030643030303030303034303030303030303430303030303031633031303030303530306130303030333030633030303038303037303030303738353633343132303430303030303035383030303030303031303030303030303130303030303030623030303030303030303030303030303130303030303030323030303030303033303030303030303430303030303030353030303030303036303030303030303730303030303030383030303030303039303030303030306130303030303030343030303030303634303036323030366630303030303030383030303030303635303037313030373530303566303035333030343930303464303030303030222F3E3C2F636F6E74726F6C3E3C6C61796F75746F626A6563743E3C646473786D6C6F626A3E3C70726F7065727479206E616D653D224163746976655461626C65566965774D6F6465222076616C75653D22312220766172747970653D2238222F3E3C70726F7065727479206E616D653D225461626C65566965774D6F64653A30222076616C75653D22342C302C3238342C302C323634302C312C323136302C352C313434302220766172747970653D2238222F3E3C70726F7065727479206E616D653D225461626C65566965774D6F64653A31222076616C75653D22322C302C3238342C302C323934302220766172747970653D2238222F3E3C70726F7065727479206E616D653D225461626C65566965774D6F64653A32222076616C75653D22322C302C3238342C302C323634302220766172747970653D2238222F3E3C70726F7065727479206E616D653D225461626C65566965774D6F64653A33222076616C75653D22322C302C3238342C302C323634302220766172747970653D2238222F3E3C70726F7065727479206E616D653D225461626C65566965774D6F64653A34222076616C75653D22342C302C3238342C302C323634302C31322C333132302C31312C313932302220766172747970653D2238222F3E3C2F646473786D6C6F626A3E3C2F6C61796F75746F626A6563743E3C73686170652067726F7570736861706569643D2230222067726F75706E6F64653D2230222F3E3C2F646473636F6E74726F6C3E3C646473636F6E74726F6C20636F6E74726F6C70726F6769643D227B36323341433037352D324337372D343837332D383833442D3933304234333634423442437D2220746F6F6C7469703D226571755F53494D41505022206C6566743D2239363735302220746F703D22313330353022206C6F676963616C69643D2235312220636F6E74726F6C69643D22353122206D617374657269643D2230222068696E74313D2230222068696E74323D2230222077696474683D223632383722206865696768743D223334303822206E6F726573697A653D223022206E6F6D6F76653D223022206E6F64656661756C74617474616368706F696E74733D223022206175746F647261673D2230222075736564656661756C7469646473686170653D2230222073656C65637461626C653D2231222073686F7773656C656374696F6E68616E646C65733D22302220616C6C6F776E756467696E673D223122206973616E6E6F746174696F6E3D22302220646F6E746175746F6C61796F75743D2230222067726F7570636F6C6C61707365643D2230222074616273746F703D2231222076697369626C653D22312220736E6170746F677269643D2231223E3C636F6E74726F6C3E3C646473786D6C6F626A65637473747265616D696E6974777261707065722062696E6172793D22323134333334313230383030303030303866313830303030353030643030303037383536333431323037303030303030313430313030303036353030373130303735303035663030353330303439303034643030343130303530303035303030303030306438323730303030303030303030303030303030303030303234343030303030303030303030303031343430303030303030633063636163373034303030303030303030303030303134343030303030303030303030303066303366303030303030303030303030303030303030303030303030303130303030303030313030303030303030303030303030303030303030303030303030303030303030303030303030303030303030303030303030303030303030303066303366303030303030303030303030303030303030303030303030303030303030303030303030303030303030303030303030303030303030303030303030303030306638313632643630303030303030303030303030303030306634313732643630323062333264363061303637643832376130363764383237303230303030303030323030303030303030303030303030303030303030303030303030303030303030303030303030303230303030303030303030323034313030303032303431303030303230343130303030613034303030303037303431303030303230343130303030303030303030303030303030303030303030303030303030303030303030303030303030303130303030303030353030303030303534303030303030326330303030303032633030303030303263303030303030333430303030303030303030303030303030303030303030333832653030303063313134303030303030303030303030326430313030303030373030303030303063303030303030303730303030303031633031303030303530306130303030373030383030303063303030303030306630303030303030613830303030303061303035303030303638303130303030643830303030303036383031303030306338303130303030333830313030303030303030303030303031303030303030386631383030303035303064303030303030303030303030303430303030303030343030303030303032303030303030303230303030303031633031303030303763306230303030303030303030303030313030303030303430313530303030323030353030303030303030303030303031303030303030303130303030303030323030303030303032303030303030316330313030303035303061303030303031303030303030303030303030303034303135303030306535303230303030303030303030303030303030303030303030303030303030303230303030303030323030303030303163303130303030353030613030303030303030303030303030303030303030323433383030303032363232303030303030303030303030303030303030303030643030303030303034303030303030303430303030303031633031303030303530306130303030333030633030303038303037303030303738353633343132303430303030303035653030303030303031303030303030303130303030303030623030303030303030303030303030303130303030303030323030303030303033303030303030303430303030303030353030303030303036303030303030303730303030303030383030303030303039303030303030306130303030303030343030303030303634303036323030366630303030303030623030303030303635303037313030373530303566303035333030343930303464303034313030353030303530303030303030222F3E3C2F636F6E74726F6C3E3C6C61796F75746F626A6563743E3C646473786D6C6F626A3E3C70726F7065727479206E616D653D224163746976655461626C65566965774D6F6465222076616C75653D22312220766172747970653D2238222F3E3C70726F7065727479206E616D653D225461626C65566965774D6F64653A30222076616C75653D22342C302C3238342C302C323634302C312C323136302C352C313434302220766172747970653D2238222F3E3C70726F7065727479206E616D653D225461626C65566965774D6F64653A31222076616C75653D22322C302C3238342C302C323934302220766172747970653D2238222F3E3C70726F7065727479206E616D653D225461626C65566965774D6F64653A32222076616C75653D22322C302C3238342C302C323634302220766172747970653D2238222F3E3C70726F7065727479206E616D653D225461626C65566965774D6F64653A33222076616C75653D22322C302C3238342C302C323634302220766172747970653D2238222F3E3C70726F7065727479206E616D653D225461626C65566965774D6F64653A34222076616C75653D22342C302C3238342C302C323634302C31322C333132302C31312C313932302220766172747970653D2238222F3E3C2F646473786D6C6F626A3E3C2F6C61796F75746F626A6563743E3C73686170652067726F7570736861706569643D2230222067726F75706E6F64653D2230222F3E3C2F646473636F6E74726F6C3E3C646473636F6E74726F6C2073656D616E746963636F6F6B69653D223031303030303030303130303030303036343030363230303666303030303030343630303462303035663030363530303731303037353030356630303533303034393030346430303566303036353030373130303735303035663030353330303439303034643030343130303530303035303030303030302220636F6E74726F6C70726F6769643D224D534444532E506F6C796C696E652E3038302E312220746F6F6C7469703D22E2809C6571755F53494D415050E2809DE4B88EE2809C6571755F53494DE2809DE4B98BE997B4E79A84E585B3E7B3BBE2809C464B5F6571755F53494D5F6571755F53494D415050E2809D22206C6566743D2239393439332220746F703D22313537363322206C6F676963616C69643D2235322220636F6E74726F6C69643D22353222206D617374657269643D2230222068696E74313D2230222068696E74323D2230222077696474683D2238313522206865696768743D223338333722206E6F726573697A653D223022206E6F6D6F76653D223022206E6F64656661756C74617474616368706F696E74733D223122206175746F647261673D2230222075736564656661756C7469646473686170653D2230222073656C65637461626C653D2231222073686F7773656C656374696F6E68616E646C65733D22302220616C6C6F776E756467696E673D223122206973616E6E6F746174696F6E3D22302220646F6E746175746F6C61796F75743D2230222067726F7570636F6C6C61707365643D2230222074616273746F703D2231222076697369626C653D22312220736E6170746F677269643D2230223E3C636F6E74726F6C3E3C646473786D6C6F626A3E3C706F6C796C696E6520656E64747970656473743D22302220656E64747970657372633D2232222075736572636F6C6F723D22313537393033323022206C696E657374796C653D223022206C696E6572656E6465723D22302220637573746F6D656E647479706564737469643D22302220637573746F6D656E647479706573726369643D2230222061646F726E7376697369626C653D2231223E3C61646F726E6D656E742070657263656E74706F733D2235302220636F6E74726F6C69643D223533222077696474683D223338373622206865696768743D223331382220736964653D223022206265686176696F723D2233222068696D65747269633D223132323122206469737466726F6D6C696E653D22313735222073746172746F626A3D22302220783D2239353834392220793D223137353230222076697369626C653D22302220616C6C6F776F7665726C61703D2231222075736570657263656E743D2231222F3E3C2F706F6C796C696E653E3C2F646473786D6C6F626A3E3C2F636F6E74726F6C3E3C6C61796F75746F626A6563743E3C646473786D6C6F626A2F3E3C2F6C61796F75746F626A6563743E3C636F6E6E6563746F7220736F7572636569643D22353122206465737469643D2235302220736F75726365617474616368706F696E743D223431222064657374617474616368706F696E743D22343022207365676D656E74656469746D6F64653D2230222062656E64706F696E74656469746D6F64653D2230222062656E64706F696E747669736962696C6974793D2230222072656C6174656469643D223022207669727475616C3D2230223E3C706F696E7420783D2239393930302220793D223136343538222F3E3C706F696E7420783D2239393930302220793D223138393030222F3E3C2F636F6E6E6563746F723E3C2F646473636F6E74726F6C3E3C646473636F6E74726F6C2073656D616E746963636F6F6B69653D22303134626663323732303462666332372220636F6E74726F6C70726F6769643D224D534444532E546578742E3038302E3122206C6566743D2239353834392220746F703D22313735323022206C6F676963616C69643D2235332220636F6E74726F6C69643D22353322206D617374657269643D223532222068696E74313D2230222068696E74323D2230222077696474683D223338373622206865696768743D2233313822206E6F726573697A653D223122206E6F6D6F76653D223022206E6F64656661756C74617474616368706F696E74733D223122206175746F647261673D2231222075736564656661756C7469646473686170653D2231222073656C65637461626C653D2231222073686F7773656C656374696F6E68616E646C65733D22312220616C6C6F776E756467696E673D223122206973616E6E6F746174696F6E3D22302220646F6E746175746F6C61796F75743D2231222067726F7570636F6C6C61707365643D2230222074616273746F703D2230222076697369626C653D22302220736E6170746F677269643D2230223E3C636F6E74726F6C3E3C646473786D6C6F626A65637473747265616D696E6974777261707065722062696E6172793D2230303032303030303234306630303030336530313030303030333030303030303030303030353030303038303038303030303830303130303030303031353030303138363030303039303031393035663031303030346362636563636535313530303436303034623030356630303635303037313030373530303566303035333030343930303464303035663030363530303731303037353030356630303533303034393030346430303431303035303030353030303030303030303030222F3E3C2F636F6E74726F6C3E3C6C61796F75746F626A6563743E3C646473786D6C6F626A2F3E3C2F6C61796F75746F626A6563743E3C73686170652067726F7570736861706569643D2230222067726F75706E6F64653D2230222F3E3C2F646473636F6E74726F6C3E3C646473636F6E74726F6C20636F6E74726F6C70726F6769643D227B36323341433037352D324337372D343837332D383833442D3933304234333634423442437D2220746F6F6C7469703D226571755F53494D42616C616E6365486973746F72795265636F726422206C6566743D223130353330302220746F703D22323233353022206C6F676963616C69643D2235342220636F6E74726F6C69643D22353422206D617374657269643D2230222068696E74313D2230222068696E74323D2230222077696474683D223731353522206865696768743D223334303822206E6F726573697A653D223022206E6F6D6F76653D223022206E6F64656661756C74617474616368706F696E74733D223022206175746F647261673D2230222075736564656661756C7469646473686170653D2230222073656C65637461626C653D2231222073686F7773656C656374696F6E68616E646C65733D22302220616C6C6F776E756467696E673D223122206973616E6E6F746174696F6E3D22302220646F6E746175746F6C61796F75743D2230222067726F7570636F6C6C61707365643D2230222074616273746F703D2231222076697369626C653D22312220736E6170746F677269643D2231223E3C636F6E74726F6C3E3C646473786D6C6F626A65637473747265616D696E6974777261707065722062696E6172793D223231343333343132303830303030303066333162303030303530306430303030373835363334313230373030303030303134303130303030363530303731303037353030356630303533303034393030346430303432303036313030366330303631303036653030363330303635303034383030363930303733303037343030366630303732303037393030353230303635303036333030366630303732303036343030303030303030303033343430303030303030303030303030663033663030303030303030303030303030303030303030303030303031303030303030303130303030303030303030303030303030303030303030303030303030303030303030303030303030303030303030303030303030303030303030303030303030303030303030303030303030303030303030303030303030303030303030303030303030303030303030663033663030303030303030303030303030303066383136326436303030303030303030303030303030303066343137326436303230623332643630653839316438323765383931643832373032303030303030303230303030303030303030303030303030303030303030303030303030303030303030303030303032303030303030303030303030303063646363636333663030303030303030636463636163343130303030613063316364636363633366303030303030303030303030303030303030303030303030303030303030303030303030303030303031303030303030303530303030303035343030303030303263303030303030326330303030303032633030303030303334303030303030303030303030303030303030303030303338326530303030633131343030303030303030303030303264303130303030303730303030303030633030303030303037303030303030316330313030303035303061303030303730303830303030633030303030303066303030303030306138303030303030613030353030303036383031303030306438303030303030363830313030303063383031303030303338303130303030303030303030303030313030303030306633316230303030353030643030303030303030303030303034303030303030303430303030303030323030303030303032303030303030316330313030303035633064303030303030303030303030303130303030303034303135303030303563303730303030303030303030303030323030303030303032303030303030303230303030303030323030303030303163303130303030353030613030303030313030303030303030303030303030343031353030303065353032303030303030303030303030303030303030303030303030303030303032303030303030303230303030303031633031303030303530306130303030303030303030303030303030303030303234333830303030323632323030303030303030303030303030303030303030306430303030303030343030303030303034303030303030316330313030303035303061303030303330306330303030383030373030303037383536333431323034303030303030383030303030303030313030303030303031303030303030306230303030303030303030303030303031303030303030303230303030303030333030303030303034303030303030303530303030303030363030303030303037303030303030303830303030303030393030303030303061303030303030303430303030303036343030363230303666303030303030316330303030303036353030373130303735303035663030353330303439303034643030343230303631303036633030363130303665303036333030363530303438303036393030373330303734303036663030373230303739303035323030363530303633303036663030373230303634303030303030222F3E3C2F636F6E74726F6C3E3C6C61796F75746F626A6563743E3C646473786D6C6F626A3E3C70726F7065727479206E616D653D224163746976655461626C65566965774D6F6465222076616C75653D22312220766172747970653D2238222F3E3C70726F7065727479206E616D653D225461626C65566965774D6F64653A30222076616C75653D22342C302C3238342C302C323634302C312C323136302C352C313434302220766172747970653D2238222F3E3C70726F7065727479206E616D653D225461626C65566965774D6F64653A31222076616C75653D22322C302C3238342C302C333432302220766172747970653D2238222F3E3C70726F7065727479206E616D653D225461626C65566965774D6F64653A32222076616C75653D22322C302C3238342C302C323634302220766172747970653D2238222F3E3C70726F7065727479206E616D653D225461626C65566965774D6F64653A33222076616C75653D22322C302C3238342C302C323634302220766172747970653D2238222F3E3C70726F7065727479206E616D653D225461626C65566965774D6F64653A34222076616C75653D22342C302C3238342C302C323634302C31322C333132302C31312C313932302220766172747970653D2238222F3E3C2F646473786D6C6F626A3E3C2F6C61796F75746F626A6563743E3C73686170652067726F7570736861706569643D2230222067726F75706E6F64653D2230222F3E3C2F646473636F6E74726F6C3E3C646473636F6E74726F6C2073656D616E746963636F6F6B69653D2230313136326436303031303030303030363430303632303036663030303030303436303034623030356630303635303037313030373530303566303035333030343930303464303034323030363130303663303036313030366530303633303036353030343830303639303037333030373430303666303037323030373930303532303036353030363330303666303037323030363430303566303036353030373130303735303035663030353330303439303034643030303030302220636F6E74726F6C70726F6769643D224D534444532E506F6C796C696E652E3038302E312220746F6F6C7469703D22E2809C6571755F53494DE2809DE4B88EE2809C6571755F53494D42616C616E6365486973746F72795265636F7264E2809DE4B98BE997B4E79A84E585B3E7B3BBE2809C464B5F6571755F53494D42616C616E6365486973746F72795265636F72645F6571755F53494DE2809D22206C6566743D223130323733372220746F703D22323335393322206C6F676963616C69643D2235352220636F6E74726F6C69643D22353522206D617374657269643D2230222068696E74313D2230222068696E74323D2230222077696474683D223238363322206865696768743D2238313522206E6F726573697A653D223022206E6F6D6F76653D223022206E6F64656661756C74617474616368706F696E74733D223122206175746F647261673D2230222075736564656661756C7469646473686170653D2230222073656C65637461626C653D2231222073686F7773656C656374696F6E68616E646C65733D22302220616C6C6F776E756467696E673D223122206973616E6E6F746174696F6E3D22302220646F6E746175746F6C61796F75743D2230222067726F7570636F6C6C61707365643D2230222074616273746F703D2231222076697369626C653D22312220736E6170746F677269643D2230223E3C636F6E74726F6C3E3C646473786D6C6F626A3E3C706F6C796C696E6520656E64747970656473743D22302220656E64747970657372633D2232222075736572636F6C6F723D22313537393033323022206C696E657374796C653D223022206C696E6572656E6465723D22302220637573746F6D656E647479706564737469643D22302220637573746F6D656E647479706573726369643D2230222061646F726E7376697369626C653D2231223E3C61646F726E6D656E742070657263656E74706F733D2235302220636F6E74726F6C69643D223536222077696474683D223730313422206865696768743D223331382220736964653D223022206265686176696F723D2233222068696D65747269633D223131333122206469737466726F6D6C696E653D22313735222073746172746F626A3D22302220783D223130303636322220793D223234313735222076697369626C653D22302220616C6C6F776F7665726C61703D2231222075736570657263656E743D2231222F3E3C2F706F6C796C696E653E3C2F646473786D6C6F626A3E3C2F636F6E74726F6C3E3C6C61796F75746F626A6563743E3C646473786D6C6F626A2F3E3C2F6C61796F75746F626A6563743E3C636F6E6E6563746F7220736F7572636569643D22353022206465737469643D2235342220736F75726365617474616368706F696E743D22313439222064657374617474616368706F696E743D2231313222207365676D656E74656469746D6F64653D2230222062656E64706F696E74656469746D6F64653D2230222062656E64706F696E747669736962696C6974793D2230222072656C6174656469643D223022207669727475616C3D2230223E3C706F696E7420783D223130333033372220793D223234303030222F3E3C706F696E7420783D223130353330302220793D223234303030222F3E3C2F636F6E6E6563746F723E3C2F646473636F6E74726F6C3E3C646473636F6E74726F6C2073656D616E746963636F6F6B69653D22303134366663323765303436666332372220636F6E74726F6C70726F6769643D224D534444532E546578742E3038302E3122206C6566743D223130303636322220746F703D22323431373522206C6F676963616C69643D2235362220636F6E74726F6C69643D22353622206D617374657269643D223535222068696E74313D2230222068696E74323D2230222077696474683D223730313422206865696768743D2233313822206E6F726573697A653D223122206E6F6D6F76653D223022206E6F64656661756C74617474616368706F696E74733D223122206175746F647261673D2231222075736564656661756C7469646473686170653D2231222073656C65637461626C653D2231222073686F7773656C656374696F6E68616E646C65733D22312220616C6C6F776E756467696E673D223122206973616E6E6F746174696F6E3D22302220646F6E746175746F6C61796F75743D2231222067726F7570636F6C6C61707365643D2230222074616273746F703D2230222076697369626C653D22302220736E6170746F677269643D2230223E3C636F6E74726F6C3E3C646473786D6C6F626A65637473747265616D696E6974777261707065722062696E6172793D22303030323030303036363162303030303365303130303030303330303030303030303030303530303030383030383030303038303031303030303030313530303031383630303030393030313930356630313030303463626365636365353236303034363030346230303566303036353030373130303735303035663030353330303439303034643030343230303631303036633030363130303665303036333030363530303438303036393030373330303734303036663030373230303739303035323030363530303633303036663030373230303634303035663030363530303731303037353030356630303533303034393030346430303030303030303030222F3E3C2F636F6E74726F6C3E3C6C61796F75746F626A6563743E3C646473786D6C6F626A2F3E3C2F6C61796F75746F626A6563743E3C73686170652067726F7570736861706569643D2230222067726F75706E6F64653D2230222F3E3C2F646473636F6E74726F6C3E3C646473636F6E74726F6C20636F6E74726F6C70726F6769643D227B36323341433037352D324337372D343837332D383833442D3933304234333634423442437D2220746F6F6C7469703D226571755F53494D5061636B61676522206C6566743D2239363735302220746F703D22333136353022206C6F676963616C69643D2235372220636F6E74726F6C69643D22353722206D617374657269643D2230222068696E74313D2230222068696E74323D2230222077696474683D223632383722206865696768743D223638333722206E6F726573697A653D223022206E6F6D6F76653D223022206E6F64656661756C74617474616368706F696E74733D223022206175746F647261673D2230222075736564656661756C7469646473686170653D2230222073656C65637461626C653D2231222073686F7773656C656374696F6E68616E646C65733D22302220616C6C6F776E756467696E673D223122206973616E6E6F746174696F6E3D22302220646F6E746175746F6C61796F75743D2230222067726F7570636F6C6C61707365643D2230222074616273746F703D2231222076697369626C653D22312220736E6170746F677269643D2231223E3C636F6E74726F6C3E3C646473786D6C6F626A65637473747265616D696E6974777261707065722062696E6172793D2232313433333431323038303030303030386631383030303062353161303030303738353633343132303730303030303031343031303030303635303037313030373530303566303035333030343930303464303035303030363130303633303036623030363130303637303036353030303030303563303035303030353230303466303034373030353230303431303034643030323030303436303034393030346330303435303035333030323030303238303035383030333830303336303032393030356330303433303034663030346430303464303034663030346530303230303034363030343930303463303034353030353330303563303034643030343930303433303035323030346630303533303034663030343630303534303035633030343530303538303035343030343530303465303035333030343930303466303034653030346430303431303034653030343130303437303034353030353230303563303034353030353830303534303034353030346530303533303034393030346630303465303035333030356330303464303036393030363330303732303036663030373330303666303036363030373430303563303035373030363930303665303036343030366630303737303037333030323030303462303036393030373430303733303035633030333130303330303035633030353330303434303034623030323030303431303035323030303030303030303030303030303030303030303030313030303030303035303030303030353430303030303032633030303030303263303030303030326330303030303033343030303030303030303030303030303030303030303033383265303030306561316630303030303030303030303032643031303030303063303030303030306330303030303030373030303030303163303130303030353030613030303037303038303030306330303030303030663030303030303061383030303030306130303530303030363830313030303064383030303030303638303130303030633830313030303033383031303030303030303030303030303130303030303038663138303030306235316130303030303030303030303030613030303030303061303030303030303230303030303030323030303030303163303130303030376330623030303030303030303030303031303030303030343031353030303032303035303030303030303030303030303130303030303030313030303030303032303030303030303230303030303031633031303030303530306130303030303130303030303030303030303030303430313530303030653530323030303030303030303030303030303030303030303030303030303030323030303030303032303030303030316330313030303035303061303030303030303030303030303030303030303032343338303030303236323230303030303030303030303030303030303030303064303030303030303430303030303030343030303030303163303130303030353030613030303033303063303030303830303730303030373835363334313230343030303030303636303030303030303130303030303030313030303030303062303030303030303030303030303030313030303030303032303030303030303330303030303030343030303030303035303030303030303630303030303030373030303030303038303030303030303930303030303030613030303030303034303030303030363430303632303036663030303030303066303030303030363530303731303037353030356630303533303034393030346430303530303036313030363330303662303036313030363730303635303030303030222F3E3C2F636F6E74726F6C3E3C6C61796F75746F626A6563743E3C646473786D6C6F626A3E3C70726F7065727479206E616D653D224163746976655461626C65566965774D6F6465222076616C75653D22312220766172747970653D2238222F3E3C70726F7065727479206E616D653D225461626C65566965774D6F64653A30222076616C75653D22342C302C3238342C302C323634302C312C323136302C352C313434302220766172747970653D2238222F3E3C70726F7065727479206E616D653D225461626C65566965774D6F64653A31222076616C75653D22322C302C3238342C302C323934302220766172747970653D2238222F3E3C70726F7065727479206E616D653D225461626C65566965774D6F64653A32222076616C75653D22322C302C3238342C302C323634302220766172747970653D2238222F3E3C70726F7065727479206E616D653D225461626C65566965774D6F64653A33222076616C75653D22322C302C3238342C302C323634302220766172747970653D2238222F3E3C70726F7065727479206E616D653D225461626C65566965774D6F64653A34222076616C75653D22342C302C3238342C302C323634302C31322C333132302C31312C313932302220766172747970653D2238222F3E3C2F646473786D6C6F626A3E3C2F6C61796F75746F626A6563743E3C73686170652067726F7570736861706569643D2230222067726F75706E6F64653D2230222F3E3C2F646473636F6E74726F6C3E3C646473636F6E74726F6C2073656D616E746963636F6F6B69653D22303134386530373330313030303030303634303036323030366630303030303034363030346230303566303036353030373130303735303035663030353330303439303034643030356630303635303037313030373530303566303035333030343930303464303035303030363130303633303036623030363130303637303036353030303030302220636F6E74726F6C70726F6769643D224D534444532E506F6C796C696E652E3038302E312220746F6F6C7469703D22E2809C6571755F53494D5061636B616765E2809DE4B88EE2809C6571755F53494DE2809DE4B98BE997B4E79A84E585B3E7B3BBE2809C464B5F6571755F53494D5F6571755F53494D5061636B616765E2809D22206C6566743D2239393439332220746F703D22323834363722206C6F676963616C69643D2235382220636F6E74726F6C69643D22353822206D617374657269643D2230222068696E74313D2230222068696E74323D2230222077696474683D2238313522206865696768743D223338373922206E6F726573697A653D223022206E6F6D6F76653D223022206E6F64656661756C74617474616368706F696E74733D223122206175746F647261673D2230222075736564656661756C7469646473686170653D2230222073656C65637461626C653D2231222073686F7773656C656374696F6E68616E646C65733D22302220616C6C6F776E756467696E673D223122206973616E6E6F746174696F6E3D22302220646F6E746175746F6C61796F75743D2230222067726F7570636F6C6C61707365643D2230222074616273746F703D2231222076697369626C653D22312220736E6170746F677269643D2230223E3C636F6E74726F6C3E3C646473786D6C6F626A3E3C706F6C796C696E6520656E64747970656473743D22302220656E64747970657372633D2232222075736572636F6C6F723D22313537393033323022206C696E657374796C653D223022206C696E6572656E6465723D22302220637573746F6D656E647479706564737469643D22302220637573746F6D656E647479706573726369643D2230222061646F726E7376697369626C653D2231223E3C61646F726E6D656E742070657263656E74706F733D2235302220636F6E74726F6C69643D223539222077696474683D223436313322206865696768743D223331382220736964653D223022206265686176696F723D2233222068696D65747269633D223132343222206469737466726F6D6C696E653D22313735222073746172746F626A3D22302220783D223130303037352220793D223330323439222076697369626C653D22302220616C6C6F776F7665726C61703D2231222075736570657263656E743D2231222F3E3C2F706F6C796C696E653E3C2F646473786D6C6F626A3E3C2F636F6E74726F6C3E3C6C61796F75746F626A6563743E3C646473786D6C6F626A2F3E3C2F6C61796F75746F626A6563743E3C636F6E6E6563746F7220736F7572636569643D22353722206465737469643D2235302220736F75726365617474616368706F696E743D223430222064657374617474616368706F696E743D22343122207365676D656E74656469746D6F64653D2230222062656E64706F696E74656469746D6F64653D2230222062656E64706F696E747669736962696C6974793D2230222072656C6174656469643D223022207669727475616C3D2230223E3C706F696E7420783D2239393930302220793D223331363530222F3E3C706F696E7420783D2239393930302220793D223239313636222F3E3C2F636F6E6E6563746F723E3C2F646473636F6E74726F6C3E3C646473636F6E74726F6C2073656D616E746963636F6F6B69653D22303134396663323761303439666332372220636F6E74726F6C70726F6769643D224D534444532E546578742E3038302E3122206C6566743D223130303037352220746F703D22333032343922206C6F676963616C69643D2235392220636F6E74726F6C69643D22353922206D617374657269643D223538222068696E74313D2230222068696E74323D2230222077696474683D223436313322206865696768743D2233313822206E6F726573697A653D223122206E6F6D6F76653D223022206E6F64656661756C74617474616368706F696E74733D223122206175746F647261673D2231222075736564656661756C7469646473686170653D2231222073656C65637461626C653D2231222073686F7773656C656374696F6E68616E646C65733D22312220616C6C6F776E756467696E673D223122206973616E6E6F746174696F6E3D22302220646F6E746175746F6C61796F75743D2231222067726F7570636F6C6C61707365643D2230222074616273746F703D2230222076697369626C653D22302220736E6170746F677269643D2230223E3C636F6E74726F6C3E3C646473786D6C6F626A65637473747265616D696E6974777261707065722062696E6172793D223030303230303030303531323030303033653031303030303033303030303030303030303035303030303830303830303030383030313030303030303135303030313836303030303930303139303566303130303034636263656363653531393030343630303462303035663030363530303731303037353030356630303533303034393030346430303566303036353030373130303735303035663030353330303439303034643030353030303631303036333030366230303631303036373030363530303030303030303030222F3E3C2F636F6E74726F6C3E3C6C61796F75746F626A6563743E3C646473786D6C6F626A2F3E3C2F6C61796F75746F626A6563743E3C73686170652067726F7570736861706569643D2230222067726F75706E6F64653D2230222F3E3C2F646473636F6E74726F6C3E3C646473636F6E74726F6C20636F6E74726F6C70726F6769643D227B36323341433037352D324337372D343837332D383833442D3933304234333634423442437D2220746F6F6C7469703D226571755F556E697422206C6566743D2237343235302220746F703D223022206C6F676963616C69643D2236302220636F6E74726F6C69643D22363022206D617374657269643D2230222068696E74313D2230222068696E74323D2230222077696474683D223632383722206865696768743D223232363522206E6F726573697A653D223022206E6F6D6F76653D223022206E6F64656661756C74617474616368706F696E74733D223022206175746F647261673D2230222075736564656661756C7469646473686170653D2230222073656C65637461626C653D2231222073686F7773656C656374696F6E68616E646C65733D22302220616C6C6F776E756467696E673D223122206973616E6E6F746174696F6E3D22302220646F6E746175746F6C61796F75743D2230222067726F7570636F6C6C61707365643D2230222074616273746F703D2231222076697369626C653D22312220736E6170746F677269643D2231223E3C636F6E74726F6C3E3C646473786D6C6F626A65637473747265616D696E6974777261707065722062696E6172793D2232313433333431323038303030303030386631383030303064393038303030303738353633343132303730303030303031343031303030303635303037313030373530303566303035353030366530303639303037343030303030303664303036393030363330303732303036663030373330303666303036363030373430303230303037333030373130303663303032303030373330303635303037323030373630303635303037323030323030303664303036313030366530303631303036373030363530303664303036353030366530303734303032303030373330303734303037353030363430303639303036663030323030303331303033383030356330303633303036663030366430303664303036663030366530303337303035633030363930303634303036353030356330303633303036663030366430303664303036663030366530303635303037383030373430303635303036653030373330303639303036663030366530303733303035633030366430303639303036333030373230303666303037333030366630303636303037343030356330303734303037393030373030303635303037333030363330303732303036393030373030303734303035633030346430303639303036333030373230303666303037333030366630303636303037343030326530303433303036663030363430303635303034313030366530303631303036633030303030303030303030303030303030303030303030313030303030303035303030303030353430303030303032633030303030303263303030303030326330303030303033343030303030303030303030303030303030303030303033383265303030306331313430303030303030303030303032643031303030303037303030303030306330303030303030373030303030303163303130303030353030613030303037303038303030303230303130303030363830313030303066633030303030306130303530303030316330323030303034343031303030303163303230303030616330323030303064343031303030303030303030303030303130303030303038663138303030306439303830303030303030303030303030323030303030303032303030303030303230303030303030323030303030303163303130303030373030383030303030303030303030303031303030303030343031353030303032303035303030303030303030303030303130303030303030313030303030303032303030303030303230303030303031633031303030303530306130303030303130303030303030303030303030303430313530303030653530323030303030303030303030303030303030303030303030303030303030323030303030303032303030303030316330313030303035303061303030303030303030303030303030303030303032343338303030303236323230303030303030303030303030303030303030303064303030303030303430303030303030343030303030303163303130303030353030613030303033303063303030303830303730303030373835363334313230343030303030303561303030303030303130303030303030313030303030303062303030303030303030303030303030313030303030303032303030303030303330303030303030343030303030303035303030303030303630303030303030373030303030303038303030303030303930303030303030613030303030303034303030303030363430303632303036663030303030303039303030303030363530303731303037353030356630303535303036653030363930303734303030303030222F3E3C2F636F6E74726F6C3E3C6C61796F75746F626A6563743E3C646473786D6C6F626A3E3C70726F7065727479206E616D653D224163746976655461626C65566965774D6F6465222076616C75653D22312220766172747970653D2238222F3E3C70726F7065727479206E616D653D225461626C65566965774D6F64653A30222076616C75653D22342C302C3238342C302C323634302C312C323136302C352C313434302220766172747970653D2238222F3E3C70726F7065727479206E616D653D225461626C65566965774D6F64653A31222076616C75653D22322C302C3238342C302C323136302220766172747970653D2238222F3E3C70726F7065727479206E616D653D225461626C65566965774D6F64653A32222076616C75653D22322C302C3238342C302C323634302220766172747970653D2238222F3E3C70726F7065727479206E616D653D225461626C65566965774D6F64653A33222076616C75653D22322C302C3238342C302C323634302220766172747970653D2238222F3E3C70726F7065727479206E616D653D225461626C65566965774D6F64653A34222076616C75653D22342C302C3238342C302C323634302C31322C333132302C31312C313932302220766172747970653D2238222F3E3C2F646473786D6C6F626A3E3C2F6C61796F75746F626A6563743E3C73686170652067726F7570736861706569643D2230222067726F75706E6F64653D2230222F3E3C2F646473636F6E74726F6C3E3C646473636F6E74726F6C20636F6E74726F6C70726F6769643D227B36323341433037352D324337372D343837332D383833442D3933304234333634423442437D2220746F6F6C7469703D226571755F55706461746550726F6772616D5265636F726422206C6566743D2233303135302220746F703D2231343232303022206C6F676963616C69643D2236312220636F6E74726F6C69643D22363122206D617374657269643D2230222068696E74313D2230222068696E74323D2230222077696474683D223635323022206865696768743D223632363522206E6F726573697A653D223022206E6F6D6F76653D223022206E6F64656661756C74617474616368706F696E74733D223022206175746F647261673D2230222075736564656661756C7469646473686170653D2230222073656C65637461626C653D2231222073686F7773656C656374696F6E68616E646C65733D22302220616C6C6F776E756467696E673D223122206973616E6E6F746174696F6E3D22302220646F6E746175746F6C61796F75743D2230222067726F7570636F6C6C61707365643D2230222074616273746F703D2231222076697369626C653D22312220736E6170746F677269643D2231223E3C636F6E74726F6C3E3C646473786D6C6F626A65637473747265616D696E6974777261707065722062696E6172793D2232313433333431323038303030303030373831393030303037393138303030303738353633343132303730303030303031343031303030303635303037313030373530303566303035353030373030303634303036313030373430303635303035303030373230303666303036373030373230303631303036643030353230303635303036333030366630303732303036343030303030303435303035323030353630303435303035323030323030303464303034313030346530303431303034373030343530303464303034353030346530303534303032303030353330303534303035353030343430303439303034663030323030303331303033383030356330303433303034663030346430303464303034663030346530303337303035633030343930303434303034353030356330303433303034663030346430303464303034663030346530303435303035383030353430303435303034653030353330303439303034663030346530303533303035633030346430303439303034333030353230303466303035333030346630303436303035343030356330303466303035303030343530303465303034363030346630303463303034343030343530303532303035633030346430303639303036333030373230303666303037333030366630303636303037343030326530303536303036393030373330303735303036313030366330303533303037343030303030303030303030303030303030303030303030313030303030303035303030303030353430303030303032633030303030303263303030303030326330303030303033343030303030303030303030303030303030303030303033383265303030306166316430303030303030303030303032643031303030303062303030303030306330303030303030373030303030303163303130303030353030613030303037303038303030303630303030303030373830303030303035343030303030306130303530303030623430303030303036633030303030306234303030303030653430303030303039633030303030303030303030303030303130303030303037383139303030303739313830303030303030303030303030393030303030303039303030303030303230303030303030323030303030303163303130303030353030613030303030303030303030303031303030303030343031353030303039373039303030303030303030303030303330303030303030333030303030303032303030303030303230303030303031633031303030303530306130303030303130303030303030303030303030303430313530303030653530323030303030303030303030303030303030303030303030303030303030323030303030303032303030303030316330313030303035303061303030303030303030303030303030303030303032343338303030303236323230303030303030303030303030303030303030303064303030303030303430303030303030343030303030303163303130303030353030613030303033303063303030303830303730303030373835363334313230343030303030303738303030303030303130303030303030313030303030303062303030303030303030303030303030313030303030303032303030303030303330303030303030343030303030303035303030303030303630303030303030373030303030303038303030303030303930303030303030613030303030303034303030303030363430303632303036663030303030303138303030303030363530303731303037353030356630303535303037303030363430303631303037343030363530303530303037323030366630303637303037323030363130303664303035323030363530303633303036663030373230303634303030303030222F3E3C2F636F6E74726F6C3E3C6C61796F75746F626A6563743E3C646473786D6C6F626A3E3C70726F7065727479206E616D653D224163746976655461626C65566965774D6F6465222076616C75653D22312220766172747970653D2238222F3E3C70726F7065727479206E616D653D225461626C65566965774D6F64653A30222076616C75653D22342C302C3238342C302C323634302C312C323136302C352C313434302220766172747970653D2238222F3E3C70726F7065727479206E616D653D225461626C65566965774D6F64653A31222076616C75653D22322C302C3238342C302C323634302220766172747970653D2238222F3E3C70726F7065727479206E616D653D225461626C65566965774D6F64653A32222076616C75653D22322C302C3238342C302C323634302220766172747970653D2238222F3E3C70726F7065727479206E616D653D225461626C65566965774D6F64653A33222076616C75653D22322C302C3238342C302C323634302220766172747970653D2238222F3E3C70726F7065727479206E616D653D225461626C65566965774D6F64653A34222076616C75653D22342C302C3238342C302C323634302C31322C333132302C31312C313932302220766172747970653D2238222F3E3C2F646473786D6C6F626A3E3C2F6C61796F75746F626A6563743E3C73686170652067726F7570736861706569643D2230222067726F75706E6F64653D2230222F3E3C2F646473636F6E74726F6C3E3C646473636F6E74726F6C2073656D616E746963636F6F6B69653D22303131363264363030313030303030303634303036323030366630303030303034363030346230303566303036353030373130303735303035663030353530303730303036343030363130303734303036353030353030303732303036663030363730303732303036313030366430303532303036353030363330303666303037323030363430303566303036353030373130303735303035663030343530303731303037353030363930303730303036643030363530303665303037343030303030302220636F6E74726F6C70726F6769643D224D534444532E506F6C796C696E652E3038302E312220746F6F6C7469703D22E2809C6571755F45717569706D656E74E2809DE4B88EE2809C6571755F55706461746550726F6772616D5265636F7264E2809DE4B98BE997B4E79A84E585B3E7B3BBE2809C464B5F6571755F55706461746550726F6772616D5265636F72645F6571755F45717569706D656E74E2809D22206C6566743D2233333037312220746F703D2231323538303722206C6F676963616C69643D2236322220636F6E74726F6C69643D22363222206D617374657269643D2230222068696E74313D2230222068696E74323D2230222077696474683D22313239333722206865696768743D22313730393322206E6F726573697A653D223022206E6F6D6F76653D223022206E6F64656661756C74617474616368706F696E74733D223122206175746F647261673D2230222075736564656661756C7469646473686170653D2230222073656C65637461626C653D2231222073686F7773656C656374696F6E68616E646C65733D22302220616C6C6F776E756467696E673D223122206973616E6E6F746174696F6E3D22302220646F6E746175746F6C61796F75743D2230222067726F7570636F6C6C61707365643D2230222074616273746F703D2231222076697369626C653D22312220736E6170746F677269643D2230223E3C636F6E74726F6C3E3C646473786D6C6F626A3E3C706F6C796C696E6520656E64747970656473743D22302220656E64747970657372633D2232222075736572636F6C6F723D22313537393033323022206C696E657374796C653D223022206C696E6572656E6465723D22302220637573746F6D656E647479706564737469643D22302220637573746F6D656E647479706573726369643D2230222061646F726E7376697369626C653D2231223E3C61646F726E6D656E742070657263656E74706F733D2234392E393939323432353733343332352220636F6E74726F6C69643D223633222077696474683D223733383222206865696768743D223331382220736964653D223022206265686176696F723D2233222068696D65747269633D22313339323322206469737466726F6D6C696E653D22313735222073746172746F626A3D22302220783D2233383034332220793D22313339393636222076697369626C653D22302220616C6C6F776F7665726C61703D2231222075736570657263656E743D2231222F3E3C2F706F6C796C696E653E3C2F646473786D6C6F626A3E3C2F636F6E74726F6C3E3C6C61796F75746F626A6563743E3C646473786D6C6F626A2F3E3C2F6C61796F75746F626A6563743E3C636F6E6E6563746F7220736F7572636569643D223322206465737469643D2236312220736F75726365617474616368706F696E743D223235222064657374617474616368706F696E743D22343222207365676D656E74656469746D6F64653D2230222062656E64706F696E74656469746D6F64653D2230222062656E64706F696E747669736962696C6974793D2230222072656C6174656469643D223022207669727475616C3D2230223E3C706F696E7420783D2234353630302220793D22313236353032222F3E3C706F696E7420783D2234353630302220793D22313431343731222F3E3C706F696E7420783D2233333435302220793D22313431343731222F3E3C706F696E7420783D2233333435302220793D22313432323030222F3E3C2F636F6E6E6563746F723E3C2F646473636F6E74726F6C3E3C646473636F6E74726F6C2073656D616E746963636F6F6B69653D22303135326663323732303532666332372220636F6E74726F6C70726F6769643D224D534444532E546578742E3038302E3122206C6566743D2233383034332220746F703D2231333939363622206C6F676963616C69643D2236332220636F6E74726F6C69643D22363322206D617374657269643D223632222068696E74313D2230222068696E74323D2230222077696474683D223733383222206865696768743D2233313822206E6F726573697A653D223122206E6F6D6F76653D223022206E6F64656661756C74617474616368706F696E74733D223122206175746F647261673D2231222075736564656661756C7469646473686170653D2231222073656C65637461626C653D2231222073686F7773656C656374696F6E68616E646C65733D22312220616C6C6F776E756467696E673D223122206973616E6E6F746174696F6E3D22302220646F6E746175746F6C61796F75743D2231222067726F7570636F6C6C61707365643D2230222074616273746F703D2230222076697369626C653D22302220736E6170746F677269643D2230223E3C636F6E74726F6C3E3C646473786D6C6F626A65637473747265616D696E6974777261707065722062696E6172793D223030303230303030643631633030303033653031303030303033303030303030303030303035303030303830303830303030383030313030303030303135303030313836303030303930303139303566303130303034636263656363653532383030343630303462303035663030363530303731303037353030356630303535303037303030363430303631303037343030363530303530303037323030366630303637303037323030363130303664303035323030363530303633303036663030373230303634303035663030363530303731303037353030356630303435303037313030373530303639303037303030366430303635303036653030373430303030303030303030222F3E3C2F636F6E74726F6C3E3C6C61796F75746F626A6563743E3C646473786D6C6F626A2F3E3C2F6C61796F75746F626A6563743E3C73686170652067726F7570736861706569643D2230222067726F75706E6F64653D2230222F3E3C2F646473636F6E74726F6C3E3C646473636F6E74726F6C20636F6E74726F6C70726F6769643D227B36323341433037352D324337372D343837332D383833442D3933304234333634423442437D2220746F6F6C7469703D226571755F557365725F45717569706D656E7447726F75705F4D617022206C6566743D2234393335302220746F703D2231363234353022206C6F676963616C69643D2236342220636F6E74726F6C69643D22363422206D617374657269643D2230222068696E74313D2230222068696E74323D2230222077696474683D223735373822206865696768743D223232363522206E6F726573697A653D223022206E6F6D6F76653D223022206E6F64656661756C74617474616368706F696E74733D223022206175746F647261673D2230222075736564656661756C7469646473686170653D2230222073656C65637461626C653D2231222073686F7773656C656374696F6E68616E646C65733D22302220616C6C6F776E756467696E673D223122206973616E6E6F746174696F6E3D22302220646F6E746175746F6C61796F75743D2230222067726F7570636F6C6C61707365643D2230222074616273746F703D2231222076697369626C653D22312220736E6170746F677269643D2231223E3C636F6E74726F6C3E3C646473786D6C6F626A65637473747265616D696E6974777261707065722062696E6172793D223231343333343132303830303030303039613164303030306439303830303030373835363334313230373030303030303134303130303030363530303731303037353030356630303535303037333030363530303732303035663030343530303731303037353030363930303730303036643030363530303665303037343030343730303732303036663030373530303730303035663030346430303631303037303030303030303330303036643030363130303665303036313030363730303635303036643030363530303665303037343030323530303332303033303030373330303734303037353030363430303639303036663030323530303332303033303030333130303338303032663030363330303666303036643030366430303666303036653030333730303266303036393030363430303635303032663030363330303666303036643030366430303666303036653030363530303738303037343030363530303665303037333030363930303666303036653030373330303266303036643030363930303633303037323030366630303733303036663030363630303734303032663030373330303733303036393030373330303266303034643030363930303633303037323030366630303733303036663030363630303734303032653030343430303631303037343030363130303534303037323030363130303665303037333030363630303666303030303030303030303030303030303030303030303031303030303030303530303030303035343030303030303263303030303030326330303030303032633030303030303334303030303030303030303030303030303030303030303338326530303030633131343030303030303030303030303264303130303030303730303030303030633030303030303037303030303030316330313030303035303061303030303730303830303030363030303030303037383030303030303534303030303030613030353030303062343030303030303663303030303030623430303030303065343030303030303963303030303030303030303030303030313030303030303961316430303030643930383030303030303030303030303032303030303030303230303030303030323030303030303032303030303030316330313030303061383063303030303030303030303030303130303030303034303135303030303563303730303030303030303030303030323030303030303032303030303030303230303030303030323030303030303163303130303030353030613030303030313030303030303030303030303030343031353030303065353032303030303030303030303030303030303030303030303030303030303032303030303030303230303030303031633031303030303530306130303030303030303030303030303030303030303234333830303030323632323030303030303030303030303030303030303030306430303030303030343030303030303034303030303030316330313030303035303061303030303330306330303030383030373030303037383536333431323034303030303030383030303030303030313030303030303031303030303030306230303030303030303030303030303031303030303030303230303030303030333030303030303034303030303030303530303030303030363030303030303037303030303030303830303030303030393030303030303061303030303030303430303030303036343030363230303666303030303030316330303030303036353030373130303735303035663030353530303733303036353030373230303566303034353030373130303735303036393030373030303664303036353030366530303734303034373030373230303666303037353030373030303566303034643030363130303730303030303030222F3E3C2F636F6E74726F6C3E3C6C61796F75746F626A6563743E3C646473786D6C6F626A3E3C70726F7065727479206E616D653D224163746976655461626C65566965774D6F6465222076616C75653D22312220766172747970653D2238222F3E3C70726F7065727479206E616D653D225461626C65566965774D6F64653A30222076616C75653D22342C302C3238342C302C323634302C312C323136302C352C313434302220766172747970653D2238222F3E3C70726F7065727479206E616D653D225461626C65566965774D6F64653A31222076616C75653D22322C302C3238342C302C333234302220766172747970653D2238222F3E3C70726F7065727479206E616D653D225461626C65566965774D6F64653A32222076616C75653D22322C302C3238342C302C323634302220766172747970653D2238222F3E3C70726F7065727479206E616D653D225461626C65566965774D6F64653A33222076616C75653D22322C302C3238342C302C323634302220766172747970653D2238222F3E3C70726F7065727479206E616D653D225461626C65566965774D6F64653A34222076616C75653D22342C302C3238342C302C323634302C31322C333132302C31312C313932302220766172747970653D2238222F3E3C2F646473786D6C6F626A3E3C2F6C61796F75746F626A6563743E3C73686170652067726F7570736861706569643D2230222067726F75706E6F64653D2230222F3E3C2F646473636F6E74726F6C3E3C646473636F6E74726F6C2073656D616E746963636F6F6B69653D22303139656561373330313030303030303634303036323030366630303030303034363030346230303566303036353030373130303735303035663030353530303733303036353030373230303566303034353030373130303735303036393030373030303664303036353030366530303734303034373030373230303666303037353030373030303566303034643030363130303730303035663030363530303731303037353030356630303435303037313030373530303639303037303030366430303635303036653030373430303437303037323030366630303735303037303030303030302220636F6E74726F6C70726F6769643D224D534444532E506F6C796C696E652E3038302E312220746F6F6C7469703D22E2809C6571755F45717569706D656E7447726F7570E2809DE4B88EE2809C6571755F557365725F45717569706D656E7447726F75705F4D6170E2809DE4B98BE997B4E79A84E585B3E7B3BBE2809C464B5F6571755F557365725F45717569706D656E7447726F75705F4D61705F6571755F45717569706D656E7447726F7570E2809D22206C6566743D2235323834332220746F703D2231353933343122206C6F676963616C69643D2236352220636F6E74726F6C69643D22363522206D617374657269643D2230222068696E74313D2230222068696E74323D2230222077696474683D2238313522206865696768743D223338303922206E6F726573697A653D223022206E6F6D6F76653D223022206E6F64656661756C74617474616368706F696E74733D223122206175746F647261673D2230222075736564656661756C7469646473686170653D2230222073656C65637461626C653D2231222073686F7773656C656374696F6E68616E646C65733D22302220616C6C6F776E756467696E673D223122206973616E6E6F746174696F6E3D22302220646F6E746175746F6C61796F75743D2230222067726F7570636F6C6C61707365643D2230222074616273746F703D2231222076697369626C653D22312220736E6170746F677269643D2230223E3C636F6E74726F6C3E3C646473786D6C6F626A3E3C706F6C796C696E6520656E64747970656473743D22302220656E64747970657372633D2232222075736572636F6C6F723D22313537393033323022206C696E657374796C653D223022206C696E6572656E6465723D22302220637573746F6D656E647479706564737469643D22302220637573746F6D656E647479706573726369643D2230222061646F726E7376697369626C653D2231223E3C61646F726E6D656E742070657263656E74706F733D2235392E343234343731343533333735352220636F6E74726F6C69643D223636222077696474683D223930343322206865696768743D223331382220736964653D223022206265686176696F723D2233222068696D65747269633D223134333422206469737466726F6D6C696E653D22313735222073746172746F626A3D22302220783D2234343033322220793D22313631323831222076697369626C653D22302220616C6C6F776F7665726C61703D2231222075736570657263656E743D2231222F3E3C2F706F6C796C696E653E3C2F646473786D6C6F626A3E3C2F636F6E74726F6C3E3C6C61796F75746F626A6563743E3C646473786D6C6F626A2F3E3C2F6C61796F75746F626A6563743E3C636F6E6E6563746F7220736F7572636569643D22323822206465737469643D2236342220736F75726365617474616368706F696E743D223431222064657374617474616368706F696E743D22353022207365676D656E74656469746D6F64653D2230222062656E64706F696E74656469746D6F64653D2230222062656E64706F696E747669736962696C6974793D2230222072656C6174656469643D223022207669727475616C3D2230223E3C706F696E7420783D2235333235302220793D22313630303336222F3E3C706F696E7420783D2235333235302220793D22313632343530222F3E3C2F636F6E6E6563746F723E3C2F646473636F6E74726F6C3E3C646473636F6E74726F6C2073656D616E746963636F6F6B69653D22303134656663323732303465666332372220636F6E74726F6C70726F6769643D224D534444532E546578742E3038302E3122206C6566743D2234343033322220746F703D2231363132383122206C6F676963616C69643D2236362220636F6E74726F6C69643D22363622206D617374657269643D223635222068696E74313D2230222068696E74323D2230222077696474683D223930343322206865696768743D2233313822206E6F726573697A653D223122206E6F6D6F76653D223022206E6F64656661756C74617474616368706F696E74733D223122206175746F647261673D2231222075736564656661756C7469646473686170653D2231222073656C65637461626C653D2231222073686F7773656C656374696F6E68616E646C65733D22312220616C6C6F776E756467696E673D223122206973616E6E6F746174696F6E3D22302220646F6E746175746F6C61796F75743D2231222067726F7570636F6C6C61707365643D2230222074616273746F703D2230222076697369626C653D22302220736E6170746F677269643D2230223E3C636F6E74726F6C3E3C646473786D6C6F626A65637473747265616D696E6974777261707065722062696E6172793D223030303230303030353332333030303033653031303030303033303030303030303030303035303030303830303830303030383030313030303030303135303030313836303030303930303139303566303130303034636263656363653533313030343630303462303035663030363530303731303037353030356630303535303037333030363530303732303035663030343530303731303037353030363930303730303036643030363530303665303037343030343730303732303036663030373530303730303035663030346430303631303037303030356630303635303037313030373530303566303034353030373130303735303036393030373030303664303036353030366530303734303034373030373230303666303037353030373030303030303030303030222F3E3C2F636F6E74726F6C3E3C6C61796F75746F626A6563743E3C646473786D6C6F626A2F3E3C2F6C61796F75746F626A6563743E3C73686170652067726F7570736861706569643D2230222067726F75706E6F64653D2230222F3E3C2F646473636F6E74726F6C3E3C646473636F6E74726F6C20636F6E74726F6C70726F6769643D227B36323341433037352D324337372D343837332D383833442D3933304234333634423442437D2220746F6F6C7469703D227379735F4164766572746973656D656E7422206C6566743D2238333535302220746F703D223022206C6F676963616C69643D2236372220636F6E74726F6C69643D22363722206D617374657269643D2230222068696E74313D2230222068696E74323D2230222077696474683D223632383722206865696768743D223536393422206E6F726573697A653D223022206E6F6D6F76653D223022206E6F64656661756C74617474616368706F696E74733D223022206175746F647261673D2230222075736564656661756C7469646473686170653D2230222073656C65637461626C653D2231222073686F7773656C656374696F6E68616E646C65733D22302220616C6C6F776E756467696E673D223122206973616E6E6F746174696F6E3D22302220646F6E746175746F6C61796F75743D2230222067726F7570636F6C6C61707365643D2230222074616273746F703D2231222076697369626C653D22312220736E6170746F677269643D2231223E3C636F6E74726F6C3E3C646473786D6C6F626A65637473747265616D696E6974777261707065722062696E6172793D2232313433333431323038303030303030386631383030303033653136303030303738353633343132303730303030303031343031303030303733303037393030373330303566303034313030363430303736303036353030373230303734303036393030373330303635303036643030363530303665303037343030303030306663373036383230623437303638323033306138393931656434613739393165386332343935303234383234393530323838346539313033343034653931303331346236313532306363623531353230303030303030303031623030303030303030303030303030303130303030303037303235393530323234323539353032623465616432303536306561643230356363363530383037656336343038303763633334393530323930333439353032373861633939316532636163393931653463656264323035313065626432303566386465393530326263646539353032623861653135323037346165313532303134643331353230633864323135323064633136636431663934313663643166353464653135323031306465313532306463323239353032393832323935303239343335393530323630333539353032343435646166316666633563616631666330313563643166373031356364316665303935393931663938393539393166386335636166316633633563616631663738653731353230336365373135323030306538303030303030303030303030303030303030303030313030303030303035303030303030353430303030303032633030303030303263303030303030326330303030303033343030303030303030303030303030303030303030303033383265303030303733316230303030303030303030303032643031303030303061303030303030306330303030303030373030303030303163303130303030353030613030303037303038303030303230303130303030363830313030303066633030303030306130303530303030316330323030303034343031303030303163303230303030616330323030303064343031303030303030303030303030303130303030303038663138303030303365313630303030303030303030303030383030303030303038303030303030303230303030303030323030303030303163303130303030373030383030303030303030303030303031303030303030343031353030303032303035303030303030303030303030303130303030303030313030303030303032303030303030303230303030303031633031303030303530306130303030303130303030303030303030303030303430313530303030653530323030303030303030303030303030303030303030303030303030303030323030303030303032303030303030316330313030303035303061303030303030303030303030303030303030303032343338303030303236323230303030303030303030303030303030303030303064303030303030303430303030303030343030303030303163303130303030353030613030303033303063303030303830303730303030373835363334313230343030303030303663303030303030303130303030303030313030303030303062303030303030303030303030303030313030303030303032303030303030303330303030303030343030303030303035303030303030303630303030303030373030303030303038303030303030303930303030303030613030303030303034303030303030363430303632303036663030303030303132303030303030373330303739303037333030356630303431303036343030373630303635303037323030373430303639303037333030363530303664303036353030366530303734303030303030222F3E3C2F636F6E74726F6C3E3C6C61796F75746F626A6563743E3C646473786D6C6F626A3E3C70726F7065727479206E616D653D224163746976655461626C65566965774D6F6465222076616C75653D22312220766172747970653D2238222F3E3C70726F7065727479206E616D653D225461626C65566965774D6F64653A30222076616C75653D22342C302C3238342C302C323634302C312C323136302C352C313434302220766172747970653D2238222F3E3C70726F7065727479206E616D653D225461626C65566965774D6F64653A31222076616C75653D22322C302C3238342C302C323136302220766172747970653D2238222F3E3C70726F7065727479206E616D653D225461626C65566965774D6F64653A32222076616C75653D22322C302C3238342C302C323634302220766172747970653D2238222F3E3C70726F7065727479206E616D653D225461626C65566965774D6F64653A33222076616C75653D22322C302C3238342C302C323634302220766172747970653D2238222F3E3C70726F7065727479206E616D653D225461626C65566965774D6F64653A34222076616C75653D22342C302C3238342C302C323634302C31322C333132302C31312C313932302220766172747970653D2238222F3E3C2F646473786D6C6F626A3E3C2F6C61796F75746F626A6563743E3C73686170652067726F7570736861706569643D2230222067726F75706E6F64653D2230222F3E3C2F646473636F6E74726F6C3E3C646473636F6E74726F6C20636F6E74726F6C70726F6769643D227B36323341433037352D324337372D343837332D383833442D3933304234333634423442437D2220746F6F6C7469703D227379735F41707041706922206C6566743D2232313735302220746F703D2231353634353022206C6F676963616C69643D2236382220636F6E74726F6C69643D22363822206D617374657269643D2230222068696E74313D2230222068696E74323D2230222077696474683D223632383722206865696768743D223334303822206E6F726573697A653D223022206E6F6D6F76653D223022206E6F64656661756C74617474616368706F696E74733D223022206175746F647261673D2230222075736564656661756C7469646473686170653D2230222073656C65637461626C653D2231222073686F7773656C656374696F6E68616E646C65733D22302220616C6C6F776E756467696E673D223122206973616E6E6F746174696F6E3D22302220646F6E746175746F6C61796F75743D2230222067726F7570636F6C6C61707365643D2230222074616273746F703D2231222076697369626C653D22312220736E6170746F677269643D2231223E3C636F6E74726F6C3E3C646473786D6C6F626A65637473747265616D696E6974777261707065722062696E6172793D22323134333334313230383030303030303866313830303030353030643030303037383536333431323037303030303030313430313030303037333030373930303733303035663030343130303730303037303030343130303730303036393030303030303734303032303030353330303531303034633030323030303533303036353030373230303736303036353030373230303230303034643030363130303665303036313030363730303635303036643030363530303665303037343030323030303533303037343030373530303634303036393030366630303230303033313030333830303563303034333030366630303664303036643030366630303665303033373030356330303439303034343030343530303563303034353030373830303734303036353030366530303733303036393030366630303665303037333030356330303431303037303030373030303663303036393030363330303631303037343030363930303666303036653030356330303761303036383030326430303438303036313030366530303733303035633030346430303639303036333030373230303666303037333030366630303636303037343030326530303533303037313030366330303533303036353030373230303736303036353030373230303265303034643030363130303665303036313030363730303635303036643030363530303665303037343030326530303030303030303030303030303030303030303030303130303030303030353030303030303534303030303030326330303030303032633030303030303263303030303030333430303030303030303030303030303030303030303030333832653030303063313134303030303030303030303030326430313030303030373030303030303063303030303030303730303030303031633031303030303530306130303030373030383030303036303030303030303738303030303030353430303030303061303035303030306234303030303030366330303030303062343030303030306534303030303030396330303030303030303030303030303031303030303030386631383030303035303064303030303030303030303030303430303030303030343030303030303032303030303030303230303030303031633031303030303630303930303030303030303030303030313030303030303430313530303030323030353030303030303030303030303031303030303030303130303030303030323030303030303032303030303030316330313030303035303061303030303031303030303030303030303030303034303135303030306535303230303030303030303030303030303030303030303030303030303030303230303030303030323030303030303163303130303030353030613030303030303030303030303030303030303030323433383030303032363232303030303030303030303030303030303030303030643030303030303034303030303030303430303030303031633031303030303530306130303030333030633030303038303037303030303738353633343132303430303030303035653030303030303031303030303030303130303030303030623030303030303030303030303030303130303030303030323030303030303033303030303030303430303030303030353030303030303036303030303030303730303030303030383030303030303039303030303030306130303030303030343030303030303634303036323030366630303030303030623030303030303733303037393030373330303566303034313030373030303730303034313030373030303639303030303030222F3E3C2F636F6E74726F6C3E3C6C61796F75746F626A6563743E3C646473786D6C6F626A3E3C70726F7065727479206E616D653D224163746976655461626C65566965774D6F6465222076616C75653D22312220766172747970653D2238222F3E3C70726F7065727479206E616D653D225461626C65566965774D6F64653A30222076616C75653D22342C302C3238342C302C323634302C312C323136302C352C313434302220766172747970653D2238222F3E3C70726F7065727479206E616D653D225461626C65566965774D6F64653A31222076616C75653D22322C302C3238342C302C323430302220766172747970653D2238222F3E3C70726F7065727479206E616D653D225461626C65566965774D6F64653A32222076616C75653D22322C302C3238342C302C323634302220766172747970653D2238222F3E3C70726F7065727479206E616D653D225461626C65566965774D6F64653A33222076616C75653D22322C302C3238342C302C323634302220766172747970653D2238222F3E3C70726F7065727479206E616D653D225461626C65566965774D6F64653A34222076616C75653D22342C302C3238342C302C323634302C31322C333132302C31312C313932302220766172747970653D2238222F3E3C2F646473786D6C6F626A3E3C2F6C61796F75746F626A6563743E3C73686170652067726F7570736861706569643D2230222067726F75706E6F64653D2230222F3E3C2F646473636F6E74726F6C3E3C646473636F6E74726F6C20636F6E74726F6C70726F6769643D227B36323341433037352D324337372D343837332D383833442D3933304234333634423442437D2220746F6F6C7469703D227379735F627574746F6E22206C6566743D22302220746F703D2231393236303022206C6F676963616C69643D2236392220636F6E74726F6C69643D22363922206D617374657269643D2230222068696E74313D2230222068696E74323D2230222077696474683D223632383722206865696768743D223632363522206E6F726573697A653D223022206E6F6D6F76653D223022206E6F64656661756C74617474616368706F696E74733D223022206175746F647261673D2230222075736564656661756C7469646473686170653D2230222073656C65637461626C653D2231222073686F7773656C656374696F6E68616E646C65733D22302220616C6C6F776E756467696E673D223122206973616E6E6F746174696F6E3D22302220646F6E746175746F6C61796F75743D2230222067726F7570636F6C6C61707365643D2230222074616273746F703D2231222076697369626C653D22312220736E6170746F677269643D2231223E3C636F6E74726F6C3E3C646473786D6C6F626A65637473747265616D696E6974777261707065722062696E6172793D22323134333334313230383030303030303866313830303030373931383030303037383536333431323037303030303030313430313030303037333030373930303733303035663030363230303735303037343030373430303666303036653030303030303633303037323030366630303733303036663030363630303734303032653030346530303635303037343030356330303631303037333030373330303635303036643030363230303663303037393030356330303437303034313030343330303566303034643030353330303439303034633030356330303533303037393030373330303734303036353030366430303265303034333030366630303664303037303030366630303665303036353030366530303734303034643030366630303634303036353030366330303265303034343030363130303734303036313030343130303665303036653030366630303734303036313030373430303639303036663030366530303733303035633030373630303334303032653030333030303566303033343030326530303330303032653030333030303265303033303030356630303566303033333030333130303632303036363030333330303338303033353030333630303631303036343030333330303336303033343030363530303333303033353030356330303533303037393030373330303734303036353030366430303265303034333030366630303030303030303030303030303030303030303030303130303030303030353030303030303534303030303030326330303030303032633030303030303263303030303030333430303030303030303030303030303030303030303030333832653030303061663164303030303030303030303030326430313030303030623030303030303063303030303030303730303030303031633031303030303530306130303030373030383030303036303030303030303738303030303030353430303030303061303035303030306234303030303030366330303030303062343030303030306534303030303030396330303030303030303030303030303031303030303030386631383030303037393138303030303030303030303030303930303030303030393030303030303032303030303030303230303030303031633031303030306438303930303030303030303030303030313030303030303430313530303030323030353030303030303030303030303031303030303030303130303030303030323030303030303032303030303030316330313030303035303061303030303031303030303030303030303030303034303135303030306535303230303030303030303030303030303030303030303030303030303030303230303030303030323030303030303163303130303030353030613030303030303030303030303030303030303030323433383030303032363232303030303030303030303030303030303030303030643030303030303034303030303030303430303030303031633031303030303530306130303030333030633030303038303037303030303738353633343132303430303030303035653030303030303031303030303030303130303030303030623030303030303030303030303030303130303030303030323030303030303033303030303030303430303030303030353030303030303036303030303030303730303030303030383030303030303039303030303030306130303030303030343030303030303634303036323030366630303030303030623030303030303733303037393030373330303566303036323030373530303734303037343030366630303665303030303030222F3E3C2F636F6E74726F6C3E3C6C61796F75746F626A6563743E3C646473786D6C6F626A3E3C70726F7065727479206E616D653D224163746976655461626C65566965774D6F6465222076616C75653D22312220766172747970653D2238222F3E3C70726F7065727479206E616D653D225461626C65566965774D6F64653A30222076616C75653D22342C302C3238342C302C323634302C312C323136302C352C313434302220766172747970653D2238222F3E3C70726F7065727479206E616D653D225461626C65566965774D6F64653A31222076616C75653D22322C302C3238342C302C323532302220766172747970653D2238222F3E3C70726F7065727479206E616D653D225461626C65566965774D6F64653A32222076616C75653D22322C302C3238342C302C323634302220766172747970653D2238222F3E3C70726F7065727479206E616D653D225461626C65566965774D6F64653A33222076616C75653D22322C302C3238342C302C323634302220766172747970653D2238222F3E3C70726F7065727479206E616D653D225461626C65566965774D6F64653A34222076616C75653D22342C302C3238342C302C323634302C31322C333132302C31312C313932302220766172747970653D2238222F3E3C2F646473786D6C6F626A3E3C2F6C61796F75746F626A6563743E3C73686170652067726F7570736861706569643D2230222067726F75706E6F64653D2230222F3E3C2F646473636F6E74726F6C3E3C646473636F6E74726F6C20636F6E74726F6C70726F6769643D227B36323341433037352D324337372D343837332D383833442D3933304234333634423442437D2220746F6F6C7469703D227379735F636F646522206C6566743D223131353530302220746F703D22323131353022206C6F676963616C69643D2237302220636F6E74726F6C69643D22373022206D617374657269643D2230222068696E74313D2230222068696E74323D2230222077696474683D223632383722206865696768743D223931323322206E6F726573697A653D223022206E6F6D6F76653D223022206E6F64656661756C74617474616368706F696E74733D223022206175746F647261673D2230222075736564656661756C7469646473686170653D2230222073656C65637461626C653D2231222073686F7773656C656374696F6E68616E646C65733D22302220616C6C6F776E756467696E673D223122206973616E6E6F746174696F6E3D22302220646F6E746175746F6C61796F75743D2230222067726F7570636F6C6C61707365643D2230222074616273746F703D2231222076697369626C653D22312220736E6170746F677269643D2231223E3C636F6E74726F6C3E3C646473786D6C6F626A65637473747265616D696E6974777261707065722062696E6172793D2232313433333431323038303030303030386631383030303061333233303030303738353633343132303730303030303031343031303030303733303037393030373330303566303036333030366630303634303036353030303030306561666666666630656166663030303030303030666566346632666666656634663266666665663466326666666566346632666666656634663266666665663466326666666566346632666666656634663266666665663466326666666566346632666666656634663266666665663466326666666566346632666666656634663266666665663466326666666566346632666666646633663066663964396439646666383738373837666666656633663266666665663466326666666566346632666666656634663266666665663466326666666566346632666666656634663266666665663466326666666566346632666666656634663266666665663466326666666566346632666666656634663266666665663466326666666566346632666666656634663266666666663065616666666666306561666666666630656166666666663065616666666666306561666666666630656166666666663065616666666666306561666666666630656166666666663065616666666666306561666666666630656166666332656665396665336432383661666533653239316266663365323931626666336532393162666633653239303030303030303030303030303030303030303030313030303030303035303030303030353430303030303032633030303030303263303030303030326330303030303033343030303030303030303030303030303030303030303033383265303030303236323230303030303030303030303032643031303030303064303030303030306330303030303030373030303030303163303130303030353030613030303037303038303030306330303030303030663030303030303061383030303030306130303530303030363830313030303064383030303030303638303130303030633830313030303033383031303030303030303030303030303130303030303038663138303030306133323330303030303030303030303030653030303030303063303030303030303230303030303030323030303030303163303130303030376330623030303030303030303030303031303030303030343031353030303035633037303030303030303030303030303230303030303030323030303030303032303030303030303230303030303031633031303030303530306130303030303130303030303030303030303030303430313530303030653530323030303030303030303030303030303030303030303030303030303030323030303030303032303030303030316330313030303035303061303030303030303030303030303030303030303032343338303030303236323230303030303030303030303030303030303030303064303030303030303430303030303030343030303030303163303130303030353030613030303033303063303030303830303730303030373835363334313230343030303030303561303030303030303130303030303030313030303030303062303030303030303030303030303030313030303030303032303030303030303330303030303030343030303030303035303030303030303630303030303030373030303030303038303030303030303930303030303030613030303030303034303030303030363430303632303036663030303030303039303030303030373330303739303037333030356630303633303036663030363430303635303030303030222F3E3C2F636F6E74726F6C3E3C6C61796F75746F626A6563743E3C646473786D6C6F626A3E3C70726F7065727479206E616D653D224163746976655461626C65566965774D6F6465222076616C75653D22312220766172747970653D2238222F3E3C70726F7065727479206E616D653D225461626C65566965774D6F64653A30222076616C75653D22342C302C3238342C302C323634302C312C323136302C352C313434302220766172747970653D2238222F3E3C70726F7065727479206E616D653D225461626C65566965774D6F64653A31222076616C75653D22322C302C3238342C302C323934302220766172747970653D2238222F3E3C70726F7065727479206E616D653D225461626C65566965774D6F64653A32222076616C75653D22322C302C3238342C302C323634302220766172747970653D2238222F3E3C70726F7065727479206E616D653D225461626C65566965774D6F64653A33222076616C75653D22322C302C3238342C302C323634302220766172747970653D2238222F3E3C70726F7065727479206E616D653D225461626C65566965774D6F64653A34222076616C75653D22342C302C3238342C302C323634302C31322C333132302C31312C313932302220766172747970653D2238222F3E3C2F646473786D6C6F626A3E3C2F6C61796F75746F626A6563743E3C73686170652067726F7570736861706569643D2230222067726F75706E6F64653D2230222F3E3C2F646473636F6E74726F6C3E3C646473636F6E74726F6C20636F6E74726F6C70726F6769643D227B36323341433037352D324337372D343837332D383833442D3933304234333634423442437D2220746F6F6C7469703D227379735F636F64655479706522206C6566743D223131353530302220746F703D22313330353022206C6F676963616C69643D2237312220636F6E74726F6C69643D22373122206D617374657269643D2230222068696E74313D2230222068696E74323D2230222077696474683D223632383722206865696768743D223536393422206E6F726573697A653D223022206E6F6D6F76653D223022206E6F64656661756C74617474616368706F696E74733D223022206175746F647261673D2230222075736564656661756C7469646473686170653D2230222073656C65637461626C653D2231222073686F7773656C656374696F6E68616E646C65733D22302220616C6C6F776E756467696E673D223122206973616E6E6F746174696F6E3D22302220646F6E746175746F6C61796F75743D2230222067726F7570636F6C6C61707365643D2230222074616273746F703D2231222076697369626C653D22312220736E6170746F677269643D2231223E3C636F6E74726F6C3E3C646473786D6C6F626A65637473747265616D696E6974777261707065722062696E6172793D223231343333343132303830303030303038663138303030303365313630303030373835363334313230373030303030303134303130303030373330303739303037333030356630303633303036663030363430303635303035343030373930303730303036353030303030306561666666666630656166666666663065616666666666306561666666666630656166666666663065616666666666306561666666666630656166666666663065616666666666306561666666666630656166666666663065616666666666306561666666666630656166666666663065616666666666306561666666666630656166666666663065616666666666306561666666666630656166666666663065616666666666306561666666666630656166666666663065616666666666306561666630303030303030306665663466326666666566346632666666656634663266666665663466326666666566346632666666656634663266666665663466326666666566346632666666656634663266666665663466326666666566346632666666656634663266666665663466326666666566346632666666656634663266666665663366326666623362336233666664376331626466666631643564306666396439643964666666656633663266666665663466326666666466326631666666656633663266666430626562616666396439643964666662316231623166666639653430303030303030303030303030303030303030303031303030303030303530303030303035343030303030303263303030303030326330303030303032633030303030303334303030303030303030303030303030303030303030303338326530303030373331623030303030303030303030303264303130303030306130303030303030633030303030303037303030303030316330313030303035303061303030303730303830303030633030303030303066303030303030306138303030303030613030353030303036383031303030306438303030303030363830313030303063383031303030303338303130303030303030303030303030313030303030303866313830303030336531363030303030303030303030303038303030303030303830303030303030323030303030303032303030303030316330313030303037633062303030303030303030303030303130303030303034303135303030303230303530303030303030303030303030313030303030303031303030303030303230303030303030323030303030303163303130303030353030613030303030313030303030303030303030303030343031353030303065353032303030303030303030303030303030303030303030303030303030303032303030303030303230303030303031633031303030303530306130303030303030303030303030303030303030303234333830303030323632323030303030303030303030303030303030303030306430303030303030343030303030303034303030303030316330313030303035303061303030303330306330303030383030373030303037383536333431323034303030303030363230303030303030313030303030303031303030303030306230303030303030303030303030303031303030303030303230303030303030333030303030303034303030303030303530303030303030363030303030303037303030303030303830303030303030393030303030303061303030303030303430303030303036343030363230303666303030303030306430303030303037333030373930303733303035663030363330303666303036343030363530303534303037393030373030303635303030303030222F3E3C2F636F6E74726F6C3E3C6C61796F75746F626A6563743E3C646473786D6C6F626A3E3C70726F7065727479206E616D653D224163746976655461626C65566965774D6F6465222076616C75653D22312220766172747970653D2238222F3E3C70726F7065727479206E616D653D225461626C65566965774D6F64653A30222076616C75653D22342C302C3238342C302C323634302C312C323136302C352C313434302220766172747970653D2238222F3E3C70726F7065727479206E616D653D225461626C65566965774D6F64653A31222076616C75653D22322C302C3238342C302C323934302220766172747970653D2238222F3E3C70726F7065727479206E616D653D225461626C65566965774D6F64653A32222076616C75653D22322C302C3238342C302C323634302220766172747970653D2238222F3E3C70726F7065727479206E616D653D225461626C65566965774D6F64653A33222076616C75653D22322C302C3238342C302C323634302220766172747970653D2238222F3E3C70726F7065727479206E616D653D225461626C65566965774D6F64653A34222076616C75653D22342C302C3238342C302C323634302C31322C333132302C31312C313932302220766172747970653D2238222F3E3C2F646473786D6C6F626A3E3C2F6C61796F75746F626A6563743E3C73686170652067726F7570736861706569643D2230222067726F75706E6F64653D2230222F3E3C2F646473636F6E74726F6C3E3C646473636F6E74726F6C2073656D616E746963636F6F6B69653D223031346666393737303130303030303036343030363230303666303030303030343630303462303035663030356630303533303037393030373330303433303036663030363430303635303035663030356630303534303037393030373030303635303034333030366630303634303035663030356630303335303034333030343130303331303034333030333130303330303033313030303030302220636F6E74726F6C70726F6769643D224D534444532E506F6C796C696E652E3038302E312220746F6F6C7469703D22E2809C7379735F636F646554797065E2809DE4B88EE2809C7379735F636F6465E2809DE4B98BE997B4E79A84E585B3E7B3BBE2809C464B5F5F537973436F64655F5F54797065436F645F5F3543413143313031E2809D22206C6566743D223131383234332220746F703D22313830343922206C6F676963616C69643D2237322220636F6E74726F6C69643D22373222206D617374657269643D2230222068696E74313D2230222068696E74323D2230222077696474683D2238313522206865696768743D223338303122206E6F726573697A653D223022206E6F6D6F76653D223022206E6F64656661756C74617474616368706F696E74733D223122206175746F647261673D2230222075736564656661756C7469646473686170653D2230222073656C65637461626C653D2231222073686F7773656C656374696F6E68616E646C65733D22302220616C6C6F776E756467696E673D223122206973616E6E6F746174696F6E3D22302220646F6E746175746F6C61796F75743D2230222067726F7570636F6C6C61707365643D2230222074616273746F703D2231222076697369626C653D22312220736E6170746F677269643D2230223E3C636F6E74726F6C3E3C646473786D6C6F626A3E3C706F6C796C696E6520656E64747970656473743D22302220656E64747970657372633D2232222075736572636F6C6F723D22313537393033323022206C696E657374796C653D223022206C696E6572656E6465723D22302220637573746F6D656E647479706564737469643D22302220637573746F6D656E647479706573726369643D2230222061646F726E7376697369626C653D2231223E3C61646F726E6D656E742070657263656E74706F733D2234392E393739303838323437353935322220636F6E74726F6C69643D223733222077696474683D223535333722206865696768743D223331382220736964653D223022206265686176696F723D2233222068696D65747269633D223132303222206469737466726F6D6C696E653D22313735222073746172746F626A3D22302220783D223131323933382220793D223139373837222076697369626C653D22302220616C6C6F776F7665726C61703D2231222075736570657263656E743D2231222F3E3C2F706F6C796C696E653E3C2F646473786D6C6F626A3E3C2F636F6E74726F6C3E3C6C61796F75746F626A6563743E3C646473786D6C6F626A2F3E3C2F6C61796F75746F626A6563743E3C636F6E6E6563746F7220736F7572636569643D22373122206465737469643D2237302220736F75726365617474616368706F696E743D223431222064657374617474616368706F696E743D22343022207365676D656E74656469746D6F64653D2230222062656E64706F696E74656469746D6F64653D2230222062656E64706F696E747669736962696C6974793D2230222072656C6174656469643D223022207669727475616C3D2230223E3C706F696E7420783D223131383635302220793D223138373434222F3E3C706F696E7420783D223131383635302220793D223231313530222F3E3C2F636F6E6E6563746F723E3C2F646473636F6E74726F6C3E3C646473636F6E74726F6C2073656D616E746963636F6F6B69653D22303135316663323736303531666332372220636F6E74726F6C70726F6769643D224D534444532E546578742E3038302E3122206C6566743D223131323933382220746F703D22313937383722206C6F676963616C69643D2237332220636F6E74726F6C69643D22373322206D617374657269643D223732222068696E74313D2230222068696E74323D2230222077696474683D223535333722206865696768743D2233313822206E6F726573697A653D223122206E6F6D6F76653D223022206E6F64656661756C74617474616368706F696E74733D223122206175746F647261673D2231222075736564656661756C7469646473686170653D2231222073656C65637461626C653D2231222073686F7773656C656374696F6E68616E646C65733D22312220616C6C6F776E756467696E673D223122206973616E6E6F746174696F6E3D22302220646F6E746175746F6C61796F75743D2231222067726F7570636F6C6C61707365643D2230222074616273746F703D2230222076697369626C653D22302220736E6170746F677269643D2230223E3C636F6E74726F6C3E3C646473786D6C6F626A65637473747265616D696E6974777261707065722062696E6172793D2230303032303030306131313530303030336530313030303030333030303030303030303030353030303038303038303030303830303130303030303031353030303138363030303039303031393035663031303030346362636563636535316530303436303034623030356630303566303035333030373930303733303034333030366630303634303036353030356630303566303035343030373930303730303036353030343330303666303036343030356630303566303033353030343330303431303033313030343330303331303033303030333130303030303030303030222F3E3C2F636F6E74726F6C3E3C6C61796F75746F626A6563743E3C646473786D6C6F626A2F3E3C2F6C61796F75746F626A6563743E3C73686170652067726F7570736861706569643D2230222067726F75706E6F64653D2230222F3E3C2F646473636F6E74726F6C3E3C646473636F6E74726F6C20636F6E74726F6C70726F6769643D227B36323341433037352D324337372D343837332D383833442D3933304234333634423442437D2220746F6F6C7469703D227379735F6C6F6722206C6566743D223130323135302220746F703D223022206C6F676963616C69643D2237342220636F6E74726F6C69643D22373422206D617374657269643D2230222068696E74313D2230222068696E74323D2230222077696474683D223632383722206865696768743D223536393422206E6F726573697A653D223022206E6F6D6F76653D223022206E6F64656661756C74617474616368706F696E74733D223022206175746F647261673D2230222075736564656661756C7469646473686170653D2230222073656C65637461626C653D2231222073686F7773656C656374696F6E68616E646C65733D22302220616C6C6F776E756467696E673D223122206973616E6E6F746174696F6E3D22302220646F6E746175746F6C61796F75743D2230222067726F7570636F6C6C61707365643D2230222074616273746F703D2231222076697369626C653D22312220736E6170746F677269643D2231223E3C636F6E74726F6C3E3C646473786D6C6F626A65637473747265616D696E6974777261707065722062696E6172793D22323134333334313230383030303030303866313830303030336531363030303037383536333431323037303030303030313430313030303037333030373930303733303035663030366330303666303036373030303030306666663065616666666666306561666666666630656166666666663065616666336437336162666565303933343466656666663065616666653065666539666538343466386266656665656661626665383462326539666533653239316266666530393334346665666666306561666666666630656166663631393363616665666562323661666566666630656166666666663065616666666666306561666663326566653966653364323836616665666562323661666566666630656166666666663065616666363139336361666538343238316166656665656661626665666666306561666666666630656166666666663065616666666666306561666666666630656166663834623265396665383432383161666566656566616266656666663065616666666666306561666666666630656166666666663065616666666666306561666666666630656166666666663065616666666666306561666666666630656166666666663065616666666666306561666666666630656166666666663065616666666666306561666666666630656166666666663065616666666666306561666666666630656166666666663065616666666666303030303030303030303030303030303030303030303130303030303030353030303030303534303030303030326330303030303032633030303030303263303030303030333430303030303030303030303030303030303030303030333832653030303037333162303030303030303030303030326430313030303030613030303030303063303030303030303730303030303031633031303030303530306130303030373030383030303063303030303030306630303030303030613830303030303061303035303030303638303130303030643830303030303036383031303030306338303130303030333830313030303030303030303030303031303030303030386631383030303033653136303030303030303030303030303830303030303030383030303030303032303030303030303230303030303031633031303030303763306230303030303030303030303030313030303030303430313530303030323030353030303030303030303030303031303030303030303130303030303030323030303030303032303030303030316330313030303035303061303030303031303030303030303030303030303034303135303030306535303230303030303030303030303030303030303030303030303030303030303230303030303030323030303030303163303130303030353030613030303030303030303030303030303030303030323433383030303032363232303030303030303030303030303030303030303030643030303030303034303030303030303430303030303031633031303030303530306130303030333030633030303038303037303030303738353633343132303430303030303035383030303030303031303030303030303130303030303030623030303030303030303030303030303130303030303030323030303030303033303030303030303430303030303030353030303030303036303030303030303730303030303030383030303030303039303030303030306130303030303030343030303030303634303036323030366630303030303030383030303030303733303037393030373330303566303036633030366630303637303030303030222F3E3C2F636F6E74726F6C3E3C6C61796F75746F626A6563743E3C646473786D6C6F626A3E3C70726F7065727479206E616D653D224163746976655461626C65566965774D6F6465222076616C75653D22312220766172747970653D2238222F3E3C70726F7065727479206E616D653D225461626C65566965774D6F64653A30222076616C75653D22342C302C3238342C302C323634302C312C323136302C352C313434302220766172747970653D2238222F3E3C70726F7065727479206E616D653D225461626C65566965774D6F64653A31222076616C75653D22322C302C3238342C302C323934302220766172747970653D2238222F3E3C70726F7065727479206E616D653D225461626C65566965774D6F64653A32222076616C75653D22322C302C3238342C302C323634302220766172747970653D2238222F3E3C70726F7065727479206E616D653D225461626C65566965774D6F64653A33222076616C75653D22322C302C3238342C302C323634302220766172747970653D2238222F3E3C70726F7065727479206E616D653D225461626C65566965774D6F64653A34222076616C75653D22342C302C3238342C302C323634302C31322C333132302C31312C313932302220766172747970653D2238222F3E3C2F646473786D6C6F626A3E3C2F6C61796F75746F626A6563743E3C73686170652067726F7570736861706569643D2230222067726F75706E6F64653D2230222F3E3C2F646473636F6E74726F6C3E3C646473636F6E74726F6C20636F6E74726F6C70726F6769643D227B36323341433037352D324337372D343837332D383833442D3933304234333634423442437D2220746F6F6C7469703D227379735F6C6F67696E486973746F727922206C6566743D2239323835302220746F703D223022206C6F676963616C69643D2237352220636F6E74726F6C69643D22373522206D617374657269643D2230222068696E74313D2230222068696E74323D2230222077696474683D223632383722206865696768743D223536393422206E6F726573697A653D223022206E6F6D6F76653D223022206E6F64656661756C74617474616368706F696E74733D223022206175746F647261673D2230222075736564656661756C7469646473686170653D2230222073656C65637461626C653D2231222073686F7773656C656374696F6E68616E646C65733D22302220616C6C6F776E756467696E673D223122206973616E6E6F746174696F6E3D22302220646F6E746175746F6C61796F75743D2230222067726F7570636F6C6C61707365643D2230222074616273746F703D2231222076697369626C653D22312220736E6170746F677269643D2231223E3C636F6E74726F6C3E3C646473786D6C6F626A65637473747265616D696E6974777261707065722062696E6172793D22323134333334313230383030303030303866313830303030336531363030303037383536333431323037303030303030313430313030303037333030373930303733303035663030366330303666303036373030363930303665303034383030363930303733303037343030366630303732303037393030303030303161666566656431386266656666663065616666666666306561666666666630656166666666663065616666666666306561666666666630656166666666663065616666666666306561666666666630656166666666663065616666666666306561666666666630656166666666663065616666666666306561666666666630656166666666663065616666666666306561666666666630656166666666663065616666666666306561666636313933636166656133346631616665666565666361666566666630656166666332656665396665336432383661666566656232366166656666663065616666666666306561666666666630656166666666663065616666666666306561666666666630656166666666663065616666666666306561666665306566653966653364346638626665363132383161666566656431386266656666663065616666666666306561666666666630656166666666663065616666666666306561666666666630656166666666663065616666336437336162666533653239316266663365323931626666336532393030303030303030303030303030303030303030303130303030303030353030303030303534303030303030326330303030303032633030303030303263303030303030333430303030303030303030303030303030303030303030333832653030303037333162303030303030303030303030326430313030303030613030303030303063303030303030303730303030303031633031303030303530306130303030373030383030303032303031303030303638303130303030666330303030303061303035303030303163303230303030343430313030303031633032303030306163303230303030643430313030303030303030303030303031303030303030386631383030303033653136303030303030303030303030303830303030303030383030303030303032303030303030303230303030303031633031303030303730303830303030303030303030303030313030303030303430313530303030323030353030303030303030303030303031303030303030303130303030303030323030303030303032303030303030316330313030303035303061303030303031303030303030303030303030303034303135303030306535303230303030303030303030303030303030303030303030303030303030303230303030303030323030303030303163303130303030353030613030303030303030303030303030303030303030323433383030303032363232303030303030303030303030303030303030303030643030303030303034303030303030303430303030303031633031303030303530306130303030333030633030303038303037303030303738353633343132303430303030303036613030303030303031303030303030303130303030303030623030303030303030303030303030303130303030303030323030303030303033303030303030303430303030303030353030303030303036303030303030303730303030303030383030303030303039303030303030306130303030303030343030303030303634303036323030366630303030303031313030303030303733303037393030373330303566303036633030366630303637303036393030366530303438303036393030373330303734303036663030373230303739303030303030222F3E3C2F636F6E74726F6C3E3C6C61796F75746F626A6563743E3C646473786D6C6F626A3E3C70726F7065727479206E616D653D224163746976655461626C65566965774D6F6465222076616C75653D22312220766172747970653D2238222F3E3C70726F7065727479206E616D653D225461626C65566965774D6F64653A30222076616C75653D22342C302C3238342C302C323634302C312C323136302C352C313434302220766172747970653D2238222F3E3C70726F7065727479206E616D653D225461626C65566965774D6F64653A31222076616C75653D22322C302C3238342C302C323136302220766172747970653D2238222F3E3C70726F7065727479206E616D653D225461626C65566965774D6F64653A32222076616C75653D22322C302C3238342C302C323634302220766172747970653D2238222F3E3C70726F7065727479206E616D653D225461626C65566965774D6F64653A33222076616C75653D22322C302C3238342C302C323634302220766172747970653D2238222F3E3C70726F7065727479206E616D653D225461626C65566965774D6F64653A34222076616C75653D22342C302C3238342C302C323634302C31322C333132302C31312C313932302220766172747970653D2238222F3E3C2F646473786D6C6F626A3E3C2F6C61796F75746F626A6563743E3C73686170652067726F7570736861706569643D2230222067726F75706E6F64653D2230222F3E3C2F646473636F6E74726F6C3E3C646473636F6E74726F6C20636F6E74726F6C70726F6769643D227B36323341433037352D324337372D343837332D383833442D3933304234333634423442437D2220746F6F6C7469703D227379735F6C6F67696E506167655265636F726422206C6566743D2235323035302220746F703D2231383337353022206C6F676963616C69643D2237362220636F6E74726F6C69643D22373622206D617374657269643D2230222068696E74313D2230222068696E74323D2230222077696474683D223632383722206865696768743D223334303822206E6F726573697A653D223022206E6F6D6F76653D223022206E6F64656661756C74617474616368706F696E74733D223022206175746F647261673D2230222075736564656661756C7469646473686170653D2230222073656C65637461626C653D2231222073686F7773656C656374696F6E68616E646C65733D22302220616C6C6F776E756467696E673D223122206973616E6E6F746174696F6E3D22302220646F6E746175746F6C61796F75743D2230222067726F7570636F6C6C61707365643D2230222074616273746F703D2231222076697369626C653D22312220736E6170746F677269643D2231223E3C636F6E74726F6C3E3C646473786D6C6F626A65637473747265616D696E6974777261707065722062696E6172793D22323134333334313230383030303030303866313830303030353030643030303037383536333431323037303030303030313430313030303037333030373930303733303035663030366330303666303036373030363930303665303035303030363130303637303036353030353230303635303036333030366630303732303036343030303030303631393363616665336532393162666666656232366166656666663065616666666666306561666666666630656166666133643165396665363132383434666565306232366166656666663065616666666666306561666666666630656166666666663065616666336437336162666533653239316266663365323931626666336532393162666633653239316266663365323931626666336532393162666633653239316266663631323831616665666564313862666566666630656166666666663065616666666666306561666666666630656166666666663065616666666666306561666636313933636166656332373331616665666666306561666666666630656166666666663065616666666666306561666666666630656166666666663065616666666666306561666666666630656166666666663065616666666666306561666666666630656166666666663065616666613364316539666533643238343466653365323931626666336532393162666633653239316266663365323931626666383432383030303030303030303030303030303030303030303130303030303030353030303030303534303030303030326330303030303032633030303030303263303030303030333430303030303030303030303030303030303030303030333832653030303063313134303030303030303030303030326430313030303030373030303030303063303030303030303730303030303031633031303030303530306130303030373030383030303036303030303030303738303030303030353430303030303061303035303030306234303030303030366330303030303062343030303030306534303030303030396330303030303030303030303030303031303030303030386631383030303035303064303030303030303030303030303430303030303030343030303030303032303030303030303230303030303031633031303030306438303930303030303030303030303030313030303030303430313530303030356330373030303030303030303030303032303030303030303230303030303030323030303030303032303030303030316330313030303035303061303030303031303030303030303030303030303034303135303030306535303230303030303030303030303030303030303030303030303030303030303230303030303030323030303030303163303130303030353030613030303030303030303030303030303030303030323433383030303032363232303030303030303030303030303030303030303030643030303030303034303030303030303430303030303031633031303030303530306130303030333030633030303038303037303030303738353633343132303430303030303037303030303030303031303030303030303130303030303030623030303030303030303030303030303130303030303030323030303030303033303030303030303430303030303030353030303030303036303030303030303730303030303030383030303030303039303030303030306130303030303030343030303030303634303036323030366630303030303031343030303030303733303037393030373330303566303036633030366630303637303036393030366530303530303036313030363730303635303035323030363530303633303036663030373230303634303030303030222F3E3C2F636F6E74726F6C3E3C6C61796F75746F626A6563743E3C646473786D6C6F626A3E3C70726F7065727479206E616D653D224163746976655461626C65566965774D6F6465222076616C75653D22312220766172747970653D2238222F3E3C70726F7065727479206E616D653D225461626C65566965774D6F64653A30222076616C75653D22342C302C3238342C302C323634302C312C323136302C352C313434302220766172747970653D2238222F3E3C70726F7065727479206E616D653D225461626C65566965774D6F64653A31222076616C75653D22322C302C3238342C302C323532302220766172747970653D2238222F3E3C70726F7065727479206E616D653D225461626C65566965774D6F64653A32222076616C75653D22322C302C3238342C302C323634302220766172747970653D2238222F3E3C70726F7065727479206E616D653D225461626C65566965774D6F64653A33222076616C75653D22322C302C3238342C302C323634302220766172747970653D2238222F3E3C70726F7065727479206E616D653D225461626C65566965774D6F64653A34222076616C75653D22342C302C3238342C302C323634302C31322C333132302C31312C313932302220766172747970653D2238222F3E3C2F646473786D6C6F626A3E3C2F6C61796F75746F626A6563743E3C73686170652067726F7570736861706569643D2230222067726F75706E6F64653D2230222F3E3C2F646473636F6E74726F6C3E3C646473636F6E74726F6C20636F6E74726F6C70726F6769643D227B36323341433037352D324337372D343837332D383833442D3933304234333634423442437D2220746F6F6C7469703D227379735F6D656E7522206C6566743D2234333530302220746F703D2231383039303022206C6F676963616C69643D2237372220636F6E74726F6C69643D22373722206D617374657269643D2230222068696E74313D2230222068696E74323D2230222077696474683D223632383722206865696768743D223931323322206E6F726573697A653D223022206E6F6D6F76653D223022206E6F64656661756C74617474616368706F696E74733D223022206175746F647261673D2230222075736564656661756C7469646473686170653D2230222073656C65637461626C653D2231222073686F7773656C656374696F6E68616E646C65733D22302220616C6C6F776E756467696E673D223122206973616E6E6F746174696F6E3D22302220646F6E746175746F6C61796F75743D2230222067726F7570636F6C6C61707365643D2230222074616273746F703D2231222076697369626C653D22312220736E6170746F677269643D2231223E3C636F6E74726F6C3E3C646473786D6C6F626A65637473747265616D696E6974777261707065722062696E6172793D2232313433333431323038303030303030386631383030303061333233303030303738353633343132303730303030303031343031303030303733303037393030373330303566303036643030363530303665303037353030303030306561666666666630656166663631393363616665613334663161666566656566636166656666663065616666363139336361666538343238316166656665656661626665666666306561666666666630656166666666663065616666666666306561666665306566653966653364346638626665653039333434666566666630656166666666663065616666666666306561666666666630656166666666663065616666666666306561666666666630656166666666663065616666666666306561666666666630656166666666663065616666666666306561666666666630656166666666663065616666666666306561666666666630656166666666663065616666666666306561666666666630656166666666663065616666666666306561666666666630656166666666663065616666666666306561666666666630656166666666663065616666666666306561666666666630656166666666663065616666666666306561666666666630656166666666663065616666666666306561666666666630656166666666663065616666666666306561666666666630656166666666663065616666666666306561666666666630303030303030303030303030303030303030303030313030303030303035303030303030353430303030303032633030303030303263303030303030326330303030303033343030303030303030303030303030303030303030303033383265303030303236323230303030303030303030303032643031303030303064303030303030306330303030303030373030303030303163303130303030353030613030303037303038303030303630303030303030373830303030303035343030303030306130303530303030623430303030303036633030303030306234303030303030653430303030303039633030303030303030303030303030303130303030303038663138303030306133323330303030303030303030303030653030303030303063303030303030303230303030303030323030303030303163303130303030363030393030303030303030303030303031303030303030343031353030303032303035303030303030303030303030303130303030303030313030303030303032303030303030303230303030303031633031303030303530306130303030303130303030303030303030303030303430313530303030653530323030303030303030303030303030303030303030303030303030303030323030303030303032303030303030316330313030303035303061303030303030303030303030303030303030303032343338303030303236323230303030303030303030303030303030303030303064303030303030303430303030303030343030303030303163303130303030353030613030303033303063303030303830303730303030373835363334313230343030303030303561303030303030303130303030303030313030303030303062303030303030303030303030303030313030303030303032303030303030303330303030303030343030303030303035303030303030303630303030303030373030303030303038303030303030303930303030303030613030303030303034303030303030363430303632303036663030303030303039303030303030373330303739303037333030356630303664303036353030366530303735303030303030222F3E3C2F636F6E74726F6C3E3C6C61796F75746F626A6563743E3C646473786D6C6F626A3E3C70726F7065727479206E616D653D224163746976655461626C65566965774D6F6465222076616C75653D22312220766172747970653D2238222F3E3C70726F7065727479206E616D653D225461626C65566965774D6F64653A30222076616C75653D22342C302C3238342C302C323634302C312C323136302C352C313434302220766172747970653D2238222F3E3C70726F7065727479206E616D653D225461626C65566965774D6F64653A31222076616C75653D22322C302C3238342C302C323430302220766172747970653D2238222F3E3C70726F7065727479206E616D653D225461626C65566965774D6F64653A32222076616C75653D22322C302C3238342C302C323634302220766172747970653D2238222F3E3C70726F7065727479206E616D653D225461626C65566965774D6F64653A33222076616C75653D22322C302C3238342C302C323634302220766172747970653D2238222F3E3C70726F7065727479206E616D653D225461626C65566965774D6F64653A34222076616C75653D22342C302C3238342C302C323634302C31322C333132302C31312C313932302220766172747970653D2238222F3E3C2F646473786D6C6F626A3E3C2F6C61796F75746F626A6563743E3C73686170652067726F7570736861706569643D2230222067726F75706E6F64653D2230222F3E3C2F646473636F6E74726F6C3E3C646473636F6E74726F6C2073656D616E746963636F6F6B69653D22303134666639373730313030303030303634303036323030366630303030303034363030346230303566303037333030373930303733303035663030366330303666303036373030363930303665303035303030363130303637303036353030353230303635303036333030366630303732303036343030356630303733303037393030373330303566303036643030363530303665303037353030303030302220636F6E74726F6C70726F6769643D224D534444532E506F6C796C696E652E3038302E312220746F6F6C7469703D22E2809C7379735F6D656E75E2809DE4B88EE2809C7379735F6C6F67696E506167655265636F7264E2809DE4B98BE997B4E79A84E585B3E7B3BBE2809C464B5F7379735F6C6F67696E506167655265636F72645F7379735F6D656E75E2809D22206C6566743D2234393438372220746F703D2231383439393322206C6F676963616C69643D2237382220636F6E74726F6C69643D22373822206D617374657269643D2230222068696E74313D2230222068696E74323D2230222077696474683D223238363322206865696768743D2238313522206E6F726573697A653D223022206E6F6D6F76653D223022206E6F64656661756C74617474616368706F696E74733D223122206175746F647261673D2230222075736564656661756C7469646473686170653D2230222073656C65637461626C653D2231222073686F7773656C656374696F6E68616E646C65733D22302220616C6C6F776E756467696E673D223122206973616E6E6F746174696F6E3D22302220646F6E746175746F6C61796F75743D2230222067726F7570636F6C6C61707365643D2230222074616273746F703D2231222076697369626C653D22312220736E6170746F677269643D2230223E3C636F6E74726F6C3E3C646473786D6C6F626A3E3C706F6C796C696E6520656E64747970656473743D22302220656E64747970657372633D2232222075736572636F6C6F723D22313537393033323022206C696E657374796C653D223022206C696E6572656E6465723D22302220637573746F6D656E647479706564737469643D22302220637573746F6D656E647479706573726369643D2230222061646F726E7376697369626C653D2231223E3C61646F726E6D656E742070657263656E74706F733D2235302E303537363433353332333935372220636F6E74726F6C69643D223739222077696474683D223537323122206865696768743D223331382220736964653D223122206265686176696F723D2233222068696D65747269633D223131333222206469737466726F6D6C696E653D22313735222073746172746F626A3D22302220783D2234383035372220793D22313834393037222076697369626C653D22302220616C6C6F776F7665726C61703D2231222075736570657263656E743D2231222F3E3C2F706F6C796C696E653E3C2F646473786D6C6F626A3E3C2F636F6E74726F6C3E3C6C61796F75746F626A6563743E3C646473786D6C6F626A2F3E3C2F6C61796F75746F626A6563743E3C636F6E6E6563746F7220736F7572636569643D22373722206465737469643D2237362220736F75726365617474616368706F696E743D22313431222064657374617474616368706F696E743D2231303222207365676D656E74656469746D6F64653D2230222062656E64706F696E74656469746D6F64653D2230222062656E64706F696E747669736962696C6974793D2230222072656C6174656469643D223022207669727475616C3D2230223E3C706F696E7420783D2234393738372220793D22313835343030222F3E3C706F696E7420783D2235323035302220793D22313835343030222F3E3C2F636F6E6E6563746F723E3C2F646473636F6E74726F6C3E3C646473636F6E74726F6C2073656D616E746963636F6F6B69653D22303135336663323761303533666332372220636F6E74726F6C70726F6769643D224D534444532E546578742E3038302E3122206C6566743D2234383035372220746F703D2231383439303722206C6F676963616C69643D2237392220636F6E74726F6C69643D22373922206D617374657269643D223738222068696E74313D2230222068696E74323D2230222077696474683D223537323122206865696768743D2233313822206E6F726573697A653D223122206E6F6D6F76653D223022206E6F64656661756C74617474616368706F696E74733D223122206175746F647261673D2231222075736564656661756C7469646473686170653D2231222073656C65637461626C653D2231222073686F7773656C656374696F6E68616E646C65733D22312220616C6C6F776E756467696E673D223122206973616E6E6F746174696F6E3D22302220646F6E746175746F6C61796F75743D2231222067726F7570636F6C6C61707365643D2230222074616273746F703D2230222076697369626C653D22302220736E6170746F677269643D2230223E3C636F6E74726F6C3E3C646473786D6C6F626A65637473747265616D696E6974777261707065722062696E6172793D223030303230303030353931363030303033653031303030303033303030303030303030303035303030303830303830303030383030313030303030303135303030313836303030303930303139303566303130303034636263656363653531663030343630303462303035663030373330303739303037333030356630303663303036663030363730303639303036653030353030303631303036373030363530303532303036353030363330303666303037323030363430303566303037333030373930303733303035663030366430303635303036653030373530303030303030303030222F3E3C2F636F6E74726F6C3E3C6C61796F75746F626A6563743E3C646473786D6C6F626A2F3E3C2F6C61796F75746F626A6563743E3C73686170652067726F7570736861706569643D2230222067726F75706E6F64653D2230222F3E3C2F646473636F6E74726F6C3E3C646473636F6E74726F6C20636F6E74726F6C70726F6769643D227B36323341433037352D324337372D343837332D383833442D3933304234333634423442437D2220746F6F6C7469703D227379735F6D656E75427574746F6E4D617022206C6566743D22302220746F703D2232303133303022206C6F676963616C69643D2238302220636F6E74726F6C69643D22383022206D617374657269643D2230222068696E74313D2230222068696E74323D2230222077696474683D223632383722206865696768743D223238333622206E6F726573697A653D223022206E6F6D6F76653D223022206E6F64656661756C74617474616368706F696E74733D223022206175746F647261673D2230222075736564656661756C7469646473686170653D2230222073656C65637461626C653D2231222073686F7773656C656374696F6E68616E646C65733D22302220616C6C6F776E756467696E673D223122206973616E6E6F746174696F6E3D22302220646F6E746175746F6C61796F75743D2230222067726F7570636F6C6C61707365643D2230222074616273746F703D2231222076697369626C653D22312220736E6170746F677269643D2231223E3C636F6E74726F6C3E3C646473786D6C6F626A65637473747265616D696E6974777261707065722062696E6172793D2232313433333431323038303030303030386631383030303031343062303030303738353633343132303730303030303031343031303030303733303037393030373330303566303036643030363530303665303037353030343230303735303037343030373430303666303036653030346430303631303037303030303030306666663065616666666666306561666666666630656166666666663065616666666666306561666666666630656166666666663065616666666666306561666666666630656166666666663065616666666666306561666666666630656166666666663065616666666666306561666666666630656166666666663065616666666666306561666666666630656166666666663065616666666666306561666666666630656166666666663065616666666666306561666666666630656166666666663065616666666666306561666666666630656166666666663065616666666666306561666666666630656166666666663065616666666666306561666666666630656166666666663065616666666666306561666666666630656166666666663065616666666666306561666666666630656166666666663065616666666666306561666666666630656166666666663065616666666666306561666666666630656166666666663065616666666666306561666666666630656166666666663065616666666666306561666666666630303030303030303030303030303030303030303030313030303030303035303030303030353430303030303032633030303030303263303030303030326330303030303033343030303030303030303030303030303030303030303033383265303030306331313430303030303030303030303032643031303030303037303030303030306330303030303030373030303030303163303130303030353030613030303037303038303030303630303030303030373830303030303035343030303030306130303530303030623430303030303036633030303030306234303030303030653430303030303039633030303030303030303030303030303130303030303038663138303030303134306230303030303030303030303030333030303030303033303030303030303230303030303030323030303030303163303130303030643830393030303030303030303030303031303030303030343031353030303039373039303030303030303030303030303330303030303030333030303030303032303030303030303230303030303031633031303030303530306130303030303130303030303030303030303030303430313530303030653530323030303030303030303030303030303030303030303030303030303030323030303030303032303030303030316330313030303035303061303030303030303030303030303030303030303032343338303030303236323230303030303030303030303030303030303030303064303030303030303430303030303030343030303030303163303130303030353030613030303033303063303030303830303730303030373835363334313230343030303030303663303030303030303130303030303030313030303030303062303030303030303030303030303030313030303030303032303030303030303330303030303030343030303030303035303030303030303630303030303030373030303030303038303030303030303930303030303030613030303030303034303030303030363430303632303036663030303030303132303030303030373330303739303037333030356630303664303036353030366530303735303034323030373530303734303037343030366630303665303034643030363130303730303030303030222F3E3C2F636F6E74726F6C3E3C6C61796F75746F626A6563743E3C646473786D6C6F626A3E3C70726F7065727479206E616D653D224163746976655461626C65566965774D6F6465222076616C75653D22312220766172747970653D2238222F3E3C70726F7065727479206E616D653D225461626C65566965774D6F64653A30222076616C75653D22342C302C3238342C302C323634302C312C323136302C352C313434302220766172747970653D2238222F3E3C70726F7065727479206E616D653D225461626C65566965774D6F64653A31222076616C75653D22322C302C3238342C302C323532302220766172747970653D2238222F3E3C70726F7065727479206E616D653D225461626C65566965774D6F64653A32222076616C75653D22322C302C3238342C302C323634302220766172747970653D2238222F3E3C70726F7065727479206E616D653D225461626C65566965774D6F64653A33222076616C75653D22322C302C3238342C302C323634302220766172747970653D2238222F3E3C70726F7065727479206E616D653D225461626C65566965774D6F64653A34222076616C75653D22342C302C3238342C302C323634302C31322C333132302C31312C313932302220766172747970653D2238222F3E3C2F646473786D6C6F626A3E3C2F6C61796F75746F626A6563743E3C73686170652067726F7570736861706569643D2230222067726F75706E6F64653D2230222F3E3C2F646473636F6E74726F6C3E3C646473636F6E74726F6C2073656D616E746963636F6F6B69653D223031346666393737303130303030303036343030363230303666303030303030343630303462303035663030356630303733303037393030373330303566303036643030363530303665303037353030343230303566303035663030343230303735303037343030373430303666303035663030356630303331303033363030343330303435303033363030333230303339303033363030303030302220636F6E74726F6C70726F6769643D224D534444532E506F6C796C696E652E3038302E312220746F6F6C7469703D22E2809C7379735F627574746F6EE2809DE4B88EE2809C7379735F6D656E75427574746F6E4D6170E2809DE4B98BE997B4E79A84E585B3E7B3BBE2809C464B5F5F7379735F6D656E75425F5F427574746F5F5F3136434536323936E2809D22206C6566743D22323734332220746F703D2231393831373022206C6F676963616C69643D2238312220636F6E74726F6C69643D22383122206D617374657269643D2230222068696E74313D2230222068696E74323D2230222077696474683D2238313522206865696768743D223338333022206E6F726573697A653D223022206E6F6D6F76653D223022206E6F64656661756C74617474616368706F696E74733D223122206175746F647261673D2230222075736564656661756C7469646473686170653D2230222073656C65637461626C653D2231222073686F7773656C656374696F6E68616E646C65733D22302220616C6C6F776E756467696E673D223122206973616E6E6F746174696F6E3D22302220646F6E746175746F6C61796F75743D2230222067726F7570636F6C6C61707365643D2230222074616273746F703D2231222076697369626C653D22312220736E6170746F677269643D2230223E3C636F6E74726F6C3E3C646473786D6C6F626A3E3C706F6C796C696E6520656E64747970656473743D22302220656E64747970657372633D2232222075736572636F6C6F723D22313537393033323022206C696E657374796C653D223022206C696E6572656E6465723D22302220637573746F6D656E647479706564737469643D22302220637573746F6D656E647479706573726369643D2230222061646F726E7376697369626C653D2231223E3C61646F726E6D656E742070657263656E74706F733D2236322E313538373730303033313337372220636F6E74726F6C69643D223832222077696474683D223535333722206865696768743D223331382220736964653D223022206265686176696F723D2233222068696D65747269633D223135313322206469737466726F6D6C696E653D22313735222073746172746F626A3D22302220783D222D323536322220793D22323030313830222076697369626C653D22302220616C6C6F776F7665726C61703D2231222075736570657263656E743D2231222F3E3C2F706F6C796C696E653E3C2F646473786D6C6F626A3E3C2F636F6E74726F6C3E3C6C61796F75746F626A6563743E3C646473786D6C6F626A2F3E3C2F6C61796F75746F626A6563743E3C636F6E6E6563746F7220736F7572636569643D22363922206465737469643D2238302220736F75726365617474616368706F696E743D223431222064657374617474616368706F696E743D22343022207365676D656E74656469746D6F64653D2230222062656E64706F696E74656469746D6F64653D2230222062656E64706F696E747669736962696C6974793D2230222072656C6174656469643D223022207669727475616C3D2230223E3C706F696E7420783D22333135302220793D22313938383635222F3E3C706F696E7420783D22333135302220793D22323031333030222F3E3C2F636F6E6E6563746F723E3C2F646473636F6E74726F6C3E3C646473636F6E74726F6C2073656D616E746963636F6F6B69653D22303135356663323765303535666332372220636F6E74726F6C70726F6769643D224D534444532E546578742E3038302E3122206C6566743D222D323536322220746F703D2232303031383022206C6F676963616C69643D2238322220636F6E74726F6C69643D22383222206D617374657269643D223831222068696E74313D2230222068696E74323D2230222077696474683D223535333722206865696768743D2233313822206E6F726573697A653D223122206E6F6D6F76653D223022206E6F64656661756C74617474616368706F696E74733D223122206175746F647261673D2231222075736564656661756C7469646473686170653D2231222073656C65637461626C653D2231222073686F7773656C656374696F6E68616E646C65733D22312220616C6C6F776E756467696E673D223122206973616E6E6F746174696F6E3D22302220646F6E746175746F6C61796F75743D2231222067726F7570636F6C6C61707365643D2230222074616273746F703D2230222076697369626C653D22302220736E6170746F677269643D2230223E3C636F6E74726F6C3E3C646473786D6C6F626A65637473747265616D696E6974777261707065722062696E6172793D2230303032303030306131313530303030336530313030303030333030303030303030303030353030303038303038303030303830303130303030303031353030303138363030303039303031393035663031303030346362636563636535316530303436303034623030356630303566303037333030373930303733303035663030366430303635303036653030373530303432303035663030356630303432303037353030373430303734303036663030356630303566303033313030333630303433303034353030333630303332303033393030333630303030303030303030222F3E3C2F636F6E74726F6C3E3C6C61796F75746F626A6563743E3C646473786D6C6F626A2F3E3C2F6C61796F75746F626A6563743E3C73686170652067726F7570736861706569643D2230222067726F75706E6F64653D2230222F3E3C2F646473636F6E74726F6C3E3C646473636F6E74726F6C2073656D616E746963636F6F6B69653D223031346666393737303130303030303036343030363230303666303030303030343630303462303035663030356630303733303037393030373330303566303036643030363530303665303037353030343230303566303035663030346430303635303036653030373530303433303035663030356630303331303033323030343630303434303034343030333130303432303033323030303030302220636F6E74726F6C70726F6769643D224D534444532E506F6C796C696E652E3038302E312220746F6F6C7469703D22E2809C7379735F6D656E75E2809DE4B88EE2809C7379735F6D656E75427574746F6E4D6170E2809DE4B98BE997B4E79A84E585B3E7B3BBE2809C464B5F5F7379735F6D656E75425F5F4D656E75435F5F3132464444314232E2809D22206C6566743D22353938372220746F703D2231383537343322206C6F676963616C69643D2238332220636F6E74726F6C69643D22383322206D617374657269643D2230222068696E74313D2230222068696E74323D2230222077696474683D22333738313322206865696768743D22313732383722206E6F726573697A653D223022206E6F6D6F76653D223022206E6F64656661756C74617474616368706F696E74733D223122206175746F647261673D2230222075736564656661756C7469646473686170653D2230222073656C65637461626C653D2231222073686F7773656C656374696F6E68616E646C65733D22302220616C6C6F776E756467696E673D223122206973616E6E6F746174696F6E3D22302220646F6E746175746F6C61796F75743D2230222067726F7570636F6C6C61707365643D2230222074616273746F703D2231222076697369626C653D22312220736E6170746F677269643D2230223E3C636F6E74726F6C3E3C646473786D6C6F626A3E3C706F6C796C696E6520656E64747970656473743D22302220656E64747970657372633D2232222075736572636F6C6F723D22313537393033323022206C696E657374796C653D223022206C696E6572656E6465723D22302220637573746F6D656E647479706564737469643D22302220637573746F6D656E647479706573726369643D2230222061646F726E7376697369626C653D2231223E3C61646F726E6D656E742070657263656E74706F733D2234382E393437343431373935363232352220636F6E74726F6C69643D223834222077696474683D223535333722206865696768743D223331382220736964653D223022206265686176696F723D2233222068696D65747269633D22323632393122206469737466726F6D6C696E653D22313735222073746172746F626A3D22302220783D2232393332372220793D22323032313537222076697369626C653D22302220616C6C6F776F7665726C61703D2231222075736570657263656E743D2231222F3E3C2F706F6C796C696E653E3C2F646473786D6C6F626A3E3C2F636F6E74726F6C3E3C6C61796F75746F626A6563743E3C646473786D6C6F626A2F3E3C2F6C61796F75746F626A6563743E3C636F6E6E6563746F7220736F7572636569643D22373722206465737469643D2238302220736F75726365617474616368706F696E743D22313530222064657374617474616368706F696E743D22393922207365676D656E74656469746D6F64653D2230222062656E64706F696E74656469746D6F64653D2230222062656E64706F696E747669736962696C6974793D2230222072656C6174656469643D223022207669727475616C3D2230223E3C706F696E7420783D2234333530302220793D22313836313530222F3E3C706F696E7420783D2234323034302220793D22313836313530222F3E3C706F696E7420783D2234323034302220793D22323032363530222F3E3C706F696E7420783D22363238372220793D22323032363530222F3E3C2F636F6E6E6563746F723E3C2F646473636F6E74726F6C3E3C646473636F6E74726F6C2073656D616E746963636F6F6B69653D22303135376663323761303537666332372220636F6E74726F6C70726F6769643D224D534444532E546578742E3038302E3122206C6566743D2232393332372220746F703D2232303231353722206C6F676963616C69643D2238342220636F6E74726F6C69643D22383422206D617374657269643D223833222068696E74313D2230222068696E74323D2230222077696474683D223535333722206865696768743D2233313822206E6F726573697A653D223122206E6F6D6F76653D223022206E6F64656661756C74617474616368706F696E74733D223122206175746F647261673D2231222075736564656661756C7469646473686170653D2231222073656C65637461626C653D2231222073686F7773656C656374696F6E68616E646C65733D22312220616C6C6F776E756467696E673D223122206973616E6E6F746174696F6E3D22302220646F6E746175746F6C61796F75743D2231222067726F7570636F6C6C61707365643D2230222074616273746F703D2230222076697369626C653D22302220736E6170746F677269643D2230223E3C636F6E74726F6C3E3C646473786D6C6F626A65637473747265616D696E6974777261707065722062696E6172793D2230303032303030306131313530303030336530313030303030333030303030303030303030353030303038303038303030303830303130303030303031353030303138363030303039303031393035663031303030346362636563636535316530303436303034623030356630303566303037333030373930303733303035663030366430303635303036653030373530303432303035663030356630303464303036353030366530303735303034333030356630303566303033313030333230303436303034343030343430303331303034323030333230303030303030303030222F3E3C2F636F6E74726F6C3E3C6C61796F75746F626A6563743E3C646473786D6C6F626A2F3E3C2F6C61796F75746F626A6563743E3C73686170652067726F7570736861706569643D2230222067726F75706E6F64653D2230222F3E3C2F646473636F6E74726F6C3E3C646473636F6E74726F6C20636F6E74726F6C70726F6769643D227B36323341433037352D324337372D343837332D383833442D3933304234333634423442437D2220746F6F6C7469703D227379735F4D656E75436F6C756D6E7322206C6566743D2234333530302220746F703D2231393234353022206C6F676963616C69643D2238352220636F6E74726F6C69643D22383522206D617374657269643D2230222068696E74313D2230222068696E74323D2230222077696474683D223632383722206865696768743D223936393422206E6F726573697A653D223022206E6F6D6F76653D223022206E6F64656661756C74617474616368706F696E74733D223022206175746F647261673D2230222075736564656661756C7469646473686170653D2230222073656C65637461626C653D2231222073686F7773656C656374696F6E68616E646C65733D22302220616C6C6F776E756467696E673D223122206973616E6E6F746174696F6E3D22302220646F6E746175746F6C61796F75743D2230222067726F7570636F6C6C61707365643D2230222074616273746F703D2231222076697369626C653D22312220736E6170746F677269643D2231223E3C636F6E74726F6C3E3C646473786D6C6F626A65637473747265616D696E6974777261707065722062696E6172793D223231343333343132303830303030303038663138303030306465323530303030373835363334313230373030303030303134303130303030373330303739303037333030356630303464303036353030366530303735303034333030366630303663303037353030366430303665303037333030303030306666663065616666666666306561666666666630656166666666663065616666666666306561666666666630656166666666663065616666666666306561666666666630656166666666663065616666666666306561666666666630656166666666663065616666666666306561666666666630656166666666663065616666666666306561666666666630656166666666663065616666666666306561666666666630656166666666663065616666666666306561666666666630656166666666663065616666666666306561666666666630656166666666663065616666666666306561666666666630656166666666663065616666666666306561666666666630656166666666663065616666666666306561666666666630656166666666663065616666666666306561666666666630656166666666663065616666666666306561666666666630656166666666663065616666666666306561666666666630656166666666663065616666666666306561666666666630656166666666663065616666666666306561666666666630656166666666663030303030303030303030303030303030303030303031303030303030303530303030303035343030303030303263303030303030326330303030303032633030303030303334303030303030303030303030303030303030303030303338326530303030323632323030303030303030303030303264303130303030306430303030303030633030303030303037303030303030316330313030303035303061303030303730303830303030363030303030303037383030303030303534303030303030613030353030303062343030303030303663303030303030623430303030303065343030303030303963303030303030303030303030303030313030303030303866313830303030646532353030303030303030303030303066303030303030306330303030303030323030303030303032303030303030316330313030303036303039303030303030303030303030303130303030303034303135303030303230303530303030303030303030303030313030303030303031303030303030303230303030303030323030303030303163303130303030353030613030303030313030303030303030303030303030343031353030303065353032303030303030303030303030303030303030303030303030303030303032303030303030303230303030303031633031303030303530306130303030303030303030303030303030303030303234333830303030323632323030303030303030303030303030303030303030306430303030303030343030303030303034303030303030316330313030303035303061303030303330306330303030383030373030303037383536333431323034303030303030363830303030303030313030303030303031303030303030306230303030303030303030303030303031303030303030303230303030303030333030303030303034303030303030303530303030303030363030303030303037303030303030303830303030303030393030303030303061303030303030303430303030303036343030363230303666303030303030313030303030303037333030373930303733303035663030346430303635303036653030373530303433303036663030366330303735303036643030366530303733303030303030222F3E3C2F636F6E74726F6C3E3C6C61796F75746F626A6563743E3C646473786D6C6F626A3E3C70726F7065727479206E616D653D224163746976655461626C65566965774D6F6465222076616C75653D22312220766172747970653D2238222F3E3C70726F7065727479206E616D653D225461626C65566965774D6F64653A30222076616C75653D22342C302C3238342C302C323634302C312C323136302C352C313434302220766172747970653D2238222F3E3C70726F7065727479206E616D653D225461626C65566965774D6F64653A31222076616C75653D22322C302C3238342C302C323430302220766172747970653D2238222F3E3C70726F7065727479206E616D653D225461626C65566965774D6F64653A32222076616C75653D22322C302C3238342C302C323634302220766172747970653D2238222F3E3C70726F7065727479206E616D653D225461626C65566965774D6F64653A33222076616C75653D22322C302C3238342C302C323634302220766172747970653D2238222F3E3C70726F7065727479206E616D653D225461626C65566965774D6F64653A34222076616C75653D22342C302C3238342C302C323634302C31322C333132302C31312C313932302220766172747970653D2238222F3E3C2F646473786D6C6F626A3E3C2F6C61796F75746F626A6563743E3C73686170652067726F7570736861706569643D2230222067726F75706E6F64653D2230222F3E3C2F646473636F6E74726F6C3E3C646473636F6E74726F6C2073656D616E746963636F6F6B69653D223031343865303733303130303030303036343030363230303666303030303030343630303462303035663030373330303739303037333030356630303464303036353030366530303735303034333030366630303663303037353030366430303665303037333030356630303733303037393030373330303566303036643030363530303665303037353030303030302220636F6E74726F6C70726F6769643D224D534444532E506F6C796C696E652E3038302E312220746F6F6C7469703D22E2809C7379735F6D656E75E2809DE4B88EE2809C7379735F4D656E75436F6C756D6E73E2809DE4B98BE997B4E79A84E585B3E7B3BBE2809C464B5F7379735F4D656E75436F6C756D6E735F7379735F6D656E75E2809D22206C6566743D2234363234332220746F703D2231383933323822206C6F676963616C69643D2238362220636F6E74726F6C69643D22383622206D617374657269643D2230222068696E74313D2230222068696E74323D2230222077696474683D2238313522206865696768743D223338323222206E6F726573697A653D223022206E6F6D6F76653D223022206E6F64656661756C74617474616368706F696E74733D223122206175746F647261673D2230222075736564656661756C7469646473686170653D2230222073656C65637461626C653D2231222073686F7773656C656374696F6E68616E646C65733D22302220616C6C6F776E756467696E673D223122206973616E6E6F746174696F6E3D22302220646F6E746175746F6C61796F75743D2230222067726F7570636F6C6C61707365643D2230222074616273746F703D2231222076697369626C653D22312220736E6170746F677269643D2230223E3C636F6E74726F6C3E3C646473786D6C6F626A3E3C706F6C796C696E6520656E64747970656473743D22302220656E64747970657372633D2232222075736572636F6C6F723D22313537393033323022206C696E657374796C653D223022206C696E6572656E6465723D22302220637573746F6D656E647479706564737469643D22302220637573746F6D656E647479706573726369643D2230222061646F726E7376697369626C653D2231223E3C61646F726E6D656E742070657263656E74706F733D2235302E303039383536313030393236352220636F6E74726F6C69643D223837222077696474683D223439383322206865696768743D223331382220736964653D223022206265686176696F723D2233222068696D65747269633D223132313322206469737466726F6D6C696E653D22313735222073746172746F626A3D22302220783D2234313439322220793D22313931303737222076697369626C653D22302220616C6C6F776F7665726C61703D2231222075736570657263656E743D2231222F3E3C2F706F6C796C696E653E3C2F646473786D6C6F626A3E3C2F636F6E74726F6C3E3C6C61796F75746F626A6563743E3C646473786D6C6F626A2F3E3C2F6C61796F75746F626A6563743E3C636F6E6E6563746F7220736F7572636569643D22373722206465737469643D2238352220736F75726365617474616368706F696E743D223431222064657374617474616368706F696E743D22343022207365676D656E74656469746D6F64653D2230222062656E64706F696E74656469746D6F64653D2230222062656E64706F696E747669736962696C6974793D2230222072656C6174656469643D223022207669727475616C3D2230223E3C706F696E7420783D2234363635302220793D22313930303233222F3E3C706F696E7420783D2234363635302220793D22313932343530222F3E3C2F636F6E6E6563746F723E3C2F646473636F6E74726F6C3E3C646473636F6E74726F6C2073656D616E746963636F6F6B69653D22303135636663323736303563666332372220636F6E74726F6C70726F6769643D224D534444532E546578742E3038302E3122206C6566743D2234313439322220746F703D2231393130373722206C6F676963616C69643D2238372220636F6E74726F6C69643D22383722206D617374657269643D223836222068696E74313D2230222068696E74323D2230222077696474683D223439383322206865696768743D2233313822206E6F726573697A653D223122206E6F6D6F76653D223022206E6F64656661756C74617474616368706F696E74733D223122206175746F647261673D2231222075736564656661756C7469646473686170653D2231222073656C65637461626C653D2231222073686F7773656C656374696F6E68616E646C65733D22312220616C6C6F776E756467696E673D223122206973616E6E6F746174696F6E3D22302220646F6E746175746F6C61796F75743D2231222067726F7570636F6C6C61707365643D2230222074616273746F703D2230222076697369626C653D22302220736E6170746F677269643D2230223E3C636F6E74726F6C3E3C646473786D6C6F626A65637473747265616D696E6974777261707065722062696E6172793D2230303032303030303737313330303030336530313030303030333030303030303030303030353030303038303038303030303830303130303030303031353030303138363030303039303031393035663031303030346362636563636535316230303436303034623030356630303733303037393030373330303566303034643030363530303665303037353030343330303666303036633030373530303664303036653030373330303566303037333030373930303733303035663030366430303635303036653030373530303030303030303030222F3E3C2F636F6E74726F6C3E3C6C61796F75746F626A6563743E3C646473786D6C6F626A2F3E3C2F6C61796F75746F626A6563743E3C73686170652067726F7570736861706569643D2230222067726F75706E6F64653D2230222F3E3C2F646473636F6E74726F6C3E3C646473636F6E74726F6C20636F6E74726F6C70726F6769643D227B36323341433037352D324337372D343837332D383833442D3933304234333634423442437D2220746F6F6C7469703D227379735F6F7267616E697A6522206C6566743D2232363130302220746F703D2231373233353022206C6F676963616C69643D2238382220636F6E74726F6C69643D22383822206D617374657269643D2230222068696E74313D2230222068696E74323D2230222077696474683D223632383722206865696768743D223632363522206E6F726573697A653D223022206E6F6D6F76653D223022206E6F64656661756C74617474616368706F696E74733D223022206175746F647261673D2230222075736564656661756C7469646473686170653D2230222073656C65637461626C653D2231222073686F7773656C656374696F6E68616E646C65733D22302220616C6C6F776E756467696E673D223122206973616E6E6F746174696F6E3D22302220646F6E746175746F6C61796F75743D2230222067726F7570636F6C6C61707365643D2230222074616273746F703D2231222076697369626C653D22312220736E6170746F677269643D2231223E3C636F6E74726F6C3E3C646473786D6C6F626A65637473747265616D696E6974777261707065722062696E6172793D223231343333343132303830303030303038663138303030303739313830303030373835363334313230373030303030303134303130303030373330303739303037333030356630303666303037323030363730303631303036653030363930303761303036353030303030306561666666666630656166666666663065616666666666306561666666666630656166666666663065616666303030303030303066656634663266666665663466326666666566346632666666656634663266666665663466326666666566346632666666656634663266666665663466326666666566346632666666656634663266666665663466326666666566346632666666656634663266666665663466316666666566346632666666656633663266663730373037306666396439643964666664376331626466663432343234326666666566336632666666656633663166666664663266306666393539353935666634323432343266663766376637666666346534643464666635363536353666666633643964336666666466326631666666656634663266666665663466326666666566346632666666656634663266666665663466326666666666306561666666666630656166666666663065616666666666306561666666666630656166666666663065616666666666306561666666666630656166666666663065616666666666306561666666666630656166666666663030303030303030303030303030303030303030303031303030303030303530303030303035343030303030303263303030303030326330303030303032633030303030303334303030303030303030303030303030303030303030303338326530303030616631643030303030303030303030303264303130303030306230303030303030633030303030303037303030303030316330313030303035303061303030303730303830303030363030303030303037383030303030303534303030303030613030353030303062343030303030303663303030303030623430303030303065343030303030303963303030303030303030303030303030313030303030303866313830303030373931383030303030303030303030303039303030303030303930303030303030323030303030303032303030303030316330313030303064383039303030303030303030303030303130303030303034303135303030303230303530303030303030303030303030313030303030303031303030303030303230303030303030323030303030303163303130303030353030613030303030313030303030303030303030303030343031353030303065353032303030303030303030303030303030303030303030303030303030303032303030303030303230303030303031633031303030303530306130303030303030303030303030303030303030303234333830303030323632323030303030303030303030303030303030303030306430303030303030343030303030303034303030303030316330313030303035303061303030303330306330303030383030373030303037383536333431323034303030303030363230303030303030313030303030303031303030303030306230303030303030303030303030303031303030303030303230303030303030333030303030303034303030303030303530303030303030363030303030303037303030303030303830303030303030393030303030303061303030303030303430303030303036343030363230303666303030303030306430303030303037333030373930303733303035663030366630303732303036373030363130303665303036393030376130303635303030303030222F3E3C2F636F6E74726F6C3E3C6C61796F75746F626A6563743E3C646473786D6C6F626A3E3C70726F7065727479206E616D653D224163746976655461626C65566965774D6F6465222076616C75653D22312220766172747970653D2238222F3E3C70726F7065727479206E616D653D225461626C65566965774D6F64653A30222076616C75653D22342C302C3238342C302C323634302C312C323136302C352C313434302220766172747970653D2238222F3E3C70726F7065727479206E616D653D225461626C65566965774D6F64653A31222076616C75653D22322C302C3238342C302C323532302220766172747970653D2238222F3E3C70726F7065727479206E616D653D225461626C65566965774D6F64653A32222076616C75653D22322C302C3238342C302C323634302220766172747970653D2238222F3E3C70726F7065727479206E616D653D225461626C65566965774D6F64653A33222076616C75653D22322C302C3238342C302C323634302220766172747970653D2238222F3E3C70726F7065727479206E616D653D225461626C65566965774D6F64653A34222076616C75653D22342C302C3238342C302C323634302C31322C333132302C31312C313932302220766172747970653D2238222F3E3C2F646473786D6C6F626A3E3C2F6C61796F75746F626A6563743E3C73686170652067726F7570736861706569643D2230222067726F75706E6F64653D2230222F3E3C2F646473636F6E74726F6C3E3C646473636F6E74726F6C20636F6E74726F6C70726F6769643D227B36323341433037352D324337372D343837332D383833442D3933304234333634423442437D2220746F6F6C7469703D227379735F6F7267616E697A65526F6C654D617022206C6566743D2232363130302220746F703D2231383130353022206C6F676963616C69643D2238392220636F6E74726F6C69643D22383922206D617374657269643D2230222068696E74313D2230222068696E74323D2230222077696474683D223632383722206865696768743D223238333622206E6F726573697A653D223022206E6F6D6F76653D223022206E6F64656661756C74617474616368706F696E74733D223022206175746F647261673D2230222075736564656661756C7469646473686170653D2230222073656C65637461626C653D2231222073686F7773656C656374696F6E68616E646C65733D22302220616C6C6F776E756467696E673D223122206973616E6E6F746174696F6E3D22302220646F6E746175746F6C61796F75743D2230222067726F7570636F6C6C61707365643D2230222074616273746F703D2231222076697369626C653D22312220736E6170746F677269643D2231223E3C636F6E74726F6C3E3C646473786D6C6F626A65637473747265616D696E6974777261707065722062696E6172793D22323134333334313230383030303030303866313830303030313430623030303037383536333431323037303030303030313430313030303037333030373930303733303035663030366630303732303036373030363130303665303036393030376130303635303035323030366630303663303036353030346430303631303037303030303030303330386431343238383039373134323839303865313432383630393331343238613061363134323836303965313432386630613531343238353061373134323838306132313432383538386666633237633839326663323734386239666532373130616131343238613036633231323831303730323132386230373932313238643037643231323839303735323132383630366632313238643037323231323831303762323132386330376232313238333037663231323861303832323132383530383332313238303038343231323831303836323132386330383632313238383036316230323761303635623032373530363662303237663036346230323734303539623032373730366162303237363036386230323738303663623032373630356462303237313035656230323733303664623032376230363762303237643036626230323766303666623032373130373462303237393036656230323730303732623032376130373062303237353037316230323736303835323132383330386132313238643035623030303030303030303030303030303030303030303130303030303030353030303030303534303030303030326330303030303032633030303030303263303030303030333430303030303030303030303030303030303030303030333832653030303063313134303030303030303030303030326430313030303030373030303030303063303030303030303730303030303031633031303030303530306130303030373030383030303036303030303030303738303030303030353430303030303061303035303030306234303030303030366330303030303062343030303030306534303030303030396330303030303030303030303030303031303030303030386631383030303031343062303030303030303030303030303330303030303030333030303030303032303030303030303230303030303031633031303030306438303930303030303030303030303030313030303030303430313530303030393730393030303030303030303030303033303030303030303330303030303030323030303030303032303030303030316330313030303035303061303030303031303030303030303030303030303034303135303030306535303230303030303030303030303030303030303030303030303030303030303230303030303030323030303030303163303130303030353030613030303030303030303030303030303030303030323433383030303032363232303030303030303030303030303030303030303030643030303030303034303030303030303430303030303031633031303030303530306130303030333030633030303038303037303030303738353633343132303430303030303037303030303030303031303030303030303130303030303030623030303030303030303030303030303130303030303030323030303030303033303030303030303430303030303030353030303030303036303030303030303730303030303030383030303030303039303030303030306130303030303030343030303030303634303036323030366630303030303031343030303030303733303037393030373330303566303036663030373230303637303036313030366530303639303037613030363530303532303036663030366330303635303034643030363130303730303030303030222F3E3C2F636F6E74726F6C3E3C6C61796F75746F626A6563743E3C646473786D6C6F626A3E3C70726F7065727479206E616D653D224163746976655461626C65566965774D6F6465222076616C75653D22312220766172747970653D2238222F3E3C70726F7065727479206E616D653D225461626C65566965774D6F64653A30222076616C75653D22342C302C3238342C302C323634302C312C323136302C352C313434302220766172747970653D2238222F3E3C70726F7065727479206E616D653D225461626C65566965774D6F64653A31222076616C75653D22322C302C3238342C302C323532302220766172747970653D2238222F3E3C70726F7065727479206E616D653D225461626C65566965774D6F64653A32222076616C75653D22322C302C3238342C302C323634302220766172747970653D2238222F3E3C70726F7065727479206E616D653D225461626C65566965774D6F64653A33222076616C75653D22322C302C3238342C302C323634302220766172747970653D2238222F3E3C70726F7065727479206E616D653D225461626C65566965774D6F64653A34222076616C75653D22342C302C3238342C302C323634302C31322C333132302C31312C313932302220766172747970653D2238222F3E3C2F646473786D6C6F626A3E3C2F6C61796F75746F626A6563743E3C73686170652067726F7570736861706569643D2230222067726F75706E6F64653D2230222F3E3C2F646473636F6E74726F6C3E3C646473636F6E74726F6C2073656D616E746963636F6F6B69653D22303130303030303030313030303030303634303036323030366630303030303035323030356630303333303033383030303030302220636F6E74726F6C70726F6769643D224D534444532E506F6C796C696E652E3038302E312220746F6F6C7469703D22E2809C7379735F6F7267616E697A65E2809DE4B88EE2809C7379735F6F7267616E697A65526F6C654D6170E2809DE4B98BE997B4E79A84E585B3E7B3BBE2809C525F3338E2809D22206C6566743D2232383834332220746F703D2231373739323022206C6F676963616C69643D2239302220636F6E74726F6C69643D22393022206D617374657269643D2230222068696E74313D2230222068696E74323D2230222077696474683D2238313522206865696768743D223338333022206E6F726573697A653D223022206E6F6D6F76653D223022206E6F64656661756C74617474616368706F696E74733D223122206175746F647261673D2230222075736564656661756C7469646473686170653D2230222073656C65637461626C653D2231222073686F7773656C656374696F6E68616E646C65733D22302220616C6C6F776E756467696E673D223122206973616E6E6F746174696F6E3D22302220646F6E746175746F6C61796F75743D2230222067726F7570636F6C6C61707365643D2230222074616273746F703D2231222076697369626C653D22312220736E6170746F677269643D2230223E3C636F6E74726F6C3E3C646473786D6C6F626A3E3C706F6C796C696E6520656E64747970656473743D22302220656E64747970657372633D2232222075736572636F6C6F723D22313537393033323022206C696E657374796C653D223022206C696E6572656E6465723D22302220637573746F6D656E647479706564737469643D22302220637573746F6D656E647479706573726369643D2230222061646F726E7376697369626C653D2231223E3C61646F726E6D656E742070657263656E74706F733D2234362E303536343139313133343133392220636F6E74726F6C69643D223931222077696474683D2237333722206865696768743D223331382220736964653D223022206265686176696F723D2233222068696D65747269633D223131323122206469737466726F6D6C696E653D22313735222073746172746F626A3D22302220783D2232383333382220793D22313739353839222076697369626C653D22302220616C6C6F776F7665726C61703D2231222075736570657263656E743D2231222F3E3C2F706F6C796C696E653E3C2F646473786D6C6F626A3E3C2F636F6E74726F6C3E3C6C61796F75746F626A6563743E3C646473786D6C6F626A2F3E3C2F6C61796F75746F626A6563743E3C636F6E6E6563746F7220736F7572636569643D22383822206465737469643D2238392220736F75726365617474616368706F696E743D223431222064657374617474616368706F696E743D22343022207365676D656E74656469746D6F64653D2230222062656E64706F696E74656469746D6F64653D2230222062656E64706F696E747669736962696C6974793D2230222072656C6174656469643D223022207669727475616C3D2230223E3C706F696E7420783D2232393235302220793D22313738363135222F3E3C706F696E7420783D2232393235302220793D22313831303530222F3E3C2F636F6E6E6563746F723E3C2F646473636F6E74726F6C3E3C646473636F6E74726F6C2073656D616E746963636F6F6B69653D22303135376663323736303537666332372220636F6E74726F6C70726F6769643D224D534444532E546578742E3038302E3122206C6566743D2232383333382220746F703D2231373935383922206C6F676963616C69643D2239312220636F6E74726F6C69643D22393122206D617374657269643D223930222068696E74313D2230222068696E74323D2230222077696474683D2237333722206865696768743D2233313822206E6F726573697A653D223122206E6F6D6F76653D223022206E6F64656661756C74617474616368706F696E74733D223122206175746F647261673D2231222075736564656661756C7469646473686170653D2231222073656C65637461626C653D2231222073686F7773656C656374696F6E68616E646C65733D22312220616C6C6F776E756467696E673D223122206973616E6E6F746174696F6E3D22302220646F6E746175746F6C61796F75743D2231222067726F7570636F6C6C61707365643D2230222074616273746F703D2230222076697369626C653D22302220736E6170746F677269643D2230223E3C636F6E74726F6C3E3C646473786D6C6F626A65637473747265616D696E6974777261707065722062696E6172793D223030303230303030653130323030303033653031303030303033303030303030303030303035303030303830303830303030383030313030303030303135303030313836303030303930303139303566303130303034636263656363653530343030353230303566303033333030333830303030303030303030222F3E3C2F636F6E74726F6C3E3C6C61796F75746F626A6563743E3C646473786D6C6F626A2F3E3C2F6C61796F75746F626A6563743E3C73686170652067726F7570736861706569643D2230222067726F75706E6F64653D2230222F3E3C2F646473636F6E74726F6C3E3C646473636F6E74726F6C20636F6E74726F6C70726F6769643D227B36323341433037352D324337372D343837332D383833442D3933304234333634423442437D2220746F6F6C7469703D227379735F706172616D6574657222206C6566743D223131313435302220746F703D223022206C6F676963616C69643D2239322220636F6E74726F6C69643D22393222206D617374657269643D2230222068696E74313D2230222068696E74323D2230222077696474683D223632383722206865696768743D223536393422206E6F726573697A653D223022206E6F6D6F76653D223022206E6F64656661756C74617474616368706F696E74733D223022206175746F647261673D2230222075736564656661756C7469646473686170653D2230222073656C65637461626C653D2231222073686F7773656C656374696F6E68616E646C65733D22302220616C6C6F776E756467696E673D223122206973616E6E6F746174696F6E3D22302220646F6E746175746F6C61796F75743D2230222067726F7570636F6C6C61707365643D2230222074616273746F703D2231222076697369626C653D22312220736E6170746F677269643D2231223E3C636F6E74726F6C3E3C646473786D6C6F626A65637473747265616D696E6974777261707065722062696E6172793D22323134333334313230383030303030303866313830303030336531363030303037383536333431323037303030303030313430313030303037333030373930303733303035663030373030303631303037323030363130303664303036353030373430303635303037323030303030306666663065616666666666306561666666666630656166666666663065616666666666306561666666666630656166666666663065616666666666306561666666666630656166666666663065616666666666306561666666666630656166666666663065616666666666306561666666666630656166666666663065616666666666306561666666666630656166666666663065616666666666306561666666666630656166666666663065616666666666306561666666666630656166666666663065616666666666306561666666666630656166666666663065616666666666306561666666666630656166666666663065616666666666306561666666666630656166666666663065616666666666306561666666666630656166666666663065616666666666306561666666666630656166666666663065616666666666306561666666666630656166666666663065616666666666306561666666666630656166666666663065616666666666306561666666666630656166666666663065616666666666306561666666666630656166666666663065616666666666303030303030303030303030303030303030303030303130303030303030353030303030303534303030303030326330303030303032633030303030303263303030303030333430303030303030303030303030303030303030303030333832653030303037333162303030303030303030303030326430313030303030613030303030303063303030303030303730303030303031633031303030303530306130303030373030383030303063303030303030306630303030303030613830303030303061303035303030303638303130303030643830303030303036383031303030306338303130303030333830313030303030303030303030303031303030303030386631383030303033653136303030303030303030303030303830303030303030383030303030303032303030303030303230303030303031633031303030303430306230303030303030303030303030313030303030303430313530303030323030353030303030303030303030303031303030303030303130303030303030323030303030303032303030303030316330313030303035303061303030303031303030303030303030303030303034303135303030306535303230303030303030303030303030303030303030303030303030303030303230303030303030323030303030303163303130303030353030613030303030303030303030303030303030303030323433383030303032363232303030303030303030303030303030303030303030643030303030303034303030303030303430303030303031633031303030303530306130303030333030633030303038303037303030303738353633343132303430303030303036343030303030303031303030303030303130303030303030623030303030303030303030303030303130303030303030323030303030303033303030303030303430303030303030353030303030303036303030303030303730303030303030383030303030303039303030303030306130303030303030343030303030303634303036323030366630303030303030653030303030303733303037393030373330303566303037303030363130303732303036313030366430303635303037343030363530303732303030303030222F3E3C2F636F6E74726F6C3E3C6C61796F75746F626A6563743E3C646473786D6C6F626A3E3C70726F7065727479206E616D653D224163746976655461626C65566965774D6F6465222076616C75653D22312220766172747970653D2238222F3E3C70726F7065727479206E616D653D225461626C65566965774D6F64653A30222076616C75653D22342C302C3238342C302C323634302C312C323136302C352C313434302220766172747970653D2238222F3E3C70726F7065727479206E616D653D225461626C65566965774D6F64653A31222076616C75653D22322C302C3238342C302C323838302220766172747970653D2238222F3E3C70726F7065727479206E616D653D225461626C65566965774D6F64653A32222076616C75653D22322C302C3238342C302C323634302220766172747970653D2238222F3E3C70726F7065727479206E616D653D225461626C65566965774D6F64653A33222076616C75653D22322C302C3238342C302C323634302220766172747970653D2238222F3E3C70726F7065727479206E616D653D225461626C65566965774D6F64653A34222076616C75653D22342C302C3238342C302C323634302C31322C333132302C31312C313932302220766172747970653D2238222F3E3C2F646473786D6C6F626A3E3C2F6C61796F75746F626A6563743E3C73686170652067726F7570736861706569643D2230222067726F75706E6F64653D2230222F3E3C2F646473636F6E74726F6C3E3C646473636F6E74726F6C20636F6E74726F6C70726F6769643D227B36323341433037352D324337372D343837332D383833442D3933304234333634423442437D2220746F6F6C7469703D227379735F7065726D697373696F6E22206C6566743D22302220746F703D2231373538303022206C6F676963616C69643D2239332220636F6E74726F6C69643D22393322206D617374657269643D2230222068696E74313D2230222068696E74323D2230222077696474683D223632383722206865696768743D223531323222206E6F726573697A653D223022206E6F6D6F76653D223022206E6F64656661756C74617474616368706F696E74733D223022206175746F647261673D2230222075736564656661756C7469646473686170653D2230222073656C65637461626C653D2231222073686F7773656C656374696F6E68616E646C65733D22302220616C6C6F776E756467696E673D223122206973616E6E6F746174696F6E3D22302220646F6E746175746F6C61796F75743D2230222067726F7570636F6C6C61707365643D2230222074616273746F703D2231222076697369626C653D22312220736E6170746F677269643D2231223E3C636F6E74726F6C3E3C646473786D6C6F626A65637473747265616D696E6974777261707065722062696E6172793D2232313433333431323038303030303030386631383030303030323134303030303738353633343132303730303030303031343031303030303733303037393030373330303566303037303030363530303732303036643030363930303733303037333030363930303666303036653030303030306561666666666630656166666666663065616666666666306561666666666630656166666666663065616666666666306561666666666630656166666666663065616666666666306561666666666630656166666666663065616666666666306561666666666630656166666666663065616666666666306561666666666630656166666666663065616666666666306561666666666630656166666666663065616666666666306561666666666630656166666666663065616666666666306561666666666630656166666666663065616666666666306561666666666630656166666666663065616666666666306561666666666630656166666666663065616666666666306561666666666630656166666666663065616666666666306561666666666630656166666666663065616666666666306561666666666630656166666666663065616666666666306561666666666630656166666666663065616666666666306561666666666630656166666666663065616666666666306561666666666630656166666666663065616666666666306561666666666630303030303030303030303030303030303030303030313030303030303035303030303030353430303030303032633030303030303263303030303030326330303030303033343030303030303030303030303030303030303030303033383265303030303338313930303030303030303030303032643031303030303039303030303030306330303030303030373030303030303163303130303030353030613030303037303038303030303630303030303030373830303030303035343030303030306130303530303030623430303030303036633030303030306234303030303030653430303030303039633030303030303030303030303030303130303030303038663138303030303032313430303030303030303030303030373030303030303037303030303030303230303030303030323030303030303163303130303030643830393030303030303030303030303031303030303030343031353030303032303035303030303030303030303030303130303030303030313030303030303032303030303030303230303030303031633031303030303530306130303030303130303030303030303030303030303430313530303030653530323030303030303030303030303030303030303030303030303030303030323030303030303032303030303030316330313030303035303061303030303030303030303030303030303030303032343338303030303236323230303030303030303030303030303030303030303064303030303030303430303030303030343030303030303163303130303030353030613030303033303063303030303830303730303030373835363334313230343030303030303636303030303030303130303030303030313030303030303062303030303030303030303030303030313030303030303032303030303030303330303030303030343030303030303035303030303030303630303030303030373030303030303038303030303030303930303030303030613030303030303034303030303030363430303632303036663030303030303066303030303030373330303739303037333030356630303730303036353030373230303664303036393030373330303733303036393030366630303665303030303030222F3E3C2F636F6E74726F6C3E3C6C61796F75746F626A6563743E3C646473786D6C6F626A3E3C70726F7065727479206E616D653D224163746976655461626C65566965774D6F6465222076616C75653D22312220766172747970653D2238222F3E3C70726F7065727479206E616D653D225461626C65566965774D6F64653A30222076616C75653D22342C302C3238342C302C323634302C312C323136302C352C313434302220766172747970653D2238222F3E3C70726F7065727479206E616D653D225461626C65566965774D6F64653A31222076616C75653D22322C302C3238342C302C323532302220766172747970653D2238222F3E3C70726F7065727479206E616D653D225461626C65566965774D6F64653A32222076616C75653D22322C302C3238342C302C323634302220766172747970653D2238222F3E3C70726F7065727479206E616D653D225461626C65566965774D6F64653A33222076616C75653D22322C302C3238342C302C323634302220766172747970653D2238222F3E3C70726F7065727479206E616D653D225461626C65566965774D6F64653A34222076616C75653D22342C302C3238342C302C323634302C31322C333132302C31312C313932302220766172747970653D2238222F3E3C2F646473786D6C6F626A3E3C2F6C61796F75746F626A6563743E3C73686170652067726F7570736861706569643D2230222067726F75706E6F64653D2230222F3E3C2F646473636F6E74726F6C3E3C646473636F6E74726F6C20636F6E74726F6C70726F6769643D227B36323341433037352D324337372D343837332D383833442D3933304234333634423442437D2220746F6F6C7469703D227379735F726F6C6522206C6566743D22383730302220746F703D2231373236353022206C6F676963616C69643D2239342220636F6E74726F6C69643D22393422206D617374657269643D2230222068696E74313D2230222068696E74323D2230222077696474683D223632383722206865696768743D223536393422206E6F726573697A653D223022206E6F6D6F76653D223022206E6F64656661756C74617474616368706F696E74733D223022206175746F647261673D2230222075736564656661756C7469646473686170653D2230222073656C65637461626C653D2231222073686F7773656C656374696F6E68616E646C65733D22302220616C6C6F776E756467696E673D223122206973616E6E6F746174696F6E3D22302220646F6E746175746F6C61796F75743D2230222067726F7570636F6C6C61707365643D2230222074616273746F703D2231222076697369626C653D22312220736E6170746F677269643D2231223E3C636F6E74726F6C3E3C646473786D6C6F626A65637473747265616D696E6974777261707065722062696E6172793D2232313433333431323038303030303030386631383030303033653136303030303738353633343132303730303030303031343031303030303733303037393030373330303566303037323030366630303663303036353030303030306561666666666630656166666666663065616666666666306561666666666630656166666666663065616666666666306561666666666630656166666666663065616666666666306561666666666630656166666666663065616666666666306561666666666630656166666666663065616666666666306561666666666630656166666666663065616666666666306561666666666630656166666666663065616666666666306561666666666630656166666666663065616666666666306561666666666630656166666666663065616666666666306561666666666630656166666666663065616666666666306561666666666630656166666666663065616666666666306561666666666630656166666666663065616666666666306561666666666630656166666666663065616666666666306561666666666630656166666666663065616666666666306561666666666630656166666666663065616666666666306561666666666630656166666666663065616666666666306561666666666630656166666666663065616666666666306561666666666630656166666666663065616666666666306561666666666630303030303030303030303030303030303030303030313030303030303035303030303030353430303030303032633030303030303263303030303030326330303030303033343030303030303030303030303030303030303030303033383265303030303733316230303030303030303030303032643031303030303061303030303030306330303030303030373030303030303163303130303030353030613030303037303038303030303630303030303030373830303030303035343030303030306130303530303030623430303030303036633030303030306234303030303030653430303030303039633030303030303030303030303030303130303030303038663138303030303365313630303030303030303030303030383030303030303038303030303030303230303030303030323030303030303163303130303030643830393030303030303030303030303031303030303030343031353030303032303035303030303030303030303030303130303030303030313030303030303032303030303030303230303030303031633031303030303530306130303030303130303030303030303030303030303430313530303030653530323030303030303030303030303030303030303030303030303030303030323030303030303032303030303030316330313030303035303061303030303030303030303030303030303030303032343338303030303236323230303030303030303030303030303030303030303064303030303030303430303030303030343030303030303163303130303030353030613030303033303063303030303830303730303030373835363334313230343030303030303561303030303030303130303030303030313030303030303062303030303030303030303030303030313030303030303032303030303030303330303030303030343030303030303035303030303030303630303030303030373030303030303038303030303030303930303030303030613030303030303034303030303030363430303632303036663030303030303039303030303030373330303739303037333030356630303732303036663030366330303635303030303030222F3E3C2F636F6E74726F6C3E3C6C61796F75746F626A6563743E3C646473786D6C6F626A3E3C70726F7065727479206E616D653D224163746976655461626C65566965774D6F6465222076616C75653D22312220766172747970653D2238222F3E3C70726F7065727479206E616D653D225461626C65566965774D6F64653A30222076616C75653D22342C302C3238342C302C323634302C312C323136302C352C313434302220766172747970653D2238222F3E3C70726F7065727479206E616D653D225461626C65566965774D6F64653A31222076616C75653D22322C302C3238342C302C323532302220766172747970653D2238222F3E3C70726F7065727479206E616D653D225461626C65566965774D6F64653A32222076616C75653D22322C302C3238342C302C323634302220766172747970653D2238222F3E3C70726F7065727479206E616D653D225461626C65566965774D6F64653A33222076616C75653D22322C302C3238342C302C323634302220766172747970653D2238222F3E3C70726F7065727479206E616D653D225461626C65566965774D6F64653A34222076616C75653D22342C302C3238342C302C323634302C31322C333132302C31312C313932302220766172747970653D2238222F3E3C2F646473786D6C6F626A3E3C2F6C61796F75746F626A6563743E3C73686170652067726F7570736861706569643D2230222067726F75706E6F64653D2230222F3E3C2F646473636F6E74726F6C3E3C646473636F6E74726F6C2073656D616E746963636F6F6B69653D22303130303030303030313030303030303634303036323030366630303030303035323030356630303333303033393030303030302220636F6E74726F6C70726F6769643D224D534444532E506F6C796C696E652E3038302E312220746F6F6C7469703D22E2809C7379735F726F6C65E2809DE4B88EE2809C7379735F6F7267616E697A65526F6C654D6170E2809DE4B98BE997B4E79A84E585B3E7B3BBE2809C525F3339E2809D22206C6566743D2231343638372220746F703D2231373532343322206C6F676963616C69643D2239352220636F6E74726F6C69643D22393522206D617374657269643D2230222068696E74313D2230222068696E74323D2230222077696474683D22313137313322206865696768743D223735333722206E6F726573697A653D223022206E6F6D6F76653D223022206E6F64656661756C74617474616368706F696E74733D223122206175746F647261673D2230222075736564656661756C7469646473686170653D2230222073656C65637461626C653D2231222073686F7773656C656374696F6E68616E646C65733D22302220616C6C6F776E756467696E673D223122206973616E6E6F746174696F6E3D22302220646F6E746175746F6C61796F75743D2230222067726F7570636F6C6C61707365643D2230222074616273746F703D2231222076697369626C653D22312220736E6170746F677269643D2230223E3C636F6E74726F6C3E3C646473786D6C6F626A3E3C706F6C796C696E6520656E64747970656473743D22302220656E64747970657372633D2232222075736572636F6C6F723D22313537393033323022206C696E657374796C653D223022206C696E6572656E6465723D22302220637573746F6D656E647479706564737469643D22302220637573746F6D656E647479706573726369643D2230222061646F726E7376697369626C653D2231223E3C61646F726E6D656E742070657263656E74706F733D2235302220636F6E74726F6C69643D223936222077696474683D2237333722206865696768743D223331382220736964653D223022206265686176696F723D2233222068696D65747269633D223839333122206469737466726F6D6C696E653D22313735222073746172746F626A3D22302220783D2231363236322220793D22313832353735222076697369626C653D22302220616C6C6F776F7665726C61703D2231222075736570657263656E743D2231222F3E3C2F706F6C796C696E653E3C2F646473786D6C6F626A3E3C2F636F6E74726F6C3E3C6C61796F75746F626A6563743E3C646473786D6C6F626A2F3E3C2F6C61796F75746F626A6563743E3C636F6E6E6563746F7220736F7572636569643D22393422206465737469643D2238392220736F75726365617474616368706F696E743D22313231222064657374617474616368706F696E743D22393822207365676D656E74656469746D6F64653D2230222062656E64706F696E74656469746D6F64653D2230222062656E64706F696E747669736962696C6974793D2230222072656C6174656469643D223022207669727475616C3D2230223E3C706F696E7420783D2231343938372220793D22313735363530222F3E3C706F696E7420783D2231363830372220793D22313735363530222F3E3C706F696E7420783D2231363830372220793D22313832343030222F3E3C706F696E7420783D2232363130302220793D22313832343030222F3E3C2F636F6E6E6563746F723E3C2F646473636F6E74726F6C3E3C646473636F6E74726F6C2073656D616E746963636F6F6B69653D22303135386663323732303538666332372220636F6E74726F6C70726F6769643D224D534444532E546578742E3038302E3122206C6566743D2231363236322220746F703D2231383235373522206C6F676963616C69643D2239362220636F6E74726F6C69643D22393622206D617374657269643D223935222068696E74313D2230222068696E74323D2230222077696474683D2237333722206865696768743D2233313822206E6F726573697A653D223122206E6F6D6F76653D223022206E6F64656661756C74617474616368706F696E74733D223122206175746F647261673D2231222075736564656661756C7469646473686170653D2231222073656C65637461626C653D2231222073686F7773656C656374696F6E68616E646C65733D22312220616C6C6F776E756467696E673D223122206973616E6E6F746174696F6E3D22302220646F6E746175746F6C61796F75743D2231222067726F7570636F6C6C61707365643D2230222074616273746F703D2230222076697369626C653D22302220736E6170746F677269643D2230223E3C636F6E74726F6C3E3C646473786D6C6F626A65637473747265616D696E6974777261707065722062696E6172793D223030303230303030653130323030303033653031303030303033303030303030303030303035303030303830303830303030383030313030303030303135303030313836303030303930303139303566303130303034636263656363653530343030353230303566303033333030333930303030303030303030222F3E3C2F636F6E74726F6C3E3C6C61796F75746F626A6563743E3C646473786D6C6F626A2F3E3C2F6C61796F75746F626A6563743E3C73686170652067726F7570736861706569643D2230222067726F75706E6F64653D2230222F3E3C2F646473636F6E74726F6C3E3C646473636F6E74726F6C20636F6E74726F6C70726F6769643D227B36323341433037352D324337372D343837332D383833442D3933304234333634423442437D2220746F6F6C7469703D227379735F726F6C654D656E75427574746F6E4D617022206C6566743D22383730302220746F703D2231393431303022206C6F676963616C69643D2239372220636F6E74726F6C69643D22393722206D617374657269643D2230222068696E74313D2230222068696E74323D2230222077696474683D223632383722206865696768743D223334303822206E6F726573697A653D223022206E6F6D6F76653D223022206E6F64656661756C74617474616368706F696E74733D223022206175746F647261673D2230222075736564656661756C7469646473686170653D2230222073656C65637461626C653D2231222073686F7773656C656374696F6E68616E646C65733D22302220616C6C6F776E756467696E673D223122206973616E6E6F746174696F6E3D22302220646F6E746175746F6C61796F75743D2230222067726F7570636F6C6C61707365643D2230222074616273746F703D2231222076697369626C653D22312220736E6170746F677269643D2231223E3C636F6E74726F6C3E3C646473786D6C6F626A65637473747265616D696E6974777261707065722062696E6172793D223231343333343132303830303030303038663138303030303530306430303030373835363334313230373030303030303134303130303030373330303739303037333030356630303732303036663030366330303635303034643030363530303665303037353030343230303735303037343030373430303666303036653030346430303631303037303030303030306666663065616666666666306561666666666630656166666666663065616666666666306561666666666630656166666666663065616666666666306561666666666630656166666666663065616666666666306561666666666630656166666666663065616666666666306561666666666630656166666666663065616666666666306561666666666630656166666666663065616666666666306561666666666630656166666666663065616666666666306561666666666630656166666666663065616666666666306561666666666630656166666666663065616666666666306561666666666630656166666666663065616666666666306561666666666630656166666666663065616666666666306561666666666630656166666666663065616666666666306561666666666630656166666666663065616666666666306561666666666630656166666666663065616666666666306561666666666630656166666666663065616666666666306561666666666630656166666666663030303030303030303030303030303030303030303031303030303030303530303030303035343030303030303263303030303030326330303030303032633030303030303334303030303030303030303030303030303030303030303338326530303030633131343030303030303030303030303264303130303030303730303030303030633030303030303037303030303030316330313030303035303061303030303730303830303030363030303030303037383030303030303534303030303030613030353030303062343030303030303663303030303030623430303030303065343030303030303963303030303030303030303030303030313030303030303866313830303030353030643030303030303030303030303034303030303030303430303030303030323030303030303032303030303030316330313030303064383039303030303030303030303030303130303030303034303135303030306433306230303030303030303030303030343030303030303034303030303030303230303030303030323030303030303163303130303030353030613030303030313030303030303030303030303030343031353030303065353032303030303030303030303030303030303030303030303030303030303032303030303030303230303030303031633031303030303530306130303030303030303030303030303030303030303234333830303030323632323030303030303030303030303030303030303030306430303030303030343030303030303034303030303030316330313030303035303061303030303330306330303030383030373030303037383536333431323034303030303030373430303030303030313030303030303031303030303030306230303030303030303030303030303031303030303030303230303030303030333030303030303034303030303030303530303030303030363030303030303037303030303030303830303030303030393030303030303061303030303030303430303030303036343030363230303666303030303030313630303030303037333030373930303733303035663030373230303666303036633030363530303464303036353030366530303735303034323030373530303734303037343030366630303665303034643030363130303730303030303030222F3E3C2F636F6E74726F6C3E3C6C61796F75746F626A6563743E3C646473786D6C6F626A3E3C70726F7065727479206E616D653D224163746976655461626C65566965774D6F6465222076616C75653D22312220766172747970653D2238222F3E3C70726F7065727479206E616D653D225461626C65566965774D6F64653A30222076616C75653D22342C302C3238342C302C323634302C312C323136302C352C313434302220766172747970653D2238222F3E3C70726F7065727479206E616D653D225461626C65566965774D6F64653A31222076616C75653D22322C302C3238342C302C323532302220766172747970653D2238222F3E3C70726F7065727479206E616D653D225461626C65566965774D6F64653A32222076616C75653D22322C302C3238342C302C323634302220766172747970653D2238222F3E3C70726F7065727479206E616D653D225461626C65566965774D6F64653A33222076616C75653D22322C302C3238342C302C323634302220766172747970653D2238222F3E3C70726F7065727479206E616D653D225461626C65566965774D6F64653A34222076616C75653D22342C302C3238342C302C323634302C31322C333132302C31312C313932302220766172747970653D2238222F3E3C2F646473786D6C6F626A3E3C2F6C61796F75746F626A6563743E3C73686170652067726F7570736861706569643D2230222067726F75706E6F64653D2230222F3E3C2F646473636F6E74726F6C3E3C646473636F6E74726F6C2073656D616E746963636F6F6B69653D223031346666393737303130303030303036343030363230303666303030303030343630303462303035663030356630303733303037393030373330303566303037323030366630303663303036353030346430303566303035663030346430303635303036653030373530303433303035663030356630303332303033383030343530303434303033313030333230303434303033313030303030302220636F6E74726F6C70726F6769643D224D534444532E506F6C796C696E652E3038302E312220746F6F6C7469703D22E2809C7379735F6D656E75E2809DE4B88EE2809C7379735F726F6C654D656E75427574746F6E4D6170E2809DE4B98BE997B4E79A84E585B3E7B3BBE2809C464B5F5F7379735F726F6C654D5F5F4D656E75435F5F3238454431324431E2809D22206C6566743D2231343638372220746F703D2231383532393322206C6F676963616C69643D2239382220636F6E74726F6C69643D22393822206D617374657269643D2230222068696E74313D2230222068696E74323D2230222077696474683D22323931313322206865696768743D22313038333722206E6F726573697A653D223022206E6F6D6F76653D223022206E6F64656661756C74617474616368706F696E74733D223122206175746F647261673D2230222075736564656661756C7469646473686170653D2230222073656C65637461626C653D2231222073686F7773656C656374696F6E68616E646C65733D22302220616C6C6F776E756467696E673D223122206973616E6E6F746174696F6E3D22302220646F6E746175746F6C61796F75743D2230222067726F7570636F6C6C61707365643D2230222074616273746F703D2231222076697369626C653D22312220736E6170746F677269643D2230223E3C636F6E74726F6C3E3C646473786D6C6F626A3E3C706F6C796C696E6520656E64747970656473743D22302220656E64747970657372633D2232222075736572636F6C6F723D22313537393033323022206C696E657374796C653D223022206C696E6572656E6465723D22302220637573746F6D656E647479706564737469643D22302220637573746F6D656E647479706573726369643D2230222061646F726E7376697369626C653D2231223E3C61646F726E6D656E742070657263656E74706F733D2234392E393937303532343038313832352220636F6E74726F6C69643D223939222077696474683D223535333722206865696768743D223331382220736964653D223022206265686176696F723D2233222068696D65747269633D22313932383022206469737466726F6D6C696E653D22313735222073746172746F626A3D22302220783D2233303137312220793D22313935323537222076697369626C653D22302220616C6C6F776F7665726C61703D2231222075736570657263656E743D2231222F3E3C2F706F6C796C696E653E3C2F646473786D6C6F626A3E3C2F636F6E74726F6C3E3C6C61796F75746F626A6563743E3C646473786D6C6F626A2F3E3C2F6C61796F75746F626A6563743E3C636F6E6E6563746F7220736F7572636569643D22373722206465737469643D2239372220736F75726365617474616368706F696E743D22313434222064657374617474616368706F696E743D2231303322207365676D656E74656469746D6F64653D2230222062656E64706F696E74656469746D6F64653D2230222062656E64706F696E747669736962696C6974793D2230222072656C6174656469643D223022207669727475616C3D2230223E3C706F696E7420783D2234333530302220793D22313835373030222F3E3C706F696E7420783D2234313836302220793D22313835373030222F3E3C706F696E7420783D2234313836302220793D22313935373530222F3E3C706F696E7420783D2231343938372220793D22313935373530222F3E3C2F636F6E6E6563746F723E3C2F646473636F6E74726F6C3E3C646473636F6E74726F6C2073656D616E746963636F6F6B69653D22303135366663323765303536666332372220636F6E74726F6C70726F6769643D224D534444532E546578742E3038302E3122206C6566743D2233303137312220746F703D2231393532353722206C6F676963616C69643D2239392220636F6E74726F6C69643D22393922206D617374657269643D223938222068696E74313D2230222068696E74323D2230222077696474683D223535333722206865696768743D2233313822206E6F726573697A653D223122206E6F6D6F76653D223022206E6F64656661756C74617474616368706F696E74733D223122206175746F647261673D2231222075736564656661756C7469646473686170653D2231222073656C65637461626C653D2231222073686F7773656C656374696F6E68616E646C65733D22312220616C6C6F776E756467696E673D223122206973616E6E6F746174696F6E3D22302220646F6E746175746F6C61796F75743D2231222067726F7570636F6C6C61707365643D2230222074616273746F703D2230222076697369626C653D22302220736E6170746F677269643D2230223E3C636F6E74726F6C3E3C646473786D6C6F626A65637473747265616D696E6974777261707065722062696E6172793D2230303032303030306131313530303030336530313030303030333030303030303030303030353030303038303038303030303830303130303030303031353030303138363030303039303031393035663031303030346362636563636535316530303436303034623030356630303566303037333030373930303733303035663030373230303666303036633030363530303464303035663030356630303464303036353030366530303735303034333030356630303566303033323030333830303435303034343030333130303332303034343030333130303030303030303030222F3E3C2F636F6E74726F6C3E3C6C61796F75746F626A6563743E3C646473786D6C6F626A2F3E3C2F6C61796F75746F626A6563743E3C73686170652067726F7570736861706569643D2230222067726F75706E6F64653D2230222F3E3C2F646473636F6E74726F6C3E3C646473636F6E74726F6C2073656D616E746963636F6F6B69653D223031346666393737303130303030303036343030363230303666303030303030343630303462303035663030356630303733303037393030373330303566303037323030366630303663303036353030346430303566303035663030353230303666303036633030363530303433303035663030356630303332303033393030343530303331303033333030333730303330303034313030303030302220636F6E74726F6C70726F6769643D224D534444532E506F6C796C696E652E3038302E312220746F6F6C7469703D22E2809C7379735F726F6C65E2809DE4B88EE2809C7379735F726F6C654D656E75427574746F6E4D6170E2809DE4B98BE997B4E79A84E585B3E7B3BBE2809C464B5F5F7379735F726F6C654D5F5F526F6C65435F5F3239453133373041E2809D22206C6566743D2231313134332220746F703D2231373736343922206C6F676963616C69643D223130302220636F6E74726F6C69643D2231303022206D617374657269643D2230222068696E74313D2230222068696E74323D2230222077696474683D223130383722206865696768743D22313731353122206E6F726573697A653D223022206E6F6D6F76653D223022206E6F64656661756C74617474616368706F696E74733D223122206175746F647261673D2230222075736564656661756C7469646473686170653D2230222073656C65637461626C653D2231222073686F7773656C656374696F6E68616E646C65733D22302220616C6C6F776E756467696E673D223122206973616E6E6F746174696F6E3D22302220646F6E746175746F6C61796F75743D2230222067726F7570636F6C6C61707365643D2230222074616273746F703D2231222076697369626C653D22312220736E6170746F677269643D2230223E3C636F6E74726F6C3E3C646473786D6C6F626A3E3C706F6C796C696E6520656E64747970656473743D22302220656E64747970657372633D2232222075736572636F6C6F723D22313537393033323022206C696E657374796C653D223022206C696E6572656E6465723D22302220637573746F6D656E647479706564737469643D22302220637573746F6D656E647479706573726369643D2230222061646F726E7376697369626C653D2231223E3C61646F726E6D656E742070657263656E74706F733D2235362E3933373234383132383935382220636F6E74726F6C69643D22313031222077696474683D223535333722206865696768743D223331382220736964653D223022206265686176696F723D2233222068696D65747269633D223931343122206469737466726F6D6C696E653D22313735222073746172746F626A3D22302220783D22363133382220793D22313837323732222076697369626C653D22302220616C6C6F776F7665726C61703D2231222075736570657263656E743D2231222F3E3C2F706F6C796C696E653E3C2F646473786D6C6F626A3E3C2F636F6E74726F6C3E3C6C61796F75746F626A6563743E3C646473786D6C6F626A2F3E3C2F6C61796F75746F626A6563743E3C636F6E6E6563746F7220736F7572636569643D22393422206465737469643D2239372220736F75726365617474616368706F696E743D223337222064657374617474616368706F696E743D22343022207365676D656E74656469746D6F64653D2230222062656E64706F696E74656469746D6F64653D2230222062656E64706F696E747669736962696C6974793D2230222072656C6174656469643D223022207669727475616C3D2230223E3C706F696E7420783D2231313535302220793D22313738333434222F3E3C706F696E7420783D2231313535302220793D22313835363834222F3E3C706F696E7420783D2231313835302220793D22313835363834222F3E3C706F696E7420783D2231313835302220793D22313934313030222F3E3C2F636F6E6E6563746F723E3C2F646473636F6E74726F6C3E3C646473636F6E74726F6C2073656D616E746963636F6F6B69653D22303135356663323736303535666332372220636F6E74726F6C70726F6769643D224D534444532E546578742E3038302E3122206C6566743D22363133382220746F703D2231383732373222206C6F676963616C69643D223130312220636F6E74726F6C69643D2231303122206D617374657269643D22313030222068696E74313D2230222068696E74323D2230222077696474683D223535333722206865696768743D2233313822206E6F726573697A653D223122206E6F6D6F76653D223022206E6F64656661756C74617474616368706F696E74733D223122206175746F647261673D2231222075736564656661756C7469646473686170653D2231222073656C65637461626C653D2231222073686F7773656C656374696F6E68616E646C65733D22312220616C6C6F776E756467696E673D223122206973616E6E6F746174696F6E3D22302220646F6E746175746F6C61796F75743D2231222067726F7570636F6C6C61707365643D2230222074616273746F703D2230222076697369626C653D22302220736E6170746F677269643D2230223E3C636F6E74726F6C3E3C646473786D6C6F626A65637473747265616D696E6974777261707065722062696E6172793D2230303032303030306131313530303030336530313030303030333030303030303030303030353030303038303038303030303830303130303030303031353030303138363030303039303031393035663031303030346362636563636535316530303436303034623030356630303566303037333030373930303733303035663030373230303666303036633030363530303464303035663030356630303532303036663030366330303635303034333030356630303566303033323030333930303435303033313030333330303337303033303030343130303030303030303030222F3E3C2F636F6E74726F6C3E3C6C61796F75746F626A6563743E3C646473786D6C6F626A2F3E3C2F6C61796F75746F626A6563743E3C73686170652067726F7570736861706569643D2230222067726F75706E6F64653D2230222F3E3C2F646473636F6E74726F6C3E3C646473636F6E74726F6C2073656D616E746963636F6F6B69653D223031346666393737303130303030303036343030363230303666303030303030343630303462303035663030356630303733303037393030373330303566303037323030366630303663303036353030346430303566303035663030343230303735303037343030373430303666303035663030356630303332303033373030343630303338303034353030343530303339303033383030303030302220636F6E74726F6C70726F6769643D224D534444532E506F6C796C696E652E3038302E312220746F6F6C7469703D22E2809C7379735F627574746F6EE2809DE4B88EE2809C7379735F726F6C654D656E75427574746F6E4D6170E2809DE4B98BE997B4E79A84E585B3E7B3BBE2809C464B5F5F7379735F726F6C654D5F5F427574746F5F5F3237463845453938E2809D22206C6566743D22353938372220746F703D2231393533343322206C6F676963616C69643D223130322220636F6E74726F6C69643D2231303222206D617374657269643D2230222068696E74313D2230222068696E74323D2230222077696474683D223330313322206865696768743D2238313522206E6F726573697A653D223022206E6F6D6F76653D223022206E6F64656661756C74617474616368706F696E74733D223122206175746F647261673D2230222075736564656661756C7469646473686170653D2230222073656C65637461626C653D2231222073686F7773656C656374696F6E68616E646C65733D22302220616C6C6F776E756467696E673D223122206973616E6E6F746174696F6E3D22302220646F6E746175746F6C61796F75743D2230222067726F7570636F6C6C61707365643D2230222074616273746F703D2231222076697369626C653D22312220736E6170746F677269643D2230223E3C636F6E74726F6C3E3C646473786D6C6F626A3E3C706F6C796C696E6520656E64747970656473743D22302220656E64747970657372633D2232222075736572636F6C6F723D22313537393033323022206C696E657374796C653D223022206C696E6572656E6465723D22302220637573746F6D656E647479706564737469643D22302220637573746F6D656E647479706573726369643D2230222061646F726E7376697369626C653D2231223E3C61646F726E6D656E742070657263656E74706F733D2235342E343034393130373635303333352220636F6E74726F6C69643D22313033222077696474683D223535333722206865696768743D223331382220736964653D223022206265686176696F723D2233222068696D65747269633D223133313222206469737466726F6D6C696E653D22313735222073746172746F626A3D22302220783D22343538382220793D22313935393235222076697369626C653D22302220616C6C6F776F7665726C61703D2231222075736570657263656E743D2231222F3E3C2F706F6C796C696E653E3C2F646473786D6C6F626A3E3C2F636F6E74726F6C3E3C6C61796F75746F626A6563743E3C646473786D6C6F626A2F3E3C2F6C61796F75746F626A6563743E3C636F6E6E6563746F7220736F7572636569643D22363922206465737469643D2239372220736F75726365617474616368706F696E743D22313233222064657374617474616368706F696E743D2231303222207365676D656E74656469746D6F64653D2230222062656E64706F696E74656469746D6F64653D2230222062656E64706F696E747669736962696C6974793D2230222072656C6174656469643D223022207669727475616C3D2230223E3C706F696E7420783D22363238372220793D22313935373530222F3E3C706F696E7420783D22383730302220793D22313935373530222F3E3C2F636F6E6E6563746F723E3C2F646473636F6E74726F6C3E3C646473636F6E74726F6C2073656D616E746963636F6F6B69653D22303136326663323732303632666332372220636F6E74726F6C70726F6769643D224D534444532E546578742E3038302E3122206C6566743D22343538382220746F703D2231393539323522206C6F676963616C69643D223130332220636F6E74726F6C69643D2231303322206D617374657269643D22313032222068696E74313D2230222068696E74323D2230222077696474683D223535333722206865696768743D2233313822206E6F726573697A653D223122206E6F6D6F76653D223022206E6F64656661756C74617474616368706F696E74733D223122206175746F647261673D2231222075736564656661756C7469646473686170653D2231222073656C65637461626C653D2231222073686F7773656C656374696F6E68616E646C65733D22312220616C6C6F776E756467696E673D223122206973616E6E6F746174696F6E3D22302220646F6E746175746F6C61796F75743D2231222067726F7570636F6C6C61707365643D2230222074616273746F703D2230222076697369626C653D22302220736E6170746F677269643D2230223E3C636F6E74726F6C3E3C646473786D6C6F626A65637473747265616D696E6974777261707065722062696E6172793D2230303032303030306131313530303030336530313030303030333030303030303030303030353030303038303038303030303830303130303030303031353030303138363030303039303031393035663031303030346362636563636535316530303436303034623030356630303566303037333030373930303733303035663030373230303666303036633030363530303464303035663030356630303432303037353030373430303734303036663030356630303566303033323030333730303436303033383030343530303435303033393030333830303030303030303030222F3E3C2F636F6E74726F6C3E3C6C61796F75746F626A6563743E3C646473786D6C6F626A2F3E3C2F6C61796F75746F626A6563743E3C73686170652067726F7570736861706569643D2230222067726F75706E6F64653D2230222F3E3C2F646473636F6E74726F6C3E3C646473636F6E74726F6C20636F6E74726F6C70726F6769643D227B36323341433037352D324337372D343837332D383833442D3933304234333634423442437D2220746F6F6C7469703D227379735F726F6C654D656E75436F6C756D6E4D617022206C6566743D2231373430302220746F703D2231383633303022206C6F676963616C69643D223130342220636F6E74726F6C69643D2231303422206D617374657269643D2230222068696E74313D2230222068696E74323D2230222077696474683D223632383722206865696768743D223339373922206E6F726573697A653D223022206E6F6D6F76653D223022206E6F64656661756C74617474616368706F696E74733D223022206175746F647261673D2230222075736564656661756C7469646473686170653D2230222073656C65637461626C653D2231222073686F7773656C656374696F6E68616E646C65733D22302220616C6C6F776E756467696E673D223122206973616E6E6F746174696F6E3D22302220646F6E746175746F6C61796F75743D2230222067726F7570636F6C6C61707365643D2230222074616273746F703D2231222076697369626C653D22312220736E6170746F677269643D2231223E3C636F6E74726F6C3E3C646473786D6C6F626A65637473747265616D696E6974777261707065722062696E6172793D223231343333343132303830303030303038663138303030303862306630303030373835363334313230373030303030303134303130303030373330303739303037333030356630303732303036663030366330303635303034643030363530303665303037353030343330303666303036633030373530303664303036653030346430303631303037303030303030306666663065616666666666306561666666666630656166666666663065616666666666306561666666666630656166666666663065616666666666306561666666666630656166666666663065616666666666306561666666666630656166666666663065616666666666306561666666666630656166666666663065616666666666306561666666666630656166666666663065616666666666306561666666666630656166666666663065616666666666306561666666666630656166666666663065616666666666306561666666666630656166666666663065616666666666306561666666666630656166666666663065616666666666306561666666666630656166663030303030303030666566346632666666656634663266666665663466326666666566346632666666656634663266666665663466326666666566346632666666656634663266666665663466326666666566346632666666646633663166666664663266306666653263386332666661386138613866666138613830303030303030303030303030303030303030303031303030303030303530303030303035343030303030303263303030303030326330303030303032633030303030303334303030303030303030303030303030303030303030303338326530303030633131343030303030303030303030303264303130303030303730303030303030633030303030303037303030303030316330313030303035303061303030303730303830303030363030303030303037383030303030303534303030303030613030353030303062343030303030303663303030303030623430303030303065343030303030303963303030303030303030303030303030313030303030303866313830303030386230663030303030303030303030303035303030303030303530303030303030323030303030303032303030303030316330313030303064383039303030303030303030303030303130303030303034303135303030303937303930303030303030303030303030333030303030303033303030303030303230303030303030323030303030303163303130303030353030613030303030313030303030303030303030303030343031353030303065353032303030303030303030303030303030303030303030303030303030303032303030303030303230303030303031633031303030303530306130303030303030303030303030303030303030303234333830303030323632323030303030303030303030303030303030303030306430303030303030343030303030303034303030303030316330313030303035303061303030303330306330303030383030373030303037383536333431323034303030303030373430303030303030313030303030303031303030303030306230303030303030303030303030303031303030303030303230303030303030333030303030303034303030303030303530303030303030363030303030303037303030303030303830303030303030393030303030303061303030303030303430303030303036343030363230303666303030303030313630303030303037333030373930303733303035663030373230303666303036633030363530303464303036353030366530303735303034333030366630303663303037353030366430303665303034643030363130303730303030303030222F3E3C2F636F6E74726F6C3E3C6C61796F75746F626A6563743E3C646473786D6C6F626A3E3C70726F7065727479206E616D653D224163746976655461626C65566965774D6F6465222076616C75653D22312220766172747970653D2238222F3E3C70726F7065727479206E616D653D225461626C65566965774D6F64653A30222076616C75653D22342C302C3238342C302C323634302C312C323136302C352C313434302220766172747970653D2238222F3E3C70726F7065727479206E616D653D225461626C65566965774D6F64653A31222076616C75653D22322C302C3238342C302C323532302220766172747970653D2238222F3E3C70726F7065727479206E616D653D225461626C65566965774D6F64653A32222076616C75653D22322C302C3238342C302C323634302220766172747970653D2238222F3E3C70726F7065727479206E616D653D225461626C65566965774D6F64653A33222076616C75653D22322C302C3238342C302C323634302220766172747970653D2238222F3E3C70726F7065727479206E616D653D225461626C65566965774D6F64653A34222076616C75653D22342C302C3238342C302C323634302C31322C333132302C31312C313932302220766172747970653D2238222F3E3C2F646473786D6C6F626A3E3C2F6C61796F75746F626A6563743E3C73686170652067726F7570736861706569643D2230222067726F75706E6F64653D2230222F3E3C2F646473636F6E74726F6C3E3C646473636F6E74726F6C2073656D616E746963636F6F6B69653D223031346666393737303130303030303036343030363230303666303030303030343630303462303035663030356630303733303037393030373330303566303037323030366630303663303036353030343330303566303035663030346430303635303036653030373530303433303035663030356630303333303033363030333430303337303033303030343430303435303034363030303030302220636F6E74726F6C70726F6769643D224D534444532E506F6C796C696E652E3038302E312220746F6F6C7469703D22E2809C7379735F6D656E75E2809DE4B88EE2809C7379735F726F6C654D656E75436F6C756D6E4D6170E2809DE4B98BE997B4E79A84E585B3E7B3BBE2809C464B5F5F7379735F726F6C65435F5F4D656E75435F5F3336343730444546E2809D22206C6566743D2232333338372220746F703D2231383438343322206C6F676963616C69643D223130352220636F6E74726F6C69643D2231303522206D617374657269643D2230222068696E74313D2230222068696E74323D2230222077696474683D22323034313322206865696768743D223337383722206E6F726573697A653D223022206E6F6D6F76653D223022206E6F64656661756C74617474616368706F696E74733D223122206175746F647261673D2230222075736564656661756C7469646473686170653D2230222073656C65637461626C653D2231222073686F7773656C656374696F6E68616E646C65733D22302220616C6C6F776E756467696E673D223122206973616E6E6F746174696F6E3D22302220646F6E746175746F6C61796F75743D2230222067726F7570636F6C6C61707365643D2230222074616273746F703D2231222076697369626C653D22312220736E6170746F677269643D2230223E3C636F6E74726F6C3E3C646473786D6C6F626A3E3C706F6C796C696E6520656E64747970656473743D22302220656E64747970657372633D2232222075736572636F6C6F723D22313537393033323022206C696E657374796C653D223022206C696E6572656E6465723D22302220637573746F6D656E647479706564737469643D22302220637573746F6D656E647479706573726369643D2230222061646F726E7376697369626C653D2231223E3C61646F726E6D656E742070657263656E74706F733D2234392E393937363230353230363330312220636F6E74726F6C69643D22313036222077696474683D223535333722206865696768743D223331382220736964653D223022206265686176696F723D2233222068696D65747269633D22313134303522206469737466726F6D6C696E653D22313735222073746172746F626A3D22302220783D2233313437332220793D22313837373537222076697369626C653D22302220616C6C6F776F7665726C61703D2231222075736570657263656E743D2231222F3E3C2F706F6C796C696E653E3C2F646473786D6C6F626A3E3C2F636F6E74726F6C3E3C6C61796F75746F626A6563743E3C646473786D6C6F626A2F3E3C2F6C61796F75746F626A6563743E3C636F6E6E6563746F7220736F7572636569643D22373722206465737469643D223130342220736F75726365617474616368706F696E743D22313338222064657374617474616368706F696E743D2231303722207365676D656E74656469746D6F64653D2230222062656E64706F696E74656469746D6F64653D2230222062656E64706F696E747669736962696C6974793D2230222072656C6174656469643D223022207669727475616C3D2230223E3C706F696E7420783D2234333530302220793D22313835323530222F3E3C706F696E7420783D2234313638302220793D22313835323530222F3E3C706F696E7420783D2234313638302220793D22313838323530222F3E3C706F696E7420783D2232333638372220793D22313838323530222F3E3C2F636F6E6E6563746F723E3C2F646473636F6E74726F6C3E3C646473636F6E74726F6C2073656D616E746963636F6F6B69653D22303136306663323761303630666332372220636F6E74726F6C70726F6769643D224D534444532E546578742E3038302E3122206C6566743D2233313437332220746F703D2231383737353722206C6F676963616C69643D223130362220636F6E74726F6C69643D2231303622206D617374657269643D22313035222068696E74313D2230222068696E74323D2230222077696474683D223535333722206865696768743D2233313822206E6F726573697A653D223122206E6F6D6F76653D223022206E6F64656661756C74617474616368706F696E74733D223122206175746F647261673D2231222075736564656661756C7469646473686170653D2231222073656C65637461626C653D2231222073686F7773656C656374696F6E68616E646C65733D22312220616C6C6F776E756467696E673D223122206973616E6E6F746174696F6E3D22302220646F6E746175746F6C61796F75743D2231222067726F7570636F6C6C61707365643D2230222074616273746F703D2230222076697369626C653D22302220736E6170746F677269643D2230223E3C636F6E74726F6C3E3C646473786D6C6F626A65637473747265616D696E6974777261707065722062696E6172793D2230303032303030306131313530303030336530313030303030333030303030303030303030353030303038303038303030303830303130303030303031353030303138363030303039303031393035663031303030346362636563636535316530303436303034623030356630303566303037333030373930303733303035663030373230303666303036633030363530303433303035663030356630303464303036353030366530303735303034333030356630303566303033333030333630303334303033373030333030303434303034353030343630303030303030303030222F3E3C2F636F6E74726F6C3E3C6C61796F75746F626A6563743E3C646473786D6C6F626A2F3E3C2F6C61796F75746F626A6563743E3C73686170652067726F7570736861706569643D2230222067726F75706E6F64653D2230222F3E3C2F646473636F6E74726F6C3E3C646473636F6E74726F6C2073656D616E746963636F6F6B69653D223031346666393737303130303030303036343030363230303666303030303030343630303462303035663030356630303733303037393030373330303566303037323030366630303663303036353030343330303566303035663030353230303666303036633030363530303433303035663030356630303333303033353030333530303332303034353030333930303432303033363030303030302220636F6E74726F6C70726F6769643D224D534444532E506F6C796C696E652E3038302E312220746F6F6C7469703D22E2809C7379735F726F6C65E2809DE4B88EE2809C7379735F726F6C654D656E75436F6C756D6E4D6170E2809DE4B98BE997B4E79A84E585B3E7B3BBE2809C464B5F5F7379735F726F6C65435F5F526F6C65435F5F3335353245394236E2809D22206C6566743D2231313539332220746F703D2231373736343922206C6F676963616C69643D223130372220636F6E74726F6C69643D2231303722206D617374657269643D2230222068696E74313D2230222068696E74323D2230222077696474683D223933333722206865696768743D223933353122206E6F726573697A653D223022206E6F6D6F76653D223022206E6F64656661756C74617474616368706F696E74733D223122206175746F647261673D2230222075736564656661756C7469646473686170653D2230222073656C65637461626C653D2231222073686F7773656C656374696F6E68616E646C65733D22302220616C6C6F776E756467696E673D223122206973616E6E6F746174696F6E3D22302220646F6E746175746F6C61796F75743D2230222067726F7570636F6C6C61707365643D2230222074616273746F703D2231222076697369626C653D22312220736E6170746F677269643D2230223E3C636F6E74726F6C3E3C646473786D6C6F626A3E3C706F6C796C696E6520656E64747970656473743D22302220656E64747970657372633D2232222075736572636F6C6F723D22313537393033323022206C696E657374796C653D223022206C696E6572656E6465723D22302220637573746F6D656E647479706564737469643D22302220637573746F6D656E647479706573726369643D2230222061646F726E7376697369626C653D2231223E3C61646F726E6D656E742070657263656E74706F733D2235362E3933373234383132383935382220636F6E74726F6C69643D22313038222077696474683D223535333722206865696768743D223331382220736964653D223022206265686176696F723D2233222068696D65747269633D223933393822206469737466726F6D6C696E653D22313735222073746172746F626A3D22302220783D22383532362220793D22313835363739222076697369626C653D22302220616C6C6F776F7665726C61703D2231222075736570657263656E743D2231222F3E3C2F706F6C796C696E653E3C2F646473786D6C6F626A3E3C2F636F6E74726F6C3E3C6C61796F75746F626A6563743E3C646473786D6C6F626A2F3E3C2F6C61796F75746F626A6563743E3C636F6E6E6563746F7220736F7572636569643D22393422206465737469643D223130342220736F75726365617474616368706F696E743D223433222064657374617474616368706F696E743D22343022207365676D656E74656469746D6F64653D2230222062656E64706F696E74656469746D6F64653D2230222062656E64706F696E747669736962696C6974793D2230222072656C6174656469643D223022207669727475616C3D2230223E3C706F696E7420783D2231323030302220793D22313738333434222F3E3C706F696E7420783D2231323030302220793D22313835353034222F3E3C706F696E7420783D2232303535302220793D22313835353034222F3E3C706F696E7420783D2232303535302220793D22313836333030222F3E3C2F636F6E6E6563746F723E3C2F646473636F6E74726F6C3E3C646473636F6E74726F6C2073656D616E746963636F6F6B69653D22303136306663323732303630666332372220636F6E74726F6C70726F6769643D224D534444532E546578742E3038302E3122206C6566743D22383532362220746F703D2231383536373922206C6F676963616C69643D223130382220636F6E74726F6C69643D2231303822206D617374657269643D22313037222068696E74313D2230222068696E74323D2230222077696474683D223535333722206865696768743D2233313822206E6F726573697A653D223122206E6F6D6F76653D223022206E6F64656661756C74617474616368706F696E74733D223122206175746F647261673D2231222075736564656661756C7469646473686170653D2231222073656C65637461626C653D2231222073686F7773656C656374696F6E68616E646C65733D22312220616C6C6F776E756467696E673D223122206973616E6E6F746174696F6E3D22302220646F6E746175746F6C61796F75743D2231222067726F7570636F6C6C61707365643D2230222074616273746F703D2230222076697369626C653D22302220736E6170746F677269643D2230223E3C636F6E74726F6C3E3C646473786D6C6F626A65637473747265616D696E6974777261707065722062696E6172793D2230303032303030306131313530303030336530313030303030333030303030303030303030353030303038303038303030303830303130303030303031353030303138363030303039303031393035663031303030346362636563636535316530303436303034623030356630303566303037333030373930303733303035663030373230303666303036633030363530303433303035663030356630303532303036663030366330303635303034333030356630303566303033333030333530303335303033323030343530303339303034323030333630303030303030303030222F3E3C2F636F6E74726F6C3E3C6C61796F75746F626A6563743E3C646473786D6C6F626A2F3E3C2F6C61796F75746F626A6563743E3C73686170652067726F7570736861706569643D2230222067726F75706E6F64653D2230222F3E3C2F646473636F6E74726F6C3E3C646473636F6E74726F6C20636F6E74726F6C70726F6769643D227B36323341433037352D324337372D343837332D383833442D3933304234333634423442437D2220746F6F6C7469703D227379735F726F6C654D656E754D617022206C6566743D22383730302220746F703D2231363734303022206C6F676963616C69643D223130392220636F6E74726F6C69643D2231303922206D617374657269643D2230222068696E74313D2230222068696E74323D2230222077696474683D223632383722206865696768743D223238333622206E6F726573697A653D223022206E6F6D6F76653D223022206E6F64656661756C74617474616368706F696E74733D223022206175746F647261673D2230222075736564656661756C7469646473686170653D2230222073656C65637461626C653D2231222073686F7773656C656374696F6E68616E646C65733D22302220616C6C6F776E756467696E673D223122206973616E6E6F746174696F6E3D22302220646F6E746175746F6C61796F75743D2230222067726F7570636F6C6C61707365643D2230222074616273746F703D2231222076697369626C653D22312220736E6170746F677269643D2231223E3C636F6E74726F6C3E3C646473786D6C6F626A65637473747265616D696E6974777261707065722062696E6172793D223231343333343132303830303030303038663138303030303134306230303030373835363334313230373030303030303134303130303030373330303739303037333030356630303732303036663030366330303635303034643030363530303665303037353030346430303631303037303030303030306666663065616666666666306561666666666630656166666666663065616666666666306561666666666630656166666332656665396665336432383661666563323733316166656530656665396665336434663862666566656232366166656666663065616666666666306561666666666630656166663631393363616665383432383161666566656566616266656666663065616666666666306561666666666630656166666666663065616666666666306561666666666630656166663834623265396665383432383161666566656566616266656666663065616666666666306561666666666630656166666666663065616666666666306561666666666630656166666666663065616666666666306561666666666630656166666666663065616666666666306561666666666630656166666666663065616666666666306561666666666630656166666666663065616666666666306561666666666630656166666666663065616666666666306561666666666630656166666666663065616666666666306561666666666630656166666666663030303030303030303030303030303030303030303031303030303030303530303030303035343030303030303263303030303030326330303030303032633030303030303334303030303030303030303030303030303030303030303338326530303030633131343030303030303030303030303264303130303030303730303030303030633030303030303037303030303030316330313030303035303061303030303730303830303030363030303030303037383030303030303534303030303030613030353030303062343030303030303663303030303030623430303030303065343030303030303963303030303030303030303030303030313030303030303866313830303030313430623030303030303030303030303033303030303030303330303030303030323030303030303032303030303030316330313030303064383039303030303030303030303030303130303030303034303135303030303937303930303030303030303030303030333030303030303033303030303030303230303030303030323030303030303163303130303030353030613030303030313030303030303030303030303030343031353030303065353032303030303030303030303030303030303030303030303030303030303032303030303030303230303030303031633031303030303530306130303030303030303030303030303030303030303234333830303030323632323030303030303030303030303030303030303030306430303030303030343030303030303034303030303030316330313030303035303061303030303330306330303030383030373030303037383536333431323034303030303030363830303030303030313030303030303031303030303030306230303030303030303030303030303031303030303030303230303030303030333030303030303034303030303030303530303030303030363030303030303037303030303030303830303030303030393030303030303061303030303030303430303030303036343030363230303666303030303030313030303030303037333030373930303733303035663030373230303666303036633030363530303464303036353030366530303735303034643030363130303730303030303030222F3E3C2F636F6E74726F6C3E3C6C61796F75746F626A6563743E3C646473786D6C6F626A3E3C70726F7065727479206E616D653D224163746976655461626C65566965774D6F6465222076616C75653D22312220766172747970653D2238222F3E3C70726F7065727479206E616D653D225461626C65566965774D6F64653A30222076616C75653D22342C302C3238342C302C323634302C312C323136302C352C313434302220766172747970653D2238222F3E3C70726F7065727479206E616D653D225461626C65566965774D6F64653A31222076616C75653D22322C302C3238342C302C323532302220766172747970653D2238222F3E3C70726F7065727479206E616D653D225461626C65566965774D6F64653A32222076616C75653D22322C302C3238342C302C323634302220766172747970653D2238222F3E3C70726F7065727479206E616D653D225461626C65566965774D6F64653A33222076616C75653D22322C302C3238342C302C323634302220766172747970653D2238222F3E3C70726F7065727479206E616D653D225461626C65566965774D6F64653A34222076616C75653D22342C302C3238342C302C323634302C31322C333132302C31312C313932302220766172747970653D2238222F3E3C2F646473786D6C6F626A3E3C2F6C61796F75746F626A6563743E3C73686170652067726F7570736861706569643D2230222067726F75706E6F64653D2230222F3E3C2F646473636F6E74726F6C3E3C646473636F6E74726F6C2073656D616E746963636F6F6B69653D223031346666393737303130303030303036343030363230303666303030303030343630303462303035663030356630303533303037393030373330303532303036663030366330303635303034363030373530303566303035663030343630303735303036653030363330303734303035663030356630303330303034343030333730303431303033303030333230303338303033363030303030302220636F6E74726F6C70726F6769643D224D534444532E506F6C796C696E652E3038302E312220746F6F6C7469703D22E2809C7379735F6D656E75E2809DE4B88EE2809C7379735F726F6C654D656E754D6170E2809DE4B98BE997B4E79A84E585B3E7B3BBE2809C464B5F5F537973526F6C6546755F5F46756E63745F5F3044374130323836E2809D22206C6566743D2231343638372220746F703D2231363833373122206C6F676963616C69643D223131302220636F6E74726F6C69643D2231313022206D617374657269643D2230222068696E74313D2230222068696E74323D2230222077696474683D22323931313322206865696768743D22313638333722206E6F726573697A653D223022206E6F6D6F76653D223022206E6F64656661756C74617474616368706F696E74733D223122206175746F647261673D2230222075736564656661756C7469646473686170653D2230222073656C65637461626C653D2231222073686F7773656C656374696F6E68616E646C65733D22302220616C6C6F776E756467696E673D223122206973616E6E6F746174696F6E3D22302220646F6E746175746F6C61796F75743D2230222067726F7570636F6C6C61707365643D2230222074616273746F703D2231222076697369626C653D22312220736E6170746F677269643D2230223E3C636F6E74726F6C3E3C646473786D6C6F626A3E3C706F6C796C696E6520656E64747970656473743D22302220656E64747970657372633D2232222075736572636F6C6F723D22313537393033323022206C696E657374796C653D223022206C696E6572656E6465723D22302220637573746F6D656E647479706564737469643D22302220637573746F6D656E647479706573726369643D2230222061646F726E7376697369626C653D2231223E3C61646F726E6D656E742070657263656E74706F733D2234392E393938303238363234333734312220636F6E74726F6C69643D22313131222077696474683D223535333722206865696768743D223331382220736964653D223022206265686176696F723D2233222068696D65747269633D22323232383022206469737466726F6D6C696E653D22313735222073746172746F626A3D22302220783D2233373431362220793D22313638323537222076697369626C653D22302220616C6C6F776F7665726C61703D2231222075736570657263656E743D2231222F3E3C2F706F6C796C696E653E3C2F646473786D6C6F626A3E3C2F636F6E74726F6C3E3C6C61796F75746F626A6563743E3C646473786D6C6F626A2F3E3C2F6C61796F75746F626A6563743E3C636F6E6E6563746F7220736F7572636569643D22373722206465737469643D223130392220736F75726365617474616368706F696E743D22313332222064657374617474616368706F696E743D22393922207365676D656E74656469746D6F64653D2230222062656E64706F696E74656469746D6F64653D2230222062656E64706F696E747669736962696C6974793D2230222072656C6174656469643D223022207669727475616C3D2230223E3C706F696E7420783D2234333530302220793D22313834383030222F3E3C706F696E7420783D2234313638302220793D22313834383030222F3E3C706F696E7420783D2234313638302220793D22313638373530222F3E3C706F696E7420783D2231343938372220793D22313638373530222F3E3C2F636F6E6E6563746F723E3C2F646473636F6E74726F6C3E3C646473636F6E74726F6C2073656D616E746963636F6F6B69653D22303136336663323736303633666332372220636F6E74726F6C70726F6769643D224D534444532E546578742E3038302E3122206C6566743D2233373431362220746F703D2231363832353722206C6F676963616C69643D223131312220636F6E74726F6C69643D2231313122206D617374657269643D22313130222068696E74313D2230222068696E74323D2230222077696474683D223535333722206865696768743D2233313822206E6F726573697A653D223122206E6F6D6F76653D223022206E6F64656661756C74617474616368706F696E74733D223122206175746F647261673D2231222075736564656661756C7469646473686170653D2231222073656C65637461626C653D2231222073686F7773656C656374696F6E68616E646C65733D22312220616C6C6F776E756467696E673D223122206973616E6E6F746174696F6E3D22302220646F6E746175746F6C61796F75743D2231222067726F7570636F6C6C61707365643D2230222074616273746F703D2230222076697369626C653D22302220736E6170746F677269643D2230223E3C636F6E74726F6C3E3C646473786D6C6F626A65637473747265616D696E6974777261707065722062696E6172793D2230303032303030306131313530303030336530313030303030333030303030303030303030353030303038303038303030303830303130303030303031353030303138363030303039303031393035663031303030346362636563636535316530303436303034623030356630303566303035333030373930303733303035323030366630303663303036353030343630303735303035663030356630303436303037353030366530303633303037343030356630303566303033303030343430303337303034313030333030303332303033383030333630303030303030303030222F3E3C2F636F6E74726F6C3E3C6C61796F75746F626A6563743E3C646473786D6C6F626A2F3E3C2F6C61796F75746F626A6563743E3C73686170652067726F7570736861706569643D2230222067726F75706E6F64653D2230222F3E3C2F646473636F6E74726F6C3E3C646473636F6E74726F6C2073656D616E746963636F6F6B69653D223031346666393737303130303030303036343030363230303666303030303030343630303462303035663030356630303533303037393030373330303532303036663030366330303635303034363030373530303566303035663030353230303666303036633030363530303433303035663030356630303330303034333030333830303335303034343030343530303334303034343030303030302220636F6E74726F6C70726F6769643D224D534444532E506F6C796C696E652E3038302E312220746F6F6C7469703D22E2809C7379735F726F6C65E2809DE4B88EE2809C7379735F726F6C654D656E754D6170E2809DE4B98BE997B4E79A84E585B3E7B3BBE2809C464B5F5F537973526F6C6546755F5F526F6C65435F5F3043383544453444E2809D22206C6566743D2231313434332220746F703D2231363935333722206C6F676963616C69643D223131322220636F6E74726F6C69643D2231313222206D617374657269643D2230222068696E74313D2230222068696E74323D2230222077696474683D2238313522206865696768743D223338303922206E6F726573697A653D223022206E6F6D6F76653D223022206E6F64656661756C74617474616368706F696E74733D223122206175746F647261673D2230222075736564656661756C7469646473686170653D2230222073656C65637461626C653D2231222073686F7773656C656374696F6E68616E646C65733D22302220616C6C6F776E756467696E673D223122206973616E6E6F746174696F6E3D22302220646F6E746175746F6C61796F75743D2230222067726F7570636F6C6C61707365643D2230222074616273746F703D2231222076697369626C653D22312220736E6170746F677269643D2230223E3C636F6E74726F6C3E3C646473786D6C6F626A3E3C706F6C796C696E6520656E64747970656473743D22302220656E64747970657372633D2232222075736572636F6C6F723D22313537393033323022206C696E657374796C653D223022206C696E6572656E6465723D22302220637573746F6D656E647479706564737469643D22302220637573746F6D656E647479706573726369643D2230222061646F726E7376697369626C653D2231223E3C61646F726E6D656E742070657263656E74706F733D2235302220636F6E74726F6C69643D22313133222077696474683D223535333722206865696768743D223331382220736964653D223122206265686176696F723D2233222068696D65747269633D223132303722206469737466726F6D6C696E653D22313735222073746172746F626A3D22302220783D22363133382220793D22313731323834222076697369626C653D22302220616C6C6F776F7665726C61703D2231222075736570657263656E743D2231222F3E3C2F706F6C796C696E653E3C2F646473786D6C6F626A3E3C2F636F6E74726F6C3E3C6C61796F75746F626A6563743E3C646473786D6C6F626A2F3E3C2F6C61796F75746F626A6563743E3C636F6E6E6563746F7220736F7572636569643D22393422206465737469643D223130392220736F75726365617474616368706F696E743D223430222064657374617474616368706F696E743D22343122207365676D656E74656469746D6F64653D2230222062656E64706F696E74656469746D6F64653D2230222062656E64706F696E747669736962696C6974793D2230222072656C6174656469643D223022207669727475616C3D2230223E3C706F696E7420783D2231313835302220793D22313732363530222F3E3C706F696E7420783D2231313835302220793D22313730323336222F3E3C2F636F6E6E6563746F723E3C2F646473636F6E74726F6C3E3C646473636F6E74726F6C2073656D616E746963636F6F6B69653D22303135656663323761303565666332372220636F6E74726F6C70726F6769643D224D534444532E546578742E3038302E3122206C6566743D22363133382220746F703D2231373132383422206C6F676963616C69643D223131332220636F6E74726F6C69643D2231313322206D617374657269643D22313132222068696E74313D2230222068696E74323D2230222077696474683D223535333722206865696768743D2233313822206E6F726573697A653D223122206E6F6D6F76653D223022206E6F64656661756C74617474616368706F696E74733D223122206175746F647261673D2231222075736564656661756C7469646473686170653D2231222073656C65637461626C653D2231222073686F7773656C656374696F6E68616E646C65733D22312220616C6C6F776E756467696E673D223122206973616E6E6F746174696F6E3D22302220646F6E746175746F6C61796F75743D2231222067726F7570636F6C6C61707365643D2230222074616273746F703D2230222076697369626C653D22302220736E6170746F677269643D2230223E3C636F6E74726F6C3E3C646473786D6C6F626A65637473747265616D696E6974777261707065722062696E6172793D2230303032303030306131313530303030336530313030303030333030303030303030303030353030303038303038303030303830303130303030303031353030303138363030303039303031393035663031303030346362636563636535316530303436303034623030356630303566303035333030373930303733303035323030366630303663303036353030343630303735303035663030356630303532303036663030366330303635303034333030356630303566303033303030343330303338303033353030343430303435303033343030343430303030303030303030222F3E3C2F636F6E74726F6C3E3C6C61796F75746F626A6563743E3C646473786D6C6F626A2F3E3C2F6C61796F75746F626A6563743E3C73686170652067726F7570736861706569643D2230222067726F75706E6F64653D2230222F3E3C2F646473636F6E74726F6C3E3C646473636F6E74726F6C20636F6E74726F6C70726F6769643D227B36323341433037352D324337372D343837332D383833442D3933304234333634423442437D2220746F6F6C7469703D227379735F726F6C655065726D697373696F6E4D617022206C6566743D22302220746F703D2231363939353022206C6F676963616C69643D223131342220636F6E74726F6C69643D2231313422206D617374657269643D2230222068696E74313D2230222068696E74323D2230222077696474683D223632383722206865696768743D223334303822206E6F726573697A653D223022206E6F6D6F76653D223022206E6F64656661756C74617474616368706F696E74733D223022206175746F647261673D2230222075736564656661756C7469646473686170653D2230222073656C65637461626C653D2231222073686F7773656C656374696F6E68616E646C65733D22302220616C6C6F776E756467696E673D223122206973616E6E6F746174696F6E3D22302220646F6E746175746F6C61796F75743D2230222067726F7570636F6C6C61707365643D2230222074616273746F703D2231222076697369626C653D22312220736E6170746F677269643D2231223E3C636F6E74726F6C3E3C646473786D6C6F626A65637473747265616D696E6974777261707065722062696E6172793D223231343333343132303830303030303038663138303030303530306430303030373835363334313230373030303030303134303130303030373330303739303037333030356630303732303036663030366330303635303035303030363530303732303036643030363930303733303037333030363930303666303036653030346430303631303037303030303030306666663065616666666666306561666666666630656166666666663065616666666666306561666666666630656166666666663065616666666666306561666666666630656166666666663065616666666666306561666661336431653966653364323834346665336532393162666665303933343466656666663065616666666666306561666666666630656166666666663065616666666666306561666666666630656166663631393363616665336532393162666633653239316266663631323831616665666564313862666566666630656166666666663065616666666666306561666636313933636166656332373331616665666666306561666666666630656166666666663065616666666666306561666666666630656166666666663065616666666666306561666636313933636166653365323931626666666562323661666566666630656166666666663065616666666666306561666638346232653966653631323831616665666564313862666566666630656166666666663030303030303030303030303030303030303030303031303030303030303530303030303035343030303030303263303030303030326330303030303032633030303030303334303030303030303030303030303030303030303030303338326530303030633131343030303030303030303030303264303130303030303730303030303030633030303030303037303030303030316330313030303035303061303030303730303830303030363030303030303037383030303030303534303030303030613030353030303062343030303030303663303030303030623430303030303065343030303030303963303030303030303030303030303030313030303030303866313830303030353030643030303030303030303030303034303030303030303430303030303030323030303030303032303030303030316330313030303064383039303030303030303030303030303130303030303034303135303030303937303930303030303030303030303030333030303030303033303030303030303230303030303030323030303030303163303130303030353030613030303030313030303030303030303030303030343031353030303065353032303030303030303030303030303030303030303030303030303030303032303030303030303230303030303031633031303030303530306130303030303030303030303030303030303030303234333830303030323632323030303030303030303030303030303030303030306430303030303030343030303030303034303030303030316330313030303035303061303030303330306330303030383030373030303037383536333431323034303030303030373430303030303030313030303030303031303030303030306230303030303030303030303030303031303030303030303230303030303030333030303030303034303030303030303530303030303030363030303030303037303030303030303830303030303030393030303030303061303030303030303430303030303036343030363230303666303030303030313630303030303037333030373930303733303035663030373230303666303036633030363530303530303036353030373230303664303036393030373330303733303036393030366630303665303034643030363130303730303030303030222F3E3C2F636F6E74726F6C3E3C6C61796F75746F626A6563743E3C646473786D6C6F626A3E3C70726F7065727479206E616D653D224163746976655461626C65566965774D6F6465222076616C75653D22312220766172747970653D2238222F3E3C70726F7065727479206E616D653D225461626C65566965774D6F64653A30222076616C75653D22342C302C3238342C302C323634302C312C323136302C352C313434302220766172747970653D2238222F3E3C70726F7065727479206E616D653D225461626C65566965774D6F64653A31222076616C75653D22322C302C3238342C302C323532302220766172747970653D2238222F3E3C70726F7065727479206E616D653D225461626C65566965774D6F64653A32222076616C75653D22322C302C3238342C302C323634302220766172747970653D2238222F3E3C70726F7065727479206E616D653D225461626C65566965774D6F64653A33222076616C75653D22322C302C3238342C302C323634302220766172747970653D2238222F3E3C70726F7065727479206E616D653D225461626C65566965774D6F64653A34222076616C75653D22342C302C3238342C302C323634302C31322C333132302C31312C313932302220766172747970653D2238222F3E3C2F646473786D6C6F626A3E3C2F6C61796F75746F626A6563743E3C73686170652067726F7570736861706569643D2230222067726F75706E6F64653D2230222F3E3C2F646473636F6E74726F6C3E3C646473636F6E74726F6C2073656D616E746963636F6F6B69653D223031346666393737303130303030303036343030363230303666303030303030343630303462303035663030356630303733303037393030373330303566303037323030366630303663303036353030343130303566303035663030353230303666303036633030363530303433303035663030356630303332303034363030333930303431303033313030333030303336303033303030303030302220636F6E74726F6C70726F6769643D224D534444532E506F6C796C696E652E3038302E312220746F6F6C7469703D22E2809C7379735F726F6C65E2809DE4B88EE2809C7379735F726F6C655065726D697373696F6E4D6170E2809DE4B98BE997B4E79A84E585B3E7B3BBE2809C464B5F5F7379735F726F6C65415F5F526F6C65435F5F3246394131303630E2809D22206C6566743D22353938372220746F703D2231373132323122206C6F676963616C69643D223131352220636F6E74726F6C69643D2231313522206D617374657269643D2230222068696E74313D2230222068696E74323D2230222077696474683D223330313322206865696768743D223436383722206E6F726573697A653D223022206E6F6D6F76653D223022206E6F64656661756C74617474616368706F696E74733D223122206175746F647261673D2230222075736564656661756C7469646473686170653D2230222073656C65637461626C653D2231222073686F7773656C656374696F6E68616E646C65733D22302220616C6C6F776E756467696E673D223122206973616E6E6F746174696F6E3D22302220646F6E746175746F6C61796F75743D2230222067726F7570636F6C6C61707365643D2230222074616273746F703D2231222076697369626C653D22312220736E6170746F677269643D2230223E3C636F6E74726F6C3E3C646473786D6C6F626A3E3C706F6C796C696E6520656E64747970656473743D22302220656E64747970657372633D2232222075736572636F6C6F723D22313537393033323022206C696E657374796C653D223022206C696E6572656E6465723D22302220637573746F6D656E647479706564737469643D22302220637573746F6D656E647479706573726369643D2230222061646F726E7376697369626C653D2231223E3C61646F726E6D656E742070657263656E74706F733D2237332E313831313639373537343839332220636F6E74726F6C69643D22313136222077696474683D223535333722206865696768743D223331382220736964653D223022206265686176696F723D2233222068696D65747269633D223436313922206469737466726F6D6C696E653D22313735222073746172746F626A3D22302220783D22363837352220793D22313732333838222076697369626C653D22302220616C6C6F776F7665726C61703D2231222075736570657263656E743D2231222F3E3C2F706F6C796C696E653E3C2F646473786D6C6F626A3E3C2F636F6E74726F6C3E3C6C61796F75746F626A6563743E3C646473786D6C6F626A2F3E3C2F6C61796F75746F626A6563743E3C636F6E6E6563746F7220736F7572636569643D22393422206465737469643D223131342220736F75726365617474616368706F696E743D22313138222064657374617474616368706F696E743D2231303322207365676D656E74656469746D6F64653D2230222062656E64706F696E74656469746D6F64653D2230222062656E64706F696E747669736962696C6974793D2230222072656C6174656469643D223022207669727475616C3D2230223E3C706F696E7420783D22383730302220793D22313735353030222F3E3C706F696E7420783D22363730302220793D22313735353030222F3E3C706F696E7420783D22363730302220793D22313731363030222F3E3C706F696E7420783D22363238372220793D22313731363030222F3E3C2F636F6E6E6563746F723E3C2F646473636F6E74726F6C3E3C646473636F6E74726F6C2073656D616E746963636F6F6B69653D22303136326663323765303632666332372220636F6E74726F6C70726F6769643D224D534444532E546578742E3038302E3122206C6566743D22363837352220746F703D2231373233383822206C6F676963616C69643D223131362220636F6E74726F6C69643D2231313622206D617374657269643D22313135222068696E74313D2230222068696E74323D2230222077696474683D223535333722206865696768743D2233313822206E6F726573697A653D223122206E6F6D6F76653D223022206E6F64656661756C74617474616368706F696E74733D223122206175746F647261673D2231222075736564656661756C7469646473686170653D2231222073656C65637461626C653D2231222073686F7773656C656374696F6E68616E646C65733D22312220616C6C6F776E756467696E673D223122206973616E6E6F746174696F6E3D22302220646F6E746175746F6C61796F75743D2231222067726F7570636F6C6C61707365643D2230222074616273746F703D2230222076697369626C653D22302220736E6170746F677269643D2230223E3C636F6E74726F6C3E3C646473786D6C6F626A65637473747265616D696E6974777261707065722062696E6172793D2230303032303030306131313530303030336530313030303030333030303030303030303030353030303038303038303030303830303130303030303031353030303138363030303039303031393035663031303030346362636563636535316530303436303034623030356630303566303037333030373930303733303035663030373230303666303036633030363530303431303035663030356630303532303036663030366330303635303034333030356630303566303033323030343630303339303034313030333130303330303033363030333030303030303030303030222F3E3C2F636F6E74726F6C3E3C6C61796F75746F626A6563743E3C646473786D6C6F626A2F3E3C2F6C61796F75746F626A6563743E3C73686170652067726F7570736861706569643D2230222067726F75706E6F64653D2230222F3E3C2F646473636F6E74726F6C3E3C646473636F6E74726F6C2073656D616E746963636F6F6B69653D223031346666393737303130303030303036343030363230303666303030303030343630303462303035663030356630303733303037393030373330303566303037323030366630303663303036353030343130303566303035663030343130303735303037343030363830303433303035663030356630303332303034353030343130303335303034353030343330303332303033373030303030302220636F6E74726F6C70726F6769643D224D534444532E506F6C796C696E652E3038302E312220746F6F6C7469703D22E2809C7379735F7065726D697373696F6EE2809DE4B88EE2809C7379735F726F6C655065726D697373696F6E4D6170E2809DE4B98BE997B4E79A84E585B3E7B3BBE2809C464B5F5F7379735F726F6C65415F5F41757468435F5F3245413545433237E2809D22206C6566743D22323734332220746F703D2231373236353922206C6F676963616C69643D223131372220636F6E74726F6C69643D2231313722206D617374657269643D2230222068696E74313D2230222068696E74323D2230222077696474683D2238313522206865696768743D223338333722206E6F726573697A653D223022206E6F6D6F76653D223022206E6F64656661756C74617474616368706F696E74733D223122206175746F647261673D2230222075736564656661756C7469646473686170653D2230222073656C65637461626C653D2231222073686F7773656C656374696F6E68616E646C65733D22302220616C6C6F776E756467696E673D223122206973616E6E6F746174696F6E3D22302220646F6E746175746F6C61796F75743D2230222067726F7570636F6C6C61707365643D2230222074616273746F703D2231222076697369626C653D22312220736E6170746F677269643D2230223E3C636F6E74726F6C3E3C646473786D6C6F626A3E3C706F6C796C696E6520656E64747970656473743D22302220656E64747970657372633D2232222075736572636F6C6F723D22313537393033323022206C696E657374796C653D223022206C696E6572656E6465723D22302220637573746F6D656E647479706564737469643D22302220637573746F6D656E647479706573726369643D2230222061646F726E7376697369626C653D2231223E3C61646F726E6D656E742070657263656E74706F733D2237312E323331333735393835393737322220636F6E74726F6C69643D22313138222077696474683D223535333722206865696768743D223331382220736964653D223022206265686176696F723D2233222068696D65747269633D223137333922206469737466726F6D6C696E653D22313735222073746172746F626A3D22302220783D22333332352220793D22313733393639222076697369626C653D22302220616C6C6F776F7665726C61703D2231222075736570657263656E743D2231222F3E3C2F706F6C796C696E653E3C2F646473786D6C6F626A3E3C2F636F6E74726F6C3E3C6C61796F75746F626A6563743E3C646473786D6C6F626A2F3E3C2F6C61796F75746F626A6563743E3C636F6E6E6563746F7220736F7572636569643D22393322206465737469643D223131342220736F75726365617474616368706F696E743D223430222064657374617474616368706F696E743D22343122207365676D656E74656469746D6F64653D2230222062656E64706F696E74656469746D6F64653D2230222062656E64706F696E747669736962696C6974793D2230222072656C6174656469643D223022207669727475616C3D2230223E3C706F696E7420783D22333135302220793D22313735383030222F3E3C706F696E7420783D22333135302220793D22313733333538222F3E3C2F636F6E6E6563746F723E3C2F646473636F6E74726F6C3E3C646473636F6E74726F6C2073656D616E746963636F6F6B69653D22303135666663323761303566666332372220636F6E74726F6C70726F6769643D224D534444532E546578742E3038302E3122206C6566743D22333332352220746F703D2231373339363922206C6F676963616C69643D223131382220636F6E74726F6C69643D2231313822206D617374657269643D22313137222068696E74313D2230222068696E74323D2230222077696474683D223535333722206865696768743D2233313822206E6F726573697A653D223122206E6F6D6F76653D223022206E6F64656661756C74617474616368706F696E74733D223122206175746F647261673D2231222075736564656661756C7469646473686170653D2231222073656C65637461626C653D2231222073686F7773656C656374696F6E68616E646C65733D22312220616C6C6F776E756467696E673D223122206973616E6E6F746174696F6E3D22302220646F6E746175746F6C61796F75743D2231222067726F7570636F6C6C61707365643D2230222074616273746F703D2230222076697369626C653D22302220736E6170746F677269643D2230223E3C636F6E74726F6C3E3C646473786D6C6F626A65637473747265616D696E6974777261707065722062696E6172793D2230303032303030306131313530303030336530313030303030333030303030303030303066666666666630303038303030303830303130303030303031353030303138363030303039303031393035663031303030346362636563636535316530303436303034623030356630303566303037333030373930303733303035663030373230303666303036633030363530303431303035663030356630303431303037353030373430303638303034333030356630303566303033323030343530303431303033353030343530303433303033323030333730303030303030303030222F3E3C2F636F6E74726F6C3E3C6C61796F75746F626A6563743E3C646473786D6C6F626A2F3E3C2F6C61796F75746F626A6563743E3C73686170652067726F7570736861706569643D2230222067726F75706E6F64653D2230222F3E3C2F646473636F6E74726F6C3E3C646473636F6E74726F6C20636F6E74726F6C70726F6769643D227B36323341433037352D324337372D343837332D383833442D3933304234333634423442437D2220746F6F6C7469703D227379735F53797374656D416C61726D22206C6566743D2232373930302220746F703D223022206C6F676963616C69643D223131392220636F6E74726F6C69643D2231313922206D617374657269643D2230222068696E74313D2230222068696E74323D2230222077696474683D223632383722206865696768743D223334303822206E6F726573697A653D223022206E6F6D6F76653D223022206E6F64656661756C74617474616368706F696E74733D223022206175746F647261673D2230222075736564656661756C7469646473686170653D2230222073656C65637461626C653D2231222073686F7773656C656374696F6E68616E646C65733D22302220616C6C6F776E756467696E673D223122206973616E6E6F746174696F6E3D22302220646F6E746175746F6C61796F75743D2230222067726F7570636F6C6C61707365643D2230222074616273746F703D2231222076697369626C653D22312220736E6170746F677269643D2231223E3C636F6E74726F6C3E3C646473786D6C6F626A65637473747265616D696E6974777261707065722062696E6172793D223231343333343132303830303030303038663138303030303530306430303030373835363334313230373030303030303134303130303030373330303739303037333030356630303533303037393030373330303734303036353030366430303431303036633030363130303732303036643030303030303834383438346666666566336632666666656634663266666665663466326666666566346632666666656634663266666665663466326666666566346632666666656634663266666666663065616666666666306561666666666630656166666666663065616666666666306561666666666630656166666666663065616666666666306561666666666630656166666666663065616666666666306561666666666630656166663364373361626665666562323661666566666630656166666666663065616666336437336162666565303933343466656666663065616666383462326539666561333466316166656665656663616665666666306561666636313933636166656332373331616665666666306561666666666630656166666530656665396665336434663862666565303933343466656666663065616666666666306561666666666630656166663364373361626665633237333161666566666630656166666666663065616666383462326539666538343238316166656665656661626665666666306561666666666630656166666666663030303030303030303030303030303030303030303031303030303030303530303030303035343030303030303263303030303030326330303030303032633030303030303334303030303030303030303030303030303030303030303338326530303030633131343030303030303030303030303264303130303030303730303030303030633030303030303037303030303030316330313030303035303061303030303730303830303030323030313030303036383031303030306663303030303030613030353030303031633032303030303434303130303030316330323030303061633032303030306434303130303030303030303030303030313030303030303866313830303030353030643030303030303030303030303034303030303030303430303030303030323030303030303032303030303030316330313030303039343038303030303030303030303030303130303030303034303135303030306535303230303030303030303030303030303030303030303030303030303030303230303030303030323030303030303163303130303030353030613030303030313030303030303030303030303030343031353030303065353032303030303030303030303030303030303030303030303030303030303032303030303030303230303030303031633031303030303530306130303030303030303030303030303030303030303234333830303030323632323030303030303030303030303030303030303030306430303030303030343030303030303034303030303030316330313030303035303061303030303330306330303030383030373030303037383536333431323034303030303030363830303030303030313030303030303031303030303030306230303030303030303030303030303031303030303030303230303030303030333030303030303034303030303030303530303030303030363030303030303037303030303030303830303030303030393030303030303061303030303030303430303030303036343030363230303666303030303030313030303030303037333030373930303733303035663030353330303739303037333030373430303635303036643030343130303663303036313030373230303664303030303030222F3E3C2F636F6E74726F6C3E3C6C61796F75746F626A6563743E3C646473786D6C6F626A3E3C70726F7065727479206E616D653D224163746976655461626C65566965774D6F6465222076616C75653D22312220766172747970653D2238222F3E3C70726F7065727479206E616D653D225461626C65566965774D6F64653A30222076616C75653D22342C302C3238342C302C323634302C312C323136302C352C313434302220766172747970653D2238222F3E3C70726F7065727479206E616D653D225461626C65566965774D6F64653A31222076616C75653D22322C302C3238342C302C323139362220766172747970653D2238222F3E3C70726F7065727479206E616D653D225461626C65566965774D6F64653A32222076616C75653D22322C302C3238342C302C323634302220766172747970653D2238222F3E3C70726F7065727479206E616D653D225461626C65566965774D6F64653A33222076616C75653D22322C302C3238342C302C323634302220766172747970653D2238222F3E3C70726F7065727479206E616D653D225461626C65566965774D6F64653A34222076616C75653D22342C302C3238342C302C323634302C31322C333132302C31312C313932302220766172747970653D2238222F3E3C2F646473786D6C6F626A3E3C2F6C61796F75746F626A6563743E3C73686170652067726F7570736861706569643D2230222067726F75706E6F64653D2230222F3E3C2F646473636F6E74726F6C3E3C646473636F6E74726F6C20636F6E74726F6C70726F6769643D227B36323341433037352D324337372D343837332D383833442D3933304234333634423442437D2220746F6F6C7469703D227379735F7573657222206C6566743D2233303435302220746F703D2231353039303022206C6F676963616C69643D223132302220636F6E74726F6C69643D2231323022206D617374657269643D2230222068696E74313D2230222068696E74323D2230222077696474683D223632383722206865696768743D223936393422206E6F726573697A653D223022206E6F6D6F76653D223022206E6F64656661756C74617474616368706F696E74733D223022206175746F647261673D2230222075736564656661756C7469646473686170653D2230222073656C65637461626C653D2231222073686F7773656C656374696F6E68616E646C65733D22302220616C6C6F776E756467696E673D223122206973616E6E6F746174696F6E3D22302220646F6E746175746F6C61796F75743D2230222067726F7570636F6C6C61707365643D2230222074616273746F703D2231222076697369626C653D22312220736E6170746F677269643D2231223E3C636F6E74726F6C3E3C646473786D6C6F626A65637473747265616D696E6974777261707065722062696E6172793D2232313433333431323038303030303030386631383030303064653235303030303738353633343132303730303030303031343031303030303733303037393030373330303566303037353030373330303635303037323030303030306561666666666630656166666666663065616666666666306561666666666630656166666666663065616666666666306561666666666630656166666666663065616666666666306561666633643733616266656530393334346665666666306561666638346232653966656133346631616665666565666361666566666630656166666666663065616666666666306561666666666630656166666666663065616666666666306561666661336431653966653834323834346665666565666162666566666630656166666666663065616666336437336162666563323733316166656666663065616666633265666539666533643238366166656665623236616665666666306561666666666630656166663834623265396665336532393162666633653239316266663365323931626666336532393162666633653239316266663365323931626666336532393162666633653239316266663365323931626666336532393162666633653239316266663365323931626666336532393162666665303933343466656666663065616666666666306561666663326566653966653364323836616665363132383161666566656431303030303030303030303030303030303030303030313030303030303035303030303030353430303030303032633030303030303263303030303030326330303030303033343030303030303030303030303030303030303030303033383265303030303236323230303030303030303030303032643031303030303064303030303030306330303030303030373030303030303163303130303030353030613030303037303038303030303630303030303030373830303030303035343030303030306130303530303030623430303030303036633030303030306234303030303030653430303030303039633030303030303030303030303030303130303030303038663138303030306465323530303030303030303030303030663030303030303063303030303030303230303030303030323030303030303163303130303030643830393030303030303030303030303031303030303030343031353030303032303035303030303030303030303030303130303030303030313030303030303032303030303030303230303030303031633031303030303530306130303030303130303030303030303030303030303430313530303030653530323030303030303030303030303030303030303030303030303030303030323030303030303032303030303030316330313030303035303061303030303030303030303030303030303030303032343338303030303236323230303030303030303030303030303030303030303064303030303030303430303030303030343030303030303163303130303030353030613030303033303063303030303830303730303030373835363334313230343030303030303561303030303030303130303030303030313030303030303062303030303030303030303030303030313030303030303032303030303030303330303030303030343030303030303035303030303030303630303030303030373030303030303038303030303030303930303030303030613030303030303034303030303030363430303632303036663030303030303039303030303030373330303739303037333030356630303735303037333030363530303732303030303030222F3E3C2F636F6E74726F6C3E3C6C61796F75746F626A6563743E3C646473786D6C6F626A3E3C70726F7065727479206E616D653D224163746976655461626C65566965774D6F6465222076616C75653D22312220766172747970653D2238222F3E3C70726F7065727479206E616D653D225461626C65566965774D6F64653A30222076616C75653D22342C302C3238342C302C323634302C312C323136302C352C313434302220766172747970653D2238222F3E3C70726F7065727479206E616D653D225461626C65566965774D6F64653A31222076616C75653D22322C302C3238342C302C323532302220766172747970653D2238222F3E3C70726F7065727479206E616D653D225461626C65566965774D6F64653A32222076616C75653D22322C302C3238342C302C323634302220766172747970653D2238222F3E3C70726F7065727479206E616D653D225461626C65566965774D6F64653A33222076616C75653D22322C302C3238342C302C323634302220766172747970653D2238222F3E3C70726F7065727479206E616D653D225461626C65566965774D6F64653A34222076616C75653D22342C302C3238342C302C323634302C31322C333132302C31312C313932302220766172747970653D2238222F3E3C2F646473786D6C6F626A3E3C2F6C61796F75746F626A6563743E3C73686170652067726F7570736861706569643D2230222067726F75706E6F64653D2230222F3E3C2F646473636F6E74726F6C3E3C646473636F6E74726F6C2073656D616E746963636F6F6B69653D223031313632643630303130303030303036343030363230303666303030303030343630303462303035663030363530303731303037353030356630303535303037333030363530303732303035663030343530303731303037353030363930303730303036643030363530303665303037343030343730303732303036663030373530303730303035663030346430303631303037303030356630303733303037393030373330303566303037353030373330303635303037323030303030302220636F6E74726F6C70726F6769643D224D534444532E506F6C796C696E652E3038302E312220746F6F6C7469703D22E2809C7379735F75736572E2809DE4B88EE2809C6571755F557365725F45717569706D656E7447726F75705F4D6170E2809DE4B98BE997B4E79A84E585B3E7B3BBE2809C464B5F6571755F557365725F45717569706D656E7447726F75705F4D61705F7379735F75736572E2809D22206C6566743D2233363433372220746F703D2231353534343322206C6F676963616C69643D223132312220636F6E74726F6C69643D2231323122206D617374657269643D2230222068696E74313D2230222068696E74323D2230222077696474683D22313332313322206865696768743D223835383722206E6F726573697A653D223022206E6F6D6F76653D223022206E6F64656661756C74617474616368706F696E74733D223122206175746F647261673D2230222075736564656661756C7469646473686170653D2230222073656C65637461626C653D2231222073686F7773656C656374696F6E68616E646C65733D22302220616C6C6F776E756467696E673D223122206973616E6E6F746174696F6E3D22302220646F6E746175746F6C61796F75743D2230222067726F7570636F6C6C61707365643D2230222074616273746F703D2231222076697369626C653D22312220736E6170746F677269643D2230223E3C636F6E74726F6C3E3C646473786D6C6F626A3E3C706F6C796C696E6520656E64747970656473743D22302220656E64747970657372633D2232222075736572636F6C6F723D22313537393033323022206C696E657374796C653D223022206C696E6572656E6465723D22302220637573746F6D656E647479706564737469643D22302220637573746F6D656E647479706573726369643D2230222061646F726E7376697369626C653D2231223E3C61646F726E6D656E742070657263656E74706F733D2235332E3531363232353331323735382220636F6E74726F6C69643D22313232222077696474683D223731393822206865696768743D223331382220736964653D223022206265686176696F723D2233222068696D65747269633D22313039323422206469737466726F6D6C696E653D22313735222073746172746F626A3D22302220783D2233323530392220793D22313633383235222076697369626C653D22302220616C6C6F776F7665726C61703D2231222075736570657263656E743D2231222F3E3C2F706F6C796C696E653E3C2F646473786D6C6F626A3E3C2F636F6E74726F6C3E3C6C61796F75746F626A6563743E3C646473786D6C6F626A2F3E3C2F6C61796F75746F626A6563743E3C636F6E6E6563746F7220736F7572636569643D2231323022206465737469643D2236342220736F75726365617474616368706F696E743D22313437222064657374617474616368706F696E743D2231313222207365676D656E74656469746D6F64653D2230222062656E64706F696E74656469746D6F64653D2230222062656E64706F696E747669736962696C6974793D2230222072656C6174656469643D223022207669727475616C3D2230223E3C706F696E7420783D2233363733372220793D22313535383530222F3E3C706F696E7420783D2233383535372220793D22313535383530222F3E3C706F696E7420783D2233383535372220793D22313633363530222F3E3C706F696E7420783D2234393335302220793D22313633363530222F3E3C2F636F6E6E6563746F723E3C2F646473636F6E74726F6C3E3C646473636F6E74726F6C2073656D616E746963636F6F6B69653D22303136376663323732303637666332372220636F6E74726F6C70726F6769643D224D534444532E546578742E3038302E3122206C6566743D2233323530392220746F703D2231363338323522206C6F676963616C69643D223132322220636F6E74726F6C69643D2231323222206D617374657269643D22313231222068696E74313D2230222068696E74323D2230222077696474683D223731393822206865696768743D2233313822206E6F726573697A653D223122206E6F6D6F76653D223022206E6F64656661756C74617474616368706F696E74733D223122206175746F647261673D2231222075736564656661756C7469646473686170653D2231222073656C65637461626C653D2231222073686F7773656C656374696F6E68616E646C65733D22312220616C6C6F776E756467696E673D223122206973616E6E6F746174696F6E3D22302220646F6E746175746F6C61796F75743D2231222067726F7570636F6C6C61707365643D2230222074616273746F703D2230222076697369626C653D22302220736E6170746F677269643D2230223E3C636F6E74726F6C3E3C646473786D6C6F626A65637473747265616D696E6974777261707065722062696E6172793D2230303032303030303165316330303030336530313030303030333030303030303030303066666666666630303038303030303830303130303030303031353030303138363030303039303031393035663031303030346362636563636535323730303436303034623030356630303635303037313030373530303566303035353030373330303635303037323030356630303435303037313030373530303639303037303030366430303635303036653030373430303437303037323030366630303735303037303030356630303464303036313030373030303566303037333030373930303733303035663030373530303733303036353030373230303030303030303030222F3E3C2F636F6E74726F6C3E3C6C61796F75746F626A6563743E3C646473786D6C6F626A2F3E3C2F6C61796F75746F626A6563743E3C73686170652067726F7570736861706569643D2230222067726F75706E6F64653D2230222F3E3C2F646473636F6E74726F6C3E3C646473636F6E74726F6C2073656D616E746963636F6F6B69653D223031313632643630303130303030303036343030363230303666303030303030343630303462303035663030363530303731303037353030356630303435303037313030373530303639303037303030366430303635303036653030373430303530303036313030373230303631303035333030363530303734303037343030363930303665303036373030353230303635303036333030366630303732303036343030356630303733303037393030373330303566303037353030373330303635303037323030303030302220636F6E74726F6C70726F6769643D224D534444532E506F6C796C696E652E3038302E312220746F6F6C7469703D22E2809C7379735F75736572E2809DE4B88EE2809C6571755F45717569706D656E745061726153657474696E675265636F7264E2809DE4B98BE997B4E79A84E585B3E7B3BBE2809C464B5F6571755F45717569706D656E745061726153657474696E675265636F72645F7379735F75736572E2809D22206C6566743D2233363433372220746F703D2231353035323122206C6F676963616C69643D223132332220636F6E74726F6C69643D2231323322206D617374657269643D2230222068696E74313D2230222068696E74323D2230222077696474683D223330313322206865696768743D223532383722206E6F726573697A653D223022206E6F6D6F76653D223022206E6F64656661756C74617474616368706F696E74733D223122206175746F647261673D2230222075736564656661756C7469646473686170653D2230222073656C65637461626C653D2231222073686F7773656C656374696F6E68616E646C65733D22302220616C6C6F776E756467696E673D223122206973616E6E6F746174696F6E3D22302220646F6E746175746F6C61796F75743D2230222067726F7570636F6C6C61707365643D2230222074616273746F703D2231222076697369626C653D22312220736E6170746F677269643D2230223E3C636F6E74726F6C3E3C646473786D6C6F626A3E3C706F6C796C696E6520656E64747970656473743D22302220656E64747970657372633D2232222075736572636F6C6F723D22313537393033323022206C696E657374796C653D223022206C696E6572656E6465723D22302220637573746F6D656E647479706564737469643D22302220637573746F6D656E647479706573726369643D2230222061646F726E7376697369626C653D2231223E3C61646F726E6D656E742070657263656E74706F733D2234392E393939363830383237323935362220636F6E74726F6C69643D22313234222077696474683D223737353222206865696768743D223331382220736964653D223022206265686176696F723D2233222068696D65747269633D223334353622206469737466726F6D6C696E653D22313735222073746172746F626A3D22302220783D2233383733322220793D22313533393339222076697369626C653D22302220616C6C6F776F7665726C61703D2231222075736570657263656E743D2231222F3E3C2F706F6C796C696E653E3C2F646473786D6C6F626A3E3C2F636F6E74726F6C3E3C6C61796F75746F626A6563743E3C646473786D6C6F626A2F3E3C2F6C61796F75746F626A6563743E3C636F6E6E6563746F7220736F7572636569643D2231323022206465737469643D2231312220736F75726365617474616368706F696E743D22313431222064657374617474616368706F696E743D2231353422207365676D656E74656469746D6F64653D2230222062656E64706F696E74656469746D6F64653D2230222062656E64706F696E747669736962696C6974793D2230222072656C6174656469643D223022207669727475616C3D2230223E3C706F696E7420783D2233363733372220793D22313535343030222F3E3C706F696E7420783D2233383535372220793D22313535343030222F3E3C706F696E7420783D2233383535372220793D22313530393030222F3E3C706F696E7420783D2233393135302220793D22313530393030222F3E3C2F636F6E6E6563746F723E3C2F646473636F6E74726F6C3E3C646473636F6E74726F6C2073656D616E746963636F6F6B69653D22303136396663323732303639666332372220636F6E74726F6C70726F6769643D224D534444532E546578742E3038302E3122206C6566743D2233383733322220746F703D2231353339333922206C6F676963616C69643D223132342220636F6E74726F6C69643D2231323422206D617374657269643D22313233222068696E74313D2230222068696E74323D2230222077696474683D223737353222206865696768743D2233313822206E6F726573697A653D223122206E6F6D6F76653D223022206E6F64656661756C74617474616368706F696E74733D223122206175746F647261673D2231222075736564656661756C7469646473686170653D2231222073656C65637461626C653D2231222073686F7773656C656374696F6E68616E646C65733D22312220616C6C6F776E756467696E673D223122206973616E6E6F746174696F6E3D22302220646F6E746175746F6C61796F75743D2231222067726F7570636F6C6C61707365643D2230222074616273746F703D2230222076697369626C653D22302220736E6170746F677269643D2230223E3C636F6E74726F6C3E3C646473786D6C6F626A65637473747265616D696E6974777261707065722062696E6172793D2230303032303030303438316530303030336530313030303030333030303030303030303066666666666630303038303030303830303130303030303031353030303138363030303039303031393035663031303030346362636563636535326130303436303034623030356630303635303037313030373530303566303034353030373130303735303036393030373030303664303036353030366530303734303035303030363130303732303036313030353330303635303037343030373430303639303036653030363730303532303036353030363330303666303037323030363430303566303037333030373930303733303035663030373530303733303036353030373230303030303030303030222F3E3C2F636F6E74726F6C3E3C6C61796F75746F626A6563743E3C646473786D6C6F626A2F3E3C2F6C61796F75746F626A6563743E3C73686170652067726F7570736861706569643D2230222067726F75706E6F64653D2230222F3E3C2F646473636F6E74726F6C3E3C646473636F6E74726F6C2073656D616E746963636F6F6B69653D2230313030303030303031303030303030363430303632303036663030303030303436303034623030356630303635303037313030373530303566303035353030373030303634303036313030373430303635303035303030373230303666303036373030373230303631303036643030353230303635303036333030366630303732303036343030356630303733303037393030373330303566303037353030373330303635303037323030303030302220636F6E74726F6C70726F6769643D224D534444532E506F6C796C696E652E3038302E312220746F6F6C7469703D22E2809C7379735F75736572E2809DE4B88EE2809C6571755F55706461746550726F6772616D5265636F7264E2809DE4B98BE997B4E79A84E585B3E7B3BBE2809C464B5F6571755F55706461746550726F6772616D5265636F72645F7379735F75736572E2809D22206C6566743D2233333139332220746F703D2231343737363622206C6F676963616C69643D223132352220636F6E74726F6C69643D2231323522206D617374657269643D2230222068696E74313D2230222068696E74323D2230222077696474683D2238313522206865696768743D223338333022206E6F726573697A653D223022206E6F6D6F76653D223022206E6F64656661756C74617474616368706F696E74733D223122206175746F647261673D2230222075736564656661756C7469646473686170653D2230222073656C65637461626C653D2231222073686F7773656C656374696F6E68616E646C65733D22302220616C6C6F776E756467696E673D223122206973616E6E6F746174696F6E3D22302220646F6E746175746F6C61796F75743D2230222067726F7570636F6C6C61707365643D2230222074616273746F703D2231222076697369626C653D22312220736E6170746F677269643D2230223E3C636F6E74726F6C3E3C646473786D6C6F626A3E3C706F6C796C696E6520656E64747970656473743D22302220656E64747970657372633D2232222075736572636F6C6F723D22313537393033323022206C696E657374796C653D223022206C696E6572656E6465723D22302220637573746F6D656E647479706564737469643D22302220637573746F6D656E647479706573726369643D2230222061646F726E7376697369626C653D2231223E3C61646F726E6D656E742070657263656E74706F733D2235332E303131323331373234393136392220636F6E74726F6C69643D22313236222077696474683D223634363022206865696768743D223331382220736964653D223022206265686176696F723D2233222068696D65747269633D223132393022206469737466726F6D6C696E653D22313735222073746172746F626A3D22302220783D2233333737352220793D22313439343630222076697369626C653D22302220616C6C6F776F7665726C61703D2231222075736570657263656E743D2231222F3E3C2F706F6C796C696E653E3C2F646473786D6C6F626A3E3C2F636F6E74726F6C3E3C6C61796F75746F626A6563743E3C646473786D6C6F626A2F3E3C2F6C61796F75746F626A6563743E3C636F6E6E6563746F7220736F7572636569643D2231323022206465737469643D2236312220736F75726365617474616368706F696E743D223430222064657374617474616368706F696E743D22343522207365676D656E74656469746D6F64653D2230222062656E64706F696E74656469746D6F64653D2230222062656E64706F696E747669736962696C6974793D2230222072656C6174656469643D223022207669727475616C3D2230223E3C706F696E7420783D2233333630302220793D22313530393030222F3E3C706F696E7420783D2233333630302220793D22313438343635222F3E3C2F636F6E6E6563746F723E3C2F646473636F6E74726F6C3E3C646473636F6E74726F6C2073656D616E746963636F6F6B69653D22303136396663323765303639666332372220636F6E74726F6C70726F6769643D224D534444532E546578742E3038302E3122206C6566743D2233333737352220746F703D2231343934363022206C6F676963616C69643D223132362220636F6E74726F6C69643D2231323622206D617374657269643D22313235222068696E74313D2230222068696E74323D2230222077696474683D223634363022206865696768743D2233313822206E6F726573697A653D223122206E6F6D6F76653D223022206E6F64656661756C74617474616368706F696E74733D223122206175746F647261673D2231222075736564656661756C7469646473686170653D2231222073656C65637461626C653D2231222073686F7773656C656374696F6E68616E646C65733D22312220616C6C6F776E756467696E673D223122206973616E6E6F746174696F6E3D22302220646F6E746175746F6C61796F75743D2231222067726F7570636F6C6C61707365643D2230222074616273746F703D2230222076697369626C653D22302220736E6170746F677269643D2230223E3C636F6E74726F6C3E3C646473786D6C6F626A65637473747265616D696E6974777261707065722062696E6172793D22303030323030303033633139303030303365303130303030303330303030303030303030666666666666303030383030303038303031303030303030313530303031383630303030393030313930356630313030303463626365636365353233303034363030346230303566303036353030373130303735303035663030353530303730303036343030363130303734303036353030353030303732303036663030363730303732303036313030366430303532303036353030363330303666303037323030363430303566303037333030373930303733303035663030373530303733303036353030373230303030303030303030222F3E3C2F636F6E74726F6C3E3C6C61796F75746F626A6563743E3C646473786D6C6F626A2F3E3C2F6C61796F75746F626A6563743E3C73686170652067726F7570736861706569643D2230222067726F75706E6F64653D2230222F3E3C2F646473636F6E74726F6C3E3C646473636F6E74726F6C20636F6E74726F6C70726F6769643D227B36323341433037352D324337372D343837332D383833442D3933304234333634423442437D2220746F6F6C7469703D227379735F557365725F4170704170695F4D617022206C6566743D2232313735302220746F703D2231353138303022206C6F676963616C69643D223132372220636F6E74726F6C69643D2231323722206D617374657269643D2230222068696E74313D2230222068696E74323D2230222077696474683D223632383722206865696768743D223232363522206E6F726573697A653D223022206E6F6D6F76653D223022206E6F64656661756C74617474616368706F696E74733D223022206175746F647261673D2230222075736564656661756C7469646473686170653D2230222073656C65637461626C653D2231222073686F7773656C656374696F6E68616E646C65733D22302220616C6C6F776E756467696E673D223122206973616E6E6F746174696F6E3D22302220646F6E746175746F6C61796F75743D2230222067726F7570636F6C6C61707365643D2230222074616273746F703D2231222076697369626C653D22312220736E6170746F677269643D2231223E3C636F6E74726F6C3E3C646473786D6C6F626A65637473747265616D696E6974777261707065722062696E6172793D22323134333334313230383030303030303866313830303030643930383030303037383536333431323037303030303030313430313030303037333030373930303733303035663030353530303733303036353030373230303566303034313030373030303730303034313030373030303639303035663030346430303631303037303030303030306666663065616666666666306561666666666630656166666666663065616666666666306561666666666630656166666666663065616666666666306561666666666630656166666666663065616666666666306561666666666630656166666666663065616666666666306561666666666630656166666666663065616666666666306561666666666630656166666666663065616666666666306561666666666630656166666666663065616666666666306561666666666630656166666666663065616666666666306561666666666630656166666666663065616666666666306561666666666630656166666666663065616666666666306561666666666630656166666666663065616666666666306561666666666630656166666666663065616666666666306561666666666630656166666666663065616666666666306561666666666630656166666666663065616666666666306561666666666630656166666666663065616666666666306561666666666630656166666666663065616666666666303030303030303030303030303030303030303030303130303030303030353030303030303534303030303030326330303030303032633030303030303263303030303030333430303030303030303030303030303030303030303030333832653030303063313134303030303030303030303030326430313030303030373030303030303063303030303030303730303030303031633031303030303530306130303030373030383030303036303030303030303738303030303030353430303030303061303035303030306234303030303030366330303030303062343030303030306534303030303030396330303030303030303030303030303031303030303030386631383030303064393038303030303030303030303030303230303030303030323030303030303032303030303030303230303030303031633031303030303630303930303030303030303030303030313030303030303430313530303030356330373030303030303030303030303032303030303030303230303030303030323030303030303032303030303030316330313030303035303061303030303031303030303030303030303030303034303135303030306535303230303030303030303030303030303030303030303030303030303030303230303030303030323030303030303163303130303030353030613030303030303030303030303030303030303030323433383030303032363232303030303030303030303030303030303030303030643030303030303034303030303030303430303030303031633031303030303530306130303030333030633030303038303037303030303738353633343132303430303030303037303030303030303031303030303030303130303030303030623030303030303030303030303030303130303030303030323030303030303033303030303030303430303030303030353030303030303036303030303030303730303030303030383030303030303039303030303030306130303030303030343030303030303634303036323030366630303030303031343030303030303733303037393030373330303566303035353030373330303635303037323030356630303431303037303030373030303431303037303030363930303566303034643030363130303730303030303030222F3E3C2F636F6E74726F6C3E3C6C61796F75746F626A6563743E3C646473786D6C6F626A3E3C70726F7065727479206E616D653D224163746976655461626C65566965774D6F6465222076616C75653D22312220766172747970653D2238222F3E3C70726F7065727479206E616D653D225461626C65566965774D6F64653A30222076616C75653D22342C302C3238342C302C323634302C312C323136302C352C313434302220766172747970653D2238222F3E3C70726F7065727479206E616D653D225461626C65566965774D6F64653A31222076616C75653D22322C302C3238342C302C323430302220766172747970653D2238222F3E3C70726F7065727479206E616D653D225461626C65566965774D6F64653A32222076616C75653D22322C302C3238342C302C323634302220766172747970653D2238222F3E3C70726F7065727479206E616D653D225461626C65566965774D6F64653A33222076616C75653D22322C302C3238342C302C323634302220766172747970653D2238222F3E3C70726F7065727479206E616D653D225461626C65566965774D6F64653A34222076616C75653D22342C302C3238342C302C323634302C31322C333132302C31312C313932302220766172747970653D2238222F3E3C2F646473786D6C6F626A3E3C2F6C61796F75746F626A6563743E3C73686170652067726F7570736861706569643D2230222067726F75706E6F64653D2230222F3E3C2F646473636F6E74726F6C3E3C646473636F6E74726F6C2073656D616E746963636F6F6B69653D22303134666639373730313030303030303634303036323030366630303030303034363030346230303566303037333030373930303733303035663030353530303733303036353030373230303566303034313030373030303730303034313030373030303639303035663030346430303631303037303030356630303733303037393030373330303566303037353030373330303635303037323030303030302220636F6E74726F6C70726F6769643D224D534444532E506F6C796C696E652E3038302E312220746F6F6C7469703D22E2809C7379735F75736572E2809DE4B88EE2809C7379735F557365725F4170704170695F4D6170E2809DE4B98BE997B4E79A84E585B3E7B3BBE2809C464B5F7379735F557365725F4170704170695F4D61705F7379735F75736572E2809D22206C6566743D2232373733372220746F703D2231353236323122206C6F676963616C69643D223132382220636F6E74726F6C69643D2231323822206D617374657269643D2230222068696E74313D2230222068696E74323D2230222077696474683D223330313322206865696768743D223334383722206E6F726573697A653D223022206E6F6D6F76653D223022206E6F64656661756C74617474616368706F696E74733D223122206175746F647261673D2230222075736564656661756C7469646473686170653D2230222073656C65637461626C653D2231222073686F7773656C656374696F6E68616E646C65733D22302220616C6C6F776E756467696E673D223122206973616E6E6F746174696F6E3D22302220646F6E746175746F6C61796F75743D2230222067726F7570636F6C6C61707365643D2230222074616273746F703D2231222076697369626C653D22312220736E6170746F677269643D2230223E3C636F6E74726F6C3E3C646473786D6C6F626A3E3C706F6C796C696E6520656E64747970656473743D22302220656E64747970657372633D2232222075736572636F6C6F723D22313537393033323022206C696E657374796C653D223022206C696E6572656E6465723D22302220637573746F6D656E647479706564737469643D22302220637573746F6D656E647479706573726369643D2230222061646F726E7376697369626C653D2231223E3C61646F726E6D656E742070657263656E74706F733D2235302220636F6E74726F6C69643D22313239222077696474683D223537323122206865696768743D223331382220736964653D223122206265686176696F723D2233222068696D65747269633D223235353622206469737466726F6D6C696E653D22313735222073746172746F626A3D22302220783D2232323535342220793D22313535333139222076697369626C653D22302220616C6C6F776F7665726C61703D2231222075736570657263656E743D2231222F3E3C2F706F6C796C696E653E3C2F646473786D6C6F626A3E3C2F636F6E74726F6C3E3C6C61796F75746F626A6563743E3C646473786D6C6F626A2F3E3C2F6C61796F75746F626A6563743E3C636F6E6E6563746F7220736F7572636569643D2231323022206465737469643D223132372220736F75726365617474616368706F696E743D22313434222064657374617474616368706F696E743D22393722207365676D656E74656469746D6F64653D2230222062656E64706F696E74656469746D6F64653D2230222062656E64706F696E747669736962696C6974793D2230222072656C6174656469643D223022207669727475616C3D2230223E3C706F696E7420783D2233303435302220793D22313535373030222F3E3C706F696E7420783D2232383435302220793D22313535373030222F3E3C706F696E7420783D2232383435302220793D22313533303030222F3E3C706F696E7420783D2232383033372220793D22313533303030222F3E3C2F636F6E6E6563746F723E3C2F646473636F6E74726F6C3E3C646473636F6E74726F6C2073656D616E746963636F6F6B69653D22303136616663323761303661666332372220636F6E74726F6C70726F6769643D224D534444532E546578742E3038302E3122206C6566743D2232323535342220746F703D2231353533313922206C6F676963616C69643D223132392220636F6E74726F6C69643D2231323922206D617374657269643D22313238222068696E74313D2230222068696E74323D2230222077696474683D223537323122206865696768743D2233313822206E6F726573697A653D223122206E6F6D6F76653D223022206E6F64656661756C74617474616368706F696E74733D223122206175746F647261673D2231222075736564656661756C7469646473686170653D2231222073656C65637461626C653D2231222073686F7773656C656374696F6E68616E646C65733D22312220616C6C6F776E756467696E673D223122206973616E6E6F746174696F6E3D22302220646F6E746175746F6C61796F75743D2231222067726F7570636F6C6C61707365643D2230222074616273746F703D2230222076697369626C653D22302220736E6170746F677269643D2230223E3C636F6E74726F6C3E3C646473786D6C6F626A65637473747265616D696E6974777261707065722062696E6172793D223030303230303030353931363030303033653031303030303033303030303030303030306666666666663030303830303030383030313030303030303135303030313836303030303930303139303566303130303034636263656363653531663030343630303462303035663030373330303739303037333030356630303535303037333030363530303732303035663030343130303730303037303030343130303730303036393030356630303464303036313030373030303566303037333030373930303733303035663030373530303733303036353030373230303030303030303030222F3E3C2F636F6E74726F6C3E3C6C61796F75746F626A6563743E3C646473786D6C6F626A2F3E3C2F6C61796F75746F626A6563743E3C73686170652067726F7570736861706569643D2230222067726F75706E6F64653D2230222F3E3C2F646473636F6E74726F6C3E3C646473636F6E74726F6C2073656D616E746963636F6F6B69653D223031363833323736303130303030303036343030363230303666303030303030343630303462303035663030373330303739303037333030356630303535303037333030363530303732303035663030343130303730303037303030343130303730303036393030356630303464303036313030373030303566303037333030373930303733303035663030343130303730303037303030343130303730303036393030303030302220636F6E74726F6C70726F6769643D224D534444532E506F6C796C696E652E3038302E312220746F6F6C7469703D22E2809C7379735F417070417069E2809DE4B88EE2809C7379735F557365725F4170704170695F4D6170E2809DE4B98BE997B4E79A84E585B3E7B3BBE2809C464B5F7379735F557365725F4170704170695F4D61705F7379735F417070417069E2809D22206C6566743D2232343439332220746F703D2231353333363622206C6F676963616C69643D223133302220636F6E74726F6C69643D2231333022206D617374657269643D2230222068696E74313D2230222068696E74323D2230222077696474683D2238313522206865696768743D223337383022206E6F726573697A653D223022206E6F6D6F76653D223022206E6F64656661756C74617474616368706F696E74733D223122206175746F647261673D2230222075736564656661756C7469646473686170653D2230222073656C65637461626C653D2231222073686F7773656C656374696F6E68616E646C65733D22302220616C6C6F776E756467696E673D223122206973616E6E6F746174696F6E3D22302220646F6E746175746F6C61796F75743D2230222067726F7570636F6C6C61707365643D2230222074616273746F703D2231222076697369626C653D22312220736E6170746F677269643D2230223E3C636F6E74726F6C3E3C646473786D6C6F626A3E3C706F6C796C696E6520656E64747970656473743D22302220656E64747970657372633D2232222075736572636F6C6F723D22313537393033323022206C696E657374796C653D223022206C696E6572656E6465723D22302220637573746F6D656E647479706564737469643D22302220637573746F6D656E647479706573726369643D2230222061646F726E7376697369626C653D2231223E3C61646F726E6D656E742070657263656E74706F733D2235322E393638313436373138313436372220636F6E74726F6C69643D22313331222077696474683D223630393022206865696768743D223331382220736964653D223022206265686176696F723D2233222068696D65747269633D223132363322206469737466726F6D6C696E653D22313735222073746172746F626A3D22302220783D2232353037352220793D22313535303337222076697369626C653D22302220616C6C6F776F7665726C61703D2231222075736570657263656E743D2231222F3E3C2F706F6C796C696E653E3C2F646473786D6C6F626A3E3C2F636F6E74726F6C3E3C6C61796F75746F626A6563743E3C646473786D6C6F626A2F3E3C2F6C61796F75746F626A6563743E3C636F6E6E6563746F7220736F7572636569643D22363822206465737469643D223132372220736F75726365617474616368706F696E743D223430222064657374617474616368706F696E743D22343122207365676D656E74656469746D6F64653D2230222062656E64706F696E74656469746D6F64653D2230222062656E64706F696E747669736962696C6974793D2230222072656C6174656469643D223022207669727475616C3D2230223E3C706F696E7420783D2232343930302220793D22313536343530222F3E3C706F696E7420783D2232343930302220793D22313534303635222F3E3C2F636F6E6E6563746F723E3C2F646473636F6E74726F6C3E3C646473636F6E74726F6C2073656D616E746963636F6F6B69653D22303136356663323736303635666332372220636F6E74726F6C70726F6769643D224D534444532E546578742E3038302E3122206C6566743D2232353037352220746F703D2231353530333722206C6F676963616C69643D223133312220636F6E74726F6C69643D2231333122206D617374657269643D22313330222068696E74313D2230222068696E74323D2230222077696474683D223630393022206865696768743D2233313822206E6F726573697A653D223122206E6F6D6F76653D223022206E6F64656661756C74617474616368706F696E74733D223122206175746F647261673D2231222075736564656661756C7469646473686170653D2231222073656C65637461626C653D2231222073686F7773656C656374696F6E68616E646C65733D22312220616C6C6F776E756467696E673D223122206973616E6E6F746174696F6E3D22302220646F6E746175746F6C61796F75743D2231222067726F7570636F6C6C61707365643D2230222074616273746F703D2230222076697369626C653D22302220736E6170746F677269643D2230223E3C636F6E74726F6C3E3C646473786D6C6F626A65637473747265616D696E6974777261707065722062696E6172793D2230303032303030306361313730303030336530313030303030333030303030303030303066666666666630303038303030303830303130303030303031353030303138363030303039303031393035663031303030346362636563636535323130303436303034623030356630303733303037393030373330303566303035353030373330303635303037323030356630303431303037303030373030303431303037303030363930303566303034643030363130303730303035663030373330303739303037333030356630303431303037303030373030303431303037303030363930303030303030303030222F3E3C2F636F6E74726F6C3E3C6C61796F75746F626A6563743E3C646473786D6C6F626A2F3E3C2F6C61796F75746F626A6563743E3C73686170652067726F7570736861706569643D2230222067726F75706E6F64653D2230222F3E3C2F646473636F6E74726F6C3E3C646473636F6E74726F6C20636F6E74726F6C70726F6769643D227B36323341433037352D324337372D343837332D383833442D3933304234333634423442437D2220746F6F6C7469703D227379735F557365724D656E75436F6C756D6E53657474696E6722206C6566743D2234333530302220746F703D2231363833303022206C6F676963616C69643D223133322220636F6E74726F6C69643D2231333222206D617374657269643D2230222068696E74313D2230222068696E74323D2230222077696474683D223638373922206865696768743D22313032363622206E6F726573697A653D223022206E6F6D6F76653D223022206E6F64656661756C74617474616368706F696E74733D223022206175746F647261673D2230222075736564656661756C7469646473686170653D2230222073656C65637461626C653D2231222073686F7773656C656374696F6E68616E646C65733D22302220616C6C6F776E756467696E673D223122206973616E6E6F746174696F6E3D22302220646F6E746175746F6C61796F75743D2230222067726F7570636F6C6C61707365643D2230222074616273746F703D2231222076697369626C653D22312220736E6170746F677269643D2231223E3C636F6E74726F6C3E3C646473786D6C6F626A65637473747265616D696E6974777261707065722062696E6172793D22323134333334313230383030303030306466316130303030316132383030303037383536333431323037303030303030313430313030303037333030373930303733303035663030353530303733303036353030373230303464303036353030366530303735303034333030366630303663303037353030366430303665303035333030363530303734303037343030363930303665303036373030303030306666663065616666666666306561666666666630656166666666663065616666666666306561666666666630656166666666663065616666666666306561666666666630656166666666663065616666666666306561666666666630656166666666663065616666666666306561666666666630656166666666663065616666666666306561666666666630656166666666663065616666666666306561666666666630656166666666663065616666666666306561666666666630656166666666663065616666666666306561666666666630656166666666663065616666666666306561666666666630656166666666663065616666666666306561666666666630656166666666663065616666666666306561666666666630656166666666663065616666303030303030303066656634663266666665663466326666666566346632666666656634663266666665663466326666666566346632666666656634663266666665663466326666666566343030303030303030303030303030303030303030303130303030303030353030303030303534303030303030326330303030303032633030303030303263303030303030333430303030303030303030303030303030303030303030333832653030303032363232303030303030303030303030326430313030303030643030303030303063303030303030303730303030303031633031303030303530306130303030373030383030303036303030303030303738303030303030353430303030303061303035303030306234303030303030366330303030303062343030303030306534303030303030396330303030303030303030303030303031303030303030646631613030303031613238303030303030303030303030313030303030303030633030303030303032303030303030303230303030303031633031303030306338306130303030303030303030303030313030303030303430313530303030356330373030303030303030303030303032303030303030303230303030303030323030303030303032303030303030316330313030303035303061303030303031303030303030303030303030303034303135303030306535303230303030303030303030303030303030303030303030303030303030303230303030303030323030303030303163303130303030353030613030303030303030303030303030303030303030323433383030303032363232303030303030303030303030303030303030303030643030303030303034303030303030303430303030303031633031303030303530306130303030333030633030303038303037303030303738353633343132303430303030303037633030303030303031303030303030303130303030303030623030303030303030303030303030303130303030303030323030303030303033303030303030303430303030303030353030303030303036303030303030303730303030303030383030303030303039303030303030306130303030303030343030303030303634303036323030366630303030303031613030303030303733303037393030373330303566303035353030373330303635303037323030346430303635303036653030373530303433303036663030366330303735303036643030366530303533303036353030373430303734303036393030366530303637303030303030222F3E3C2F636F6E74726F6C3E3C6C61796F75746F626A6563743E3C646473786D6C6F626A3E3C70726F7065727479206E616D653D224163746976655461626C65566965774D6F6465222076616C75653D22312220766172747970653D2238222F3E3C70726F7065727479206E616D653D225461626C65566965774D6F64653A30222076616C75653D22342C302C3238342C302C323634302C312C323136302C352C313434302220766172747970653D2238222F3E3C70726F7065727479206E616D653D225461626C65566965774D6F64653A31222076616C75653D22322C302C3238342C302C323736302220766172747970653D2238222F3E3C70726F7065727479206E616D653D225461626C65566965774D6F64653A32222076616C75653D22322C302C3238342C302C323634302220766172747970653D2238222F3E3C70726F7065727479206E616D653D225461626C65566965774D6F64653A33222076616C75653D22322C302C3238342C302C323634302220766172747970653D2238222F3E3C70726F7065727479206E616D653D225461626C65566965774D6F64653A34222076616C75653D22342C302C3238342C302C323634302C31322C333132302C31312C313932302220766172747970653D2238222F3E3C2F646473786D6C6F626A3E3C2F6C61796F75746F626A6563743E3C73686170652067726F7570736861706569643D2230222067726F75706E6F64653D2230222F3E3C2F646473636F6E74726F6C3E3C646473636F6E74726F6C2073656D616E746963636F6F6B69653D22303131363264363030313030303030303634303036323030366630303030303034363030346230303566303037333030373930303733303035663030353530303733303036353030373230303464303036353030366530303735303034333030366630303663303037353030366430303665303035333030363530303734303037343030363930303665303036373030356630303733303037393030373330303566303036643030363530303665303037353030303030302220636F6E74726F6C70726F6769643D224D534444532E506F6C796C696E652E3038302E312220746F6F6C7469703D22E2809C7379735F6D656E75E2809DE4B88EE2809C7379735F557365724D656E75436F6C756D6E53657474696E67E2809DE4B98BE997B4E79A84E585B3E7B3BBE2809C464B5F7379735F557365724D656E75436F6C756D6E53657474696E675F7379735F6D656E75E2809D22206C6566743D2234363234332220746F703D2231373738363722206C6F676963616C69643D223133332220636F6E74726F6C69643D2231333322206D617374657269643D2230222068696E74313D2230222068696E74323D2230222077696474683D2238313522206865696768743D223337323922206E6F726573697A653D223022206E6F6D6F76653D223022206E6F64656661756C74617474616368706F696E74733D223122206175746F647261673D2230222075736564656661756C7469646473686170653D2230222073656C65637461626C653D2231222073686F7773656C656374696F6E68616E646C65733D22302220616C6C6F776E756467696E673D223122206973616E6E6F746174696F6E3D22302220646F6E746175746F6C61796F75743D2230222067726F7570636F6C6C61707365643D2230222074616273746F703D2231222076697369626C653D22312220736E6170746F677269643D2230223E3C636F6E74726F6C3E3C646473786D6C6F626A3E3C706F6C796C696E6520656E64747970656473743D22302220656E64747970657372633D2232222075736572636F6C6F723D22313537393033323022206C696E657374796C653D223022206C696E6572656E6465723D22302220637573746F6D656E647479706564737469643D22302220637573746F6D656E647479706573726369643D2230222061646F726E7376697369626C653D2231223E3C61646F726E6D656E742070657263656E74706F733D2234392E393938383936353633392220636F6E74726F6C69643D22313334222077696474683D223638323822206865696768743D223331382220736964653D223022206265686176696F723D2233222068696D65747269633D223131363622206469737466726F6D6C696E653D22313735222073746172746F626A3D22302220783D2234363832352220793D22313739353734222076697369626C653D22302220616C6C6F776F7665726C61703D2231222075736570657263656E743D2231222F3E3C2F706F6C796C696E653E3C2F646473786D6C6F626A3E3C2F636F6E74726F6C3E3C6C61796F75746F626A6563743E3C646473786D6C6F626A2F3E3C2F6C61796F75746F626A6563743E3C636F6E6E6563746F7220736F7572636569643D22373722206465737469643D223133322220736F75726365617474616368706F696E743D223430222064657374617474616368706F696E743D22343122207365676D656E74656469746D6F64653D2230222062656E64706F696E74656469746D6F64653D2230222062656E64706F696E747669736962696C6974793D2230222072656C6174656469643D223022207669727475616C3D2230223E3C706F696E7420783D2234363635302220793D22313830393030222F3E3C706F696E7420783D2234363635302220793D22313738353636222F3E3C2F636F6E6E6563746F723E3C2F646473636F6E74726F6C3E3C646473636F6E74726F6C2073656D616E746963636F6F6B69653D22303136356663323765303635666332372220636F6E74726F6C70726F6769643D224D534444532E546578742E3038302E3122206C6566743D2234363832352220746F703D2231373935373422206C6F676963616C69643D223133342220636F6E74726F6C69643D2231333422206D617374657269643D22313333222068696E74313D2230222068696E74323D2230222077696474683D223638323822206865696768743D2233313822206E6F726573697A653D223122206E6F6D6F76653D223022206E6F64656661756C74617474616368706F696E74733D223122206175746F647261673D2231222075736564656661756C7469646473686170653D2231222073656C65637461626C653D2231222073686F7773656C656374696F6E68616E646C65733D22312220616C6C6F776E756467696E673D223122206973616E6E6F746174696F6E3D22302220646F6E746175746F6C61796F75743D2231222067726F7570636F6C6C61707365643D2230222074616273746F703D2230222076697369626C653D22302220736E6170746F677269643D2230223E3C636F6E74726F6C3E3C646473786D6C6F626A65637473747265616D696E6974777261707065722062696E6172793D223030303230303030616331613030303033653031303030303033303030303030303030306666666666663030303830303030383030313030303030303135303030313836303030303930303139303566303130303034636263656363653532353030343630303462303035663030373330303739303037333030356630303535303037333030363530303732303034643030363530303665303037353030343330303666303036633030373530303664303036653030353330303635303037343030373430303639303036653030363730303566303037333030373930303733303035663030366430303635303036653030373530303030303030303030222F3E3C2F636F6E74726F6C3E3C6C61796F75746F626A6563743E3C646473786D6C6F626A2F3E3C2F6C61796F75746F626A6563743E3C73686170652067726F7570736861706569643D2230222067726F75706E6F64653D2230222F3E3C2F646473636F6E74726F6C3E3C646473636F6E74726F6C2073656D616E746963636F6F6B69653D22303131363264363030313030303030303634303036323030366630303030303034363030346230303566303037333030373930303733303035663030353530303733303036353030373230303464303036353030366530303735303034333030366630303663303037353030366430303665303035333030363530303734303037343030363930303665303036373030356630303733303037393030373330303566303037353030373330303635303037323030303030302220636F6E74726F6C70726F6769643D224D534444532E506F6C796C696E652E3038302E312220746F6F6C7469703D22E2809C7379735F75736572E2809DE4B88EE2809C7379735F557365724D656E75436F6C756D6E53657474696E67E2809DE4B98BE997B4E79A84E585B3E7B3BBE2809C464B5F7379735F557365724D656E75436F6C756D6E53657474696E675F7379735F75736572E2809D22206C6566743D2233333334332220746F703D2231353938393922206C6F676963616C69643D223133352220636F6E74726F6C69643D2231333522206D617374657269643D2230222068696E74313D2230222068696E74323D2230222077696474683D22313339383722206865696768743D223931303122206E6F726573697A653D223022206E6F6D6F76653D223022206E6F64656661756C74617474616368706F696E74733D223122206175746F647261673D2230222075736564656661756C7469646473686170653D2230222073656C65637461626C653D2231222073686F7773656C656374696F6E68616E646C65733D22302220616C6C6F776E756467696E673D223122206973616E6E6F746174696F6E3D22302220646F6E746175746F6C61796F75743D2230222067726F7570636F6C6C61707365643D2230222074616273746F703D2231222076697369626C653D22312220736E6170746F677269643D2230223E3C636F6E74726F6C3E3C646473786D6C6F626A3E3C706F6C796C696E6520656E64747970656473743D22302220656E64747970657372633D2232222075736572636F6C6F723D22313537393033323022206C696E657374796C653D223022206C696E6572656E6465723D22302220637573746F6D656E647479706564737469643D22302220637573746F6D656E647479706573726369643D2230222061646F726E7376697369626C653D2231223E3C61646F726E6D656E742070657263656E74706F733D2235302220636F6E74726F6C69643D22313336222077696474683D223638323822206865696768743D223331382220736964653D223022206265686176696F723D2233222068696D65747269633D22313034353322206469737466726F6D6C696E653D22313735222073746172746F626A3D22302220783D2233313436382220793D22313636353031222076697369626C653D22302220616C6C6F776F7665726C61703D2231222075736570657263656E743D2231222F3E3C2F706F6C796C696E653E3C2F646473786D6C6F626A3E3C2F636F6E74726F6C3E3C6C61796F75746F626A6563743E3C646473786D6C6F626A2F3E3C2F6C61796F75746F626A6563743E3C636F6E6E6563746F7220736F7572636569643D2231323022206465737469643D223133322220736F75726365617474616368706F696E743D223433222064657374617474616368706F696E743D22343422207365676D656E74656469746D6F64653D2230222062656E64706F696E74656469746D6F64653D2230222062656E64706F696E747669736962696C6974793D2230222072656C6174656469643D223022207669727475616C3D2230223E3C706F696E7420783D2233333735302220793D22313630353934222F3E3C706F696E7420783D2233333735302220793D22313636333236222F3E3C706F696E7420783D2234363935302220793D22313636333236222F3E3C706F696E7420783D2234363935302220793D22313638333030222F3E3C2F636F6E6E6563746F723E3C2F646473636F6E74726F6C3E3C646473636F6E74726F6C2073656D616E746963636F6F6B69653D22303136366663323732303636666332372220636F6E74726F6C70726F6769643D224D534444532E546578742E3038302E3122206C6566743D2233313436382220746F703D2231363635303122206C6F676963616C69643D223133362220636F6E74726F6C69643D2231333622206D617374657269643D22313335222068696E74313D2230222068696E74323D2230222077696474683D223638323822206865696768743D2233313822206E6F726573697A653D223122206E6F6D6F76653D223022206E6F64656661756C74617474616368706F696E74733D223122206175746F647261673D2231222075736564656661756C7469646473686170653D2231222073656C65637461626C653D2231222073686F7773656C656374696F6E68616E646C65733D22312220616C6C6F776E756467696E673D223122206973616E6E6F746174696F6E3D22302220646F6E746175746F6C61796F75743D2231222067726F7570636F6C6C61707365643D2230222074616273746F703D2230222076697369626C653D22302220736E6170746F677269643D2230223E3C636F6E74726F6C3E3C646473786D6C6F626A65637473747265616D696E6974777261707065722062696E6172793D223030303230303030616331613030303033653031303030303033303030303030303030306666666666663030303830303030383030313030303030303135303030313836303030303930303139303566303130303034636263656363653532353030343630303462303035663030373330303739303037333030356630303535303037333030363530303732303034643030363530303665303037353030343330303666303036633030373530303664303036653030353330303635303037343030373430303639303036653030363730303566303037333030373930303733303035663030373530303733303036353030373230303030303030303030222F3E3C2F636F6E74726F6C3E3C6C61796F75746F626A6563743E3C646473786D6C6F626A2F3E3C2F6C61796F75746F626A6563743E3C73686170652067726F7570736861706569643D2230222067726F75706E6F64653D2230222F3E3C2F646473636F6E74726F6C3E3C646473636F6E74726F6C20636F6E74726F6C70726F6769643D227B36323341433037352D324337372D343837332D383833442D3933304234333634423442437D2220746F6F6C7469703D227379735F757365724F7267616E697A654D617022206C6566743D2233343830302220746F703D2231373430303022206C6F676963616C69643D223133372220636F6E74726F6C69643D2231333722206D617374657269643D2230222068696E74313D2230222068696E74323D2230222077696474683D223632383722206865696768743D223238333622206E6F726573697A653D223022206E6F6D6F76653D223022206E6F64656661756C74617474616368706F696E74733D223022206175746F647261673D2230222075736564656661756C7469646473686170653D2230222073656C65637461626C653D2231222073686F7773656C656374696F6E68616E646C65733D22302220616C6C6F776E756467696E673D223122206973616E6E6F746174696F6E3D22302220646F6E746175746F6C61796F75743D2230222067726F7570636F6C6C61707365643D2230222074616273746F703D2231222076697369626C653D22312220736E6170746F677269643D2231223E3C636F6E74726F6C3E3C646473786D6C6F626A65637473747265616D696E6974777261707065722062696E6172793D22323134333334313230383030303030303866313830303030313430623030303037383536333431323037303030303030313430313030303037333030373930303733303035663030373530303733303036353030373230303466303037323030363730303631303036653030363930303761303036353030346430303631303037303030303030306666663065616666666666306561666666666630656166666666663065616666666666306561666666666630656166666332656665396665363132383661666566656431386266656666663065616666666666306561666666666630656166666666663065616666666666306561666666666630656166666666663065616666633265666539666536313238366166656665643138626665666666306561666666666630656166666666663065616666666666306561666666666630656166666666663065616666666666306561666666666630656166666666663065616666666666306561666666666630656166666666663065616666666666306561666666666630656166666666663065616666666666306561666666666630656166663631393363616665336532393162666633653239316266663365323931626666336532393162666633653239316266663365323931626666336532393162666633653239316266663365323931626666336532393162666633653239316266666530393334346665666666303030303030303030303030303030303030303030303130303030303030353030303030303534303030303030326330303030303032633030303030303263303030303030333430303030303030303030303030303030303030303030333832653030303063313134303030303030303030303030326430313030303030373030303030303063303030303030303730303030303031633031303030303530306130303030373030383030303036303030303030303738303030303030353430303030303061303035303030306234303030303030366330303030303062343030303030306534303030303030396330303030303030303030303030303031303030303030386631383030303031343062303030303030303030303030303330303030303030333030303030303032303030303030303230303030303031633031303030306438303930303030303030303030303030313030303030303430313530303030393730393030303030303030303030303033303030303030303330303030303030323030303030303032303030303030316330313030303035303061303030303031303030303030303030303030303034303135303030306535303230303030303030303030303030303030303030303030303030303030303230303030303030323030303030303163303130303030353030613030303030303030303030303030303030303030323433383030303032363232303030303030303030303030303030303030303030643030303030303034303030303030303430303030303031633031303030303530306130303030333030633030303038303037303030303738353633343132303430303030303037303030303030303031303030303030303130303030303030623030303030303030303030303030303130303030303030323030303030303033303030303030303430303030303030353030303030303036303030303030303730303030303030383030303030303039303030303030306130303030303030343030303030303634303036323030366630303030303031343030303030303733303037393030373330303566303037353030373330303635303037323030346630303732303036373030363130303665303036393030376130303635303034643030363130303730303030303030222F3E3C2F636F6E74726F6C3E3C6C61796F75746F626A6563743E3C646473786D6C6F626A3E3C70726F7065727479206E616D653D224163746976655461626C65566965774D6F6465222076616C75653D22312220766172747970653D2238222F3E3C70726F7065727479206E616D653D225461626C65566965774D6F64653A30222076616C75653D22342C302C3238342C302C323634302C312C323136302C352C313434302220766172747970653D2238222F3E3C70726F7065727479206E616D653D225461626C65566965774D6F64653A31222076616C75653D22322C302C3238342C302C323532302220766172747970653D2238222F3E3C70726F7065727479206E616D653D225461626C65566965774D6F64653A32222076616C75653D22322C302C3238342C302C323634302220766172747970653D2238222F3E3C70726F7065727479206E616D653D225461626C65566965774D6F64653A33222076616C75653D22322C302C3238342C302C323634302220766172747970653D2238222F3E3C70726F7065727479206E616D653D225461626C65566965774D6F64653A34222076616C75653D22342C302C3238342C302C323634302C31322C333132302C31312C313932302220766172747970653D2238222F3E3C2F646473786D6C6F626A3E3C2F6C61796F75746F626A6563743E3C73686170652067726F7570736861706569643D2230222067726F75706E6F64653D2230222F3E3C2F646473636F6E74726F6C3E3C646473636F6E74726F6C2073656D616E746963636F6F6B69653D223031346666393737303130303030303036343030363230303666303030303030343630303462303035663030356630303533303037393030373330303535303037333030363530303732303034663030373230303566303035663030353530303733303036353030373230303433303035663030356630303330303034363030333630303332303033343030343130303436303033383030303030302220636F6E74726F6C70726F6769643D224D534444532E506F6C796C696E652E3038302E312220746F6F6C7469703D22E2809C7379735F75736572E2809DE4B88EE2809C7379735F757365724F7267616E697A654D6170E2809DE4B98BE997B4E79A84E585B3E7B3BBE2809C464B5F5F537973557365724F725F5F55736572435F5F3046363234414638E2809D22206C6566743D2233323839332220746F703D2231353938393922206C6F676963616C69643D223133382220636F6E74726F6C69643D2231333822206D617374657269643D2230222068696E74313D2230222068696E74323D2230222077696474683D223534333722206865696768743D22313438303122206E6F726573697A653D223022206E6F6D6F76653D223022206E6F64656661756C74617474616368706F696E74733D223122206175746F647261673D2230222075736564656661756C7469646473686170653D2230222073656C65637461626C653D2231222073686F7773656C656374696F6E68616E646C65733D22302220616C6C6F776E756467696E673D223122206973616E6E6F746174696F6E3D22302220646F6E746175746F6C61796F75743D2230222067726F7570636F6C6C61707365643D2230222074616273746F703D2231222076697369626C653D22312220736E6170746F677269643D2230223E3C636F6E74726F6C3E3C646473786D6C6F626A3E3C706F6C796C696E6520656E64747970656473743D22302220656E64747970657372633D2232222075736572636F6C6F723D22313537393033323022206C696E657374796C653D223022206C696E6572656E6465723D22302220637573746F6D656E647479706564737469643D22302220637573746F6D656E647479706573726369643D2230222061646F726E7376697369626C653D2231223E3C61646F726E6D656E742070657263656E74706F733D2235302220636F6E74726F6C69643D22313339222077696474683D223535333722206865696768743D223331382220736964653D223022206265686176696F723D2233222068696D65747269633D223930323822206469737466726F6D6C696E653D22313735222073746172746F626A3D22302220783D2233303730342220793D22313636363831222076697369626C653D22302220616C6C6F776F7665726C61703D2231222075736570657263656E743D2231222F3E3C2F706F6C796C696E653E3C2F646473786D6C6F626A3E3C2F636F6E74726F6C3E3C6C61796F75746F626A6563743E3C646473786D6C6F626A2F3E3C2F6C61796F75746F626A6563743E3C636F6E6E6563746F7220736F7572636569643D2231323022206465737469643D223133372220736F75726365617474616368706F696E743D223337222064657374617474616368706F696E743D22343022207365676D656E74656469746D6F64653D2230222062656E64706F696E74656469746D6F64653D2230222062656E64706F696E747669736962696C6974793D2230222072656C6174656469643D223022207669727475616C3D2230223E3C706F696E7420783D2233333330302220793D22313630353934222F3E3C706F696E7420783D2233333330302220793D22313636353036222F3E3C706F696E7420783D2233373935302220793D22313636353036222F3E3C706F696E7420783D2233373935302220793D22313734303030222F3E3C2F636F6E6E6563746F723E3C2F646473636F6E74726F6C3E3C646473636F6E74726F6C2073656D616E746963636F6F6B69653D22303136636663323732303663666332372220636F6E74726F6C70726F6769643D224D534444532E546578742E3038302E3122206C6566743D2233303730342220746F703D2231363636383122206C6F676963616C69643D223133392220636F6E74726F6C69643D2231333922206D617374657269643D22313338222068696E74313D2230222068696E74323D2230222077696474683D223535333722206865696768743D2233313822206E6F726573697A653D223122206E6F6D6F76653D223022206E6F64656661756C74617474616368706F696E74733D223122206175746F647261673D2231222075736564656661756C7469646473686170653D2231222073656C65637461626C653D2231222073686F7773656C656374696F6E68616E646C65733D22312220616C6C6F776E756467696E673D223122206973616E6E6F746174696F6E3D22302220646F6E746175746F6C61796F75743D2231222067726F7570636F6C6C61707365643D2230222074616273746F703D2230222076697369626C653D22302220736E6170746F677269643D2230223E3C636F6E74726F6C3E3C646473786D6C6F626A65637473747265616D696E6974777261707065722062696E6172793D2230303032303030306131313530303030336530313030303030333030303030303030303066666666666630303038303030303830303130303030303031353030303138363030303039303031393035663031303030346362636563636535316530303436303034623030356630303566303035333030373930303733303035353030373330303635303037323030346630303732303035663030356630303535303037333030363530303732303034333030356630303566303033303030343630303336303033323030333430303431303034363030333830303030303030303030222F3E3C2F636F6E74726F6C3E3C6C61796F75746F626A6563743E3C646473786D6C6F626A2F3E3C2F6C61796F75746F626A6563743E3C73686170652067726F7570736861706569643D2230222067726F75706E6F64653D2230222F3E3C2F646473636F6E74726F6C3E3C646473636F6E74726F6C2073656D616E746963636F6F6B69653D223031346666393737303130303030303036343030363230303666303030303030343630303462303035663030356630303533303037393030373330303535303037333030363530303732303034663030373230303566303035663030346630303732303036373030363130303665303035663030356630303330303034353030333630303435303033323030333630303432303034363030303030302220636F6E74726F6C70726F6769643D224D534444532E506F6C796C696E652E3038302E312220746F6F6C7469703D22E2809C7379735F6F7267616E697A65E2809DE4B88EE2809C7379735F757365724F7267616E697A654D6170E2809DE4B98BE997B4E79A84E585B3E7B3BBE2809C464B5F5F537973557365724F725F5F4F7267616E5F5F3045364532364246E2809D22206C6566743D2233323038372220746F703D2231373530393322206C6F676963616C69643D223134302220636F6E74726F6C69643D2231343022206D617374657269643D2230222068696E74313D2230222068696E74323D2230222077696474683D223330313322206865696768743D2238313522206E6F726573697A653D223022206E6F6D6F76653D223022206E6F64656661756C74617474616368706F696E74733D223122206175746F647261673D2230222075736564656661756C7469646473686170653D2230222073656C65637461626C653D2231222073686F7773656C656374696F6E68616E646C65733D22302220616C6C6F776E756467696E673D223122206973616E6E6F746174696F6E3D22302220646F6E746175746F6C61796F75743D2230222067726F7570636F6C6C61707365643D2230222074616273746F703D2231222076697369626C653D22312220736E6170746F677269643D2230223E3C636F6E74726F6C3E3C646473786D6C6F626A3E3C706F6C796C696E6520656E64747970656473743D22302220656E64747970657372633D2232222075736572636F6C6F723D22313537393033323022206C696E657374796C653D223022206C696E6572656E6465723D22302220637573746F6D656E647479706564737469643D22302220637573746F6D656E647479706573726369643D2230222061646F726E7376697369626C653D2231223E3C61646F726E6D656E742070657263656E74706F733D2235342E383531363333393035303935382220636F6E74726F6C69643D22313431222077696474683D223535333722206865696768743D223331382220736964653D223022206265686176696F723D2233222068696D65747269633D223133323322206469737466726F6D6C696E653D22313735222073746172746F626A3D22302220783D2233303637342220793D22313735363735222076697369626C653D22302220616C6C6F776F7665726C61703D2231222075736570657263656E743D2231222F3E3C2F706F6C796C696E653E3C2F646473786D6C6F626A3E3C2F636F6E74726F6C3E3C6C61796F75746F626A6563743E3C646473786D6C6F626A2F3E3C2F6C61796F75746F626A6563743E3C636F6E6E6563746F7220736F7572636569643D22383822206465737469643D223133372220736F75726365617474616368706F696E743D22313233222064657374617474616368706F696E743D2231303022207365676D656E74656469746D6F64653D2230222062656E64706F696E74656469746D6F64653D2230222062656E64706F696E747669736962696C6974793D2230222072656C6174656469643D223022207669727475616C3D2230223E3C706F696E7420783D2233323338372220793D22313735353030222F3E3C706F696E7420783D2233343830302220793D22313735353030222F3E3C2F636F6E6E6563746F723E3C2F646473636F6E74726F6C3E3C646473636F6E74726F6C2073656D616E746963636F6F6B69653D22303136356663323761303635666332372220636F6E74726F6C70726F6769643D224D534444532E546578742E3038302E3122206C6566743D2233303637342220746F703D2231373536373522206C6F676963616C69643D223134312220636F6E74726F6C69643D2231343122206D617374657269643D22313430222068696E74313D2230222068696E74323D2230222077696474683D223535333722206865696768743D2233313822206E6F726573697A653D223122206E6F6D6F76653D223022206E6F64656661756C74617474616368706F696E74733D223122206175746F647261673D2231222075736564656661756C7469646473686170653D2231222073656C65637461626C653D2231222073686F7773656C656374696F6E68616E646C65733D22312220616C6C6F776E756467696E673D223122206973616E6E6F746174696F6E3D22302220646F6E746175746F6C61796F75743D2231222067726F7570636F6C6C61707365643D2230222074616273746F703D2230222076697369626C653D22302220736E6170746F677269643D2230223E3C636F6E74726F6C3E3C646473786D6C6F626A65637473747265616D696E6974777261707065722062696E6172793D2230303032303030306131313530303030336530313030303030333030303030303030303066666666666630303038303030303830303130303030303031353030303138363030303039303031393035663031303030346362636563636535316530303436303034623030356630303566303035333030373930303733303035353030373330303635303037323030346630303732303035663030356630303466303037323030363730303631303036653030356630303566303033303030343530303336303034353030333230303336303034323030343630303030303030303030222F3E3C2F636F6E74726F6C3E3C6C61796F75746F626A6563743E3C646473786D6C6F626A2F3E3C2F6C61796F75746F626A6563743E3C73686170652067726F7570736861706569643D2230222067726F75706E6F64653D2230222F3E3C2F646473636F6E74726F6C3E3C646473636F6E74726F6C20636F6E74726F6C70726F6769643D227B36323341433037352D324337372D343837332D383833442D3933304234333634423442437D2220746F6F6C7469703D227379735F75736572526F6C654D617022206C6566743D2231373430302220746F703D2231363731303022206C6F676963616C69643D223134322220636F6E74726F6C69643D2231343222206D617374657269643D2230222068696E74313D2230222068696E74323D2230222077696474683D223632383722206865696768743D223238333622206E6F726573697A653D223022206E6F6D6F76653D223022206E6F64656661756C74617474616368706F696E74733D223022206175746F647261673D2230222075736564656661756C7469646473686170653D2230222073656C65637461626C653D2231222073686F7773656C656374696F6E68616E646C65733D22302220616C6C6F776E756467696E673D223122206973616E6E6F746174696F6E3D22302220646F6E746175746F6C61796F75743D2230222067726F7570636F6C6C61707365643D2230222074616273746F703D2231222076697369626C653D22312220736E6170746F677269643D2231223E3C636F6E74726F6C3E3C646473786D6C6F626A65637473747265616D696E6974777261707065722062696E6172793D223231343333343132303830303030303038663138303030303134306230303030373835363334313230373030303030303134303130303030373330303739303037333030356630303735303037333030363530303732303035323030366630303663303036353030346430303631303037303030303030303132303030303030313430303030303031363030303030303138303030303030316130303030303031633030303030303165303030303030323030303030303032323030303030303234303030303030323630303030303032383030303030303261303030303030326330303030303032653030303030303330303030303030333230303030303033343030303030303336303030303030333830303030303033613030303030303363303030303030336530303030303034303030303030303432303030303030343430303030303034363030303030303438303030303030346130303030303034633030303030303465303030303030353030303030303035333030303030303535303030303030353730303030303035393030303030303562303030303030356430303030303035663030303030303631303030303030363330303030303036353030303030303637303030303030363930303030303036623030303030303664303030303030366630303030303037313030303030303733303030303030373530303030303037373030303030303739303030303030303030303030303030303030303030303031303030303030303530303030303035343030303030303263303030303030326330303030303032633030303030303334303030303030303030303030303030303030303030303338326530303030633131343030303030303030303030303264303130303030303730303030303030633030303030303037303030303030316330313030303035303061303030303730303830303030363030303030303037383030303030303534303030303030613030353030303062343030303030303663303030303030623430303030303065343030303030303963303030303030303030303030303030313030303030303866313830303030313430623030303030303030303030303033303030303030303330303030303030323030303030303032303030303030316330313030303064383039303030303030303030303030303130303030303034303135303030303937303930303030303030303030303030333030303030303033303030303030303230303030303030323030303030303163303130303030353030613030303030313030303030303030303030303030343031353030303065353032303030303030303030303030303030303030303030303030303030303032303030303030303230303030303031633031303030303530306130303030303030303030303030303030303030303234333830303030323632323030303030303030303030303030303030303030306430303030303030343030303030303034303030303030316330313030303035303061303030303330306330303030383030373030303037383536333431323034303030303030363830303030303030313030303030303031303030303030306230303030303030303030303030303031303030303030303230303030303030333030303030303034303030303030303530303030303030363030303030303037303030303030303830303030303030393030303030303061303030303030303430303030303036343030363230303666303030303030313030303030303037333030373930303733303035663030373530303733303036353030373230303532303036663030366330303635303034643030363130303730303030303030222F3E3C2F636F6E74726F6C3E3C6C61796F75746F626A6563743E3C646473786D6C6F626A3E3C70726F7065727479206E616D653D224163746976655461626C65566965774D6F6465222076616C75653D22312220766172747970653D2238222F3E3C70726F7065727479206E616D653D225461626C65566965774D6F64653A30222076616C75653D22342C302C3238342C302C323634302C312C323136302C352C313434302220766172747970653D2238222F3E3C70726F7065727479206E616D653D225461626C65566965774D6F64653A31222076616C75653D22322C302C3238342C302C323532302220766172747970653D2238222F3E3C70726F7065727479206E616D653D225461626C65566965774D6F64653A32222076616C75653D22322C302C3238342C302C323634302220766172747970653D2238222F3E3C70726F7065727479206E616D653D225461626C65566965774D6F64653A33222076616C75653D22322C302C3238342C302C323634302220766172747970653D2238222F3E3C70726F7065727479206E616D653D225461626C65566965774D6F64653A34222076616C75653D22342C302C3238342C302C323634302C31322C333132302C31312C313932302220766172747970653D2238222F3E3C2F646473786D6C6F626A3E3C2F6C61796F75746F626A6563743E3C73686170652067726F7570736861706569643D2230222067726F75706E6F64653D2230222F3E3C2F646473636F6E74726F6C3E3C646473636F6E74726F6C2073656D616E746963636F6F6B69653D223031346666393737303130303030303036343030363230303666303030303030343630303462303035663030356630303533303037393030373330303535303037333030363530303732303035323030366630303566303035663030353230303666303036633030363530303433303035663030356630303331303033313030333430303431303033393030333330303336303034313030303030302220636F6E74726F6C70726F6769643D224D534444532E506F6C796C696E652E3038302E312220746F6F6C7469703D22E2809C7379735F726F6C65E2809DE4B88EE2809C7379735F75736572526F6C654D6170E2809DE4B98BE997B4E79A84E585B3E7B3BBE2809C464B5F5F53797355736572526F5F5F526F6C65435F5F3131344139333641E2809D22206C6566743D2231343638372220746F703D2231363830373122206C6F676963616C69643D223134332220636F6E74726F6C69643D2231343322206D617374657269643D2230222068696E74313D2230222068696E74323D2230222077696474683D223330313322206865696768743D223735333722206E6F726573697A653D223022206E6F6D6F76653D223022206E6F64656661756C74617474616368706F696E74733D223122206175746F647261673D2230222075736564656661756C7469646473686170653D2230222073656C65637461626C653D2231222073686F7773656C656374696F6E68616E646C65733D22302220616C6C6F776E756467696E673D223122206973616E6E6F746174696F6E3D22302220646F6E746175746F6C61796F75743D2230222067726F7570636F6C6C61707365643D2230222074616273746F703D2231222076697369626C653D22312220736E6170746F677269643D2230223E3C636F6E74726F6C3E3C646473786D6C6F626A3E3C706F6C796C696E6520656E64747970656473743D22302220656E64747970657372633D2232222075736572636F6C6F723D22313537393033323022206C696E657374796C653D223022206C696E6572656E6465723D22302220637573746F6D656E647479706564737469643D22302220637573746F6D656E647479706573726369643D2230222061646F726E7376697369626C653D2231223E3C61646F726E6D656E742070657263656E74706F733D2235362E383334353332333734313030372220636F6E74726F6C69643D22313434222077696474683D223535333722206865696768743D223331382220736964653D223022206265686176696F723D2233222068696D65747269633D223532303722206469737466726F6D6C696E653D22313735222073746172746F626A3D22302220783D2231363938322220793D22313731393838222076697369626C653D22302220616C6C6F776F7665726C61703D2231222075736570657263656E743D2231222F3E3C2F706F6C796C696E653E3C2F646473786D6C6F626A3E3C2F636F6E74726F6C3E3C6C61796F75746F626A6563743E3C646473786D6C6F626A2F3E3C2F6C61796F75746F626A6563743E3C636F6E6E6563746F7220736F7572636569643D22393422206465737469643D223134322220736F75726365617474616368706F696E743D22313135222064657374617474616368706F696E743D22393822207365676D656E74656469746D6F64653D2230222062656E64706F696E74656469746D6F64653D2230222062656E64706F696E747669736962696C6974793D2230222072656C6174656469643D223022207669727475616C3D2230223E3C706F696E7420783D2231343938372220793D22313735323030222F3E3C706F696E7420783D2231363830372220793D22313735323030222F3E3C706F696E7420783D2231363830372220793D22313638343530222F3E3C706F696E7420783D2231373430302220793D22313638343530222F3E3C2F636F6E6E6563746F723E3C2F646473636F6E74726F6C3E3C646473636F6E74726F6C2073656D616E746963636F6F6B69653D22303136656663323732303665666332372220636F6E74726F6C70726F6769643D224D534444532E546578742E3038302E3122206C6566743D2231363938322220746F703D2231373139383822206C6F676963616C69643D223134342220636F6E74726F6C69643D2231343422206D617374657269643D22313433222068696E74313D2230222068696E74323D2230222077696474683D223535333722206865696768743D2233313822206E6F726573697A653D223122206E6F6D6F76653D223022206E6F64656661756C74617474616368706F696E74733D223122206175746F647261673D2231222075736564656661756C7469646473686170653D2231222073656C65637461626C653D2231222073686F7773656C656374696F6E68616E646C65733D22312220616C6C6F776E756467696E673D223122206973616E6E6F746174696F6E3D22302220646F6E746175746F6C61796F75743D2231222067726F7570636F6C6C61707365643D2230222074616273746F703D2230222076697369626C653D22302220736E6170746F677269643D2230223E3C636F6E74726F6C3E3C646473786D6C6F626A65637473747265616D696E6974777261707065722062696E6172793D2230303032303030306131313530303030336530313030303030333030303030303030303066666666666630303038303030303830303130303030303031353030303138363030303039303031393035663031303030346362636563636535316530303436303034623030356630303566303035333030373930303733303035353030373330303635303037323030353230303666303035663030356630303532303036663030366330303635303034333030356630303566303033313030333130303334303034313030333930303333303033363030343130303030303030303030222F3E3C2F636F6E74726F6C3E3C6C61796F75746F626A6563743E3C646473786D6C6F626A2F3E3C2F6C61796F75746F626A6563743E3C73686170652067726F7570736861706569643D2230222067726F75706E6F64653D2230222F3E3C2F646473636F6E74726F6C3E3C646473636F6E74726F6C2073656D616E746963636F6F6B69653D223031346666393737303130303030303036343030363230303666303030303030343630303462303035663030356630303533303037393030373330303535303037333030363530303732303035323030366630303566303035663030353530303733303036353030373230303433303035663030356630303331303033303030333530303336303033363030343630303333303033313030303030302220636F6E74726F6C70726F6769643D224D534444532E506F6C796C696E652E3038302E312220746F6F6C7469703D22E2809C7379735F75736572E2809DE4B88EE2809C7379735F75736572526F6C654D6170E2809DE4B98BE997B4E79A84E585B3E7B3BBE2809C464B5F5F53797355736572526F5F5F55736572435F5F3130353636463331E2809D22206C6566743D2232303137312220746F703D2231353938393922206C6F676963616C69643D223134352220636F6E74726F6C69643D2231343522206D617374657269643D2230222068696E74313D2230222068696E74323D2230222077696474683D22313330383722206865696768743D223739303122206E6F726573697A653D223022206E6F6D6F76653D223022206E6F64656661756C74617474616368706F696E74733D223122206175746F647261673D2230222075736564656661756C7469646473686170653D2230222073656C65637461626C653D2231222073686F7773656C656374696F6E68616E646C65733D22302220616C6C6F776E756467696E673D223122206973616E6E6F746174696F6E3D22302220646F6E746175746F6C61796F75743D2230222067726F7570636F6C6C61707365643D2230222074616273746F703D2231222076697369626C653D22312220736E6170746F677269643D2230223E3C636F6E74726F6C3E3C646473786D6C6F626A3E3C706F6C796C696E6520656E64747970656473743D22302220656E64747970657372633D2232222075736572636F6C6F723D22313537393033323022206C696E657374796C653D223022206C696E6572656E6465723D22302220637573746F6D656E647479706564737469643D22302220637573746F6D656E647479706573726369643D2230222061646F726E7376697369626C653D2231223E3C61646F726E6D656E742070657263656E74706F733D2234392E393639393333383534343739392220636F6E74726F6C69643D22313436222077696474683D223535333722206865696768743D223331382220736964653D223022206265686176696F723D2233222068696D65747269633D223933393722206469737466726F6D6C696E653D22313735222073746172746F626A3D22302220783D2232333635332220793D22313636303133222076697369626C653D22302220616C6C6F776F7665726C61703D2231222075736570657263656E743D2231222F3E3C2F706F6C796C696E653E3C2F646473786D6C6F626A3E3C2F636F6E74726F6C3E3C6C61796F75746F626A6563743E3C646473786D6C6F626A2F3E3C2F6C61796F75746F626A6563743E3C636F6E6E6563746F7220736F7572636569643D2231323022206465737469643D223134322220736F75726365617474616368706F696E743D223331222064657374617474616368706F696E743D22343022207365676D656E74656469746D6F64653D2230222062656E64706F696E74656469746D6F64653D2230222062656E64706F696E747669736962696C6974793D2230222072656C6174656469643D223022207669727475616C3D2230223E3C706F696E7420783D2233323835302220793D22313630353934222F3E3C706F696E7420783D2233323835302220793D22313636353036222F3E3C706F696E7420783D2232303535302220793D22313636353036222F3E3C706F696E7420783D2232303535302220793D22313637313030222F3E3C2F636F6E6E6563746F723E3C2F646473636F6E74726F6C3E3C646473636F6E74726F6C2073656D616E746963636F6F6B69653D22303136656663323761303665666332372220636F6E74726F6C70726F6769643D224D534444532E546578742E3038302E3122206C6566743D2232333635332220746F703D2231363630313322206C6F676963616C69643D223134362220636F6E74726F6C69643D2231343622206D617374657269643D22313435222068696E74313D2230222068696E74323D2230222077696474683D223535333722206865696768743D2233313822206E6F726573697A653D223122206E6F6D6F76653D223022206E6F64656661756C74617474616368706F696E74733D223122206175746F647261673D2231222075736564656661756C7469646473686170653D2231222073656C65637461626C653D2231222073686F7773656C656374696F6E68616E646C65733D22312220616C6C6F776E756467696E673D223122206973616E6E6F746174696F6E3D22302220646F6E746175746F6C61796F75743D2231222067726F7570636F6C6C61707365643D2230222074616273746F703D2230222076697369626C653D22302220736E6170746F677269643D2230223E3C636F6E74726F6C3E3C646473786D6C6F626A65637473747265616D696E6974777261707065722062696E6172793D2230303032303030306131313530303030336530313030303030333030303030303030303066666666666630303038303030303830303130303030303031353030303138363030303039303031393035663031303030346362636563636535316530303436303034623030356630303566303035333030373930303733303035353030373330303635303037323030353230303666303035663030356630303535303037333030363530303732303034333030356630303566303033313030333030303335303033363030333630303436303033333030333130303030303030303030222F3E3C2F636F6E74726F6C3E3C6C61796F75746F626A6563743E3C646473786D6C6F626A2F3E3C2F6C61796F75746F626A6563743E3C73686170652067726F7570736861706569643D2230222067726F75706E6F64653D2230222F3E3C2F646473636F6E74726F6C3E3C646473636F6E74726F6C20636F6E74726F6C70726F6769643D227B36323341433037352D324337372D343837332D383833442D3933304234333634423442437D2220746F6F6C7469703D227379735F7573657253657474696E6722206C6566743D2236303735302220746F703D2231363731303022206C6F676963616C69643D223134372220636F6E74726F6C69643D2231343722206D617374657269643D2230222068696E74313D2230222068696E74323D2230222077696474683D223632383722206865696768743D223435353122206E6F726573697A653D223022206E6F6D6F76653D223022206E6F64656661756C74617474616368706F696E74733D223022206175746F647261673D2230222075736564656661756C7469646473686170653D2230222073656C65637461626C653D2231222073686F7773656C656374696F6E68616E646C65733D22302220616C6C6F776E756467696E673D223122206973616E6E6F746174696F6E3D22302220646F6E746175746F6C61796F75743D2230222067726F7570636F6C6C61707365643D2230222074616273746F703D2231222076697369626C653D22312220736E6170746F677269643D2231223E3C636F6E74726F6C3E3C646473786D6C6F626A65637473747265616D696E6974777261707065722062696E6172793D223231343333343132303830303030303038663138303030306337313130303030373835363334313230373030303030303134303130303030373330303739303037333030356630303735303037333030363530303732303035333030363530303734303037343030363930303665303036373030303030306666663065616666666666306561666666666630656166666666663065616666666666306561666666666630656166666666663065616666666666306561666666666630656166666666663065616666666666306561666666666630656166666666663065616666666666306561666666666630656166666666663065616666666666306561666630303030303030306665663466326666666566346632666666656634663266666665663466326666666566346632666666656634663266666665663466326666666566346632666666656634663266666665663466326666666566346632666666656633663166666665663566326666666566336632666666656633663266666664663366326666666566336632666639643964396466663837383738376666666466326630666666656633663266666664663266306666666566346632666666656634663166666665663366316666666566346632666666656634663266666665663366316666666566346632666666656634663266666665663466326666666566346632666666656634663266666665663430303030303030303030303030303030303030303031303030303030303530303030303035343030303030303263303030303030326330303030303032633030303030303334303030303030303030303030303030303030303030303338326530303030666331363030303030303030303030303264303130303030303830303030303030633030303030303037303030303030316330313030303035303061303030303730303830303030363030303030303037383030303030303534303030303030613030353030303062343030303030303663303030303030623430303030303065343030303030303963303030303030303030303030303030313030303030303866313830303030633731313030303030303030303030303036303030303030303630303030303030323030303030303032303030303030316330313030303064383039303030303030303030303030303130303030303034303135303030303563303730303030303030303030303030323030303030303032303030303030303230303030303030323030303030303163303130303030353030613030303030313030303030303030303030303030343031353030303065353032303030303030303030303030303030303030303030303030303030303032303030303030303230303030303031633031303030303530306130303030303030303030303030303030303030303234333830303030323632323030303030303030303030303030303030303030306430303030303030343030303030303034303030303030316330313030303035303061303030303330306330303030383030373030303037383536333431323034303030303030363830303030303030313030303030303031303030303030306230303030303030303030303030303031303030303030303230303030303030333030303030303034303030303030303530303030303030363030303030303037303030303030303830303030303030393030303030303061303030303030303430303030303036343030363230303666303030303030313030303030303037333030373930303733303035663030373530303733303036353030373230303533303036353030373430303734303036393030366530303637303030303030222F3E3C2F636F6E74726F6C3E3C6C61796F75746F626A6563743E3C646473786D6C6F626A3E3C70726F7065727479206E616D653D224163746976655461626C65566965774D6F6465222076616C75653D22312220766172747970653D2238222F3E3C70726F7065727479206E616D653D225461626C65566965774D6F64653A30222076616C75653D22342C302C3238342C302C323634302C312C323136302C352C313434302220766172747970653D2238222F3E3C70726F7065727479206E616D653D225461626C65566965774D6F64653A31222076616C75653D22322C302C3238342C302C323532302220766172747970653D2238222F3E3C70726F7065727479206E616D653D225461626C65566965774D6F64653A32222076616C75653D22322C302C3238342C302C323634302220766172747970653D2238222F3E3C70726F7065727479206E616D653D225461626C65566965774D6F64653A33222076616C75653D22322C302C3238342C302C323634302220766172747970653D2238222F3E3C70726F7065727479206E616D653D225461626C65566965774D6F64653A34222076616C75653D22342C302C3238342C302C323634302C31322C333132302C31312C313932302220766172747970653D2238222F3E3C2F646473786D6C6F626A3E3C2F6C61796F75746F626A6563743E3C73686170652067726F7570736861706569643D2230222067726F75706E6F64653D2230222F3E3C2F646473636F6E74726F6C3E3C646473636F6E74726F6C2073656D616E746963636F6F6B69653D223031346666393737303130303030303036343030363230303666303030303030343630303462303035663030356630303733303037393030373330303566303037353030373330303635303037323030353330303566303035663030353530303733303036353030373230303433303035663030356630303333303033323030333730303336303033373030343430303330303034323030303030302220636F6E74726F6C70726F6769643D224D534444532E506F6C796C696E652E3038302E312220746F6F6C7469703D22E2809C7379735F75736572E2809DE4B88EE2809C7379735F7573657253657474696E67E2809DE4B98BE997B4E79A84E585B3E7B3BBE2809C464B5F5F7379735F75736572535F5F55736572435F5F3332373637443042E2809D22206C6566743D2233333739332220746F703D2231353938393922206C6F676963616C69643D223134382220636F6E74726F6C69643D2231343822206D617374657269643D2230222068696E74313D2230222068696E74323D2230222077696474683D22333034383722206865696768743D223739303122206E6F726573697A653D223022206E6F6D6F76653D223022206E6F64656661756C74617474616368706F696E74733D223122206175746F647261673D2230222075736564656661756C7469646473686170653D2230222073656C65637461626C653D2231222073686F7773656C656374696F6E68616E646C65733D22302220616C6C6F776E756467696E673D223122206973616E6E6F746174696F6E3D22302220646F6E746175746F6C61796F75743D2230222067726F7570636F6C6C61707365643D2230222074616273746F703D2231222076697369626C653D22312220736E6170746F677269643D2230223E3C636F6E74726F6C3E3C646473786D6C6F626A3E3C706F6C796C696E6520656E64747970656473743D22302220656E64747970657372633D2232222075736572636F6C6F723D22313537393033323022206C696E657374796C653D223022206C696E6572656E6465723D22302220637573746F6D656E647479706564737469643D22302220637573746F6D656E647479706573726369643D2230222061646F726E7376697369626C653D2231223E3C61646F726E6D656E742070657263656E74706F733D2232312E353736303734303536343931382220636F6E74726F6C69643D22313439222077696474683D223535333722206865696768743D223331382220736964653D223022206265686176696F723D2233222068696D65747269633D223738313122206469737466726F6D6C696E653D22313735222073746172746F626A3D22302220783D2233303734372220793D22313636333231222076697369626C653D22302220616C6C6F776F7665726C61703D2231222075736570657263656E743D2231222F3E3C2F706F6C796C696E653E3C2F646473786D6C6F626A3E3C2F636F6E74726F6C3E3C6C61796F75746F626A6563743E3C646473786D6C6F626A2F3E3C2F6C61796F75746F626A6563743E3C636F6E6E6563746F7220736F7572636569643D2231323022206465737469643D223134372220736F75726365617474616368706F696E743D223439222064657374617474616368706F696E743D22343022207365676D656E74656469746D6F64653D2230222062656E64706F696E74656469746D6F64653D2230222062656E64706F696E747669736962696C6974793D2230222072656C6174656469643D223022207669727475616C3D2230223E3C706F696E7420783D2233343230302220793D22313630353934222F3E3C706F696E7420783D2233343230302220793D22313636313436222F3E3C706F696E7420783D2236333930302220793D22313636313436222F3E3C706F696E7420783D2236333930302220793D22313637313030222F3E3C2F636F6E6E6563746F723E3C2F646473636F6E74726F6C3E3C646473636F6E74726F6C2073656D616E746963636F6F6B69653D22303137306663323736303730666332372220636F6E74726F6C70726F6769643D224D534444532E546578742E3038302E3122206C6566743D2233303734372220746F703D2231363633323122206C6F676963616C69643D223134392220636F6E74726F6C69643D2231343922206D617374657269643D22313438222068696E74313D2230222068696E74323D2230222077696474683D223535333722206865696768743D2233313822206E6F726573697A653D223122206E6F6D6F76653D223022206E6F64656661756C74617474616368706F696E74733D223122206175746F647261673D2231222075736564656661756C7469646473686170653D2231222073656C65637461626C653D2231222073686F7773656C656374696F6E68616E646C65733D22312220616C6C6F776E756467696E673D223122206973616E6E6F746174696F6E3D22302220646F6E746175746F6C61796F75743D2231222067726F7570636F6C6C61707365643D2230222074616273746F703D2230222076697369626C653D22302220736E6170746F677269643D2230223E3C636F6E74726F6C3E3C646473786D6C6F626A65637473747265616D696E6974777261707065722062696E6172793D2230303032303030306131313530303030336530313030303030333030303030303030303066666666666630303038303030303830303130303030303031353030303138363030303039303031393035663031303030346362636563636535316530303436303034623030356630303566303037333030373930303733303035663030373530303733303036353030373230303533303035663030356630303535303037333030363530303732303034333030356630303566303033333030333230303337303033363030333730303434303033303030343230303030303030303030222F3E3C2F636F6E74726F6C3E3C6C61796F75746F626A6563743E3C646473786D6C6F626A2F3E3C2F6C61796F75746F626A6563743E3C73686170652067726F7570736861706569643D2230222067726F75706E6F64653D2230222F3E3C2F646473636F6E74726F6C3E3C646473636F6E74726F6C20636F6E74726F6C70726F6769643D227B36323341433037352D324337372D343837332D383833442D3933304234333634423442437D2220746F6F6C7469703D227761745F416C61726D5061726122206C6566743D2233343935302220746F703D22393033303022206C6F676963616C69643D223135302220636F6E74726F6C69643D2231353022206D617374657269643D2230222068696E74313D2230222068696E74323D2230222077696474683D223632383722206865696768743D223339373922206E6F726573697A653D223022206E6F6D6F76653D223022206E6F64656661756C74617474616368706F696E74733D223022206175746F647261673D2230222075736564656661756C7469646473686170653D2230222073656C65637461626C653D2231222073686F7773656C656374696F6E68616E646C65733D22302220616C6C6F776E756467696E673D223122206973616E6E6F746174696F6E3D22302220646F6E746175746F6C61796F75743D2230222067726F7570636F6C6C61707365643D2230222074616273746F703D2231222076697369626C653D22312220736E6170746F677269643D2231223E3C636F6E74726F6C3E3C646473786D6C6F626A65637473747265616D696E6974777261707065722062696E6172793D22323134333334313230383030303030303866313830303030386230663030303037383536333431323037303030303030313430313030303037373030363130303734303035663030343130303663303036313030373230303664303035303030363130303732303036313030303030306666663065616666336437336162666566656232366166656666663065616666666666306561666633643733616266656332373331616665666666306561666638346232653966656332373331616665666666306561666666666630656166666666663065616666666666306561666666666630656166666666663065616666666666306561666666666630656166666666663065616666633265666539666536313238366166656665643138626665666666306561666666666630656166666666663065616666666666306561666666666630656166666666663065616666666666306561666666666630656166666666663065616666666666306561666663326566653966653364323836616665336532393162666665303933343466656666663065616666633265666539666538343238366166656665656661626665666666306561666666666630656166666666663065616666653065666539666538343466386266653631393338626665633237333161666536313933636166656332373331616665383462326539666538343238316166656665656661626665363139333030303030303030303030303030303030303030303130303030303030353030303030303534303030303030326330303030303032633030303030303263303030303030333430303030303030303030303030303030303030303030333832653030303063313134303030303030303030303030326430313030303030373030303030303063303030303030303730303030303031633031303030303530306130303030373030383030303032303031303030303638303130303030666330303030303061303035303030303163303230303030343430313030303031633032303030306163303230303030643430313030303030303030303030303031303030303030386631383030303038623066303030303030303030303030303530303030303030353030303030303032303030303030303230303030303031633031303030303730303830303030303030303030303030313030303030303430313530303030356330373030303030303030303030303032303030303030303230303030303030323030303030303032303030303030316330313030303035303061303030303031303030303030303030303030303034303135303030306535303230303030303030303030303030303030303030303030303030303030303230303030303030323030303030303163303130303030353030613030303030303030303030303030303030303030323433383030303032363232303030303030303030303030303030303030303030643030303030303034303030303030303430303030303031633031303030303530306130303030333030633030303038303037303030303738353633343132303430303030303036343030303030303031303030303030303130303030303030623030303030303030303030303030303130303030303030323030303030303033303030303030303430303030303030353030303030303036303030303030303730303030303030383030303030303039303030303030306130303030303030343030303030303634303036323030366630303030303030653030303030303737303036313030373430303566303034313030366330303631303037323030366430303530303036313030373230303631303030303030222F3E3C2F636F6E74726F6C3E3C6C61796F75746F626A6563743E3C646473786D6C6F626A3E3C70726F7065727479206E616D653D224163746976655461626C65566965774D6F6465222076616C75653D22312220766172747970653D2238222F3E3C70726F7065727479206E616D653D225461626C65566965774D6F64653A30222076616C75653D22342C302C3238342C302C323634302C312C323136302C352C313434302220766172747970653D2238222F3E3C70726F7065727479206E616D653D225461626C65566965774D6F64653A31222076616C75653D22322C302C3238342C302C323136302220766172747970653D2238222F3E3C70726F7065727479206E616D653D225461626C65566965774D6F64653A32222076616C75653D22322C302C3238342C302C323634302220766172747970653D2238222F3E3C70726F7065727479206E616D653D225461626C65566965774D6F64653A33222076616C75653D22322C302C3238342C302C323634302220766172747970653D2238222F3E3C70726F7065727479206E616D653D225461626C65566965774D6F64653A34222076616C75653D22342C302C3238342C302C323634302C31322C333132302C31312C313932302220766172747970653D2238222F3E3C2F646473786D6C6F626A3E3C2F6C61796F75746F626A6563743E3C73686170652067726F7570736861706569643D2230222067726F75706E6F64653D2230222F3E3C2F646473636F6E74726F6C3E3C646473636F6E74726F6C20636F6E74726F6C70726F6769643D227B36323341433037352D324337372D343837332D383833442D3933304234333634423442437D2220746F6F6C7469703D227761745F416C61726D5265636F726422206C6566743D2232363430302220746F703D22383331303022206C6F676963616C69643D223135312220636F6E74726F6C69643D2231353122206D617374657269643D2230222068696E74313D2230222068696E74323D2230222077696474683D223632383722206865696768743D223638333722206E6F726573697A653D223022206E6F6D6F76653D223022206E6F64656661756C74617474616368706F696E74733D223022206175746F647261673D2230222075736564656661756C7469646473686170653D2230222073656C65637461626C653D2231222073686F7773656C656374696F6E68616E646C65733D22302220616C6C6F776E756467696E673D223122206973616E6E6F746174696F6E3D22302220646F6E746175746F6C61796F75743D2230222067726F7570636F6C6C61707365643D2230222074616273746F703D2231222076697369626C653D22312220736E6170746F677269643D2231223E3C636F6E74726F6C3E3C646473786D6C6F626A65637473747265616D696E6974777261707065722062696E6172793D223231343333343132303830303030303038663138303030306235316130303030373835363334313230373030303030303134303130303030373730303631303037343030356630303431303036633030363130303732303036643030353230303635303036333030366630303732303036343030303030306666663065616666666666306561666666666630656166666666663065616666666666306561666666666630656166666666663065616666666666306561666666666630656166666666663065616666666666306561666666666630656166666666663065616666666666306561666666666630656166666666663065616666666666306561666666666630656166666666663065616666666666306561666666666630656166666666663065616666666666306561666666666630656166666666663065616666666666306561666666666630656166666666663065616666666666306561666666666630656166666666663065616666666666306561666666666630656166666666663065616666666666306561666666666630656166666666663065616666666666306561666666666630656166666666663065616666666666306561666666666630656166666666663065616666666666306561666666666630656166666666663065616666666666306561666666666630656166666666663065616666666666306561666666666630656166666666663030303030303030303030303030303030303030303031303030303030303530303030303035343030303030303263303030303030326330303030303032633030303030303334303030303030303030303030303030303030303030303338326530303030656131663030303030303030303030303264303130303030306330303030303030633030303030303037303030303030316330313030303035303061303030303730303830303030323030313030303036383031303030306663303030303030613030353030303031633032303030303434303130303030316330323030303061633032303030306434303130303030303030303030303030313030303030303866313830303030623531613030303030303030303030303061303030303030306130303030303030323030303030303032303030303030316330313030303037303038303030303030303030303030303130303030303034303135303030303937303930303030303030303030303030333030303030303033303030303030303230303030303030323030303030303163303130303030353030613030303030313030303030303030303030303030343031353030303065353032303030303030303030303030303030303030303030303030303030303032303030303030303230303030303031633031303030303530306130303030303030303030303030303030303030303234333830303030323632323030303030303030303030303030303030303030306430303030303030343030303030303034303030303030316330313030303035303061303030303330306330303030383030373030303037383536333431323034303030303030363830303030303030313030303030303031303030303030306230303030303030303030303030303031303030303030303230303030303030333030303030303034303030303030303530303030303030363030303030303037303030303030303830303030303030393030303030303061303030303030303430303030303036343030363230303666303030303030313030303030303037373030363130303734303035663030343130303663303036313030373230303664303035323030363530303633303036663030373230303634303030303030222F3E3C2F636F6E74726F6C3E3C6C61796F75746F626A6563743E3C646473786D6C6F626A3E3C70726F7065727479206E616D653D224163746976655461626C65566965774D6F6465222076616C75653D22312220766172747970653D2238222F3E3C70726F7065727479206E616D653D225461626C65566965774D6F64653A30222076616C75653D22342C302C3238342C302C323634302C312C323136302C352C313434302220766172747970653D2238222F3E3C70726F7065727479206E616D653D225461626C65566965774D6F64653A31222076616C75653D22322C302C3238342C302C323136302220766172747970653D2238222F3E3C70726F7065727479206E616D653D225461626C65566965774D6F64653A32222076616C75653D22322C302C3238342C302C323634302220766172747970653D2238222F3E3C70726F7065727479206E616D653D225461626C65566965774D6F64653A33222076616C75653D22322C302C3238342C302C323634302220766172747970653D2238222F3E3C70726F7065727479206E616D653D225461626C65566965774D6F64653A34222076616C75653D22342C302C3238342C302C323634302C31322C333132302C31312C313932302220766172747970653D2238222F3E3C2F646473786D6C6F626A3E3C2F6C61796F75746F626A6563743E3C73686170652067726F7570736861706569643D2230222067726F75706E6F64653D2230222F3E3C2F646473636F6E74726F6C3E3C646473636F6E74726F6C2073656D616E746963636F6F6B69653D2230313230343636353031303030303030363430303632303036663030303030303436303034623030356630303737303036313030373430303566303034313030366330303631303037323030366430303532303036353030363330303666303037323030363430303566303036353030373130303735303035663030343530303731303037353030363930303730303036643030363530303665303037343030303030302220636F6E74726F6C70726F6769643D224D534444532E506F6C796C696E652E3038302E312220746F6F6C7469703D22E2809C6571755F45717569706D656E74E2809DE4B88EE2809C7761745F416C61726D5265636F7264E2809DE4B98BE997B4E79A84E585B3E7B3BBE2809C464B5F7761745F416C61726D5265636F72645F6571755F45717569706D656E74E2809D22206C6566743D2232393137312220746F703D22383932333822206C6F676963616C69643D223135322220636F6E74726F6C69643D2231353222206D617374657269643D2230222068696E74313D2230222068696E74323D2230222077696474683D22313732383722206865696768743D22323134303822206E6F726573697A653D223022206E6F6D6F76653D223022206E6F64656661756C74617474616368706F696E74733D223122206175746F647261673D2230222075736564656661756C7469646473686170653D2230222073656C65637461626C653D2231222073686F7773656C656374696F6E68616E646C65733D22302220616C6C6F776E756467696E673D223122206973616E6E6F746174696F6E3D22302220646F6E746175746F6C61796F75743D2230222067726F7570636F6C6C61707365643D2230222074616273746F703D2231222076697369626C653D22312220736E6170746F677269643D2230223E3C636F6E74726F6C3E3C646473786D6C6F626A3E3C706F6C796C696E6520656E64747970656473743D22302220656E64747970657372633D2232222075736572636F6C6F723D22313537393033323022206C696E657374796C653D223022206C696E6572656E6465723D22302220637573746F6D656E647479706564737469643D22302220637573746F6D656E647479706573726369643D2230222061646F726E7376697369626C653D2231223E3C61646F726E6D656E742070657263656E74706F733D2234392E393939373330333331373435392220636F6E74726F6C69643D22313533222077696474683D223539303622206865696768743D223331382220736964653D223022206265686176696F723D2233222068696D65747269633D22313832353622206469737466726F6D6C696E653D22313735222073746172746F626A3D22302220783D2234333131382220793D223934333038222076697369626C653D22302220616C6C6F776F7665726C61703D2231222075736570657263656E743D2231222F3E3C2F706F6C796C696E653E3C2F646473786D6C6F626A3E3C2F636F6E74726F6C3E3C6C61796F75746F626A6563743E3C646473786D6C6F626A2F3E3C2F6C61796F75746F626A6563743E3C636F6E6E6563746F7220736F7572636569643D223322206465737469643D223135312220736F75726365617474616368706F696E743D223330222064657374617474616368706F696E743D22343122207365676D656E74656469746D6F64653D2230222062656E64706F696E74656469746D6F64653D2230222062656E64706F696E747669736962696C6974793D2230222072656C6174656469643D223022207669727475616C3D2230223E3C706F696E7420783D2234363035302220793D22313039393530222F3E3C706F696E7420783D2234363035302220793D223934383031222F3E3C706F696E7420783D2232393535302220793D223934383031222F3E3C706F696E7420783D2232393535302220793D223839393337222F3E3C2F636F6E6E6563746F723E3C2F646473636F6E74726F6C3E3C646473636F6E74726F6C2073656D616E746963636F6F6B69653D22303137336663323736303733666332372220636F6E74726F6C70726F6769643D224D534444532E546578742E3038302E3122206C6566743D2234333131382220746F703D22393433303822206C6F676963616C69643D223135332220636F6E74726F6C69643D2231353322206D617374657269643D22313532222068696E74313D2230222068696E74323D2230222077696474683D223539303622206865696768743D2233313822206E6F726573697A653D223122206E6F6D6F76653D223022206E6F64656661756C74617474616368706F696E74733D223122206175746F647261673D2231222075736564656661756C7469646473686170653D2231222073656C65637461626C653D2231222073686F7773656C656374696F6E68616E646C65733D22312220616C6C6F776E756467696E673D223122206973616E6E6F746174696F6E3D22302220646F6E746175746F6C61796F75743D2231222067726F7570636F6C6C61707365643D2230222074616273746F703D2230222076697369626C653D22302220736E6170746F677269643D2230223E3C636F6E74726F6C3E3C646473786D6C6F626A65637473747265616D696E6974777261707065722062696E6172793D22303030323030303031323137303030303365303130303030303330303030303030303030666666666666303030383030303038303031303030303030313530303031383630303030393030313930356630313030303463626365636365353230303034363030346230303566303037373030363130303734303035663030343130303663303036313030373230303664303035323030363530303633303036663030373230303634303035663030363530303731303037353030356630303435303037313030373530303639303037303030366430303635303036653030373430303030303030303030222F3E3C2F636F6E74726F6C3E3C6C61796F75746F626A6563743E3C646473786D6C6F626A2F3E3C2F6C61796F75746F626A6563743E3C73686170652067726F7570736861706569643D2230222067726F75706E6F64653D2230222F3E3C2F646473636F6E74726F6C3E3C646473636F6E74726F6C20636F6E74726F6C70726F6769643D227B36323341433037352D324337372D343837332D383833442D3933304234333634423442437D2220746F6F6C7469703D227761745F416C61726D5479706522206C6566743D2233343935302220746F703D22383530353022206C6F676963616C69643D223135342220636F6E74726F6C69643D2231353422206D617374657269643D2230222068696E74313D2230222068696E74323D2230222077696474683D223632383722206865696768743D223238333622206E6F726573697A653D223022206E6F6D6F76653D223022206E6F64656661756C74617474616368706F696E74733D223022206175746F647261673D2230222075736564656661756C7469646473686170653D2230222073656C65637461626C653D2231222073686F7773656C656374696F6E68616E646C65733D22302220616C6C6F776E756467696E673D223122206973616E6E6F746174696F6E3D22302220646F6E746175746F6C61796F75743D2230222067726F7570636F6C6C61707365643D2230222074616273746F703D2231222076697369626C653D22312220736E6170746F677269643D2231223E3C636F6E74726F6C3E3C646473786D6C6F626A65637473747265616D696E6974777261707065722062696E6172793D22323134333334313230383030303030303866313830303030313430623030303037383536333431323037303030303030313430313030303037373030363130303734303035663030343130303663303036313030373230303664303035343030373930303730303036353030303030306666663065616666666666306561666666666630656166666666663065616666666666306561666666666630656166663834623265396665613334663161666566656566636166656666663065616666666666306561666666666630656166666666663065616666666666306561666666666630656166666666663065616666666666306561666666666630656166666666663065616666666666306561666666666630656166666666663065616666666666306561666666666630656166666666663065616666666666306561666666666630656166666666663065616666666666306561666666666630656166666666663065616666666666306561666666666630656166666666663065616666666666306561666666666630656166666666663065616666666666306561666666666630656166666666663065616666666666306561666666666630656166666666663065616666666666306561666666666630656166666666663065616666666666306561666666666630656166666666663065616666666666306561666666666630656166666666663065616666666666303030303030303030303030303030303030303030303130303030303030353030303030303534303030303030326330303030303032633030303030303263303030303030333430303030303030303030303030303030303030303030333832653030303063313134303030303030303030303030326430313030303030373030303030303063303030303030303730303030303031633031303030303530306130303030373030383030303032303031303030303638303130303030666330303030303061303035303030303163303230303030343430313030303031633032303030306163303230303030643430313030303030303030303030303031303030303030386631383030303031343062303030303030303030303030303330303030303030333030303030303032303030303030303230303030303031633031303030303730303830303030303030303030303030313030303030303430313530303030323030353030303030303030303030303031303030303030303130303030303030323030303030303032303030303030316330313030303035303061303030303031303030303030303030303030303034303135303030306535303230303030303030303030303030303030303030303030303030303030303230303030303030323030303030303163303130303030353030613030303030303030303030303030303030303030323433383030303032363232303030303030303030303030303030303030303030643030303030303034303030303030303430303030303031633031303030303530306130303030333030633030303038303037303030303738353633343132303430303030303036343030303030303031303030303030303130303030303030623030303030303030303030303030303130303030303030323030303030303033303030303030303430303030303030353030303030303036303030303030303730303030303030383030303030303039303030303030306130303030303030343030303030303634303036323030366630303030303030653030303030303737303036313030373430303566303034313030366330303631303037323030366430303534303037393030373030303635303030303030222F3E3C2F636F6E74726F6C3E3C6C61796F75746F626A6563743E3C646473786D6C6F626A3E3C70726F7065727479206E616D653D224163746976655461626C65566965774D6F6465222076616C75653D22312220766172747970653D2238222F3E3C70726F7065727479206E616D653D225461626C65566965774D6F64653A30222076616C75653D22342C302C3238342C302C323634302C312C323136302C352C313434302220766172747970653D2238222F3E3C70726F7065727479206E616D653D225461626C65566965774D6F64653A31222076616C75653D22322C302C3238342C302C323136302220766172747970653D2238222F3E3C70726F7065727479206E616D653D225461626C65566965774D6F64653A32222076616C75653D22322C302C3238342C302C323634302220766172747970653D2238222F3E3C70726F7065727479206E616D653D225461626C65566965774D6F64653A33222076616C75653D22322C302C3238342C302C323634302220766172747970653D2238222F3E3C70726F7065727479206E616D653D225461626C65566965774D6F64653A34222076616C75653D22342C302C3238342C302C323634302C31322C333132302C31312C313932302220766172747970653D2238222F3E3C2F646473786D6C6F626A3E3C2F6C61796F75746F626A6563743E3C73686170652067726F7570736861706569643D2230222067726F75706E6F64653D2230222F3E3C2F646473636F6E74726F6C3E3C646473636F6E74726F6C2073656D616E746963636F6F6B69653D2230313230343636353031303030303030363430303632303036663030303030303436303034623030356630303737303036313030373430303566303034313030366330303631303037323030366430303532303036353030363330303666303037323030363430303566303037373030363130303734303035663030343130303663303036313030373230303664303035343030373930303730303036353030303030302220636F6E74726F6C70726F6769643D224D534444532E506F6C796C696E652E3038302E312220746F6F6C7469703D22E2809C7761745F416C61726D54797065E2809DE4B88EE2809C7761745F416C61726D5265636F7264E2809DE4B98BE997B4E79A84E585B3E7B3BBE2809C464B5F7761745F416C61726D5265636F72645F7761745F416C61726D54797065E2809D22206C6566743D2233323338372220746F703D22383539393322206C6F676963616C69643D223135352220636F6E74726F6C69643D2231353522206D617374657269643D2230222068696E74313D2230222068696E74323D2230222077696474683D223238363322206865696768743D2238313522206E6F726573697A653D223022206E6F6D6F76653D223022206E6F64656661756C74617474616368706F696E74733D223122206175746F647261673D2230222075736564656661756C7469646473686170653D2230222073656C65637461626C653D2231222073686F7773656C656374696F6E68616E646C65733D22302220616C6C6F776E756467696E673D223122206973616E6E6F746174696F6E3D22302220646F6E746175746F6C61796F75743D2230222067726F7570636F6C6C61707365643D2230222074616273746F703D2231222076697369626C653D22312220736E6170746F677269643D2230223E3C636F6E74726F6C3E3C646473786D6C6F626A3E3C706F6C796C696E6520656E64747970656473743D22302220656E64747970657372633D2232222075736572636F6C6F723D22313537393033323022206C696E657374796C653D223022206C696E6572656E6465723D22302220637573746F6D656E647479706564737469643D22302220637573746F6D656E647479706573726369643D2230222061646F726E7376697369626C653D2231223E3C61646F726E6D656E742070657263656E74706F733D2234392E393639333036333232383937352220636F6E74726F6C69643D22313536222077696474683D223539303622206865696768743D223331382220736964653D223022206265686176696F723D2233222068696D65747269633D223131333022206469737466726F6D6C696E653D22313735222073746172746F626A3D22302220783D2233303836332220793D223835393037222076697369626C653D22302220616C6C6F776F7665726C61703D2231222075736570657263656E743D2231222F3E3C2F706F6C796C696E653E3C2F646473786D6C6F626A3E3C2F636F6E74726F6C3E3C6C61796F75746F626A6563743E3C646473786D6C6F626A2F3E3C2F6C61796F75746F626A6563743E3C636F6E6E6563746F7220736F7572636569643D2231353422206465737469643D223135312220736F75726365617474616368706F696E743D223938222064657374617474616368706F696E743D2231323522207365676D656E74656469746D6F64653D2230222062656E64706F696E74656469746D6F64653D2230222062656E64706F696E747669736962696C6974793D2230222072656C6174656469643D223022207669727475616C3D2230223E3C706F696E7420783D2233343935302220793D223836343030222F3E3C706F696E7420783D2233323638372220793D223836343030222F3E3C2F636F6E6E6563746F723E3C2F646473636F6E74726F6C3E3C646473636F6E74726F6C2073656D616E746963636F6F6B69653D22303137336663323765303733666332372220636F6E74726F6C70726F6769643D224D534444532E546578742E3038302E3122206C6566743D2233303836332220746F703D22383539303722206C6F676963616C69643D223135362220636F6E74726F6C69643D2231353622206D617374657269643D22313535222068696E74313D2230222068696E74323D2230222077696474683D223539303622206865696768743D2233313822206E6F726573697A653D223122206E6F6D6F76653D223022206E6F64656661756C74617474616368706F696E74733D223122206175746F647261673D2231222075736564656661756C7469646473686170653D2231222073656C65637461626C653D2231222073686F7773656C656374696F6E68616E646C65733D22312220616C6C6F776E756467696E673D223122206973616E6E6F746174696F6E3D22302220646F6E746175746F6C61796F75743D2231222067726F7570636F6C6C61707365643D2230222074616273746F703D2230222076697369626C653D22302220736E6170746F677269643D2230223E3C636F6E74726F6C3E3C646473786D6C6F626A65637473747265616D696E6974777261707065722062696E6172793D22303030323030303031323137303030303365303130303030303330303030303030303030666666666666303030383030303038303031303030303030313530303031383630303030393030313930356630313030303463626365636365353230303034363030346230303566303037373030363130303734303035663030343130303663303036313030373230303664303035323030363530303633303036663030373230303634303035663030373730303631303037343030356630303431303036633030363130303732303036643030353430303739303037303030363530303030303030303030222F3E3C2F636F6E74726F6C3E3C6C61796F75746F626A6563743E3C646473786D6C6F626A2F3E3C2F6C61796F75746F626A6563743E3C73686170652067726F7570736861706569643D2230222067726F75706E6F64653D2230222F3E3C2F646473636F6E74726F6C3E3C646473636F6E74726F6C2073656D616E746963636F6F6B69653D223031346666393737303130303030303036343030363230303666303030303030343630303462303035663030373730303631303037343030356630303431303036633030363130303732303036643030353030303631303037323030363130303566303037373030363130303734303035663030343130303663303036313030373230303664303035343030373930303730303036353030303030302220636F6E74726F6C70726F6769643D224D534444532E506F6C796C696E652E3038302E312220746F6F6C7469703D22E2809C7761745F416C61726D54797065E2809DE4B88EE2809C7761745F416C61726D50617261E2809DE4B98BE997B4E79A84E585B3E7B3BBE2809C464B5F7761745F416C61726D506172615F7761745F416C61726D54797065E2809D22206C6566743D2233373639332220746F703D22383731393122206C6F676963616C69643D223135372220636F6E74726F6C69643D2231353722206D617374657269643D2230222068696E74313D2230222068696E74323D2230222077696474683D2238313522206865696768743D223338303922206E6F726573697A653D223022206E6F6D6F76653D223022206E6F64656661756C74617474616368706F696E74733D223122206175746F647261673D2230222075736564656661756C7469646473686170653D2230222073656C65637461626C653D2231222073686F7773656C656374696F6E68616E646C65733D22302220616C6C6F776E756467696E673D223122206973616E6E6F746174696F6E3D22302220646F6E746175746F6C61796F75743D2230222067726F7570636F6C6C61707365643D2230222074616273746F703D2231222076697369626C653D22312220736E6170746F677269643D2230223E3C636F6E74726F6C3E3C646473786D6C6F626A3E3C706F6C796C696E6520656E64747970656473743D22302220656E64747970657372633D2232222075736572636F6C6F723D22313537393033323022206C696E657374796C653D223022206C696E6572656E6465723D22302220637573746F6D656E647479706564737469643D22302220637573746F6D656E647479706573726369643D2230222061646F726E7376697369626C653D2231223E3C61646F726E6D656E742070657263656E74706F733D2232352E333434323530303933303430362220636F6E74726F6C69643D22313538222077696474683D223535333722206865696768743D223331382220736964653D223122206265686176696F723D2233222068696D65747269633D2236313122206469737466726F6D6C696E653D22313735222073746172746F626A3D22302220783D2233383237352220793D223838343136222076697369626C653D22302220616C6C6F776F7665726C61703D2231222075736570657263656E743D2231222F3E3C2F706F6C796C696E653E3C2F646473786D6C6F626A3E3C2F636F6E74726F6C3E3C6C61796F75746F626A6563743E3C646473786D6C6F626A2F3E3C2F6C61796F75746F626A6563743E3C636F6E6E6563746F7220736F7572636569643D2231353422206465737469643D223135302220736F75726365617474616368706F696E743D223431222064657374617474616368706F696E743D22343022207365676D656E74656469746D6F64653D2230222062656E64706F696E74656469746D6F64653D2230222062656E64706F696E747669736962696C6974793D2230222072656C6174656469643D223022207669727475616C3D2230223E3C706F696E7420783D2233383130302220793D223837383836222F3E3C706F696E7420783D2233383130302220793D223930333030222F3E3C2F636F6E6E6563746F723E3C2F646473636F6E74726F6C3E3C646473636F6E74726F6C2073656D616E746963636F6F6B69653D22303136646663323765303664666332372220636F6E74726F6C70726F6769643D224D534444532E546578742E3038302E3122206C6566743D2233383237352220746F703D22383834313622206C6F676963616C69643D223135382220636F6E74726F6C69643D2231353822206D617374657269643D22313537222068696E74313D2230222068696E74323D2230222077696474683D223535333722206865696768743D2233313822206E6F726573697A653D223122206E6F6D6F76653D223022206E6F64656661756C74617474616368706F696E74733D223122206175746F647261673D2231222075736564656661756C7469646473686170653D2231222073656C65637461626C653D2231222073686F7773656C656374696F6E68616E646C65733D22312220616C6C6F776E756467696E673D223122206973616E6E6F746174696F6E3D22302220646F6E746175746F6C61796F75743D2231222067726F7570636F6C6C61707365643D2230222074616273746F703D2230222076697369626C653D22302220736E6170746F677269643D2230223E3C636F6E74726F6C3E3C646473786D6C6F626A65637473747265616D696E6974777261707065722062696E6172793D2230303032303030306131313530303030336530313030303030333030303030303030303066666666666630303038303030303830303130303030303031353030303138363030303039303031393035663031303030346362636563636535316530303436303034623030356630303737303036313030373430303566303034313030366330303631303037323030366430303530303036313030373230303631303035663030373730303631303037343030356630303431303036633030363130303732303036643030353430303739303037303030363530303030303030303030222F3E3C2F636F6E74726F6C3E3C6C61796F75746F626A6563743E3C646473786D6C6F626A2F3E3C2F6C61796F75746F626A6563743E3C73686170652067726F7570736861706569643D2230222067726F75706E6F64653D2230222F3E3C2F646473636F6E74726F6C3E3C646473636F6E74726F6C20636F6E74726F6C70726F6769643D227B36323341433037352D324337372D343837332D383833442D3933304234333634423442437D2220746F6F6C7469703D227761745F416C61726D547970655F466C6F775F4D617022206C6566743D2234333635302220746F703D22383436303022206C6F676963616C69643D223135392220636F6E74726F6C69643D2231353922206D617374657269643D2230222068696E74313D2230222068696E74323D2230222077696474683D223632373122206865696768743D223330313622206E6F726573697A653D223022206E6F6D6F76653D223022206E6F64656661756C74617474616368706F696E74733D223022206175746F647261673D2230222075736564656661756C7469646473686170653D2230222073656C65637461626C653D2231222073686F7773656C656374696F6E68616E646C65733D22302220616C6C6F776E756467696E673D223122206973616E6E6F746174696F6E3D22302220646F6E746175746F6C61796F75743D2230222067726F7570636F6C6C61707365643D2230222074616273746F703D2231222076697369626C653D22312220736E6170746F677269643D2231223E3C636F6E74726F6C3E3C646473786D6C6F626A65637473747265616D696E6974777261707065722062696E6172793D22323134333334313230383030303030303766313830303030633830623030303037383536333431323037303030303030313430313030303037373030363130303734303035663030343130303663303036313030373230303664303035343030373930303730303036353030356630303436303036633030366630303737303035663030346430303631303037303030303030306561666666666630656166666666663065616666666666306561666666666630656166666666663065616666666666306561666666666630656166666666663065616666666666306561666666666630656166666666663065616666666666306561666666666630656166666666663065616666666666306561666666666630656166666666663065616666666666306561666666666630656166666666663065616666666666306561666666666630656166666666663065616666666666306561666666666630656166666666663065616666666666306561666666666630656166666666663065616666666666306561666666666630656166666666663065616666666666306561666666666630656166666666663065616666666666306561666666666630656166666666663065616666666666306561666666666630656166666666663065616666666666306561666666666630656166666666663065616666666666306561666666666630656166666666663065616666666666303030303030303030303030303030303030303030303130303030303030353030303030303534303030303030326330303030303032633030303030303263303030303030333430303030303030303030303030303030303030303030333832653030303063313134303030303030303030303030326430313030303030373030303030303063303030303030303730303030303031633031303030303530306130303030373030383030303032303031303030303638303130303030666330303030303061303035303030303163303230303030343430313030303031633032303030306163303230303030643430313030303030303030303030303031303030303030376631383030303063383062303030303030303030303030303230303030303030323030303030303032303030303030303230303030303031633031303030306238306230303030303030303030303030313030303030303430313530303030356330373030303030303030303030303032303030303030303230303030303030323030303030303032303030303030316330313030303035303061303030303031303030303030303030303030303034303135303030306535303230303030303030303030303030303030303030303030303030303030303230303030303030323030303030303163303130303030353030613030303030303030303030303030303030303030323433383030303032363232303030303030303030303030303030303030303030643030303030303034303030303030303430303030303031633031303030303530306130303030333030633030303038303037303030303738353633343132303430303030303037363030303030303031303030303030303130303030303030623030303030303030303030303030303130303030303030323030303030303033303030303030303430303030303030353030303030303036303030303030303730303030303030383030303030303039303030303030306130303030303030343030303030303634303036323030366630303030303031373030303030303737303036313030373430303566303034313030366330303631303037323030366430303534303037393030373030303635303035663030343630303663303036663030373730303566303034643030363130303730303030303030222F3E3C2F636F6E74726F6C3E3C6C61796F75746F626A6563743E3C646473786D6C6F626A3E3C70726F7065727479206E616D653D224163746976655461626C65566965774D6F6465222076616C75653D22312220766172747970653D2238222F3E3C70726F7065727479206E616D653D225461626C65566965774D6F64653A30222076616C75653D22342C302C3238342C302C323634302C312C323136302C352C313434302220766172747970653D2238222F3E3C70726F7065727479206E616D653D225461626C65566965774D6F64653A31222076616C75653D22322C302C3238342C302C333030302220766172747970653D2238222F3E3C70726F7065727479206E616D653D225461626C65566965774D6F64653A32222076616C75653D22322C302C3238342C302C323634302220766172747970653D2238222F3E3C70726F7065727479206E616D653D225461626C65566965774D6F64653A33222076616C75653D22322C302C3238342C302C323634302220766172747970653D2238222F3E3C70726F7065727479206E616D653D225461626C65566965774D6F64653A34222076616C75653D22342C302C3238342C302C323634302C31322C333132302C31312C313932302220766172747970653D2238222F3E3C2F646473786D6C6F626A3E3C2F6C61796F75746F626A6563743E3C73686170652067726F7570736861706569643D2230222067726F75706E6F64653D2230222F3E3C2F646473636F6E74726F6C3E3C646473636F6E74726F6C2073656D616E746963636F6F6B69653D223031313632643630303130303030303036343030363230303666303030303030343630303462303035663030373730303631303037343030356630303431303036633030363130303732303036643030353430303739303037303030363530303566303034363030366330303666303037373030356630303464303036313030373030303566303036353030373130303735303035663030343530303731303037353030363930303730303036643030363530303665303037343030303030302220636F6E74726F6C70726F6769643D224D534444532E506F6C796C696E652E3038302E312220746F6F6C7469703D22E2809C6571755F45717569706D656E74E2809DE4B88EE2809C7761745F416C61726D547970655F466C6F775F4D6170E2809DE4B98BE997B4E79A84E585B3E7B3BBE2809C464B5F7761745F416C61726D547970655F466C6F775F4D61705F6571755F45717569706D656E74E2809D22206C6566743D2234363039332220746F703D22383639313722206C6F676963616C69643D223136302220636F6E74726F6C69643D2231363022206D617374657269643D2230222068696E74313D2230222068696E74323D2230222077696474683D223130383722206865696768743D22323337323922206E6F726573697A653D223022206E6F6D6F76653D223022206E6F64656661756C74617474616368706F696E74733D223122206175746F647261673D2230222075736564656661756C7469646473686170653D2230222073656C65637461626C653D2231222073686F7773656C656374696F6E68616E646C65733D22302220616C6C6F776E756467696E673D223122206973616E6E6F746174696F6E3D22302220646F6E746175746F6C61796F75743D2230222067726F7570636F6C6C61707365643D2230222074616273746F703D2231222076697369626C653D22312220736E6170746F677269643D2230223E3C636F6E74726F6C3E3C646473786D6C6F626A3E3C706F6C796C696E6520656E64747970656473743D22302220656E64747970657372633D2232222075736572636F6C6F723D22313537393033323022206C696E657374796C653D223022206C696E6572656E6465723D22302220637573746F6D656E647479706564737469643D22302220637573746F6D656E647479706573726369643D2230222061646F726E7376697369626C653D2231223E3C61646F726E6D656E742070657263656E74706F733D2234392E393939373431383139353532352220636F6E74726F6C69643D22313631222077696474683D223731393822206865696768743D223331382220736964653D223022206265686176696F723D2233222068696D65747269633D22313133313622206469737466726F6D6C696E653D22313735222073746172746F626A3D22302220783D2234363637352220793D223938363834222076697369626C653D22302220616C6C6F776F7665726C61703D2231222075736570657263656E743D2231222F3E3C2F706F6C796C696E653E3C2F646473786D6C6F626A3E3C2F636F6E74726F6C3E3C6C61796F75746F626A6563743E3C646473786D6C6F626A2F3E3C2F6C61796F75746F626A6563743E3C636F6E6E6563746F7220736F7572636569643D223322206465737469643D223135392220736F75726365617474616368706F696E743D223336222064657374617474616368706F696E743D22343122207365676D656E74656469746D6F64653D2230222062656E64706F696E74656469746D6F64653D2230222062656E64706F696E747669736962696C6974793D2230222072656C6174656469643D223022207669727475616C3D2230223E3C706F696E7420783D2234363530302220793D22313039393530222F3E3C706F696E7420783D2234363530302220793D223934383031222F3E3C706F696E7420783D2234363830302220793D223934383031222F3E3C706F696E7420783D2234363830302220793D223837363136222F3E3C2F636F6E6E6563746F723E3C2F646473636F6E74726F6C3E3C646473636F6E74726F6C2073656D616E746963636F6F6B69653D22303166636662323732306663666232372220636F6E74726F6C70726F6769643D224D534444532E546578742E3038302E3122206C6566743D2234363637352220746F703D22393836383422206C6F676963616C69643D223136312220636F6E74726F6C69643D2231363122206D617374657269643D22313630222068696E74313D2230222068696E74323D2230222077696474683D223731393822206865696768743D2233313822206E6F726573697A653D223122206E6F6D6F76653D223022206E6F64656661756C74617474616368706F696E74733D223122206175746F647261673D2231222075736564656661756C7469646473686170653D2231222073656C65637461626C653D2231222073686F7773656C656374696F6E68616E646C65733D22312220616C6C6F776E756467696E673D223122206973616E6E6F746174696F6E3D22302220646F6E746175746F6C61796F75743D2231222067726F7570636F6C6C61707365643D2230222074616273746F703D2230222076697369626C653D22302220736E6170746F677269643D2230223E3C636F6E74726F6C3E3C646473786D6C6F626A65637473747265616D696E6974777261707065722062696E6172793D2230303032303030303165316330303030336530313030303030333030303030303030303066666666666630303038303030303830303130303030303031353030303138363030303039303031393035663031303030346362636563636535323730303436303034623030356630303737303036313030373430303566303034313030366330303631303037323030366430303534303037393030373030303635303035663030343630303663303036663030373730303566303034643030363130303730303035663030363530303731303037353030356630303435303037313030373530303639303037303030366430303635303036653030373430303030303030303030222F3E3C2F636F6E74726F6C3E3C6C61796F75746F626A6563743E3C646473786D6C6F626A2F3E3C2F6C61796F75746F626A6563743E3C73686170652067726F7570736861706569643D2230222067726F75706E6F64653D2230222F3E3C2F646473636F6E74726F6C3E3C646473636F6E74726F6C2073656D616E746963636F6F6B69653D223031313632643630303130303030303036343030363230303666303030303030343630303462303035663030373730303631303037343030356630303431303036633030363130303732303036643030353430303739303037303030363530303566303034363030366330303666303037373030356630303464303036313030373030303566303037373030363130303734303035663030343130303663303036313030373230303664303035343030373930303730303036353030303030302220636F6E74726F6C70726F6769643D224D534444532E506F6C796C696E652E3038302E312220746F6F6C7469703D22E2809C7761745F416C61726D54797065E2809DE4B88EE2809C7761745F416C61726D547970655F466C6F775F4D6170E2809DE4B98BE997B4E79A84E585B3E7B3BBE2809C464B5F7761745F416C61726D547970655F466C6F775F4D61705F7761745F416C61726D54797065E2809D22206C6566743D2234303933372220746F703D22383539393322206C6F676963616C69643D223136322220636F6E74726F6C69643D2231363222206D617374657269643D2230222068696E74313D2230222068696E74323D2230222077696474683D223330313322206865696768743D2238313522206E6F726573697A653D223022206E6F6D6F76653D223022206E6F64656661756C74617474616368706F696E74733D223122206175746F647261673D2230222075736564656661756C7469646473686170653D2230222073656C65637461626C653D2231222073686F7773656C656374696F6E68616E646C65733D22302220616C6C6F776E756467696E673D223122206973616E6E6F746174696F6E3D22302220646F6E746175746F6C61796F75743D2230222067726F7570636F6C6C61707365643D2230222074616273746F703D2231222076697369626C653D22312220736E6170746F677269643D2230223E3C636F6E74726F6C3E3C646473786D6C6F626A3E3C706F6C796C696E6520656E64747970656473743D22302220656E64747970657372633D2232222075736572636F6C6F723D22313537393033323022206C696E657374796C653D223022206C696E6572656E6465723D22302220637573746F6D656E647479706564737469643D22302220637573746F6D656E647479706573726369643D2230222061646F726E7376697369626C653D2231223E3C61646F726E6D656E742070657263656E74706F733D2237372E303131373539323830363038372220636F6E74726F6C69643D22313633222077696474683D223731393822206865696768743D223331382220736964653D223022206265686176696F723D2233222068696D65747269633D223138353822206469737466726F6D6C696E653D22313735222073746172746F626A3D22302220783D2233373535322220793D223836353735222076697369626C653D22302220616C6C6F776F7665726C61703D2231222075736570657263656E743D2231222F3E3C2F706F6C796C696E653E3C2F646473786D6C6F626A3E3C2F636F6E74726F6C3E3C6C61796F75746F626A6563743E3C646473786D6C6F626A2F3E3C2F6C61796F75746F626A6563743E3C636F6E6E6563746F7220736F7572636569643D2231353422206465737469643D223135392220736F75726365617474616368706F696E743D223939222064657374617474616368706F696E743D2231303422207365676D656E74656469746D6F64653D2230222062656E64706F696E74656469746D6F64653D2230222062656E64706F696E747669736962696C6974793D2230222072656C6174656469643D223022207669727475616C3D2230223E3C706F696E7420783D2234313233372220793D223836343030222F3E3C706F696E7420783D2234333635302220793D223836343030222F3E3C2F636F6E6E6563746F723E3C2F646473636F6E74726F6C3E3C646473636F6E74726F6C2073656D616E746963636F6F6B69653D22303166366662323736306636666232372220636F6E74726F6C70726F6769643D224D534444532E546578742E3038302E3122206C6566743D2233373535322220746F703D22383635373522206C6F676963616C69643D223136332220636F6E74726F6C69643D2231363322206D617374657269643D22313632222068696E74313D2230222068696E74323D2230222077696474683D223731393822206865696768743D2233313822206E6F726573697A653D223122206E6F6D6F76653D223022206E6F64656661756C74617474616368706F696E74733D223122206175746F647261673D2231222075736564656661756C7469646473686170653D2231222073656C65637461626C653D2231222073686F7773656C656374696F6E68616E646C65733D22312220616C6C6F776E756467696E673D223122206973616E6E6F746174696F6E3D22302220646F6E746175746F6C61796F75743D2231222067726F7570636F6C6C61707365643D2230222074616273746F703D2230222076697369626C653D22302220736E6170746F677269643D2230223E3C636F6E74726F6C3E3C646473786D6C6F626A65637473747265616D696E6974777261707065722062696E6172793D2230303032303030303165316330303030336530313030303030333030303030303030303066666666666630303038303030303830303130303030303031353030303138363030303039303031393035663031303030346362636563636535323730303436303034623030356630303737303036313030373430303566303034313030366330303631303037323030366430303534303037393030373030303635303035663030343630303663303036663030373730303566303034643030363130303730303035663030373730303631303037343030356630303431303036633030363130303732303036643030353430303739303037303030363530303030303030303030222F3E3C2F636F6E74726F6C3E3C6C61796F75746F626A6563743E3C646473786D6C6F626A2F3E3C2F6C61796F75746F626A6563743E3C73686170652067726F7570736861706569643D2230222067726F75706E6F64653D2230222F3E3C2F646473636F6E74726F6C3E3C646473636F6E74726F6C20636F6E74726F6C70726F6769643D227B36323341433037352D324337372D343837332D383833442D3933304234333634423442437D2220746F6F6C7469703D227761745F43616C6962657222206C6566743D2231383630302220746F703D223022206C6F676963616C69643D223136342220636F6E74726F6C69643D2231363422206D617374657269643D2230222068696E74313D2230222068696E74323D2230222077696474683D223632383722206865696768743D223232363522206E6F726573697A653D223022206E6F6D6F76653D223022206E6F64656661756C74617474616368706F696E74733D223022206175746F647261673D2230222075736564656661756C7469646473686170653D2230222073656C65637461626C653D2231222073686F7773656C656374696F6E68616E646C65733D22302220616C6C6F776E756467696E673D223122206973616E6E6F746174696F6E3D22302220646F6E746175746F6C61796F75743D2230222067726F7570636F6C6C61707365643D2230222074616273746F703D2231222076697369626C653D22312220736E6170746F677269643D2231223E3C636F6E74726F6C3E3C646473786D6C6F626A65637473747265616D696E6974777261707065722062696E6172793D2232313433333431323038303030303030386631383030303064393038303030303738353633343132303730303030303031343031303030303737303036313030373430303566303034333030363130303663303036393030363230303635303037323030303030306666663065616666666666306561666666666630656166666666663065616666666666306561666666666630656166666666663065616666666666306561666666666630656166666666663065616666666666306561666666666630656166666666663065616666666666306561666666666630656166666666663065616666666666306561666666666630656166666666663065616666666666306561666666666630656166666666663065616666666666306561666666666630656166666666663065616666666666306561666666666630656166666666663065616666666666306561666666666630656166666666663065616666666666306561666666666630656166666666663065616666666666306561666666666630656166666666663065616666666666306561666666666630656166666666663065616666666666306561666666666630656166666666663065616666666666306561666666666630656166666666663065616666666666306561666666666630656166666666663065616666666666306561666666666630656166666666663065616666666666306561666666666630303030303030303030303030303030303030303030313030303030303035303030303030353430303030303032633030303030303263303030303030326330303030303033343030303030303030303030303030303030303030303033383265303030306331313430303030303030303030303032643031303030303037303030303030306330303030303030373030303030303163303130303030353030613030303037303038303030303230303130303030363830313030303066633030303030306130303530303030316330323030303034343031303030303163303230303030616330323030303064343031303030303030303030303030303130303030303038663138303030306439303830303030303030303030303030323030303030303032303030303030303230303030303030323030303030303163303130303030373030383030303030303030303030303031303030303030343031353030303032303035303030303030303030303030303130303030303030313030303030303032303030303030303230303030303031633031303030303530306130303030303130303030303030303030303030303430313530303030653530323030303030303030303030303030303030303030303030303030303030323030303030303032303030303030316330313030303035303061303030303030303030303030303030303030303032343338303030303236323230303030303030303030303030303030303030303064303030303030303430303030303030343030303030303163303130303030353030613030303033303063303030303830303730303030373835363334313230343030303030303630303030303030303130303030303030313030303030303062303030303030303030303030303030313030303030303032303030303030303330303030303030343030303030303035303030303030303630303030303030373030303030303038303030303030303930303030303030613030303030303034303030303030363430303632303036663030303030303063303030303030373730303631303037343030356630303433303036313030366330303639303036323030363530303732303030303030222F3E3C2F636F6E74726F6C3E3C6C61796F75746F626A6563743E3C646473786D6C6F626A3E3C70726F7065727479206E616D653D224163746976655461626C65566965774D6F6465222076616C75653D22312220766172747970653D2238222F3E3C70726F7065727479206E616D653D225461626C65566965774D6F64653A30222076616C75653D22342C302C3238342C302C323634302C312C323136302C352C313434302220766172747970653D2238222F3E3C70726F7065727479206E616D653D225461626C65566965774D6F64653A31222076616C75653D22322C302C3238342C302C323136302220766172747970653D2238222F3E3C70726F7065727479206E616D653D225461626C65566965774D6F64653A32222076616C75653D22322C302C3238342C302C323634302220766172747970653D2238222F3E3C70726F7065727479206E616D653D225461626C65566965774D6F64653A33222076616C75653D22322C302C3238342C302C323634302220766172747970653D2238222F3E3C70726F7065727479206E616D653D225461626C65566965774D6F64653A34222076616C75653D22342C302C3238342C302C323634302C31322C333132302C31312C313932302220766172747970653D2238222F3E3C2F646473786D6C6F626A3E3C2F6C61796F75746F626A6563743E3C73686170652067726F7570736861706569643D2230222067726F75706E6F64653D2230222F3E3C2F646473636F6E74726F6C3E3C646473636F6E74726F6C20636F6E74726F6C70726F6769643D227B36323341433037352D324337372D343837332D383833442D3933304234333634423442437D2220746F6F6C7469703D227761745F436C61737369667922206C6566743D22393330302220746F703D223022206C6F676963616C69643D223136352220636F6E74726F6C69643D2231363522206D617374657269643D2230222068696E74313D2230222068696E74323D2230222077696474683D223632383722206865696768743D223232363522206E6F726573697A653D223022206E6F6D6F76653D223022206E6F64656661756C74617474616368706F696E74733D223022206175746F647261673D2230222075736564656661756C7469646473686170653D2230222073656C65637461626C653D2231222073686F7773656C656374696F6E68616E646C65733D22302220616C6C6F776E756467696E673D223122206973616E6E6F746174696F6E3D22302220646F6E746175746F6C61796F75743D2230222067726F7570636F6C6C61707365643D2230222074616273746F703D2231222076697369626C653D22312220736E6170746F677269643D2231223E3C636F6E74726F6C3E3C646473786D6C6F626A65637473747265616D696E6974777261707065722062696E6172793D223231343333343132303830303030303038663138303030306439303830303030373835363334313230373030303030303134303130303030373730303631303037343030356630303433303036633030363130303733303037333030363930303636303037393030303030306561666666666630656166666666663065616666666666306561666666666630656166666666663065616666666666306561666666666630656166666666663065616666666666306561666666666630656166666666663065616666666666306561666666666630656166666666663065616666666666306561666666666630656166666666663065616666666666306561666666666630656166666666663065616666666666306561666666666630656166666666663065616666666666306561666666666630656166666666663065616666666666306561666666666630656166666666663065616666666666306561666666666630656166666666663065616666666666306561666666666630656166666666663065616666666666306561666666666630656166666666663065616666666666306561666666666630656166666666663065616666666666306561666666666630656166666666663065616666666666306561666666666630656166666666663065616666666666306561666666666630656166666666663065616666666666306561666666666630656166666666663030303030303030303030303030303030303030303031303030303030303530303030303035343030303030303263303030303030326330303030303032633030303030303334303030303030303030303030303030303030303030303338326530303030633131343030303030303030303030303264303130303030303730303030303030633030303030303037303030303030316330313030303035303061303030303730303830303030323030313030303036383031303030306663303030303030613030353030303031633032303030303434303130303030316330323030303061633032303030306434303130303030303030303030303030313030303030303866313830303030643930383030303030303030303030303032303030303030303230303030303030323030303030303032303030303030316330313030303037303038303030303030303030303030303130303030303034303135303030303230303530303030303030303030303030313030303030303031303030303030303230303030303030323030303030303163303130303030353030613030303030313030303030303030303030303030343031353030303065353032303030303030303030303030303030303030303030303030303030303032303030303030303230303030303031633031303030303530306130303030303030303030303030303030303030303234333830303030323632323030303030303030303030303030303030303030306430303030303030343030303030303034303030303030316330313030303035303061303030303330306330303030383030373030303037383536333431323034303030303030363230303030303030313030303030303031303030303030306230303030303030303030303030303031303030303030303230303030303030333030303030303034303030303030303530303030303030363030303030303037303030303030303830303030303030393030303030303061303030303030303430303030303036343030363230303666303030303030306430303030303037373030363130303734303035663030343330303663303036313030373330303733303036393030363630303739303030303030222F3E3C2F636F6E74726F6C3E3C6C61796F75746F626A6563743E3C646473786D6C6F626A3E3C70726F7065727479206E616D653D224163746976655461626C65566965774D6F6465222076616C75653D22312220766172747970653D2238222F3E3C70726F7065727479206E616D653D225461626C65566965774D6F64653A30222076616C75653D22342C302C3238342C302C323634302C312C323136302C352C313434302220766172747970653D2238222F3E3C70726F7065727479206E616D653D225461626C65566965774D6F64653A31222076616C75653D22322C302C3238342C302C323136302220766172747970653D2238222F3E3C70726F7065727479206E616D653D225461626C65566965774D6F64653A32222076616C75653D22322C302C3238342C302C323634302220766172747970653D2238222F3E3C70726F7065727479206E616D653D225461626C65566965774D6F64653A33222076616C75653D22322C302C3238342C302C323634302220766172747970653D2238222F3E3C70726F7065727479206E616D653D225461626C65566965774D6F64653A34222076616C75653D22342C302C3238342C302C323634302C31322C333132302C31312C313932302220766172747970653D2238222F3E3C2F646473786D6C6F626A3E3C2F6C61796F75746F626A6563743E3C73686170652067726F7570736861706569643D2230222067726F75706E6F64653D2230222F3E3C2F646473636F6E74726F6C3E3C646473636F6E74726F6C20636F6E74726F6C70726F6769643D227B36323341433037352D324337372D343837332D383833442D3933304234333634423442437D2220746F6F6C7469703D227761745F446179416363756D756C61746522206C6566743D2233343935302220746F703D2231323631353022206C6F676963616C69643D223136362220636F6E74726F6C69643D2231363622206D617374657269643D2230222068696E74313D2230222068696E74323D2230222077696474683D223632383722206865696768743D22313336393522206E6F726573697A653D223022206E6F6D6F76653D223022206E6F64656661756C74617474616368706F696E74733D223022206175746F647261673D2230222075736564656661756C7469646473686170653D2230222073656C65637461626C653D2231222073686F7773656C656374696F6E68616E646C65733D22302220616C6C6F776E756467696E673D223122206973616E6E6F746174696F6E3D22302220646F6E746175746F6C61796F75743D2230222067726F7570636F6C6C61707365643D2230222074616273746F703D2231222076697369626C653D22312220736E6170746F677269643D2231223E3C636F6E74726F6C3E3C646473786D6C6F626A65637473747265616D696E6974777261707065722062696E6172793D2232313433333431323038303030303030386631383030303037663335303030303738353633343132303730303030303031343031303030303737303036313030373430303566303034343030363130303739303034313030363330303633303037353030366430303735303036633030363130303734303036353030303030306666663065616666666666306561666666666630656166666666663065616666666666306561666666666630656166666666663065616666666666306561666666666630656166666666663065616666666666306561666666666630656166666666663065616666666666306561666666666630656166666666663065616666666666306561666666666630656166666666663065616666666666306561666666666630656166666666663065616666666666306561666666666630656166666666663065616666666666306561666666666630656166666666663065616666666666306561666666666630656166666666663065616666666666306561666666666630656166666666663065616666666666306561666666666630656166666666663065616666666666306561666666666630656166666666663065616666666666306561666666666630656166666666663065616666666666306561666666666630656166666666663065616666666666306561666666666630656166666666663065616666666666306561666666666630303030303030303030303030303030303030303030313030303030303035303030303030353430303030303032633030303030303263303030303030326330303030303033343030303030303030303030303030303030303030303033383265303030303236323230303030303030303030303032643031303030303064303030303030306330303030303030373030303030303163303130303030353030613030303037303038303030303630303030303030373830303030303035343030303030306130303530303030623430303030303036633030303030306234303030303030653430303030303039633030303030303030303030303030303130303030303038663138303030303766333530303030303030303030303031363030303030303063303030303030303230303030303030323030303030303163303130303030643830393030303030303030303030303031303030303030343031353030303035633037303030303030303030303030303230303030303030323030303030303032303030303030303230303030303031633031303030303530306130303030303130303030303030303030303030303430313530303030653530323030303030303030303030303030303030303030303030303030303030323030303030303032303030303030316330313030303035303061303030303030303030303030303030303030303032343338303030303236323230303030303030303030303030303030303030303064303030303030303430303030303030343030303030303163303130303030353030613030303033303063303030303830303730303030373835363334313230343030303030303663303030303030303130303030303030313030303030303062303030303030303030303030303030313030303030303032303030303030303330303030303030343030303030303035303030303030303630303030303030373030303030303038303030303030303930303030303030613030303030303034303030303030363430303632303036663030303030303132303030303030373730303631303037343030356630303434303036313030373930303431303036333030363330303735303036643030373530303663303036313030373430303635303030303030222F3E3C2F636F6E74726F6C3E3C6C61796F75746F626A6563743E3C646473786D6C6F626A3E3C70726F7065727479206E616D653D224163746976655461626C65566965774D6F6465222076616C75653D22312220766172747970653D2238222F3E3C70726F7065727479206E616D653D225461626C65566965774D6F64653A30222076616C75653D22342C302C3238342C302C323634302C312C323136302C352C313434302220766172747970653D2238222F3E3C70726F7065727479206E616D653D225461626C65566965774D6F64653A31222076616C75653D22322C302C3238342C302C323532302220766172747970653D2238222F3E3C70726F7065727479206E616D653D225461626C65566965774D6F64653A32222076616C75653D22322C302C3238342C302C323634302220766172747970653D2238222F3E3C70726F7065727479206E616D653D225461626C65566965774D6F64653A33222076616C75653D22322C302C3238342C302C323634302220766172747970653D2238222F3E3C70726F7065727479206E616D653D225461626C65566965774D6F64653A34222076616C75653D22342C302C3238342C302C323634302C31322C333132302C31312C313932302220766172747970653D2238222F3E3C2F646473786D6C6F626A3E3C2F6C61796F75746F626A6563743E3C73686170652067726F7570736861706569643D2230222067726F75706E6F64653D2230222F3E3C2F646473636F6E74726F6C3E3C646473636F6E74726F6C2073656D616E746963636F6F6B69653D22303130303030303030313030303030303634303036323030366630303030303034363030346230303566303037373030363130303734303035663030343430303631303037393030343130303633303036333030373530303664303037353030366330303631303037343030363530303566303036353030373130303735303035663030343530303731303037353030363930303730303036643030363530303665303037343030303030302220636F6E74726F6C70726F6769643D224D534444532E506F6C796C696E652E3038302E312220746F6F6C7469703D22E2809C6571755F45717569706D656E74E2809DE4B88EE2809C7761745F446179416363756D756C617465E2809DE4B98BE997B4E79A84E585B3E7B3BBE2809C464B5F7761745F446179416363756D756C6174655F6571755F45717569706D656E74E2809D22206C6566743D2234303933372220746F703D2231313833393322206C6F676963616C69643D223136372220636F6E74726F6C69643D2231363722206D617374657269643D2230222068696E74313D2230222068696E74323D2230222077696474683D223330313322206865696768743D22313530333722206E6F726573697A653D223022206E6F6D6F76653D223022206E6F64656661756C74617474616368706F696E74733D223122206175746F647261673D2230222075736564656661756C7469646473686170653D2230222073656C65637461626C653D2231222073686F7773656C656374696F6E68616E646C65733D22302220616C6C6F776E756467696E673D223122206973616E6E6F746174696F6E3D22302220646F6E746175746F6C61796F75743D2230222067726F7570636F6C6C61707365643D2230222074616273746F703D2231222076697369626C653D22312220736E6170746F677269643D2230223E3C636F6E74726F6C3E3C646473786D6C6F626A3E3C706F6C796C696E6520656E64747970656473743D22302220656E64747970657372633D2232222075736572636F6C6F723D22313537393033323022206C696E657374796C653D223022206C696E6572656E6465723D22302220637573746F6D656E647479706564737469643D22302220637573746F6D656E647479706573726369643D2230222061646F726E7376697369626C653D2231223E3C61646F726E6D656E742070657263656E74706F733D2234392E393939373537303631303231342220636F6E74726F6C69643D22313638222077696474683D223632373522206865696768743D223331382220736964653D223022206265686176696F723D2233222068696D65747269633D223833333122206469737466726F6D6C696E653D22313735222073746172746F626A3D22302220783D2233353536302220793D22313234393938222076697369626C653D22302220616C6C6F776F7665726C61703D2231222075736570657263656E743D2231222F3E3C2F706F6C796C696E653E3C2F646473786D6C6F626A3E3C2F636F6E74726F6C3E3C6C61796F75746F626A6563743E3C646473786D6C6F626A2F3E3C2F6C61796F75746F626A6563743E3C636F6E6E6563746F7220736F7572636569643D223322206465737469643D223136362220736F75726365617474616368706F696E743D22313938222064657374617474616368706F696E743D2231373322207365676D656E74656469746D6F64653D2230222062656E64706F696E74656469746D6F64653D2230222062656E64706F696E747669736962696C6974793D2230222072656C6174656469643D223022207669727475616C3D2230223E3C706F696E7420783D2234333635302220793D22313138383030222F3E3C706F696E7420783D2234323031302220793D22313138383030222F3E3C706F696E7420783D2234323031302220793D22313333303530222F3E3C706F696E7420783D2234313233372220793D22313333303530222F3E3C2F636F6E6E6563746F723E3C2F646473636F6E74726F6C3E3C646473636F6E74726F6C2073656D616E746963636F6F6B69653D22303130626663323765303062666332372220636F6E74726F6C70726F6769643D224D534444532E546578742E3038302E3122206C6566743D2233353536302220746F703D2231323439393822206C6F676963616C69643D223136382220636F6E74726F6C69643D2231363822206D617374657269643D22313637222068696E74313D2230222068696E74323D2230222077696474683D223632373522206865696768743D2233313822206E6F726573697A653D223122206E6F6D6F76653D223022206E6F64656661756C74617474616368706F696E74733D223122206175746F647261673D2231222075736564656661756C7469646473686170653D2231222073656C65637461626C653D2231222073686F7773656C656374696F6E68616E646C65733D22312220616C6C6F776E756467696E673D223122206973616E6E6F746174696F6E3D22302220646F6E746175746F6C61796F75743D2231222067726F7570636F6C6C61707365643D2230222074616273746F703D2230222076697369626C653D22302220736E6170746F677269643D2230223E3C636F6E74726F6C3E3C646473786D6C6F626A65637473747265616D696E6974777261707065722062696E6172793D223030303230303030383331383030303033653031303030303033303030303030303030306666666666663030303830303030383030313030303030303135303030313836303030303930303139303566303130303034636263656363653532323030343630303462303035663030373730303631303037343030356630303434303036313030373930303431303036333030363330303735303036643030373530303663303036313030373430303635303035663030363530303731303037353030356630303435303037313030373530303639303037303030366430303635303036653030373430303030303030303030222F3E3C2F636F6E74726F6C3E3C6C61796F75746F626A6563743E3C646473786D6C6F626A2F3E3C2F6C61796F75746F626A6563743E3C73686170652067726F7570736861706569643D2230222067726F75706E6F64653D2230222F3E3C2F646473636F6E74726F6C3E3C646473636F6E74726F6C20636F6E74726F6C70726F6769643D227B36323341433037352D324337372D343837332D383833442D3933304234333634423442437D2220746F6F6C7469703D227761745F466C6F7722206C6566743D2236313035302220746F703D22313330353022206C6F676963616C69643D223136392220636F6E74726F6C69643D2231363922206D617374657269643D2230222068696E74313D2230222068696E74323D2230222077696474683D223632383722206865696768743D22383131333222206E6F726573697A653D223022206E6F6D6F76653D223022206E6F64656661756C74617474616368706F696E74733D223022206175746F647261673D2230222075736564656661756C7469646473686170653D2230222073656C65637461626C653D2231222073686F7773656C656374696F6E68616E646C65733D22302220616C6C6F776E756467696E673D223122206973616E6E6F746174696F6E3D22302220646F6E746175746F6C61796F75743D2230222067726F7570636F6C6C61707365643D2230222074616273746F703D2231222076697369626C653D22312220736E6170746F677269643D2231223E3C636F6E74726F6C3E3C646473786D6C6F626A65637473747265616D696E6974777261707065722062696E6172793D2232313433333431323038303030303030386631383030303065633363303130303738353633343132303730303030303031343031303030303737303036313030373430303566303034363030366330303666303037373030303030306561666666666630656166666666663065616666666666306561666666666630656166666666663065616666666666306561666666666630656166666666663065616666666666306561666666666630656166666666663065616666666666306561666666666630656166666666663065616666666666306561666666666630656166666666663065616666666666306561666666666630656166666666663065616666666666306561666666666630656166666666663065616666666666306561666666666630656166666666663065616666666666306561666666666630656166666666663065616666666666306561666666666630656166666666663065616666666666306561666666666630656166666666663065616666666666306561666666666630656166666666663065616666666666306561666666666630656166666666663065616666666666306561666666666630656166666666663065616666666666306561666666666630656166666666663065616666666666306561666666666630656166666666663065616666666666306561666666666630656166666666663065616666666666306561666666666630303030303030303030303030303030303030303030313030303030303035303030303030353430303030303032633030303030303263303030303030326330303030303033343030303030303030303030303030303030303030303033383265303030303236323230303030303030303030303032643031303030303064303030303030306330303030303030373030303030303163303130303030353030613030303037303038303030303230303130303030363830313030303066633030303030306130303530303030316330323030303034343031303030303163303230303030616330323030303064343031303030303030303030303030303130303030303038663138303030306563336330313030303030303030303038633030303030303063303030303030303230303030303030323030303030303163303130303030373030383030303030303030303030303031303030303030343031353030303032303035303030303030303030303030303130303030303030313030303030303032303030303030303230303030303031633031303030303530306130303030303130303030303030303030303030303430313530303030653530323030303030303030303030303030303030303030303030303030303030323030303030303032303030303030316330313030303035303061303030303030303030303030303030303030303032343338303030303236323230303030303030303030303030303030303030303064303030303030303430303030303030343030303030303163303130303030353030613030303033303063303030303830303730303030373835363334313230343030303030303561303030303030303130303030303030313030303030303062303030303030303030303030303030313030303030303032303030303030303330303030303030343030303030303035303030303030303630303030303030373030303030303038303030303030303930303030303030613030303030303034303030303030363430303632303036663030303030303039303030303030373730303631303037343030356630303436303036633030366630303737303030303030222F3E3C2F636F6E74726F6C3E3C6C61796F75746F626A6563743E3C646473786D6C6F626A3E3C70726F7065727479206E616D653D224163746976655461626C65566965774D6F6465222076616C75653D22312220766172747970653D2238222F3E3C70726F7065727479206E616D653D225461626C65566965774D6F64653A30222076616C75653D22342C302C3238342C302C323634302C312C323136302C352C313434302220766172747970653D2238222F3E3C70726F7065727479206E616D653D225461626C65566965774D6F64653A31222076616C75653D22322C302C3238342C302C323136302220766172747970653D2238222F3E3C70726F7065727479206E616D653D225461626C65566965774D6F64653A32222076616C75653D22322C302C3238342C302C323634302220766172747970653D2238222F3E3C70726F7065727479206E616D653D225461626C65566965774D6F64653A33222076616C75653D22322C302C3238342C302C323634302220766172747970653D2238222F3E3C70726F7065727479206E616D653D225461626C65566965774D6F64653A34222076616C75653D22342C302C3238342C302C323634302C31322C333132302C31312C313932302220766172747970653D2238222F3E3C2F646473786D6C6F626A3E3C2F6C61796F75746F626A6563743E3C73686170652067726F7570736861706569643D2230222067726F75706E6F64653D2230222F3E3C2F646473636F6E74726F6C3E3C646473636F6E74726F6C2073656D616E746963636F6F6B69653D22303134386530373330313030303030303634303036323030366630303030303034363030346230303566303037373030363130303734303035663030343630303663303036663030373730303566303036353030373130303735303035663030343530303731303037353030363930303730303036643030363530303665303037343030303030302220636F6E74726F6C70726F6769643D224D534444532E506F6C796C696E652E3038302E312220746F6F6C7469703D22E2809C6571755F45717569706D656E74E2809DE4B88EE2809C7761745F466C6F77E2809DE4B98BE997B4E79A84E585B3E7B3BBE2809C464B5F7761745F466C6F775F6571755F45717569706D656E74E2809D22206C6566743D2234363939332220746F703D22393338383222206C6F676963616C69643D223137302220636F6E74726F6C69643D2231373022206D617374657269643D2230222068696E74313D2230222068696E74323D2230222077696474683D22313735303722206865696768743D22313637363422206E6F726573697A653D223022206E6F6D6F76653D223022206E6F64656661756C74617474616368706F696E74733D223122206175746F647261673D2230222075736564656661756C7469646473686170653D2230222073656C65637461626C653D2231222073686F7773656C656374696F6E68616E646C65733D22302220616C6C6F776E756467696E673D223122206973616E6E6F746174696F6E3D22302220646F6E746175746F6C61796F75743D2230222067726F7570636F6C6C61707365643D2230222074616273746F703D2231222076697369626C653D22312220736E6170746F677269643D2230223E3C636F6E74726F6C3E3C646473786D6C6F626A3E3C706F6C796C696E6520656E64747970656473743D22322220656E64747970657372633D2232222075736572636F6C6F723D22313537393033323022206C696E657374796C653D223022206C696E6572656E6465723D22302220637573746F6D656E647479706564737469643D22302220637573746F6D656E647479706573726369643D2230222061646F726E7376697369626C653D2231223E3C61646F726E6D656E742070657263656E74706F733D2234392E393939373631373439333331372220636F6E74726F6C69643D22313731222077696474683D223436313322206865696768743D223331382220736964653D223022206265686176696F723D2233222068696D65747269633D22313632383322206469737466726F6D6C696E653D22313735222073746172746F626A3D22302220783D2234393036392220793D223935333336222076697369626C653D22302220616C6C6F776F7665726C61703D2231222075736570657263656E743D2231222F3E3C2F706F6C796C696E653E3C2F646473786D6C6F626A3E3C2F636F6E74726F6C3E3C6C61796F75746F626A6563743E3C646473786D6C6F626A2F3E3C2F6C61796F75746F626A6563743E3C636F6E6E6563746F7220736F7572636569643D223322206465737469643D223136392220736F75726365617474616368706F696E743D223438222064657374617474616368706F696E743D22343122207365676D656E74656469746D6F64653D2230222062656E64706F696E74656469746D6F64653D2230222062656E64706F696E747669736962696C6974793D2230222072656C6174656469643D223022207669727475616C3D2230223E3C706F696E7420783D2234373430302220793D22313039393530222F3E3C706F696E7420783D2234373430302220793D223935313631222F3E3C706F696E7420783D2236343230302220793D223935313631222F3E3C706F696E7420783D2236343230302220793D223934313832222F3E3C2F636F6E6E6563746F723E3C2F646473636F6E74726F6C3E3C646473636F6E74726F6C2073656D616E746963636F6F6B69653D22303131306663323761303130666332372220636F6E74726F6C70726F6769643D224D534444532E546578742E3038302E3122206C6566743D2234393036392220746F703D22393533333622206C6F676963616C69643D223137312220636F6E74726F6C69643D2231373122206D617374657269643D22313730222068696E74313D2230222068696E74323D2230222077696474683D223436313322206865696768743D2233313822206E6F726573697A653D223122206E6F6D6F76653D223022206E6F64656661756C74617474616368706F696E74733D223122206175746F647261673D2231222075736564656661756C7469646473686170653D2231222073656C65637461626C653D2231222073686F7773656C656374696F6E68616E646C65733D22312220616C6C6F776E756467696E673D223122206973616E6E6F746174696F6E3D22302220646F6E746175746F6C61796F75743D2231222067726F7570636F6C6C61707365643D2230222074616273746F703D2230222076697369626C653D22302220736E6170746F677269643D2230223E3C636F6E74726F6C3E3C646473786D6C6F626A65637473747265616D696E6974777261707065722062696E6172793D223030303230303030303531323030303033653031303030303033303030303030303030306666666666663030303830303030383030313030303030303135303030313836303030303930303139303566303130303034636263656363653531393030343630303462303035663030373730303631303037343030356630303436303036633030366630303737303035663030363530303731303037353030356630303435303037313030373530303639303037303030366430303635303036653030373430303030303030303030222F3E3C2F636F6E74726F6C3E3C6C61796F75746F626A6563743E3C646473786D6C6F626A2F3E3C2F6C61796F75746F626A6563743E3C73686170652067726F7570736861706569643D2230222067726F75706E6F64653D2230222F3E3C2F646473636F6E74726F6C3E3C646473636F6E74726F6C20636F6E74726F6C70726F6769643D227B36323341433037352D324337372D343837332D383833442D3933304234333634423442437D2220746F6F6C7469703D227761745F466C6F775479706522206C6566743D22302220746F703D223022206C6F676963616C69643D223137322220636F6E74726F6C69643D2231373222206D617374657269643D2230222068696E74313D2230222068696E74323D2230222077696474683D223632383722206865696768743D223734303822206E6F726573697A653D223022206E6F6D6F76653D223022206E6F64656661756C74617474616368706F696E74733D223022206175746F647261673D2230222075736564656661756C7469646473686170653D2230222073656C65637461626C653D2231222073686F7773656C656374696F6E68616E646C65733D22302220616C6C6F776E756467696E673D223122206973616E6E6F746174696F6E3D22302220646F6E746175746F6C61796F75743D2230222067726F7570636F6C6C61707365643D2230222074616273746F703D2231222076697369626C653D22312220736E6170746F677269643D2231223E3C636F6E74726F6C3E3C646473786D6C6F626A65637473747265616D696E6974777261707065722062696E6172793D223231343333343132303830303030303038663138303030306630316330303030373835363334313230373030303030303134303130303030373730303631303037343030356630303436303036633030366630303737303035343030373930303730303036353030303030306561666666666630656166666666663065616666666666306561666666666630656166666666663065616666666666306561666666666630656166666666663065616666666666306561666666666630656166666666663065616666666666306561666666666630656166666666663065616666666666306561666666666630656166666666663065616666666666306561666666666630656166666666663065616666666666306561666666666630656166666666663065616666303030303030303066656634663266666665663466326666666566346632666666656634663266666665663466326666666566346632666666656634663266666665663466326666666566346632666666656634663266666665663466326666666566346632666666656634663266666665663466326666666566346632666666656634663266666665663466326666666566346632666666656634663266666665663466326666666566346632666666656634663266666665663466326666666566346632666666656634663266666665663466326666666566346632666666656634663266666665663430303030303030303030303030303030303030303031303030303030303530303030303035343030303030303263303030303030326330303030303032633030303030303334303030303030303030303030303030303030303030303338326530303030323632323030303030303030303030303264303130303030306430303030303030633030303030303037303030303030316330313030303035303061303030303730303830303030323030313030303036383031303030306663303030303030613030353030303031633032303030303434303130303030316330323030303061633032303030306434303130303030303030303030303030313030303030303866313830303030663031633030303030303030303030303062303030303030306230303030303030323030303030303032303030303030316330313030303037303038303030303030303030303030303130303030303034303135303030303230303530303030303030303030303030313030303030303031303030303030303230303030303030323030303030303163303130303030353030613030303030313030303030303030303030303030343031353030303065353032303030303030303030303030303030303030303030303030303030303032303030303030303230303030303031633031303030303530306130303030303030303030303030303030303030303234333830303030323632323030303030303030303030303030303030303030306430303030303030343030303030303034303030303030316330313030303035303061303030303330306330303030383030373030303037383536333431323034303030303030363230303030303030313030303030303031303030303030306230303030303030303030303030303031303030303030303230303030303030333030303030303034303030303030303530303030303030363030303030303037303030303030303830303030303030393030303030303061303030303030303430303030303036343030363230303666303030303030306430303030303037373030363130303734303035663030343630303663303036663030373730303534303037393030373030303635303030303030222F3E3C2F636F6E74726F6C3E3C6C61796F75746F626A6563743E3C646473786D6C6F626A3E3C70726F7065727479206E616D653D224163746976655461626C65566965774D6F6465222076616C75653D22312220766172747970653D2238222F3E3C70726F7065727479206E616D653D225461626C65566965774D6F64653A30222076616C75653D22342C302C3238342C302C323634302C312C323136302C352C313434302220766172747970653D2238222F3E3C70726F7065727479206E616D653D225461626C65566965774D6F64653A31222076616C75653D22322C302C3238342C302C323136302220766172747970653D2238222F3E3C70726F7065727479206E616D653D225461626C65566965774D6F64653A32222076616C75653D22322C302C3238342C302C323634302220766172747970653D2238222F3E3C70726F7065727479206E616D653D225461626C65566965774D6F64653A33222076616C75653D22322C302C3238342C302C323634302220766172747970653D2238222F3E3C70726F7065727479206E616D653D225461626C65566965774D6F64653A34222076616C75653D22342C302C3238342C302C323634302C31322C333132302C31312C313932302220766172747970653D2238222F3E3C2F646473786D6C6F626A3E3C2F6C61796F75746F626A6563743E3C73686170652067726F7570736861706569643D2230222067726F75706E6F64653D2230222F3E3C2F646473636F6E74726F6C3E3C646473636F6E74726F6C20636F6E74726F6C70726F6769643D227B36323341433037352D324337372D343837332D383833442D3933304234333634423442437D2220746F6F6C7469703D227761745F486F7572416363756D756C61746522206C6566743D2237383735302220746F703D2231343232303022206C6F676963616C69643D223137332220636F6E74726F6C69643D2231373322206D617374657269643D2230222068696E74313D2230222068696E74323D2230222077696474683D223632383722206865696768743D223339373922206E6F726573697A653D223022206E6F6D6F76653D223022206E6F64656661756C74617474616368706F696E74733D223022206175746F647261673D2230222075736564656661756C7469646473686170653D2230222073656C65637461626C653D2231222073686F7773656C656374696F6E68616E646C65733D22302220616C6C6F776E756467696E673D223122206973616E6E6F746174696F6E3D22302220646F6E746175746F6C61796F75743D2230222067726F7570636F6C6C61707365643D2230222074616273746F703D2231222076697369626C653D22312220736E6170746F677269643D2231223E3C636F6E74726F6C3E3C646473786D6C6F626A65637473747265616D696E6974777261707065722062696E6172793D223231343333343132303830303030303038663138303030303862306630303030373835363334313230373030303030303134303130303030373730303631303037343030356630303438303036663030373530303732303034313030363330303633303037353030366430303735303036633030363130303734303036353030303030306561666666666630656166666666663065616666666666306561666666666630656166666666663065616666666666306561666666666630656166666666663065616666666666306561666666666630656166666666663065616666666666306561666666666630656166666666663065616666666666306561666666666630656166666666663065616666666666306561666666666630656166666666663065616666666666306561666666666630656166666666663065616666666666306561666666666630656166666666663065616666666666306561666666666630656166666666663065616666666666306561666666666630656166666666663065616666666666306561666666666630656166666666663065616666666666306561666666666630656166666666663065616666666666306561666666666630656166666666663065616666666666306561666666666630656166666666663065616666666666306561666666666630656166666666663065616666666666306561666666666630656166666666663030303030303030303030303030303030303030303031303030303030303530303030303035343030303030303263303030303030326330303030303032633030303030303334303030303030303030303030303030303030303030303338326530303030633131343030303030303030303030303264303130303030303730303030303030633030303030303037303030303030316330313030303035303061303030303730303830303030363030303030303037383030303030303534303030303030613030353030303062343030303030303663303030303030623430303030303065343030303030303963303030303030303030303030303030313030303030303866313830303030386230663030303030303030303030303035303030303030303530303030303030323030303030303032303030303030316330313030303064383039303030303030303030303030303130303030303034303135303030303563303730303030303030303030303030323030303030303032303030303030303230303030303030323030303030303163303130303030353030613030303030313030303030303030303030303030343031353030303065353032303030303030303030303030303030303030303030303030303030303032303030303030303230303030303031633031303030303530306130303030303030303030303030303030303030303234333830303030323632323030303030303030303030303030303030303030306430303030303030343030303030303034303030303030316330313030303035303061303030303330306330303030383030373030303037383536333431323034303030303030366530303030303030313030303030303031303030303030306230303030303030303030303030303031303030303030303230303030303030333030303030303034303030303030303530303030303030363030303030303037303030303030303830303030303030393030303030303061303030303030303430303030303036343030363230303666303030303030313330303030303037373030363130303734303035663030343830303666303037353030373230303431303036333030363330303735303036643030373530303663303036313030373430303635303030303030222F3E3C2F636F6E74726F6C3E3C6C61796F75746F626A6563743E3C646473786D6C6F626A3E3C70726F7065727479206E616D653D224163746976655461626C65566965774D6F6465222076616C75653D22312220766172747970653D2238222F3E3C70726F7065727479206E616D653D225461626C65566965774D6F64653A30222076616C75653D22342C302C3238342C302C323634302C312C323136302C352C313434302220766172747970653D2238222F3E3C70726F7065727479206E616D653D225461626C65566965774D6F64653A31222076616C75653D22322C302C3238342C302C323532302220766172747970653D2238222F3E3C70726F7065727479206E616D653D225461626C65566965774D6F64653A32222076616C75653D22322C302C3238342C302C323634302220766172747970653D2238222F3E3C70726F7065727479206E616D653D225461626C65566965774D6F64653A33222076616C75653D22322C302C3238342C302C323634302220766172747970653D2238222F3E3C70726F7065727479206E616D653D225461626C65566965774D6F64653A34222076616C75653D22342C302C3238342C302C323634302C31322C333132302C31312C313932302220766172747970653D2238222F3E3C2F646473786D6C6F626A3E3C2F6C61796F75746F626A6563743E3C73686170652067726F7570736861706569643D2230222067726F75706E6F64653D2230222F3E3C2F646473636F6E74726F6C3E3C646473636F6E74726F6C2073656D616E746963636F6F6B69653D2230313230343636353031303030303030363430303632303036663030303030303436303034623030356630303737303036313030373430303566303034383030366630303735303037323030343130303633303036333030373530303664303037353030366330303631303037343030363530303566303036353030373130303735303035663030343530303731303037353030363930303730303036643030363530303665303037343030303030302220636F6E74726F6C70726F6769643D224D534444532E506F6C796C696E652E3038302E312220746F6F6C7469703D22E2809C6571755F45717569706D656E74E2809DE4B88EE2809C7761745F486F7572416363756D756C617465E2809DE4B98BE997B4E79A84E585B3E7B3BBE2809C464B5F7761745F486F7572416363756D756C6174655F6571755F45717569706D656E74E2809D22206C6566743D2234363939332220746F703D2231323538303722206C6F676963616C69643D223137342220636F6E74726F6C69643D2231373422206D617374657269643D2230222068696E74313D2230222068696E74323D2230222077696474683D22333532383722206865696768743D22313730393322206E6F726573697A653D223022206E6F6D6F76653D223022206E6F64656661756C74617474616368706F696E74733D223122206175746F647261673D2230222075736564656661756C7469646473686170653D2230222073656C65637461626C653D2231222073686F7773656C656374696F6E68616E646C65733D22302220616C6C6F776E756467696E673D223122206973616E6E6F746174696F6E3D22302220646F6E746175746F6C61796F75743D2230222067726F7570636F6C6C61707365643D2230222074616273746F703D2231222076697369626C653D22312220736E6170746F677269643D2230223E3C636F6E74726F6C3E3C646473786D6C6F626A3E3C706F6C796C696E6520656E64747970656473743D22302220656E64747970657372633D2232222075736572636F6C6F723D22313537393033323022206C696E657374796C653D223022206C696E6572656E6465723D22302220637573746F6D656E647479706564737469643D22302220637573746F6D656E647479706573726369643D2230222061646F726E7376697369626C653D2231223E3C61646F726E6D656E742070657263656E74706F733D2234392E393939373730373631303237352220636F6E74726F6C69643D22313735222077696474683D223634363022206865696768743D223331382220736964653D223022206265686176696F723D2233222068696D65747269633D22323530393822206469737466726F6D6C696E653D22313735222073746172746F626A3D22302220783D2235313037342220793D22313431343636222076697369626C653D22302220616C6C6F776F7665726C61703D2231222075736570657263656E743D2231222F3E3C2F706F6C796C696E653E3C2F646473786D6C6F626A3E3C2F636F6E74726F6C3E3C6C61796F75746F626A6563743E3C646473786D6C6F626A2F3E3C2F6C61796F75746F626A6563743E3C636F6E6E6563746F7220736F7572636569643D223322206465737469643D223137332220736F75726365617474616368706F696E743D223439222064657374617474616368706F696E743D22343022207365676D656E74656469746D6F64653D2230222062656E64706F696E74656469746D6F64653D2230222062656E64706F696E747669736962696C6974793D2230222072656C6174656469643D223022207669727475616C3D2230223E3C706F696E7420783D2234373430302220793D22313236353032222F3E3C706F696E7420783D2234373430302220793D22313431323931222F3E3C706F696E7420783D2238313930302220793D22313431323931222F3E3C706F696E7420783D2238313930302220793D22313432323030222F3E3C2F636F6E6E6563746F723E3C2F646473636F6E74726F6C3E3C646473636F6E74726F6C2073656D616E746963636F6F6B69653D22303134316663323765303431666332372220636F6E74726F6C70726F6769643D224D534444532E546578742E3038302E3122206C6566743D2235313037342220746F703D2231343134363622206C6F676963616C69643D223137352220636F6E74726F6C69643D2231373522206D617374657269643D22313734222068696E74313D2230222068696E74323D2230222077696474683D223634363022206865696768743D2233313822206E6F726573697A653D223122206E6F6D6F76653D223022206E6F64656661756C74617474616368706F696E74733D223122206175746F647261673D2231222075736564656661756C7469646473686170653D2231222073656C65637461626C653D2231222073686F7773656C656374696F6E68616E646C65733D22312220616C6C6F776E756467696E673D223122206973616E6E6F746174696F6E3D22302220646F6E746175746F6C61796F75743D2231222067726F7570636F6C6C61707365643D2230222074616273746F703D2230222076697369626C653D22302220736E6170746F677269643D2230223E3C636F6E74726F6C3E3C646473786D6C6F626A65637473747265616D696E6974777261707065722062696E6172793D22303030323030303033633139303030303365303130303030303330303030303030303030666666666666303030383030303038303031303030303030313530303031383630303030393030313930356630313030303463626365636365353233303034363030346230303566303037373030363130303734303035663030343830303666303037353030373230303431303036333030363330303735303036643030373530303663303036313030373430303635303035663030363530303731303037353030356630303435303037313030373530303639303037303030366430303635303036653030373430303030303030303030222F3E3C2F636F6E74726F6C3E3C6C61796F75746F626A6563743E3C646473786D6C6F626A2F3E3C2F6C61796F75746F626A6563743E3C73686170652067726F7570736861706569643D2230222067726F75706E6F64653D2230222F3E3C2F646473636F6E74726F6C3E3C646473636F6E74726F6C20636F6E74726F6C70726F6769643D227B36323341433037352D324337372D343837332D383833442D3933304234333634423442437D2220746F6F6C7469703D227761745F4D6F6E7468416363756D756C61746522206C6566743D2235323335302220746F703D2231323336303022206C6F676963616C69643D223137362220636F6E74726F6C69643D2231373622206D617374657269643D2230222068696E74313D2230222068696E74323D2230222077696474683D223632383722206865696768743D223931323322206E6F726573697A653D223022206E6F6D6F76653D223022206E6F64656661756C74617474616368706F696E74733D223022206175746F647261673D2230222075736564656661756C7469646473686170653D2230222073656C65637461626C653D2231222073686F7773656C656374696F6E68616E646C65733D22302220616C6C6F776E756467696E673D223122206973616E6E6F746174696F6E3D22302220646F6E746175746F6C61796F75743D2230222067726F7570636F6C6C61707365643D2230222074616273746F703D2231222076697369626C653D22312220736E6170746F677269643D2231223E3C636F6E74726F6C3E3C646473786D6C6F626A65637473747265616D696E6974777261707065722062696E6172793D22323134333334313230383030303030303866313830303030613332333030303037383536333431323037303030303030313430313030303037373030363130303734303035663030346430303666303036653030373430303638303034313030363330303633303037353030366430303735303036633030363130303734303036353030303030306666663065616666666666306561666666666630656166666666663065616666666666306561666666666630656166666666663065616666666666306561666666666630656166666666663065616666666666306561666666666630656166666666663065616666666666306561666666666630656166666666663065616666666666306561666666666630656166666666663065616666666666306561666666666630656166666666663065616666666666306561666666666630656166666666663065616666666666306561666666666630656166666666663065616666666666306561666666666630656166666666663065616666666666306561666666666630656166666666663065616666666666306561666666666630656166666666663065616666666666306561666666666630656166663030303030303030666566346632666666656634663266666665663466326666666566346632666666656634663266666665663466326666666566346632666666656634663266666665663466326666666566343030303030303030303030303030303030303030303130303030303030353030303030303534303030303030326330303030303032633030303030303263303030303030333430303030303030303030303030303030303030303030333832653030303032363232303030303030303030303030326430313030303030643030303030303063303030303030303730303030303031633031303030303530306130303030373030383030303036303030303030303738303030303030353430303030303061303035303030306234303030303030366330303030303062343030303030306534303030303030396330303030303030303030303030303031303030303030386631383030303061333233303030303030303030303030306530303030303030633030303030303032303030303030303230303030303031633031303030306438303930303030303030303030303030313030303030303430313530303030356330373030303030303030303030303032303030303030303230303030303030323030303030303032303030303030316330313030303035303061303030303031303030303030303030303030303034303135303030306535303230303030303030303030303030303030303030303030303030303030303230303030303030323030303030303163303130303030353030613030303030303030303030303030303030303030323433383030303032363232303030303030303030303030303030303030303030643030303030303034303030303030303430303030303031633031303030303530306130303030333030633030303038303037303030303738353633343132303430303030303037303030303030303031303030303030303130303030303030623030303030303030303030303030303130303030303030323030303030303033303030303030303430303030303030353030303030303036303030303030303730303030303030383030303030303039303030303030306130303030303030343030303030303634303036323030366630303030303031343030303030303737303036313030373430303566303034643030366630303665303037343030363830303431303036333030363330303735303036643030373530303663303036313030373430303635303030303030222F3E3C2F636F6E74726F6C3E3C6C61796F75746F626A6563743E3C646473786D6C6F626A3E3C70726F7065727479206E616D653D224163746976655461626C65566965774D6F6465222076616C75653D22312220766172747970653D2238222F3E3C70726F7065727479206E616D653D225461626C65566965774D6F64653A30222076616C75653D22342C302C3238342C302C323634302C312C323136302C352C313434302220766172747970653D2238222F3E3C70726F7065727479206E616D653D225461626C65566965774D6F64653A31222076616C75653D22322C302C3238342C302C323532302220766172747970653D2238222F3E3C70726F7065727479206E616D653D225461626C65566965774D6F64653A32222076616C75653D22322C302C3238342C302C323634302220766172747970653D2238222F3E3C70726F7065727479206E616D653D225461626C65566965774D6F64653A33222076616C75653D22322C302C3238342C302C323634302220766172747970653D2238222F3E3C70726F7065727479206E616D653D225461626C65566965774D6F64653A34222076616C75653D22342C302C3238342C302C323634302C31322C333132302C31312C313932302220766172747970653D2238222F3E3C2F646473786D6C6F626A3E3C2F6C61796F75746F626A6563743E3C73686170652067726F7570736861706569643D2230222067726F75706E6F64653D2230222F3E3C2F646473636F6E74726F6C3E3C646473636F6E74726F6C2073656D616E746963636F6F6B69653D223031313632643630303130303030303036343030363230303666303030303030343630303462303035663030373730303631303037343030356630303464303036663030366530303734303036383030343130303633303036333030373530303664303037353030366330303631303037343030363530303566303036353030373130303735303035663030343530303731303037353030363930303730303036643030363530303665303037343030303030302220636F6E74726F6C70726F6769643D224D534444532E506F6C796C696E652E3038302E312220746F6F6C7469703D22E2809C6571755F45717569706D656E74E2809DE4B88EE2809C7761745F4D6F6E7468416363756D756C617465E2809DE4B98BE997B4E79A84E585B3E7B3BBE2809C464B5F7761745F4D6F6E7468416363756D756C6174655F6571755F45717569706D656E74E2809D22206C6566743D2234393633372220746F703D2231313832343322206C6F676963616C69643D223137372220636F6E74726F6C69643D2231373722206D617374657269643D2230222068696E74313D2230222068696E74323D2230222077696474683D223330313322206865696768743D22313032333722206E6F726573697A653D223022206E6F6D6F76653D223022206E6F64656661756C74617474616368706F696E74733D223122206175746F647261673D2230222075736564656661756C7469646473686170653D2230222073656C65637461626C653D2231222073686F7773656C656374696F6E68616E646C65733D22302220616C6C6F776E756467696E673D223122206973616E6E6F746174696F6E3D22302220646F6E746175746F6C61796F75743D2230222067726F7570636F6C6C61707365643D2230222074616273746F703D2231222076697369626C653D22312220736E6170746F677269643D2230223E3C636F6E74726F6C3E3C646473786D6C6F626A3E3C706F6C796C696E6520656E64747970656473743D22302220656E64747970657372633D2232222075736572636F6C6F723D22313537393033323022206C696E657374796C653D223022206C696E6572656E6465723D22302220637573746F6D656E647479706564737469643D22302220637573746F6D656E647479706573726369643D2230222061646F726E7376697369626C653D2231223E3C61646F726E6D656E742070657263656E74706F733D2234392E393939373734393430303231352220636F6E74726F6C69643D22313738222077696474683D223636343422206865696768743D223331382220736964653D223122206265686176696F723D2233222068696D65747269633D223539333122206469737466726F6D6C696E653D22313735222073746172746F626A3D22302220783D2235313735322220793D22313232343438222076697369626C653D22302220616C6C6F776F7665726C61703D2231222075736570657263656E743D2231222F3E3C2F706F6C796C696E653E3C2F646473786D6C6F626A3E3C2F636F6E74726F6C3E3C6C61796F75746F626A6563743E3C646473786D6C6F626A2F3E3C2F6C61796F75746F626A6563743E3C636F6E6E6563746F7220736F7572636569643D223322206465737469643D223137362220736F75726365617474616368706F696E743D22313937222064657374617474616368706F696E743D2231343022207365676D656E74656469746D6F64653D2230222062656E64706F696E74656469746D6F64653D2230222062656E64706F696E747669736962696C6974793D2230222072656C6174656469643D223022207669727475616C3D2230223E3C706F696E7420783D2234393933372220793D22313138363530222F3E3C706F696E7420783D2235313537372220793D22313138363530222F3E3C706F696E7420783D2235313537372220793D22313238313030222F3E3C706F696E7420783D2235323335302220793D22313238313030222F3E3C2F636F6E6E6563746F723E3C2F646473636F6E74726F6C3E3C646473636F6E74726F6C2073656D616E746963636F6F6B69653D22303164366335316131306436633531612220636F6E74726F6C70726F6769643D224D534444532E546578742E3038302E3122206C6566743D2235313735322220746F703D2231323234343822206C6F676963616C69643D223137382220636F6E74726F6C69643D2231373822206D617374657269643D22313737222068696E74313D2230222068696E74323D2230222077696474683D223636343422206865696768743D2233313822206E6F726573697A653D223122206E6F6D6F76653D223022206E6F64656661756C74617474616368706F696E74733D223122206175746F647261673D2231222075736564656661756C7469646473686170653D2231222073656C65637461626C653D2231222073686F7773656C656374696F6E68616E646C65733D22312220616C6C6F776E756467696E673D223122206973616E6E6F746174696F6E3D22302220646F6E746175746F6C61796F75743D2231222067726F7570636F6C6C61707365643D2230222074616273746F703D2230222076697369626C653D22302220736E6170746F677269643D2230223E3C636F6E74726F6C3E3C646473786D6C6F626A65637473747265616D696E6974777261707065722062696E6172793D2230303032303030306634313930303030336530313030303030333030303030303030303066666666666630303038303030303830303130303030303031353030303138363030303039303031393035663031303030346362636563636535323430303436303034623030356630303737303036313030373430303566303034643030366630303665303037343030363830303431303036333030363330303735303036643030373530303663303036313030373430303635303035663030363530303731303037353030356630303435303037313030373530303639303037303030366430303635303036653030373430303030303030303030222F3E3C2F636F6E74726F6C3E3C6C61796F75746F626A6563743E3C646473786D6C6F626A2F3E3C2F6C61796F75746F626A6563743E3C73686170652067726F7570736861706569643D2230222067726F75706E6F64653D2230222F3E3C2F646473636F6E74726F6C3E3C646473636F6E74726F6C20636F6E74726F6C70726F6769643D227B36323341433037352D324337372D343837332D383833442D3933304234333634423442437D2220746F6F6C7469703D227761745F5765656B416363756D756C61746522206C6566743D2238373435302220746F703D2231343232303022206C6F676963616C69643D223137392220636F6E74726F6C69643D2231373922206D617374657269643D2230222068696E74313D2230222068696E74323D2230222077696474683D223632383722206865696768743D223835353122206E6F726573697A653D223022206E6F6D6F76653D223022206E6F64656661756C74617474616368706F696E74733D223022206175746F647261673D2230222075736564656661756C7469646473686170653D2230222073656C65637461626C653D2231222073686F7773656C656374696F6E68616E646C65733D22302220616C6C6F776E756467696E673D223122206973616E6E6F746174696F6E3D22302220646F6E746175746F6C61796F75743D2230222067726F7570636F6C6C61707365643D2230222074616273746F703D2231222076697369626C653D22312220736E6170746F677269643D2231223E3C636F6E74726F6C3E3C646473786D6C6F626A65637473747265616D696E6974777261707065722062696E6172793D223231343333343132303830303030303038663138303030303637323130303030373835363334313230373030303030303134303130303030373730303631303037343030356630303537303036353030363530303662303034313030363330303633303037353030366430303735303036633030363130303734303036353030303030306561666666666630656166666666663065616666666666306561666666666630656166666666663065616666666666306561666666666630656166666666663065616666666666306561666666666630656166666666663065616666666666306561666666666630656166666666663065616666666666306561666666666630656166666666663065616666666666306561666666666630656166666666663065616666666666306561666666666630656166666666663065616666666666306561666666666630656166666666663065616666666666306561666666666630656166666666663065616666666666306561666666666630656166666666663065616666666666306561666666666630656166666666663065616666666666306561666666666630656166666666663065616666666666306561666666666630656166666666663065616666666666306561666666666630656166666666663065616666666666306561666666666630656166666666663065616666666666306561666666666630656166666666663030303030303030303030303030303030303030303031303030303030303530303030303035343030303030303263303030303030326330303030303032633030303030303334303030303030303030303030303030303030303030303338326530303030323632323030303030303030303030303264303130303030306430303030303030633030303030303037303030303030316330313030303035303061303030303730303830303030363030303030303037383030303030303534303030303030613030353030303062343030303030303663303030303030623430303030303065343030303030303963303030303030303030303030303030313030303030303866313830303030363732313030303030303030303030303064303030303030306330303030303030323030303030303032303030303030316330313030303064383039303030303030303030303030303130303030303034303135303030303563303730303030303030303030303030323030303030303032303030303030303230303030303030323030303030303163303130303030353030613030303030313030303030303030303030303030343031353030303065353032303030303030303030303030303030303030303030303030303030303032303030303030303230303030303031633031303030303530306130303030303030303030303030303030303030303234333830303030323632323030303030303030303030303030303030303030306430303030303030343030303030303034303030303030316330313030303035303061303030303330306330303030383030373030303037383536333431323034303030303030366530303030303030313030303030303031303030303030306230303030303030303030303030303031303030303030303230303030303030333030303030303034303030303030303530303030303030363030303030303037303030303030303830303030303030393030303030303061303030303030303430303030303036343030363230303666303030303030313330303030303037373030363130303734303035663030353730303635303036353030366230303431303036333030363330303735303036643030373530303663303036313030373430303635303030303030222F3E3C2F636F6E74726F6C3E3C6C61796F75746F626A6563743E3C646473786D6C6F626A3E3C70726F7065727479206E616D653D224163746976655461626C65566965774D6F6465222076616C75653D22312220766172747970653D2238222F3E3C70726F7065727479206E616D653D225461626C65566965774D6F64653A30222076616C75653D22342C302C3238342C302C323634302C312C323136302C352C313434302220766172747970653D2238222F3E3C70726F7065727479206E616D653D225461626C65566965774D6F64653A31222076616C75653D22322C302C3238342C302C323532302220766172747970653D2238222F3E3C70726F7065727479206E616D653D225461626C65566965774D6F64653A32222076616C75653D22322C302C3238342C302C323634302220766172747970653D2238222F3E3C70726F7065727479206E616D653D225461626C65566965774D6F64653A33222076616C75653D22322C302C3238342C302C323634302220766172747970653D2238222F3E3C70726F7065727479206E616D653D225461626C65566965774D6F64653A34222076616C75653D22342C302C3238342C302C323634302C31322C333132302C31312C313932302220766172747970653D2238222F3E3C2F646473786D6C6F626A3E3C2F6C61796F75746F626A6563743E3C73686170652067726F7570736861706569643D2230222067726F75706E6F64653D2230222F3E3C2F646473636F6E74726F6C3E3C646473636F6E74726F6C2073656D616E746963636F6F6B69653D2230313638333237363031303030303030363430303632303036663030303030303436303034623030356630303737303036313030373430303566303035373030363530303635303036623030343130303633303036333030373530303664303037353030366330303631303037343030363530303566303036353030373130303735303035663030343530303731303037353030363930303730303036643030363530303665303037343030303030302220636F6E74726F6C70726F6769643D224D534444532E506F6C796C696E652E3038302E312220746F6F6C7469703D22E2809C6571755F45717569706D656E74E2809DE4B88EE2809C7761745F5765656B416363756D756C617465E2809DE4B98BE997B4E79A84E585B3E7B3BBE2809C464B5F7761745F5765656B416363756D756C6174655F6571755F45717569706D656E74E2809D22206C6566743D2234373434332220746F703D2231323538303722206C6F676963616C69643D223138302220636F6E74726F6C69643D2231383022206D617374657269643D2230222068696E74313D2230222068696E74323D2230222077696474683D22343335333722206865696768743D22313730393322206E6F726573697A653D223022206E6F6D6F76653D223022206E6F64656661756C74617474616368706F696E74733D223122206175746F647261673D2230222075736564656661756C7469646473686170653D2230222073656C65637461626C653D2231222073686F7773656C656374696F6E68616E646C65733D22302220616C6C6F776E756467696E673D223122206973616E6E6F746174696F6E3D22302220646F6E746175746F6C61796F75743D2230222067726F7570636F6C6C61707365643D2230222074616273746F703D2231222076697369626C653D22312220736E6170746F677269643D2230223E3C636F6E74726F6C3E3C646473786D6C6F626A3E3C706F6C796C696E6520656E64747970656473743D22302220656E64747970657372633D2232222075736572636F6C6F723D22313537393033323022206C696E657374796C653D223022206C696E6572656E6465723D22302220637573746F6D656E647479706564737469643D22302220637573746F6D656E647479706573726369643D2230222061646F726E7376697369626C653D2231223E3C61646F726E6D656E742070657263656E74706F733D2234392E393939373738393639333738342220636F6E74726F6C69643D22313831222077696474683D223634363022206865696768743D223331382220736964653D223022206265686176696F723D2233222068696D65747269633D22323932323322206469737466726F6D6C696E653D22313735222073746172746F626A3D22302220783D2235353832392220793D22313431323836222076697369626C653D22302220616C6C6F776F7665726C61703D2231222075736570657263656E743D2231222F3E3C2F706F6C796C696E653E3C2F646473786D6C6F626A3E3C2F636F6E74726F6C3E3C6C61796F75746F626A6563743E3C646473786D6C6F626A2F3E3C2F6C61796F75746F626A6563743E3C636F6E6E6563746F7220736F7572636569643D223322206465737469643D223137392220736F75726365617474616368706F696E743D223535222064657374617474616368706F696E743D22343022207365676D656E74656469746D6F64653D2230222062656E64706F696E74656469746D6F64653D2230222062656E64706F696E747669736962696C6974793D2230222072656C6174656469643D223022207669727475616C3D2230223E3C706F696E7420783D2234373835302220793D22313236353032222F3E3C706F696E7420783D2234373835302220793D22313431313131222F3E3C706F696E7420783D2239303630302220793D22313431313131222F3E3C706F696E7420783D2239303630302220793D22313432323030222F3E3C2F636F6E6E6563746F723E3C2F646473636F6E74726F6C3E3C646473636F6E74726F6C2073656D616E746963636F6F6B69653D22303139376335316139303937633531612220636F6E74726F6C70726F6769643D224D534444532E546578742E3038302E3122206C6566743D2235353832392220746F703D2231343132383622206C6F676963616C69643D223138312220636F6E74726F6C69643D2231383122206D617374657269643D22313830222068696E74313D2230222068696E74323D2230222077696474683D223634363022206865696768743D2233313822206E6F726573697A653D223122206E6F6D6F76653D223022206E6F64656661756C74617474616368706F696E74733D223122206175746F647261673D2231222075736564656661756C7469646473686170653D2231222073656C65637461626C653D2231222073686F7773656C656374696F6E68616E646C65733D22312220616C6C6F776E756467696E673D223122206973616E6E6F746174696F6E3D22302220646F6E746175746F6C61796F75743D2231222067726F7570636F6C6C61707365643D2230222074616273746F703D2230222076697369626C653D22302220736E6170746F677269643D2230223E3C636F6E74726F6C3E3C646473786D6C6F626A65637473747265616D696E6974777261707065722062696E6172793D22303030323030303033633139303030303365303130303030303330303030303030303030666666666666303030383030303038303031303030303030313530303031383630303030393030313930356630313030303463626365636365353233303034363030346230303566303037373030363130303734303035663030353730303635303036353030366230303431303036333030363330303735303036643030373530303663303036313030373430303635303035663030363530303731303037353030356630303435303037313030373530303639303037303030366430303635303036653030373430303030303030303030222F3E3C2F636F6E74726F6C3E3C6C61796F75746F626A6563743E3C646473786D6C6F626A2F3E3C2F6C61796F75746F626A6563743E3C73686170652067726F7570736861706569643D2230222067726F75706E6F64653D2230222F3E3C2F646473636F6E74726F6C3E3C2F6464733E0D0A000000000000000000000000000000000000000000000000000000000000000000000000000000000000000000000000000000000000000000000000000000000000000000000000000000000000000000000000000000000000000000000000000000000000000000000000000000000000000000000000000000000000000000000000000000FEFFFFFFFEFFFFFFFFFFFFFFFFFFFFFFFFFFFFFFFFFFFFFFFFFFFFFFFFFFFFFFFFFFFFFFFFFFFFFFFFFFFFFFFFFFFFFFFFFFFFFFFFFFFFFFFFFFFFFFFFFFFFFFFFFFFFFFFFFFFFFFFFFFFFFFFFFFFFFFFFFFFFFFFFFFFFFFFFFFFFFFFFFFFFFFFFFFFFFFFFFFFFFFFFFFFFFFFFFFFFFFFFFFFFFFFFFFFFFFFFFFFFFFFFFFFFFFFFFFFFFFFFFFFFFFFFFFFFFFFFFFFFFFFFFFFFFFFFFFFFFFFFFFFFFFFFFFFFFFFFFFFFFFFFFFFFFFFFFFFFFFFFFFFFFFFFFFFFFFFFFFFFFFFFFFFFFFFFFFFFFFFFFFFFFFFFFFFFFFFFFFFFFFFFFFFFFFFFFFFFFFFFFFFFFFFFFFFFFFFFFFFFFFFFFFFFFFFFFFFFFFFFFFFFFFFFFFFFFFFFFFFFFFFFFFFFFFFFFFFFFFFFFFFFFFFFFFFFFFFFFFFFFFFFFFFFFFFFFFFFFFFFFFFFFFFFFFFFFFFFFFFFFFFFFFFFFFFFFFFFFFFFFFFFFFFFFFFFFFFFFFFFFFFFFFFFFFFFFFFFFFFFFFFFFFFFFFFFFFFFFFFFFFFFFFFFFFFFFFFFFFFFFFFFFFFFFFFFFFFFFFFFFFFFFFFFFFFFFFFFFFFFFFFFFFFFFFFFFFFFFFFFFFFFFFFFFFFFFFFFFFFFFFFFFFFFFFFFFFFFFFFFFFFFFFFFFFFFFFFFFFFFFFFFFFFFFFFFFFFFFFFFFFFFFFFFFFFFFFFFFFFFFFFFFFFFFFFFFFFFFFFFFFFFFFFFFFFFFFFFFFFFFFFFFFFFFFFFFFFFFFFFFFFFFFFFFFFFFFFFFFFFFFFFFFFFFFFFFFFFFFFFFFFFFFFFFFFFFFFFFFFFFFFFFFFFFFFFFFFFFFFFFFFFFFFFFFFFFFFFFFFFFFFFFFFFFFFFFFFFFFFFFFFFFFFFFFFFFFFFFF010003000000000000000C0000000B0000004E61BC00000000000000000000000000000000000000000000000000000000000000000000000000000000000000010003000000000000000C0000000B00000000000000000000000000000000000000000000000000000000000000000000000000000000000000000000000000000000000000000000000000000000000000000000000000000000000000000000000000000000000000000000000000000000000000000000000000000000000000000000000000000000000000000000000000000000000000000000000000000000000000000000000000000000000000000000000000000000000000000000000000000000000000000000000000000000000000000000000000000000000000000000000000000000000000000000000000000000000000000000000000000000000000000000000000000000000000000000000000000000000000000000000000000000000000000000000000000000000000000000000000000000000000000000000000000000000000000000000000000000000000000000000000000000000000000000000000000000000000000000000000000000000000000000000000000000000000000000000000000000000000000000000000000000000000000000000000000000000000000000000000000000000000000000000000DBE6B0E91C81D011AD5100A0C90F573900000200B0C31B0A8053D701020200001048450000000000000000000000000000000000EA0100004400610074006100200053006F0075007200630065003D004C004100500054004F0050002D004D004F0031004600330052004A004D003B0049006E0069007400690061006C00200043006100740061006C006F0067003D0052004400410053005F0045006E0067003B005000650072007300690073007400200053006500630075007200690074007900200049006E0066006F003D0054007200750065003B0055007300650072002000490044003D00730061003B004D0075006C007400690070006C00650041006300740069007600650052006500730075006C00740053006500740073003D00460061006C00730065003B0043006F006E006E006500630074002000540069006D0065006F00750074003D00330030003B0054007200750073007400530065007200760065007200430065007200740069006600690063006100740065003D00460061006C00730065003B005000610063006B00650074002000530069007A0065003D0034003000390036003B004100700070006C00690063006100740069006F006E0020004E0061006D0065003D0022004D006900630072006F0073006F00660074002000530051004C00200053006500720076006500720020004D0061006E006100670065006D0065006E0074002000530074007500640069006F002200000000800500140000004400690061006700720061006D005F003200000000022600200000006500710075005F0041006C00610072006D005200650063006F0072006400000008000000640062006F00000000022600180000006500710075005F0043006F006D006D0061006E006400000008000000640062006F000000000226001C0000006500710075005F00450071007500690070006D0065006E007400000008000000640062006F00000000022600420000006500710075005F00450071007500690070006D0065006E007400470072006F00750070005F00450071007500690070006D0065006E0074005F004D0061007000000008000000640062006F000000000226003E0000006500710075005F00450071007500690070006D0065006E0074005000610072006100530065007400740069006E0067005200650063006F0072006400000008000000640062006F000000000226002C0000006500710075005F00450071007500690070006D0065006E0074005200650061006C004400610074006100000008000000640062006F00000000022600240000006500710075005F00450071007500690070006D0065006E0074005400790070006500000008000000640062006F00000000022600220000006500710075005F004D0061006E00750066006100630074007500720065007200000008000000640062006F00000000022600120000006500710075005F005000610072006100000008000000640062006F000000000226001C0000006500710075005F005000610072006100470072006F0075007000000008000000640062006F000000000226001C0000006500710075005F005000610072006100560061006C0075006500000008000000640062006F00000000022600180000006500710075005F004200610074007400650072007900000008000000640062006F000000000226001A0000006500710075005F0044006100740061005400790070006500000008000000640062006F00000000022600260000006500710075005F00450071007500690070006D0065006E007400470072006F0075007000000008000000640062006F00000000022600240000006500710075005F00450071007500690070006D0065006E0074005000610072006100000008000000640062006F00000000022600380000006500710075005F00450071007500690070006D0065006E0074005000610072006100560061006C0075006500520061006E0067006500000008000000640062006F00000000022600260000006500710075005F0052006500730070006F006E00730065005200650063006F0072006400000008000000640062006F00000000022600160000006500710075005F00530065007200760065007200000008000000640062006F00000000022600320000006500710075005F005300650072007600650072005F00450071007500690070006D0065006E0074005F004D0061007000000008000000640062006F00000000022600100000006500710075005F00530049004D00000008000000640062006F00000000022600160000006500710075005F00530049004D00410050005000000008000000640062006F00000000022600380000006500710075005F00530049004D00420061006C0061006E006300650048006900730074006F00720079005200650063006F0072006400000008000000640062006F000000000226001E0000006500710075005F00530049004D005000610063006B00610067006500000008000000640062006F00000000022600120000006500710075005F0055006E0069007400000008000000640062006F00000000022600300000006500710075005F00550070006400610074006500500072006F006700720061006D005200650063006F0072006400000008000000640062006F00000000022600380000006500710075005F0055007300650072005F00450071007500690070006D0065006E007400470072006F00750070005F004D0061007000000008000000640062006F00000000022600240000007300790073005F004100640076006500720074006900730065006D0065006E007400000008000000640062006F00000000022600160000007300790073005F00410070007000410070006900000008000000640062006F00000000022600160000007300790073005F0062007500740074006F006E00000008000000640062006F00000000022600120000007300790073005F0063006F0064006500000008000000640062006F000000000226001A0000007300790073005F0063006F00640065005400790070006500000008000000640062006F00000000022600100000007300790073005F006C006F006700000008000000640062006F00000000022600220000007300790073005F006C006F00670069006E0048006900730074006F0072007900000008000000640062006F00000000022600280000007300790073005F006C006F00670069006E0050006100670065005200650063006F0072006400000008000000640062006F00000000022600120000007300790073005F006D0065006E007500000008000000640062006F00000000022600240000007300790073005F006D0065006E00750042007500740074006F006E004D0061007000000008000000640062006F00000000022600200000007300790073005F004D0065006E00750043006F006C0075006D006E007300000008000000640062006F000000000226001A0000007300790073005F006F007200670061006E0069007A006500000008000000640062006F00000000022600280000007300790073005F006F007200670061006E0069007A00650052006F006C0065004D0061007000000008000000640062006F000000000226001C0000007300790073005F0070006100720061006D006500740065007200000008000000640062006F000000000226001E0000007300790073005F007000650072006D0069007300730069006F006E00000008000000640062006F00000000022600120000007300790073005F0072006F006C006500000008000000640062006F000000000226002C0000007300790073005F0072006F006C0065004D0065006E00750042007500740074006F006E004D0061007000000008000000640062006F000000000226002C0000007300790073005F0072006F006C0065004D0065006E00750043006F006C0075006D006E004D0061007000000008000000640062006F00000000022600200000007300790073005F0072006F006C0065004D0065006E0075004D0061007000000008000000640062006F000000000226002C0000007300790073005F0072006F006C0065005000650072006D0069007300730069006F006E004D0061007000000008000000640062006F00000000022600200000007300790073005F00530079007300740065006D0041006C00610072006D00000008000000640062006F00000000022600120000007300790073005F007500730065007200000008000000640062006F00000000022600280000007300790073005F0055007300650072005F004100700070004100700069005F004D0061007000000008000000640062006F00000000022600340000007300790073005F0055007300650072004D0065006E00750043006F006C0075006D006E00530065007400740069006E006700000008000000640062006F00000000022600280000007300790073005F0075007300650072004F007200670061006E0069007A0065004D0061007000000008000000640062006F00000000022600200000007300790073005F00750073006500720052006F006C0065004D0061007000000008000000640062006F00000000022600200000007300790073005F007500730065007200530065007400740069006E006700000008000000640062006F000000000226001C0000007700610074005F0041006C00610072006D005000610072006100000008000000640062006F00000000022600200000007700610074005F0041006C00610072006D005200650063006F0072006400000008000000640062006F000000000226001C0000007700610074005F0041006C00610072006D005400790070006500000008000000640062006F000000000226002E0000007700610074005F0041006C00610072006D0054007900700065005F0046006C006F0077005F004D0061007000000008000000640062006F00000000022600180000007700610074005F00430061006C006900620065007200000008000000640062006F000000000226001A0000007700610074005F0043006C00610073007300690066007900000008000000640062006F00000000022600240000007700610074005F0044006100790041006300630075006D0075006C00610074006500000008000000640062006F00000000022600120000007700610074005F0046006C006F007700000008000000640062006F000000000226001A0000007700610074005F0046006C006F0077005400790070006500000008000000640062006F00000000022600260000007700610074005F0048006F007500720041006300630075006D0075006C00610074006500000008000000640062006F00000000022600280000007700610074005F004D006F006E007400680041006300630075006D0075006C00610074006500000008000000640062006F00000000022400260000007700610074005F005700650065006B0041006300630075006D0075006C00610074006500000008000000640062006F00000001000000D68509B3BB6BF2459AB8371664F0327008004E0000007B00310036003300340043004400440037002D0030003800380038002D0034003200450033002D0039004600410032002D004200360044003300320035003600330042003900310044007D00000000000000000000000000000000000000000000000000000000000000000000000000000000000000000000000000000000000000000000000000000000000000000000000000000000000000000000000000000000000000000000000000000000000000000000000000000000000000000000000000000000000000000000000000000000000000000000000000000000000000000000000000000000000000000000000000000000000000000000000000000000000000000000000000000000000000000000000000000000000000000000000000000000000000000000000000000000000000000000000000000000000000000000000000000000000000000000000000000000000000000000000000000000000000000000000000000000000000000000000000000000000000000000000000000000000000000000000000000000000000000000000000000000000000000000000000000000000000000000000000000000000000000000000000000000000000000000000000000000000000000000000000000000000000000000000000000000000000000000000000000000000000000000000000000000000000000000000000000000000000000000000000000000000000000053006300680065006D00610020005500440056002000440065006600610075006C007400200050006F007300740020005600360000000000000000000000000036000200FFFFFFFFFFFFFFFFFFFFFFFF0000000000000000000000000000000000000000000000000000000000000000000000000100000012000000000000000000000000000000000000000000000000000000000000000000000000000000000000000000000000000000000000000000000000000000000000000000000000000000FFFFFFFFFFFFFFFFFFFFFFFF0000000000000000000000000000000000000000000000000000000000000000000000000000000000000000000000000000000000000000000000000000000000000000000000000000000000000000000000000000000000000000000000000000000000000000000000000000000000000000FFFFFFFFFFFFFFFFFFFFFFFF0000000000000000000000000000000000000000000000000000000000000000000000000000000000000000000000000000000000000000000000000000000000000000000000000000000000000000000000000000000000000000000000000000000000000000000000000000000000000000FFFFFFFFFFFFFFFFFFFFFFFF00000000000000000000000000000000000000000000000000000000000000000000000000000000000000000000000062885214);
/*!40000 ALTER TABLE `sysdiagrams` ENABLE KEYS */;
UNLOCK TABLES;

--
-- Table structure for table `wat_alarmpara`
--

DROP TABLE IF EXISTS `wat_alarmpara`;
/*!40101 SET @saved_cs_client     = @@character_set_client */;
/*!40101 SET character_set_client = utf8 */;
CREATE TABLE `wat_alarmpara` (
  `ID` int(11) NOT NULL AUTO_INCREMENT,
  `Name` varchar(50) NOT NULL,
  `AlarmType_ID` int(11) NOT NULL,
  `ParaValue` double NOT NULL,
  `Des` text,
  PRIMARY KEY (`ID`),
  KEY `AlarmType_ID` (`AlarmType_ID`),
  CONSTRAINT `FK_wat_AlarmPara_wat_AlarmType` FOREIGN KEY (`AlarmType_ID`) REFERENCES `wat_alarmtype` (`ID`)
) ENGINE=InnoDB AUTO_INCREMENT=20 DEFAULT CHARSET=utf8;
/*!40101 SET character_set_client = @saved_cs_client */;

--
-- Dumping data for table `wat_alarmpara`
--

LOCK TABLES `wat_alarmpara` WRITE;
/*!40000 ALTER TABLE `wat_alarmpara` DISABLE KEYS */;
INSERT INTO `wat_alarmpara` VALUES (1,'Days',1,7,'水量连续下降天数（天）'),(2,'Avg',2,100,'n日均量限值（m3）'),(3,'Pecent',2,30,'波动限值（%）'),(4,'Avg',3,100,'n日均量限值（m3）'),(5,'Pecent',3,30,'波动限值（%）'),(7,'Days',4,7,'水量连续为零天数（天）'),(8,'Avg',5,-50,'小时累计水量倒流限值（m3）'),(9,'Days',6,6,'连续天数（天）'),(10,'Pecent',6,70,'占比大于（%）'),(11,'Days',7,6,'连续天数（天）'),(12,'FlowPecent',7,85,'大于过载流量比例（%）'),(13,'Pecent',7,20,'占比大于（%）'),(17,'Days',8,7,'水量连续上升天数（天）'),(18,'Days',2,7,'n日（天）'),(19,'Days',3,7,'n日（天）');
/*!40000 ALTER TABLE `wat_alarmpara` ENABLE KEYS */;
UNLOCK TABLES;

--
-- Table structure for table `wat_alarmrecord`
--

DROP TABLE IF EXISTS `wat_alarmrecord`;
/*!40101 SET @saved_cs_client     = @@character_set_client */;
/*!40101 SET character_set_client = utf8 */;
CREATE TABLE `wat_alarmrecord` (
  `ID` int(11) NOT NULL AUTO_INCREMENT,
  `Equipment_ID` varchar(50) NOT NULL,
  `AlarmType_ID` int(11) NOT NULL,
  `AlarmTime` datetime NOT NULL,
  `ConfirmTime` datetime DEFAULT NULL,
  `UserCode` varchar(100) DEFAULT NULL,
  `Recovery` bit(1) NOT NULL DEFAULT b'0',
  `RecoveryTime` datetime DEFAULT NULL,
  `Reason` text,
  `Des` text,
  PRIMARY KEY (`ID`),
  KEY `Equipment_ID` (`Equipment_ID`),
  KEY `AlarmType_ID` (`AlarmType_ID`),
  CONSTRAINT `FK_wat_AlarmRecord_equ_Equipment` FOREIGN KEY (`Equipment_ID`) REFERENCES `equ_equipment` (`ID`),
  CONSTRAINT `FK_wat_AlarmRecord_wat_AlarmType` FOREIGN KEY (`AlarmType_ID`) REFERENCES `wat_alarmtype` (`ID`)
) ENGINE=InnoDB DEFAULT CHARSET=utf8;
/*!40101 SET character_set_client = @saved_cs_client */;

--
-- Dumping data for table `wat_alarmrecord`
--

LOCK TABLES `wat_alarmrecord` WRITE;
/*!40000 ALTER TABLE `wat_alarmrecord` DISABLE KEYS */;
/*!40000 ALTER TABLE `wat_alarmrecord` ENABLE KEYS */;
UNLOCK TABLES;

--
-- Table structure for table `wat_alarmtype`
--

DROP TABLE IF EXISTS `wat_alarmtype`;
/*!40101 SET @saved_cs_client     = @@character_set_client */;
/*!40101 SET character_set_client = utf8 */;
CREATE TABLE `wat_alarmtype` (
  `ID` int(11) NOT NULL,
  `Name` varchar(50) NOT NULL,
  `Des` text,
  PRIMARY KEY (`ID`)
) ENGINE=InnoDB DEFAULT CHARSET=utf8;
/*!40101 SET character_set_client = @saved_cs_client */;

--
-- Dumping data for table `wat_alarmtype`
--

LOCK TABLES `wat_alarmtype` WRITE;
/*!40000 ALTER TABLE `wat_alarmtype` DISABLE KEYS */;
INSERT INTO `wat_alarmtype` VALUES (1,'水量递减','水量连续7天一直下降'),(2,'水量同比波动异常','n日均量大于100，且同比波动30%'),(3,'水量环比波动异常','n日均量大于100，且环比波动30%'),(4,'零水量','水量连续7天为零'),(5,'水倒流','小时累计水量为负，且大于50（m3）'),(6,'长期小流量','连续6日小时流量大于0且小于最小流量的次数占当日小时流量大于0次数的比例大于70%'),(7,'长期过载流量','连续6日小时流量大于过载流量85%次数占当日小时流量大于0次数的比例大于20%'),(8,'水量递增','水量连续7天一直上升');
/*!40000 ALTER TABLE `wat_alarmtype` ENABLE KEYS */;
UNLOCK TABLES;

--
-- Table structure for table `wat_alarmtype_flow_map`
--

DROP TABLE IF EXISTS `wat_alarmtype_flow_map`;
/*!40101 SET @saved_cs_client     = @@character_set_client */;
/*!40101 SET character_set_client = utf8 */;
CREATE TABLE `wat_alarmtype_flow_map` (
  `AlarmType_ID` int(11) NOT NULL,
  `Equipment_ID` varchar(50) NOT NULL,
  PRIMARY KEY (`AlarmType_ID`,`Equipment_ID`),
  KEY `Equipment_ID` (`Equipment_ID`),
  CONSTRAINT `FK_wat_AlarmType_Flow_Map_equ_Equipment` FOREIGN KEY (`Equipment_ID`) REFERENCES `equ_equipment` (`ID`),
  CONSTRAINT `FK_wat_AlarmType_Flow_Map_wat_AlarmType` FOREIGN KEY (`AlarmType_ID`) REFERENCES `wat_alarmtype` (`ID`)
) ENGINE=InnoDB DEFAULT CHARSET=utf8;
/*!40101 SET character_set_client = @saved_cs_client */;

--
-- Dumping data for table `wat_alarmtype_flow_map`
--

LOCK TABLES `wat_alarmtype_flow_map` WRITE;
/*!40000 ALTER TABLE `wat_alarmtype_flow_map` DISABLE KEYS */;
/*!40000 ALTER TABLE `wat_alarmtype_flow_map` ENABLE KEYS */;
UNLOCK TABLES;

--
-- Table structure for table `wat_caliber`
--

DROP TABLE IF EXISTS `wat_caliber`;
/*!40101 SET @saved_cs_client     = @@character_set_client */;
/*!40101 SET character_set_client = utf8 */;
CREATE TABLE `wat_caliber` (
  `ID` int(11) NOT NULL,
  `Name` varchar(50) NOT NULL,
  PRIMARY KEY (`ID`)
) ENGINE=InnoDB DEFAULT CHARSET=utf8;
/*!40101 SET character_set_client = @saved_cs_client */;

--
-- Dumping data for table `wat_caliber`
--

LOCK TABLES `wat_caliber` WRITE;
/*!40000 ALTER TABLE `wat_caliber` DISABLE KEYS */;
INSERT INTO `wat_caliber` VALUES (1,'2'),(2,'3'),(3,'6'),(4,'10'),(5,'15'),(6,'20'),(7,'25'),(8,'32'),(9,'40'),(10,'50'),(11,'65'),(12,'80'),(13,'100'),(14,'125'),(15,'150'),(16,'200'),(17,'250'),(18,'300'),(19,'350'),(20,'400'),(21,'450'),(22,'500'),(23,'600'),(24,'700'),(25,'800'),(26,'900'),(27,'1000'),(28,'1100'),(29,'1200'),(30,'1300'),(31,'1400'),(32,'1500'),(33,'1600'),(34,'1800'),(35,'2000'),(36,'2200'),(37,'2400'),(38,'2500'),(39,'2600'),(40,'2800'),(41,'3000');
/*!40000 ALTER TABLE `wat_caliber` ENABLE KEYS */;
UNLOCK TABLES;

--
-- Table structure for table `wat_classify`
--

DROP TABLE IF EXISTS `wat_classify`;
/*!40101 SET @saved_cs_client     = @@character_set_client */;
/*!40101 SET character_set_client = utf8 */;
CREATE TABLE `wat_classify` (
  `ID` int(11) NOT NULL,
  `Name` varchar(50) NOT NULL,
  PRIMARY KEY (`ID`)
) ENGINE=InnoDB DEFAULT CHARSET=utf8;
/*!40101 SET character_set_client = @saved_cs_client */;

--
-- Dumping data for table `wat_classify`
--

LOCK TABLES `wat_classify` WRITE;
/*!40000 ALTER TABLE `wat_classify` DISABLE KEYS */;
INSERT INTO `wat_classify` VALUES (1,'工业'),(2,'军队'),(3,'商业'),(4,'服务业'),(5,'学校'),(6,'污水处理'),(7,'自来水');
/*!40000 ALTER TABLE `wat_classify` ENABLE KEYS */;
UNLOCK TABLES;

--
-- Table structure for table `wat_dayaccumulate`
--

DROP TABLE IF EXISTS `wat_dayaccumulate`;
/*!40101 SET @saved_cs_client     = @@character_set_client */;
/*!40101 SET character_set_client = utf8 */;
CREATE TABLE `wat_dayaccumulate` (
  `DayTime` date NOT NULL,
  `Equipment_ID` varchar(50) NOT NULL,
  `StartTime` datetime DEFAULT NULL,
  `EndTime` datetime DEFAULT NULL,
  `BeforeYesterdayAccmulate` double NOT NULL DEFAULT '0',
  `LastAccumulate` double NOT NULL DEFAULT '0',
  `Accumulate` double NOT NULL DEFAULT '0',
  `SevenDaysAccumulate` double NOT NULL DEFAULT '0',
  `LastYearAccumulate` double NOT NULL DEFAULT '0',
  `AvgFlow` double NOT NULL DEFAULT '0',
  `LastDaySameTimeAvgFlow` double NOT NULL DEFAULT '0',
  `RelativeRatio` double NOT NULL DEFAULT '0',
  `IncreaseNum` int(11) NOT NULL DEFAULT '0',
  `DecreaseNum` int(11) NOT NULL DEFAULT '0',
  `ZeroNum` int(11) NOT NULL DEFAULT '0',
  `HourMaxAccumulate` double NOT NULL DEFAULT '0',
  `HourMaxTime` datetime DEFAULT NULL,
  `HourMinAccumulate` double NOT NULL DEFAULT '0',
  `HourMinTime` datetime DEFAULT NULL,
  `PeakAccumulate` double NOT NULL DEFAULT '0',
  `ValleyAccumulate` double NOT NULL DEFAULT '0',
  `NormalAccumulate` double NOT NULL DEFAULT '0',
  PRIMARY KEY (`DayTime`,`Equipment_ID`),
  KEY `IX_wat_DayAccumulate` (`DayTime`),
  KEY `IX_wat_DayAccumulate_1` (`Equipment_ID`),
  CONSTRAINT `FK_wat_DayAccumulate_equ_Equipment` FOREIGN KEY (`Equipment_ID`) REFERENCES `equ_equipment` (`ID`)
) ENGINE=InnoDB DEFAULT CHARSET=utf8;
/*!40101 SET character_set_client = @saved_cs_client */;

--
-- Dumping data for table `wat_dayaccumulate`
--

LOCK TABLES `wat_dayaccumulate` WRITE;
/*!40000 ALTER TABLE `wat_dayaccumulate` DISABLE KEYS */;
INSERT INTO `wat_dayaccumulate` VALUES ('2017-08-24','1','2017-08-24 10:44:31','2017-09-04 16:20:49',0,0,8092.5,0,0,30.0161,0,0,0,0,0,8092.5,'2017-08-24 10:00:00',8092.5,'2017-08-24 10:00:00',8092.5,0,0),('2017-09-04','1','2017-09-04 16:20:49','2017-09-05 00:01:50',0,0,1401,0,0,182.3361,0,-0.8269,0,1,0,226,'2017-09-04 17:00:00',60,'2017-09-04 16:00:00',1341,0,60),('2017-09-05','1','2017-09-05 00:01:50','2017-09-08 10:24:34',0,0,171289,0,0,2079.2827,0,121.262,1,0,0,168874,'2017-09-05 15:00:00',96,'2017-09-05 09:00:00',171030,0,96),('2017-09-08','1','2017-09-08 10:24:34','2017-09-11 11:34:21',0,0,1591,0,0,21.7459,0,-0.9907,0,1,0,1591,'2017-09-08 10:00:00',1591,'2017-09-08 10:00:00',1591,0,0),('2017-09-11','1','2017-09-11 11:34:21','2017-09-12 00:09:13',0,0,233,0,0,18.5198,0,-0.8536,0,2,0,78,'2017-09-11 11:00:00',19,'2017-09-11 17:00:00',0,155,78),('2017-09-12','1','2017-09-12 00:09:13','2017-12-12 15:54:54',0,0,45759346,0,0,20801.9589,0,196391.0429,1,0,0,45759153,'2017-09-12 10:00:00',19,'2017-09-12 01:00:00',45759153,193,0);
/*!40000 ALTER TABLE `wat_dayaccumulate` ENABLE KEYS */;
UNLOCK TABLES;

--
-- Table structure for table `wat_flow`
--

DROP TABLE IF EXISTS `wat_flow`;
/*!40101 SET @saved_cs_client     = @@character_set_client */;
/*!40101 SET character_set_client = utf8 */;
CREATE TABLE `wat_flow` (
  `Equipment_ID` varchar(50) NOT NULL,
  `Caliber_ID` int(11) DEFAULT '1',
  `Classify_ID` int(11) DEFAULT '1',
  `Model` varchar(50) DEFAULT NULL,
  `ClientName` varchar(50) DEFAULT NULL,
  `BookNo` varchar(50) DEFAULT NULL,
  `Price` double DEFAULT NULL,
  `Areas` double DEFAULT NULL,
  `Persons` double DEFAULT NULL,
  `Category` int(11) NOT NULL DEFAULT '0',
  `Status` bit(1) NOT NULL DEFAULT b'0',
  `PositiveTotalAccumulate` double NOT NULL DEFAULT '0',
  `NegativeTotalAccumulate` double NOT NULL DEFAULT '0',
  `TotalAccumulate` double NOT NULL DEFAULT '0',
  `FlowType_ID` int(11) DEFAULT '1',
  `StoreMode` varchar(50) DEFAULT NULL,
  `SiteNo` varchar(20) DEFAULT NULL,
  `Des` text,
  `AvgHourAccumulateT0` double NOT NULL DEFAULT '0',
  `AvgHourAccumulateT1` double NOT NULL DEFAULT '0',
  `AvgHourAccumulateT2` double NOT NULL DEFAULT '0',
  `AvgHourAccumulateT3` double NOT NULL DEFAULT '0',
  `AvgHourAccumulateT4` double NOT NULL DEFAULT '0',
  `AvgHourAccumulateT5` double NOT NULL DEFAULT '0',
  `AvgHourAccumulateT6` double NOT NULL DEFAULT '0',
  `AvgHourAccumulateT7` double NOT NULL DEFAULT '0',
  `AvgHourAccumulateT8` double NOT NULL DEFAULT '0',
  `AvgHourAccumulateT9` double NOT NULL DEFAULT '0',
  `AvgHourAccumulateT10` double NOT NULL DEFAULT '0',
  `AvgHourAccumulateT11` double NOT NULL DEFAULT '0',
  `AvgHourAccumulateT12` double NOT NULL DEFAULT '0',
  `AvgHourAccumulateT13` double NOT NULL DEFAULT '0',
  `AvgHourAccumulateT14` double NOT NULL DEFAULT '0',
  `AvgHourAccumulateT15` double NOT NULL DEFAULT '0',
  `AvgHourAccumulateT16` double NOT NULL DEFAULT '0',
  `AvgHourAccumulateT17` double NOT NULL DEFAULT '0',
  `AvgHourAccumulateT18` double NOT NULL DEFAULT '0',
  `AvgHourAccumulateT19` double NOT NULL DEFAULT '0',
  `AvgHourAccumulateT20` double NOT NULL DEFAULT '0',
  `AvgHourAccumulateT21` double NOT NULL DEFAULT '0',
  `AvgHourAccumulateT22` double NOT NULL DEFAULT '0',
  `AvgHourAccumulateT23` double NOT NULL DEFAULT '0',
  `AvgHourNumT0` double NOT NULL DEFAULT '0',
  `AvgHourNumT1` double NOT NULL DEFAULT '0',
  `AvgHourNumT2` double NOT NULL DEFAULT '0',
  `AvgHourNumT3` double NOT NULL DEFAULT '0',
  `AvgHourNumT4` double NOT NULL DEFAULT '0',
  `AvgHourNumT5` double NOT NULL DEFAULT '0',
  `AvgHourNumT6` double NOT NULL DEFAULT '0',
  `AvgHourNumT7` double NOT NULL DEFAULT '0',
  `AvgHourNumT8` double NOT NULL DEFAULT '0',
  `AvgHourNumT9` double NOT NULL DEFAULT '0',
  `AvgHourNumT10` double NOT NULL DEFAULT '0',
  `AvgHourNumT11` double NOT NULL DEFAULT '0',
  `AvgHourNumT12` double NOT NULL DEFAULT '0',
  `AvgHourNumT13` double NOT NULL DEFAULT '0',
  `AvgHourNumT14` double NOT NULL DEFAULT '0',
  `AvgHourNumT15` double NOT NULL DEFAULT '0',
  `AvgHourNumT16` double NOT NULL DEFAULT '0',
  `AvgHourNumT17` double NOT NULL DEFAULT '0',
  `AvgHourNumT18` double NOT NULL DEFAULT '0',
  `AvgHourNumT19` double NOT NULL DEFAULT '0',
  `AvgHourNumT20` double NOT NULL DEFAULT '0',
  `AvgHourNumT21` double NOT NULL DEFAULT '0',
  `AvgHourNumT22` double NOT NULL DEFAULT '0',
  `AvgHourNumT23` double NOT NULL DEFAULT '0',
  `AvgDayAccumulateT1` double NOT NULL DEFAULT '0',
  `AvgDayAccumulateT2` double NOT NULL DEFAULT '0',
  `AvgDayAccumulateT3` double NOT NULL DEFAULT '0',
  `AvgDayAccumulateT4` double NOT NULL DEFAULT '0',
  `AvgDayAccumulateT5` double NOT NULL DEFAULT '0',
  `AvgDayAccumulateT6` double NOT NULL DEFAULT '0',
  `AvgDayAccumulateT7` double NOT NULL DEFAULT '0',
  `AvgDayAccumulateT8` double NOT NULL DEFAULT '0',
  `AvgDayAccumulateT9` double NOT NULL DEFAULT '0',
  `AvgDayAccumulateT10` double NOT NULL DEFAULT '0',
  `AvgDayAccumulateT11` double NOT NULL DEFAULT '0',
  `AvgDayAccumulateT12` double NOT NULL DEFAULT '0',
  `AvgDayAccumulateT13` double NOT NULL DEFAULT '0',
  `AvgDayAccumulateT14` double NOT NULL DEFAULT '0',
  `AvgDayAccumulateT15` double NOT NULL DEFAULT '0',
  `AvgDayAccumulateT16` double NOT NULL DEFAULT '0',
  `AvgDayAccumulateT17` double NOT NULL DEFAULT '0',
  `AvgDayAccumulateT18` double NOT NULL DEFAULT '0',
  `AvgDayAccumulateT19` double NOT NULL DEFAULT '0',
  `AvgDayAccumulateT20` double NOT NULL DEFAULT '0',
  `AvgDayAccumulateT21` double NOT NULL DEFAULT '0',
  `AvgDayAccumulateT22` double NOT NULL DEFAULT '0',
  `AvgDayAccumulateT23` double NOT NULL DEFAULT '0',
  `AvgDayAccumulateT24` double NOT NULL DEFAULT '0',
  `AvgDayAccumulateT25` double NOT NULL DEFAULT '0',
  `AvgDayAccumulateT26` double NOT NULL DEFAULT '0',
  `AvgDayAccumulateT27` double NOT NULL DEFAULT '0',
  `AvgDayAccumulateT28` double NOT NULL DEFAULT '0',
  `AvgDayAccumulateT29` double NOT NULL DEFAULT '0',
  `AvgDayAccumulateT30` double NOT NULL DEFAULT '0',
  `AvgDayAccumulateT31` double NOT NULL DEFAULT '0',
  `AvgDayNumT1` double NOT NULL DEFAULT '0',
  `AvgDayNumT2` double NOT NULL DEFAULT '0',
  `AvgDayNumT3` double NOT NULL DEFAULT '0',
  `AvgDayNumT4` double NOT NULL DEFAULT '0',
  `AvgDayNumT5` double NOT NULL DEFAULT '0',
  `AvgDayNumT6` double NOT NULL DEFAULT '0',
  `AvgDayNumT7` double NOT NULL DEFAULT '0',
  `AvgDayNumT8` double NOT NULL DEFAULT '0',
  `AvgDayNumT9` double NOT NULL DEFAULT '0',
  `AvgDayNumT10` double NOT NULL DEFAULT '0',
  `AvgDayNumT11` double NOT NULL DEFAULT '0',
  `AvgDayNumT12` double NOT NULL DEFAULT '0',
  `AvgDayNumT13` double NOT NULL DEFAULT '0',
  `AvgDayNumT14` double NOT NULL DEFAULT '0',
  `AvgDayNumT15` double NOT NULL DEFAULT '0',
  `AvgDayNumT16` double NOT NULL DEFAULT '0',
  `AvgDayNumT17` double NOT NULL DEFAULT '0',
  `AvgDayNumT18` double NOT NULL DEFAULT '0',
  `AvgDayNumT19` double NOT NULL DEFAULT '0',
  `AvgDayNumT20` double NOT NULL DEFAULT '0',
  `AvgDayNumT21` double NOT NULL DEFAULT '0',
  `AvgDayNumT22` double NOT NULL DEFAULT '0',
  `AvgDayNumT23` double NOT NULL DEFAULT '0',
  `AvgDayNumT24` double NOT NULL DEFAULT '0',
  `AvgDayNumT25` double NOT NULL DEFAULT '0',
  `AvgDayNumT26` double NOT NULL DEFAULT '0',
  `AvgDayNumT27` double NOT NULL DEFAULT '0',
  `AvgDayNumT28` double NOT NULL DEFAULT '0',
  `AvgDayNumT29` double NOT NULL DEFAULT '0',
  `AvgDayNumT30` double NOT NULL DEFAULT '0',
  `AvgDayNumT31` double NOT NULL DEFAULT '0',
  `Enable` bit(1) NOT NULL DEFAULT b'1',
  `LastTime` datetime DEFAULT NULL,
  `LastPositiveTotalAccumulate` double NOT NULL DEFAULT '0',
  `LastNegativeTotalAccumulate` double NOT NULL DEFAULT '0',
  `LastHourTime` datetime DEFAULT NULL,
  `LastHourAccumulate` double NOT NULL DEFAULT '0',
  `LastDayTime` datetime DEFAULT NULL,
  `LastDayAccumulate` double NOT NULL DEFAULT '0',
  `LastWeekTime` datetime DEFAULT NULL,
  `LastWeekAccumulate` double NOT NULL DEFAULT '0',
  `LastMonthTime` datetime DEFAULT NULL,
  `LastMonthAccumulate` double NOT NULL DEFAULT '0',
  PRIMARY KEY (`Equipment_ID`),
  CONSTRAINT `FK_wat_Flow_equ_Equipment` FOREIGN KEY (`Equipment_ID`) REFERENCES `equ_equipment` (`ID`)
) ENGINE=InnoDB DEFAULT CHARSET=utf8;
/*!40101 SET character_set_client = @saved_cs_client */;

--
-- Dumping data for table `wat_flow`
--

LOCK TABLES `wat_flow` WRITE;
/*!40000 ALTER TABLE `wat_flow` DISABLE KEYS */;
INSERT INTO `wat_flow` VALUES ('0',1,1,NULL,NULL,NULL,NULL,NULL,NULL,0,0x00,0,0,0,1,NULL,NULL,NULL,0,0,0,0,0,0,0,0,0,0,0,0,0,0,0,19,0,0,0,0,0,0,0,0,0,0,0,0,0,0,0,0,0,0,0,0,0,0,0,1,0,0,0,0,0,0,0,0,0,0,0,0,0,0,0,0,0,0,0,0,0,0,0,0,0,0,0,0,0,0,0,0,0,0,0,0,0,0,0,0,0,0,0,0,0,0,0,0,0,0,0,0,0,0,0,0,0,0,0,0,0,0,0,0,0,0,0,0,0,0,0x01,'2017-09-04 16:13:58',8398,317,'2017-09-04 16:01:44',26,'2017-09-04 15:55:30',45,'2017-09-04 15:55:30',45,'2017-09-04 15:55:30',45),('1',1,1,NULL,NULL,NULL,NULL,NULL,NULL,0,0x00,0,0,0,1,NULL,NULL,NULL,102.5,102,101.5,101.5,102,102,101.5,101.5,126.5,58,150,0,0,0,0,0,40,122.5,103.5,103,102.5,102.5,102,102,2,2,2,2,2,2,2,2,2,2,1,0,0,0,0,0,2,2,2,2,2,2,2,2,0,0,0,1401,0,0,0,0,0,0,233,0,0,0,0,0,0,0,0,0,0,0,0,0,0,0,0,0,0,0,0,0,0,0,1,0,0,0,0,0,0,1,0,0,0,0,0,0,0,0,0,0,0,0,0,0,0,0,0,0,0,0,0x01,'2017-12-12 15:54:54',400989324,355059280,'2017-12-12 15:54:54',0,'2017-12-12 15:54:54',0,'2017-12-12 15:54:54',0,'2017-12-12 15:54:54',0),('10',1,1,NULL,NULL,NULL,NULL,NULL,NULL,0,0x00,0,0,0,1,NULL,NULL,NULL,0,0,0,0,0,0,0,0,0,2,0,0,0,0,0,0,0,0,0,0,0,0,0,0,0,0,0,0,0,0,0,0,0,1,0,0,0,0,0,0,0,0,0,0,0,0,0,0,0,0,0,0,0,0,0,0,0,0,0,0,0,0,0,0,0,0,0,0,0,0,0,0,0,0,0,0,0,0,0,0,0,0,0,0,0,0,0,0,0,0,0,0,0,0,0,0,0,0,0,0,0,0,0,0,0,0,0,0,0,0,0x01,'2017-09-06 10:59:14',166000,12,'2017-09-06 10:04:15',14,'2017-09-06 09:59:32',16,'2017-09-06 09:59:32',16,'2017-09-06 09:59:32',16);
/*!40000 ALTER TABLE `wat_flow` ENABLE KEYS */;
UNLOCK TABLES;

--
-- Table structure for table `wat_flowtype`
--

DROP TABLE IF EXISTS `wat_flowtype`;
/*!40101 SET @saved_cs_client     = @@character_set_client */;
/*!40101 SET character_set_client = utf8 */;
CREATE TABLE `wat_flowtype` (
  `ID` int(11) NOT NULL,
  `Name` varchar(50) NOT NULL,
  `Type` varchar(50) DEFAULT NULL,
  `LLFlow` double DEFAULT NULL,
  `LFlow` double DEFAULT NULL,
  `HFlow` double DEFAULT NULL,
  `HHFlow` double DEFAULT NULL,
  `Des` text,
  `PressureLoss` double DEFAULT NULL,
  `MaxV` double DEFAULT NULL,
  `Manufacturer` varchar(100) DEFAULT NULL,
  PRIMARY KEY (`ID`)
) ENGINE=InnoDB DEFAULT CHARSET=utf8;
/*!40101 SET character_set_client = @saved_cs_client */;

--
-- Dumping data for table `wat_flowtype`
--

LOCK TABLES `wat_flowtype` WRITE;
/*!40000 ALTER TABLE `wat_flowtype` DISABLE KEYS */;
INSERT INTO `wat_flowtype` VALUES (1,'默认','1',20,50,100,150,'2',1,1,'1'),(2,'2','2',-200,-150,-100,-50,'',2,0,'2'),(3,'hrrlgs','3',300,400,500,600,'1',1,1,'1');
/*!40000 ALTER TABLE `wat_flowtype` ENABLE KEYS */;
UNLOCK TABLES;

--
-- Table structure for table `wat_houraccumulate`
--

DROP TABLE IF EXISTS `wat_houraccumulate`;
/*!40101 SET @saved_cs_client     = @@character_set_client */;
/*!40101 SET character_set_client = utf8 */;
CREATE TABLE `wat_houraccumulate` (
  `HourTime` datetime NOT NULL,
  `Equipment_ID` varchar(50) NOT NULL,
  `StartTime` datetime DEFAULT NULL,
  `EndTime` datetime DEFAULT NULL,
  `Accumulate` double NOT NULL DEFAULT '0',
  PRIMARY KEY (`Equipment_ID`,`HourTime`),
  KEY `IX_wat_HourAccumulate` (`HourTime`),
  KEY `IX_wat_HourAccumulate_1` (`Equipment_ID`),
  CONSTRAINT `FK_wat_HourAccumulate_equ_Equipment` FOREIGN KEY (`Equipment_ID`) REFERENCES `equ_equipment` (`ID`)
) ENGINE=InnoDB DEFAULT CHARSET=utf8;
/*!40101 SET character_set_client = @saved_cs_client */;

--
-- Dumping data for table `wat_houraccumulate`
--

LOCK TABLES `wat_houraccumulate` WRITE;
/*!40000 ALTER TABLE `wat_houraccumulate` DISABLE KEYS */;
INSERT INTO `wat_houraccumulate` VALUES ('2017-09-04 15:00:00','0','2017-09-04 15:55:30','2017-09-04 16:01:44',19),('2017-08-24 10:00:00','1','2017-08-24 10:44:31','2017-09-04 16:20:49',8092.5),('2017-09-04 16:00:00','1','2017-09-04 16:20:49','2017-09-04 17:19:22',60),('2017-09-04 17:00:00','1','2017-09-04 17:19:22','2017-09-04 18:01:50',226),('2017-09-04 18:00:00','1','2017-09-04 18:01:50','2017-09-04 19:01:50',187),('2017-09-04 19:00:00','1','2017-09-04 19:01:50','2017-09-04 20:01:50',187),('2017-09-04 20:00:00','1','2017-09-04 20:01:50','2017-09-04 21:01:50',186),('2017-09-04 21:00:00','1','2017-09-04 21:01:50','2017-09-04 22:01:50',185),('2017-09-04 22:00:00','1','2017-09-04 22:01:50','2017-09-04 23:01:50',185),('2017-09-04 23:00:00','1','2017-09-04 23:01:50','2017-09-05 00:01:50',185),('2017-09-05 00:00:00','1','2017-09-05 00:01:50','2017-09-05 01:01:50',185),('2017-09-05 01:00:00','1','2017-09-05 01:01:50','2017-09-05 02:01:50',185),('2017-09-05 02:00:00','1','2017-09-05 02:01:50','2017-09-05 03:01:49',184),('2017-09-05 03:00:00','1','2017-09-05 03:01:49','2017-09-05 04:01:49',184),('2017-09-05 04:00:00','1','2017-09-05 04:01:49','2017-09-05 05:01:49',185),('2017-09-05 05:00:00','1','2017-09-05 05:01:49','2017-09-05 06:01:49',184),('2017-09-05 06:00:00','1','2017-09-05 06:01:49','2017-09-05 07:01:49',184),('2017-09-05 07:00:00','1','2017-09-05 07:01:49','2017-09-05 08:01:49',184),('2017-09-05 08:00:00','1','2017-09-05 08:01:49','2017-09-05 09:25:44',234),('2017-09-05 09:00:00','1','2017-09-05 09:25:44','2017-09-05 10:05:56',96),('2017-09-05 10:00:00','1','2017-09-05 10:05:56','2017-09-05 11:19:51',150),('2017-09-05 11:00:00','1','2017-09-05 11:19:51','2017-09-05 15:54:52',297),('2017-09-05 15:00:00','1','2017-09-05 15:54:52','2017-09-08 10:24:34',168874),('2017-09-08 10:00:00','1','2017-09-08 10:24:34','2017-09-11 11:34:21',1591),('2017-09-11 11:00:00','1','2017-09-11 11:34:21','2017-09-11 16:09:05',78),('2017-09-11 16:00:00','1','2017-09-11 16:09:05','2017-09-11 17:09:13',20),('2017-09-11 17:00:00','1','2017-09-11 17:09:13','2017-09-11 18:09:13',19),('2017-09-11 18:00:00','1','2017-09-11 18:09:13','2017-09-11 19:09:13',20),('2017-09-11 19:00:00','1','2017-09-11 19:09:13','2017-09-11 20:09:13',19),('2017-09-11 20:00:00','1','2017-09-11 20:09:13','2017-09-11 21:09:13',19),('2017-09-11 21:00:00','1','2017-09-11 21:09:13','2017-09-11 22:09:13',20),('2017-09-11 22:00:00','1','2017-09-11 22:09:13','2017-09-11 23:09:13',19),('2017-09-11 23:00:00','1','2017-09-11 23:09:13','2017-09-12 00:09:13',19),('2017-09-12 00:00:00','1','2017-09-12 00:09:13','2017-09-12 01:09:13',20),('2017-09-12 01:00:00','1','2017-09-12 01:09:13','2017-09-12 02:09:13',19),('2017-09-12 02:00:00','1','2017-09-12 02:09:13','2017-09-12 03:09:13',19),('2017-09-12 03:00:00','1','2017-09-12 03:09:13','2017-09-12 04:09:13',19),('2017-09-12 04:00:00','1','2017-09-12 04:09:13','2017-09-12 05:09:13',19),('2017-09-12 05:00:00','1','2017-09-12 05:09:13','2017-09-12 06:09:13',20),('2017-09-12 06:00:00','1','2017-09-12 06:09:13','2017-09-12 07:09:13',19),('2017-09-12 07:00:00','1','2017-09-12 07:09:13','2017-09-12 08:09:13',19),('2017-09-12 08:00:00','1','2017-09-12 08:09:13','2017-09-12 09:09:13',19),('2017-09-12 09:00:00','1','2017-09-12 09:09:13','2017-09-12 10:09:13',20),('2017-09-12 10:00:00','1','2017-09-12 10:09:13','2017-12-12 15:54:54',45759153),('2017-09-06 09:00:00','10','2017-09-06 09:59:32','2017-09-06 10:04:15',2);
/*!40000 ALTER TABLE `wat_houraccumulate` ENABLE KEYS */;
UNLOCK TABLES;

--
-- Table structure for table `wat_monthaccumulate`
--

DROP TABLE IF EXISTS `wat_monthaccumulate`;
/*!40101 SET @saved_cs_client     = @@character_set_client */;
/*!40101 SET character_set_client = utf8 */;
CREATE TABLE `wat_monthaccumulate` (
  `MonthTime` date NOT NULL,
  `Equipment_ID` varchar(50) NOT NULL,
  `StartTime` datetime DEFAULT NULL,
  `EndTime` datetime DEFAULT NULL,
  `LastAccumulate` double NOT NULL DEFAULT '0',
  `Accumulate` double NOT NULL DEFAULT '0',
  `LastMonthSameDateAccumulate` double NOT NULL DEFAULT '0',
  `LastYearAccumulate` double NOT NULL DEFAULT '0',
  `AvgFlow` double NOT NULL DEFAULT '0',
  `LastMonthAvgFlow` double NOT NULL DEFAULT '0',
  `DayMaxAccumulate` double NOT NULL DEFAULT '0',
  `DayMaxTime` date DEFAULT NULL,
  `DayMinAccumulate` double NOT NULL DEFAULT '0',
  `DayMinTime` date DEFAULT NULL,
  PRIMARY KEY (`Equipment_ID`,`MonthTime`),
  KEY `IX_wat_MonthAccumulate` (`MonthTime`),
  KEY `IX_wat_MonthAccumulate_1` (`Equipment_ID`),
  CONSTRAINT `FK_wat_MonthAccumulate_equ_Equipment` FOREIGN KEY (`Equipment_ID`) REFERENCES `equ_equipment` (`ID`)
) ENGINE=InnoDB DEFAULT CHARSET=utf8;
/*!40101 SET character_set_client = @saved_cs_client */;

--
-- Dumping data for table `wat_monthaccumulate`
--

LOCK TABLES `wat_monthaccumulate` WRITE;
/*!40000 ALTER TABLE `wat_monthaccumulate` DISABLE KEYS */;
INSERT INTO `wat_monthaccumulate` VALUES ('2017-08-24','1','2017-08-24 10:44:31','2017-09-04 16:20:49',0,8092.5,0,0,30.0161,0,8092.5,'2017-08-24',8092.5,'2017-08-24'),('2017-09-04','1','2017-09-04 16:20:49','2017-12-12 15:54:54',0,45933860,0,0,19335.9478,0,45759346,'2017-09-12',233,'2017-09-11');
/*!40000 ALTER TABLE `wat_monthaccumulate` ENABLE KEYS */;
UNLOCK TABLES;

--
-- Table structure for table `wat_weekaccumulate`
--

DROP TABLE IF EXISTS `wat_weekaccumulate`;
/*!40101 SET @saved_cs_client     = @@character_set_client */;
/*!40101 SET character_set_client = utf8 */;
CREATE TABLE `wat_weekaccumulate` (
  `WeekTime` date NOT NULL,
  `Equipment_ID` varchar(50) NOT NULL,
  `StartTime` datetime DEFAULT NULL,
  `EndTime` datetime DEFAULT NULL,
  `LastAccumulate` double NOT NULL DEFAULT '0',
  `Accumulate` double NOT NULL DEFAULT '0',
  `LastWeekSameDateAccumulate` double NOT NULL DEFAULT '0',
  `LastYearAccumulate` double NOT NULL DEFAULT '0',
  `AvgFlow` double NOT NULL DEFAULT '0',
  `DayMaxAccumulate` double NOT NULL DEFAULT '0',
  `DayMaxTime` datetime DEFAULT NULL,
  `DayMinAccumulate` double NOT NULL DEFAULT '0',
  `DayMinTime` datetime DEFAULT NULL,
  PRIMARY KEY (`Equipment_ID`,`WeekTime`),
  KEY `IX_wat_WeekAccumulate` (`WeekTime`),
  KEY `IX_wat_WeekAccumulate_1` (`Equipment_ID`),
  CONSTRAINT `FK_wat_WeekAccumulate_equ_Equipment` FOREIGN KEY (`Equipment_ID`) REFERENCES `equ_equipment` (`ID`)
) ENGINE=InnoDB DEFAULT CHARSET=utf8;
/*!40101 SET character_set_client = @saved_cs_client */;

--
-- Dumping data for table `wat_weekaccumulate`
--

LOCK TABLES `wat_weekaccumulate` WRITE;
/*!40000 ALTER TABLE `wat_weekaccumulate` DISABLE KEYS */;
INSERT INTO `wat_weekaccumulate` VALUES ('2017-09-11','1','2017-09-04 16:20:49','2017-09-11 11:34:21',0,174281,0,0,1067.7311,0,NULL,0,NULL),('2017-12-11','1','2017-09-11 11:34:21','2017-12-12 15:54:54',0,45759579,0,0,20683.768,0,NULL,0,NULL);
/*!40000 ALTER TABLE `wat_weekaccumulate` ENABLE KEYS */;
UNLOCK TABLES;
/*!40103 SET TIME_ZONE=@OLD_TIME_ZONE */;

/*!40101 SET SQL_MODE=@OLD_SQL_MODE */;
/*!40014 SET FOREIGN_KEY_CHECKS=@OLD_FOREIGN_KEY_CHECKS */;
/*!40014 SET UNIQUE_CHECKS=@OLD_UNIQUE_CHECKS */;
/*!40101 SET CHARACTER_SET_CLIENT=@OLD_CHARACTER_SET_CLIENT */;
/*!40101 SET CHARACTER_SET_RESULTS=@OLD_CHARACTER_SET_RESULTS */;
/*!40101 SET COLLATION_CONNECTION=@OLD_COLLATION_CONNECTION */;
/*!40111 SET SQL_NOTES=@OLD_SQL_NOTES */;

-- Dump completed on 2021-07-14  9:14:53
