-- MySQL dump 10.13  Distrib 5.7.27, for Win64 (x86_64)
--
-- Host: localhost    Database: rdas_eng
-- ------------------------------------------------------
-- Server version	5.7.27
create database rdas_eng;
use rdas_eng;
/*!40101 SET @OLD_CHARACTER_SET_CLIENT=@@CHARACTER_SET_CLIENT */;
/*!40101 SET @OLD_CHARACTER_SET_RESULTS=@@CHARACTER_SET_RESULTS */;
/*!40101 SET @OLD_COLLATION_CONNECTION=@@COLLATION_CONNECTION */;
/*!40101 SET NAMES utf8 */;
/*!40103 SET @OLD_TIME_ZONE=@@TIME_ZONE */;
/*!40103 SET TIME_ZONE='+00:00' */;
/*!40014 SET @OLD_UNIQUE_CHECKS=@@UNIQUE_CHECKS, UNIQUE_CHECKS=0 */;
/*!40014 SET @OLD_FOREIGN_KEY_CHECKS=@@FOREIGN_KEY_CHECKS, FOREIGN_KEY_CHECKS=0 */;
/*!40101 SET @OLD_SQL_MODE=@@SQL_MODE, SQL_MODE='NO_AUTO_VALUE_ON_ZERO' */;
/*!40111 SET @OLD_SQL_NOTES=@@SQL_NOTES, SQL_NOTES=0 */;

--
-- Table structure for table `equ_alarmrecord`
--

DROP TABLE IF EXISTS `equ_alarmrecord`;
/*!40101 SET @saved_cs_client     = @@character_set_client */;
/*!40101 SET character_set_client = utf8 */;
CREATE TABLE `equ_alarmrecord` (
  `ID` int(11) NOT NULL AUTO_INCREMENT,
  `Equipment_ID` varchar(50) NOT NULL,
  `DataType_ID` int(11) NOT NULL,
  `AlarmType` int(11) NOT NULL,
  `AlarmTime` datetime NOT NULL,
  `ConfirmTime` datetime DEFAULT NULL,
  `UserCode` varchar(100) DEFAULT NULL,
  `Recovery` bit(1) NOT NULL DEFAULT b'0',
  `RecoveryTime` datetime DEFAULT NULL,
  `Reason` text,
  `Des` text,
  PRIMARY KEY (`AlarmType`,`DataType_ID`,`Equipment_ID`),
  KEY `ID` (`ID`),
  KEY `Equipment_ID` (`Equipment_ID`),
  CONSTRAINT `FK_equ_AlarmRecord_equ_Equipment` FOREIGN KEY (`Equipment_ID`) REFERENCES `equ_equipment` (`ID`)
) ENGINE=InnoDB DEFAULT CHARSET=utf8;
/*!40101 SET character_set_client = @saved_cs_client */;

--
-- Dumping data for table `equ_alarmrecord`
--

LOCK TABLES `equ_alarmrecord` WRITE;
/*!40000 ALTER TABLE `equ_alarmrecord` DISABLE KEYS */;
/*!40000 ALTER TABLE `equ_alarmrecord` ENABLE KEYS */;
UNLOCK TABLES;

--
-- Table structure for table `equ_battery`
--

DROP TABLE IF EXISTS `equ_battery`;
/*!40101 SET @saved_cs_client     = @@character_set_client */;
/*!40101 SET character_set_client = utf8 */;
CREATE TABLE `equ_battery` (
  `ID` int(11) NOT NULL,
  `Name` varchar(50) NOT NULL,
  `Equipment_ID` varchar(50) DEFAULT NULL,
  `Model` varchar(50) DEFAULT NULL,
  `ProductDate` datetime DEFAULT NULL,
  `QualityPeriod` varchar(10) DEFAULT NULL,
  `InitialPower` varchar(10) DEFAULT NULL,
  `StartTime` datetime DEFAULT NULL,
  `EndTime` datetime DEFAULT NULL,
  `AlarmLimit` double DEFAULT NULL,
  `CurrentValue` double DEFAULT NULL,
  `Unit_ID` int(11) DEFAULT NULL,
  `Company` varchar(50) DEFAULT NULL,
  `Des` text,
  PRIMARY KEY (`ID`)
) ENGINE=InnoDB DEFAULT CHARSET=utf8;
/*!40101 SET character_set_client = @saved_cs_client */;

--
-- Dumping data for table `equ_battery`
--

LOCK TABLES `equ_battery` WRITE;
/*!40000 ALTER TABLE `equ_battery` DISABLE KEYS */;
/*!40000 ALTER TABLE `equ_battery` ENABLE KEYS */;
UNLOCK TABLES;

--
-- Table structure for table `equ_command`
--

DROP TABLE IF EXISTS `equ_command`;
/*!40101 SET @saved_cs_client     = @@character_set_client */;
/*!40101 SET character_set_client = utf8 */;
CREATE TABLE `equ_command` (
  `ID` int(11) NOT NULL AUTO_INCREMENT,
  `Equipment_ID` varchar(50) NOT NULL,
  `CommandType` int(11) NOT NULL,
  `SettingTime` datetime NOT NULL,
  `Command` longtext,
  `UserCode` varchar(100) NOT NULL,
  `Status` int(11) NOT NULL DEFAULT '1',
  `SendTime` datetime DEFAULT NULL,
  `SendNum` int(11) DEFAULT '0',
  `ResponseTime` datetime DEFAULT NULL,
  `ResponseMessage` varchar(50) DEFAULT NULL,
  `CheckTime` datetime DEFAULT NULL,
  `CheckUserCode` varchar(100) DEFAULT NULL,
  `Des` text,
  `CheckDes` text,
  PRIMARY KEY (`ID`),
  KEY `Equipment_ID` (`Equipment_ID`),
  CONSTRAINT `FK_equ_Command_equ_Equipment` FOREIGN KEY (`Equipment_ID`) REFERENCES `equ_equipment` (`ID`)
) ENGINE=InnoDB DEFAULT CHARSET=utf8;
/*!40101 SET character_set_client = @saved_cs_client */;

--
-- Dumping data for table `equ_command`
--

LOCK TABLES `equ_command` WRITE;
/*!40000 ALTER TABLE `equ_command` DISABLE KEYS */;
/*!40000 ALTER TABLE `equ_command` ENABLE KEYS */;
UNLOCK TABLES;

--
-- Table structure for table `equ_datatype`
--

DROP TABLE IF EXISTS `equ_datatype`;
/*!40101 SET @saved_cs_client     = @@character_set_client */;
/*!40101 SET character_set_client = utf8 */;
CREATE TABLE `equ_datatype` (
  `ID` int(11) NOT NULL,
  `Name` varchar(50) NOT NULL,
  `IfAccumulate` bit(1) NOT NULL DEFAULT b'0',
  `IfAlarm` bit(1) NOT NULL DEFAULT b'0',
  PRIMARY KEY (`ID`)
) ENGINE=InnoDB DEFAULT CHARSET=utf8;
/*!40101 SET character_set_client = @saved_cs_client */;

--
-- Dumping data for table `equ_datatype`
--

LOCK TABLES `equ_datatype` WRITE;
/*!40000 ALTER TABLE `equ_datatype` DISABLE KEYS */;
INSERT INTO `equ_datatype` VALUES (0,'ç¬æ¶æµé',_binary '\0',_binary '\0'),(1,'ç¬æ¶æµé',_binary '\0',_binary '\0'),(2,'æµéç¾åæ¯',_binary '\0',_binary '\0'),(3,'æµä½çµå¯¼æ¯',_binary '\0',_binary '\0'),(4,'æ­£åç´¯ç§¯æµé',_binary '',_binary '\0'),(5,'ååç´¯ç§¯æµé',_binary '',_binary '\0'),(6,'æ¶ç´¯ç§¯',_binary '',_binary '\0'),(7,'æ¥ç´¯ç§¯æ°å¼',_binary '',_binary '\0'),(8,'æç´¯ç§¯æ°å¼',_binary '',_binary '\0'),(9,'NN',_binary '\0',_binary '\0'),(10,'ç¬æ¶ç­æµé',_binary '\0',_binary '\0'),(11,'ç­éæ»ç´¯ç§¯å¼',_binary '',_binary '\0'),(12,'å¥å£æ¸©åº¦',_binary '\0',_binary '\0'),(13,'åºå£æ¸©åº¦',_binary '\0',_binary '\0'),(14,'ç®¡éåå',_binary '\0',_binary '\0'),(15,'èå²æ°',_binary '\0',_binary '\0'),(16,'å¼å³éè¾å¥ç¶æ',_binary '\0',_binary '\0'),(17,'ä»ªè¡¨çµæ± çµé',_binary '\0',_binary '\0'),(18,'GPRSè®¾å¤çµæ± çµé',_binary '\0',_binary '\0'),(19,'GPRSä¿¡å·å¼ºåº¦',_binary '\0',_binary '\0'),(20,'ä¸éæ¥è­¦',_binary '\0',_binary ''),(21,'ä¸éæ¥è­¦',_binary '\0',_binary ''),(22,'ç³»ç»æ¥è­¦',_binary '\0',_binary ''),(23,'ç©ºç®¡æ¥è­¦',_binary '\0',_binary ''),(25,'äºå£æ¸©åº¦',_binary '\0',_binary '\0'),(26,'ç¯å¢æ¸©åº¦',_binary '\0',_binary '\0'),(27,'äºå£åå',_binary '\0',_binary '\0'),(28,'æ°´æ³µæ·±åº¦',_binary '\0',_binary '\0'),(29,'ç»ç®æ¥ç­é',_binary '',_binary '\0'),(30,'å½åç­é',_binary '\0',_binary '\0'),(31,'ç­åç',_binary '\0',_binary '\0'),(32,'ä¾æ°´æ¸©åº¦',_binary '\0',_binary '\0'),(33,'åæ°´æ¸©åº¦',_binary '\0',_binary '\0'),(34,'ç´¯ç§¯å·¥ä½æ¶é´',_binary '',_binary '\0'),(35,'ç¬æ¶å·æµé',_binary '\0',_binary '\0'),(36,'å·éæ»ç´¯ç§¯å¼',_binary '',_binary '\0'),(37,'ååä¸éæ¥è­¦',_binary '\0',_binary ''),(38,'ååä¸éæ¥è­¦',_binary '\0',_binary ''),(39,'æ¶²ä½',_binary '\0',_binary '\0'),(40,'ä¸ä¸éæ¥è­¦',_binary '\0',_binary ''),(41,'ä¸ä¸éæ¥è­¦',_binary '\0',_binary ''),(42,'ååæ¥è­¦',_binary '\0',_binary ''),(43,'åé¤ç¶æ',_binary '\0',_binary '\0'),(44,'è¿æ¥ç«¯å­THçæ¸©åº¦',_binary '\0',_binary '\0'),(45,'è¿æ¥ç«¯å­TCçæ¸©åº¦',_binary '\0',_binary '\0'),(46,'ç«¯å­THåTCçæ¸©åº¦å·®',_binary '\0',_binary '\0'),(50,'ä»ªè¡¨çµæ± çµå',_binary '\0',_binary '\0'),(51,'GPRSè®¾å¤çµæ± çµå',_binary '\0',_binary '\0'),(52,'å¥å£åå',_binary '\0',_binary '\0'),(53,'åºå£åå',_binary '\0',_binary '\0'),(54,'å¥å£ååä¸éæ¥è­¦',_binary '\0',_binary ''),(55,'å¥å£ååä¸éæ¥è­¦',_binary '\0',_binary ''),(56,'å¥å£ååæéæ¥è­¦',_binary '\0',_binary ''),(57,'åºå£ååä¸éæ¥è­¦',_binary '\0',_binary ''),(58,'åºå£ååä¸éæ¥è­¦',_binary '\0',_binary ''),(59,'åºå£ååæéæ¥è­¦',_binary '\0',_binary ''),(101,'ç»åº¦',_binary '\0',_binary '\0'),(102,'çº¬åº¦',_binary '\0',_binary '\0'),(201,'æ¨¡æé1',_binary '\0',_binary '\0'),(202,'æ¨¡æé2',_binary '\0',_binary '\0'),(203,'æ¨¡æé3',_binary '\0',_binary '\0'),(204,'æ¨¡æé4',_binary '\0',_binary '\0'),(205,'é¢ç1',_binary '\0',_binary '\0'),(206,'é¢ç2',_binary '\0',_binary '\0'),(207,'é¢ç3',_binary '\0',_binary '\0'),(208,'é¢ç4',_binary '\0',_binary '\0'),(209,'ç©ºç®¡æ¯',_binary '\0',_binary '\0'),(210,'æ¸©åº¦',_binary '\0',_binary '\0'),(211,'åçµæ¬¡æ°',_binary '\0',_binary '\0'),(212,'æ¥è­¦ç¶æ',_binary '\0',_binary '\0'),(213,'ä»ªè¡¨çµæ± æ¥è­¦',_binary '\0',_binary ''),(214,'å·¥åµæµé',_binary '\0',_binary '\0'),(215,'é¢ç',_binary '\0',_binary '\0'),(216,'ååèå´',_binary '\0',_binary '\0'),(217,'æ²¹ç½å¨é',_binary '\0',_binary '\0'),(218,'æµéæ»éå·®å¼',_binary '',_binary '\0'),(219,'ä»ªè¡¨æ¹¿åº¦',_binary '\0',_binary '\0'),(220,'æ¸©åº¦å·®å¼',_binary '\0',_binary '\0'),(221,'å·®å',_binary '\0',_binary '\0'),(222,'ä»ªè¡¨çµæ± ç¶æ',_binary '\0',_binary '\0'),(223,'åé¤',_binary '\0',_binary '\0'),(224,'ååæ¥è­¦',_binary '\0',_binary '\0'),(225,'åé¨éä¿¡æé',_binary '\0',_binary ''),(227,'GPRSçµæ± æ¥è­¦',_binary '\0',_binary ''),(228,'éä¿¡çº¿ç¼æ¼çµæ¥è­¦',_binary '\0',_binary ''),(229,'æµéæµä½å£°é',_binary '\0',_binary '\0'),(230,'è´ç´¯è®¡ç­é',_binary '\0',_binary '\0'),(231,'åç´¯è®¡æµé',_binary '\0',_binary '\0'),(232,'åç´¯è®¡ç­é',_binary '\0',_binary '\0'),(233,'GPRSæ¹¿åº¦',_binary '\0',_binary '\0'),(234,'çµæµ',_binary '\0',_binary '\0'),(235,'çµå',_binary '\0',_binary '\0'),(236,'æ¸©åº¦ä¸éæ¥è­¦',_binary '\0',_binary ''),(237,'æ¸©åº¦ä¸éæ¥è­¦',_binary '\0',_binary ''),(238,'å©ä½æ°´é',_binary '\0',_binary '\0'),(239,'åå¼å¨æ°',_binary '\0',_binary '\0'),(240,'åå¼é±æ°',_binary '\0',_binary '\0'),(241,'åå¼æ¬¡æ°',_binary '\0',_binary '\0'),(242,'æçµæ¬¡æ°',_binary '\0',_binary '\0'),(243,'æ¥æå°æµé',_binary '\0',_binary '\0'),(244,'æ¥æå¤§æµé',_binary '\0',_binary '\0'),(245,'å­å¨ç¶æ',_binary '\0',_binary ''),(246,'ä»ªè¡¨æ¸©åº¦',_binary '\0',_binary '\0'),(247,'GPRSå¤ç¨åæ°',_binary '\0',_binary '\0'),(248,'ååæéæ¥è­¦',_binary '\0',_binary ''),(249,'æ¢è½å¨æé',_binary '\0',_binary ''),(250,'æ¶²ä½ç¾åæ¯',_binary '\0',_binary '\0'),(251,'æ¶²ä½é«åº¦',_binary '\0',_binary '\0'),(252,'éé¨å¼åº¦',_binary '\0',_binary '\0'),(253,'éé¨æ§å¶ç²¾åº¦',_binary '\0',_binary '\0');
/*!40000 ALTER TABLE `equ_datatype` ENABLE KEYS */;
UNLOCK TABLES;

--
-- Table structure for table `equ_equipment`
--

DROP TABLE IF EXISTS `equ_equipment`;
/*!40101 SET @saved_cs_client     = @@character_set_client */;
/*!40101 SET character_set_client = utf8 */;
CREATE TABLE `equ_equipment` (
  `ID` varchar(50) NOT NULL,
  `Name` varchar(100) NOT NULL,
  `EquipmentType_ID` int(11) NOT NULL DEFAULT '1',
  `Manufacturer_ID` int(11) NOT NULL DEFAULT '1',
  `Status` bit(1) NOT NULL DEFAULT b'0',
  `UploadNum` int(11) NOT NULL DEFAULT '0',
  `Address` longblob,
  `SetupTime` date DEFAULT NULL,
  `SetupPerson` varchar(20) DEFAULT NULL,
  `Model` varchar(50) DEFAULT NULL,
  `FirstUploadTime` datetime DEFAULT NULL,
  `LastUploadTime` datetime DEFAULT NULL,
  `LastCollectTime` datetime DEFAULT NULL,
  `IPAddress` varchar(15) DEFAULT NULL,
  `Port` int(11) DEFAULT NULL,
  `Longitude` double DEFAULT NULL,
  `Latitude` double DEFAULT NULL,
  `Version` varchar(5) DEFAULT NULL,
  `Manager` varchar(20) DEFAULT NULL,
  `Telephone` varchar(20) DEFAULT NULL,
  `PowerType` int(11) DEFAULT '0',
  `PicPath` varchar(200) DEFAULT NULL,
  `FilePath` varchar(200) DEFAULT NULL,
  `Des` text,
  `SetupAddress` text,
  `OffLineTimeLimit` int(11) NOT NULL DEFAULT '0',
  `ConnectServerPort` int(11) DEFAULT NULL,
  PRIMARY KEY (`ID`)
) ENGINE=InnoDB DEFAULT CHARSET=utf8;
/*!40101 SET character_set_client = @saved_cs_client */;

--
-- Dumping data for table `equ_equipment`
--

LOCK TABLES `equ_equipment` WRITE;
/*!40000 ALTER TABLE `equ_equipment` DISABLE KEYS */;
INSERT INTO `equ_equipment` VALUES ('0','0',1,1,_binary '',1145,NULL,'1900-01-01','','','2017-02-17 09:35:06','2021-02-01 09:56:17','2021-02-01 10:03:50','221.178.126.238',10674,114.4186357883645,34.76238586143465,'20   ','','',0,NULL,NULL,'','',0,8003),('1','1',7,1,_binary '',915,NULL,NULL,NULL,NULL,'2017-02-17 15:43:47','2021-01-12 09:05:28','2021-01-12 09:05:28','221.178.126.244',54104,NULL,NULL,'42   ',NULL,NULL,0,NULL,NULL,NULL,NULL,0,8011),('10','10',0,1,_binary '',510,NULL,NULL,NULL,NULL,'2017-09-06 09:57:50','2017-09-08 09:21:29','2017-09-08 09:21:00','223.104.254.32',42747,NULL,NULL,'20   ',NULL,NULL,0,NULL,NULL,NULL,NULL,0,NULL),('100','100',0,1,_binary '\0',3,NULL,NULL,NULL,NULL,'2018-08-07 15:13:14','2018-08-07 15:16:58','2018-08-07 15:16:06','117.132.197.221',6727,NULL,NULL,'20   ',NULL,NULL,0,NULL,NULL,NULL,NULL,0,7003);
/*!40000 ALTER TABLE `equ_equipment` ENABLE KEYS */;
UNLOCK TABLES;

--
-- Table structure for table `equ_equipmentgroup`
--

DROP TABLE IF EXISTS `equ_equipmentgroup`;
/*!40101 SET @saved_cs_client     = @@character_set_client */;
/*!40101 SET character_set_client = utf8 */;
CREATE TABLE `equ_equipmentgroup` (
  `ID` int(11) NOT NULL AUTO_INCREMENT,
  `Name` varchar(50) NOT NULL,
  `ParentID` varchar(50) NOT NULL DEFAULT '0',
  PRIMARY KEY (`ID`)
) ENGINE=InnoDB AUTO_INCREMENT=101 DEFAULT CHARSET=utf8;
/*!40101 SET character_set_client = @saved_cs_client */;

--
-- Dumping data for table `equ_equipmentgroup`
--

LOCK TABLES `equ_equipmentgroup` WRITE;
/*!40000 ALTER TABLE `equ_equipmentgroup` DISABLE KEYS */;
INSERT INTO `equ_equipmentgroup` VALUES (1,'é»è®¤ç»','0'),(3,'ç´éæç»ç¨æ·','0'),(4,'æµè¯ç¨æ·è®¾å¤ç»','0'),(5,'æ²é³åæ¶¦ç­å','166'),(6,'è¥å£æ°´å¡','3'),(7,'çé¦æ°´å¡','3'),(8,'æ®å®ä¾æ°´','79'),(9,'è¿æ±æ¸©æ³','3'),(10,'åå®èªæ¥æ°´å¬å¸','3'),(11,'èåºåä¼æ°´å¸','3'),(12,'å²±æµ·åçµ','3'),(13,'æ¾æµ·æ°´å¡','79'),(14,'å®ç« é»å²ä¾æ°´','79'),(15,'æ²é³æ²æµ·ç­åå¬å¸','166'),(16,'æ°ä½å¬å¸çæ´»æ°´','205'),(18,'ä¸æµ·éæµ¦æ°´å©æ¨å¹¿ç«','3'),(19,'JC','3'),(20,'ä¹å°æµ©ç¹å¸çåºç®¡çæ','175'),(21,'ç¬¬å­è¥ä¸åå¬å¸','6'),(22,'ä¸æµ·åå','0'),(24,'é³æ±æ°´å¡','22'),(25,'æ±èæ¨äºåµ','3'),(26,'test','4'),(27,'jslt','25'),(29,'ç½å®ä¾æ°´LDGS','22'),(30,'æ±èæ°å','3'),(34,'test2','4'),(52,'æ¸ä¸°æ°´å¡','3'),(53,'ymsyglj','3'),(54,'æ²åå¿æ°´å©å±','3'),(55,'å¼å°å¥¥æ³°','3'),(56,'åäº¬çæ®ä¸å','3'),(58,'ä½å±±è¥¿æ«µæ«µåæ°´å¡','79'),(60,'å¹¿è¥¿åææ¹æµ·','3'),(62,'æ²³è¥¿æ¸ æ²çª','174'),(63,'æ±èé«é®æ°´å©','3'),(64,'æ»¦å¹³æ°´æ¿','95'),(65,'å±±ä¸æ²å','3'),(66,'å±±ä¸é¹åå¸èªæ¥æ°´å¬å¸','30'),(67,'ä¸æµ·å¨å°æ³°','3'),(68,'æ·±å³æ°´å¡','79'),(69,'é¾åæ°´å¡æéå¬å¸','68'),(70,'è§æ¾åå¬å¸','69'),(71,'æµæ±æ°¸å®è¯ä¸','93'),(72,'å¤§åä¾æ°´','79'),(73,'æ­å·ä¸´å®æ±¡æ°´å¤ç','3'),(74,'wt14120141','3'),(75,'toplw','3'),(76,'æ±èæ¬å·å¤§å­¦','3'),(79,'å¼å°ä»ªè¡¨','0'),(82,'kâfâjâk','3'),(83,'æ±èæè¾¾','3'),(84,'ä¸¹ä¸åå­','166'),(86,'è¾åç¹','3'),(87,'å¼å°å©æº','3'),(88,'æ²³åæ°èª','3'),(89,'å¼å°æ·ç¹','3'),(90,'å¼å°ç²¾å','3'),(91,'åäº¬è¨è¡ç¥','3'),(92,'æ±èåå¤','3'),(93,'æ±èåæµ·','3'),(94,'éå°¼ç»´','3'),(95,'å¼å°ç§é','3'),(96,'å¤©æ´¥è¿å°','3'),(97,'kfybæµè¯','79'),(98,'ä¸æµ·ææ','3'),(99,'ä¸æµ·å¤©ç³','3'),(100,'å¼å°åé¦','3');
/*!40000 ALTER TABLE `equ_equipmentgroup` ENABLE KEYS */;
UNLOCK TABLES;

--
-- Table structure for table `equ_equipmentgroup_equipment_map`
--

DROP TABLE IF EXISTS `equ_equipmentgroup_equipment_map`;
/*!40101 SET @saved_cs_client     = @@character_set_client */;
/*!40101 SET character_set_client = utf8 */;
CREATE TABLE `equ_equipmentgroup_equipment_map` (
  `EquipmentGroup_ID` int(11) NOT NULL,
  `Equipment_ID` varchar(50) NOT NULL,
  PRIMARY KEY (`Equipment_ID`,`EquipmentGroup_ID`),
  KEY `EquipmentGroup_ID` (`EquipmentGroup_ID`),
  CONSTRAINT `FK_equ_EquipmentGroup_Equipment_Map_equ_Equipment` FOREIGN KEY (`Equipment_ID`) REFERENCES `equ_equipment` (`ID`),
  CONSTRAINT `FK_equ_EquipmentGroup_Equipment_Map_equ_EquipmentGroup` FOREIGN KEY (`EquipmentGroup_ID`) REFERENCES `equ_equipmentgroup` (`ID`)
) ENGINE=InnoDB DEFAULT CHARSET=utf8;
/*!40101 SET character_set_client = @saved_cs_client */;

--
-- Dumping data for table `equ_equipmentgroup_equipment_map`
--

LOCK TABLES `equ_equipmentgroup_equipment_map` WRITE;
/*!40000 ALTER TABLE `equ_equipmentgroup_equipment_map` DISABLE KEYS */;
INSERT INTO `equ_equipmentgroup_equipment_map` VALUES (1,'1'),(1,'10'),(1,'100'),(96,'0'),(100,'0');
/*!40000 ALTER TABLE `equ_equipmentgroup_equipment_map` ENABLE KEYS */;
UNLOCK TABLES;

--
-- Table structure for table `equ_equipmentpara`
--

DROP TABLE IF EXISTS `equ_equipmentpara`;
/*!40101 SET @saved_cs_client     = @@character_set_client */;
/*!40101 SET character_set_client = utf8 */;
CREATE TABLE `equ_equipmentpara` (
  `Equipment_ID` varchar(50) NOT NULL,
  `Para_ID` int(11) NOT NULL,
  `ParaValue` text NOT NULL,
  `UploadTime` datetime NOT NULL,
  `Unit_ID` int(11) DEFAULT NULL,
  `UpLimit` double DEFAULT NULL,
  `DownLimit` double DEFAULT NULL,
  PRIMARY KEY (`Equipment_ID`,`Para_ID`),
  KEY `Para_ID` (`Para_ID`),
  CONSTRAINT `FK_equ_EquipmentPara_equ_Equipment` FOREIGN KEY (`Equipment_ID`) REFERENCES `equ_equipment` (`ID`),
  CONSTRAINT `FK_equ_EquipmentPara_equ_Para` FOREIGN KEY (`Para_ID`) REFERENCES `equ_para` (`ID`)
) ENGINE=InnoDB DEFAULT CHARSET=utf8;
/*!40101 SET character_set_client = @saved_cs_client */;

--
-- Dumping data for table `equ_equipmentpara`
--

LOCK TABLES `equ_equipmentpara` WRITE;
/*!40000 ALTER TABLE `equ_equipmentpara` DISABLE KEYS */;
INSERT INTO `equ_equipmentpara` VALUES ('0',10,'60','2020-12-14 03:04:52',71,1440,30),('0',14,'cmiot;;;','2020-12-14 03:04:52',NULL,NULL,NULL),('0',15,'00000000000000000000','2020-12-14 03:04:52',NULL,NULL,NULL),('0',16,'60','2020-12-14 03:04:52',71,1440,60),('0',20,'124.095.128.250:08010;','2020-12-14 03:04:52',NULL,NULL,NULL),('0',21,'toplw.gicp.net','2020-12-14 03:04:52',NULL,NULL,NULL),('0',22,'UDP','2020-12-14 03:04:52',NULL,NULL,NULL),('0',23,'IP_MODE','2020-12-14 03:04:52',NULL,NULL,NULL),('0',32,'protol_v2','2020-12-14 03:04:52',NULL,NULL,NULL),('0',33,'0','2020-12-14 03:04:52',NULL,NULL,NULL),('0',34,'1','2020-12-14 03:04:52',0,8,1),('0',35,'ENABLE','2020-12-14 03:04:52',NULL,NULL,NULL),('0',36,'','2020-12-14 03:04:52',NULL,NULL,NULL),('0',43,'460045148110419','2020-12-14 03:04:52',NULL,NULL,NULL),('0',44,'LTE_V60_APp1_W803E_EC20','2020-12-14 03:04:52',NULL,NULL,NULL),('0',45,'ParaReset','2020-12-14 03:04:52',NULL,NULL,NULL),('0',46,'Restart','2020-12-14 03:04:52',NULL,NULL,NULL),('1',10,'60','2021-01-12 09:05:28',71,1440,1),('1',14,'cmiot;;;','2021-01-12 09:05:28',NULL,NULL,NULL),('1',15,'89860413091830075662','2021-01-12 09:05:28',NULL,NULL,NULL),('1',16,'60','2021-01-12 09:05:28',71,1440,30),('1',20,'001.024.223.154:00800;','2021-01-12 09:05:28',NULL,NULL,NULL),('1',21,'toplw.gicp.net','2021-01-12 09:05:28',NULL,NULL,NULL),('1',22,'TCP','2021-01-12 09:05:28',NULL,NULL,NULL),('1',23,'IP_MODE','2021-01-12 09:05:28',NULL,NULL,NULL),('1',32,'protol_v8','2021-01-12 09:05:28',NULL,NULL,NULL),('1',33,'1','2021-01-12 09:05:28',NULL,NULL,NULL),('1',34,'1','2021-01-12 09:05:28',0,8,1),('1',35,'ENABLE','2021-01-12 09:05:28',NULL,NULL,NULL),('1',36,'864513044891452','2021-01-12 09:05:28',NULL,NULL,NULL),('1',43,'460043308315662','2021-01-12 09:05:28',NULL,NULL,NULL),('1',44,'4G_V66E_F_APP1_P-DBL_W803E_EC20','2021-01-12 09:05:28',NULL,NULL,NULL),('1',45,'ParaReset','2021-01-12 09:05:28',NULL,NULL,NULL),('1',46,'Restart','2021-01-12 09:05:28',NULL,NULL,NULL),('10',15,'898602b40316c0225530','2017-09-08 09:21:27',NULL,NULL,NULL);
/*!40000 ALTER TABLE `equ_equipmentpara` ENABLE KEYS */;
UNLOCK TABLES;

--
-- Table structure for table `equ_equipmentparasettingrecord`
--

DROP TABLE IF EXISTS `equ_equipmentparasettingrecord`;
/*!40101 SET @saved_cs_client     = @@character_set_client */;
/*!40101 SET character_set_client = utf8 */;
CREATE TABLE `equ_equipmentparasettingrecord` (
  `ID` int(11) NOT NULL,
  `Equipment_ID` varchar(50) NOT NULL,
  `Para` longtext NOT NULL,
  `Des` text,
  `SettingTime` datetime NOT NULL,
  `UserCode` varchar(100) NOT NULL,
  `SendTime` datetime DEFAULT NULL,
  `SendNum` int(11) NOT NULL DEFAULT '0',
  `SuccessFlag` bit(1) NOT NULL,
  `ResponseTime` datetime DEFAULT NULL,
  `ResponseMessage` varchar(50) DEFAULT NULL,
  `CheckTime` datetime DEFAULT NULL,
  PRIMARY KEY (`ID`),
  KEY `Equipment_ID` (`Equipment_ID`),
  KEY `UserCode` (`UserCode`),
  CONSTRAINT `FK_equ_EquipmentParaSettingRecord_equ_Equipment` FOREIGN KEY (`Equipment_ID`) REFERENCES `equ_equipment` (`ID`),
  CONSTRAINT `FK_equ_EquipmentParaSettingRecord_sys_user` FOREIGN KEY (`UserCode`) REFERENCES `sys_user` (`UserCode`)
) ENGINE=InnoDB DEFAULT CHARSET=utf8;
/*!40101 SET character_set_client = @saved_cs_client */;

--
-- Dumping data for table `equ_equipmentparasettingrecord`
--

LOCK TABLES `equ_equipmentparasettingrecord` WRITE;
/*!40000 ALTER TABLE `equ_equipmentparasettingrecord` DISABLE KEYS */;
/*!40000 ALTER TABLE `equ_equipmentparasettingrecord` ENABLE KEYS */;
UNLOCK TABLES;

--
-- Table structure for table `equ_equipmentparavaluerange`
--

DROP TABLE IF EXISTS `equ_equipmentparavaluerange`;
/*!40101 SET @saved_cs_client     = @@character_set_client */;
/*!40101 SET character_set_client = utf8 */;
CREATE TABLE `equ_equipmentparavaluerange` (
  `Equipment_ID` varchar(50) NOT NULL,
  `Para_ID` int(11) NOT NULL,
  `ParaValue_ID` int(11) NOT NULL,
  PRIMARY KEY (`Equipment_ID`,`Para_ID`,`ParaValue_ID`),
  KEY `Para_ID` (`Para_ID`),
  CONSTRAINT `FK_equ_EquipmentParaValueRange_equ_Equipment` FOREIGN KEY (`Equipment_ID`) REFERENCES `equ_equipment` (`ID`),
  CONSTRAINT `FK_equ_EquipmentParaValueRange_equ_Para` FOREIGN KEY (`Para_ID`) REFERENCES `equ_para` (`ID`)
) ENGINE=InnoDB DEFAULT CHARSET=utf8;
/*!40101 SET character_set_client = @saved_cs_client */;

--
-- Dumping data for table `equ_equipmentparavaluerange`
--

LOCK TABLES `equ_equipmentparavaluerange` WRITE;
/*!40000 ALTER TABLE `equ_equipmentparavaluerange` DISABLE KEYS */;
/*!40000 ALTER TABLE `equ_equipmentparavaluerange` ENABLE KEYS */;
UNLOCK TABLES;

--
-- Table structure for table `equ_equipmentrealdata`
--

DROP TABLE IF EXISTS `equ_equipmentrealdata`;
/*!40101 SET @saved_cs_client     = @@character_set_client */;
/*!40101 SET character_set_client = utf8 */;
CREATE TABLE `equ_equipmentrealdata` (
  `Equipment_ID` varchar(50) NOT NULL,
  `DataType_ID` int(11) NOT NULL,
  `Value` double NOT NULL,
  `Unit_ID` int(11) NOT NULL,
  `Position` int(11) NOT NULL,
  `IfRecord` bit(1) NOT NULL,
  `IfCurve` bit(1) NOT NULL,
  `IfAlarm` bit(1) NOT NULL,
  `IfAccumulate` bit(1) NOT NULL,
  `UpLimit` double DEFAULT '0',
  `DownLimit` double DEFAULT '0',
  `LastUpdateTime` datetime DEFAULT NULL,
  PRIMARY KEY (`DataType_ID`,`Equipment_ID`),
  KEY `Equipment_ID` (`Equipment_ID`),
  CONSTRAINT `FK_equ_EquipmentRealData_equ_Equipment` FOREIGN KEY (`Equipment_ID`) REFERENCES `equ_equipment` (`ID`)
) ENGINE=InnoDB DEFAULT CHARSET=utf8;
/*!40101 SET character_set_client = @saved_cs_client */;

--
-- Dumping data for table `equ_equipmentrealdata`
--

LOCK TABLES `equ_equipmentrealdata` WRITE;
/*!40000 ALTER TABLE `equ_equipmentrealdata` DISABLE KEYS */;
INSERT INTO `equ_equipmentrealdata` VALUES ('0',0,282.74,6,0,_binary '',_binary '',_binary '\0',_binary '\0',0,0,'2021-02-01 10:03:50'),('1',0,0,6,0,_binary '',_binary '',_binary '\0',_binary '\0',0,0,'2021-01-12 09:05:28'),('10',0,0,1,0,_binary '',_binary '',_binary '\0',_binary '\0',0,0,NULL),('100',0,0,1,0,_binary '',_binary '',_binary '\0',_binary '\0',0,0,NULL),('0',1,10,36,1,_binary '',_binary '',_binary '\0',_binary '\0',0,0,'2021-02-01 10:03:50'),('1',1,0,36,1,_binary '',_binary '',_binary '\0',_binary '\0',0,0,'2021-01-12 09:05:28'),('10',1,0,36,1,_binary '',_binary '',_binary '\0',_binary '\0',0,0,NULL),('100',1,0,36,1,_binary '',_binary '',_binary '\0',_binary '\0',0,0,NULL),('0',2,100,37,2,_binary '',_binary '',_binary '\0',_binary '\0',0,0,'2021-02-01 10:03:50'),('1',2,0,37,2,_binary '',_binary '',_binary '\0',_binary '\0',0,0,'2021-01-12 09:05:28'),('10',2,0,37,2,_binary '',_binary '',_binary '\0',_binary '\0',0,0,NULL),('0',3,0,37,3,_binary '',_binary '',_binary '\0',_binary '\0',0,0,'2021-02-01 10:03:50'),('1',3,931,37,3,_binary '',_binary '',_binary '\0',_binary '\0',0,0,'2021-01-12 09:05:28'),('10',3,0,37,3,_binary '',_binary '',_binary '\0',_binary '\0',0,0,NULL),('100',3,0,37,2,_binary '',_binary '',_binary '\0',_binary '\0',0,0,NULL),('0',4,3701990.55,14,8,_binary '',_binary '',_binary '\0',_binary '',0,0,'2021-02-01 10:03:50'),('1',4,396.965,14,4,_binary '',_binary '',_binary '\0',_binary '',0,0,'2021-01-12 09:05:28'),('10',4,0,13,4,_binary '',_binary '',_binary '\0',_binary '',0,0,NULL),('100',4,0,13,3,_binary '',_binary '',_binary '\0',_binary '',0,0,NULL),('0',5,4715964.25,14,9,_binary '',_binary '',_binary '\0',_binary '',0,0,'2021-02-01 10:03:50'),('1',5,69.777,14,5,_binary '',_binary '',_binary '\0',_binary '',0,0,'2021-01-12 09:05:28'),('10',5,0,13,5,_binary '',_binary '',_binary '\0',_binary '',0,0,NULL),('100',5,0,13,4,_binary '',_binary '',_binary '\0',_binary '',0,0,NULL),('1',10,0,19,9,_binary '',_binary '',_binary '\0',_binary '\0',0,0,'2021-01-12 09:05:28'),('1',11,0,23,13,_binary '',_binary '',_binary '\0',_binary '',0,0,'2021-01-12 09:05:28'),('1',12,0,35,10,_binary '',_binary '',_binary '\0',_binary '\0',0,0,'2021-01-12 09:05:28'),('1',13,0,35,11,_binary '',_binary '',_binary '\0',_binary '\0',0,0,'2021-01-12 09:05:28'),('0',14,0,56,10,_binary '',_binary '',_binary '\0',_binary '\0',0,0,'2021-02-01 10:03:50'),('1',14,0,34,7,_binary '',_binary '',_binary '\0',_binary '\0',0,0,'2021-01-12 09:05:28'),('10',14,0,33,11,_binary '',_binary '',_binary '\0',_binary '\0',0,0,NULL),('1',17,100,37,23,_binary '',_binary '',_binary '\0',_binary '\0',0,0,'2021-01-12 09:05:28'),('10',17,0,37,9,_binary '\0',_binary '\0',_binary '\0',_binary '\0',0,0,NULL),('100',17,100,37,8,_binary '\0',_binary '\0',_binary '\0',_binary '\0',0,0,NULL),('1',18,100,37,33,_binary '',_binary '',_binary '\0',_binary '\0',0,0,'2021-01-12 09:05:28'),('10',18,0,37,8,_binary '\0',_binary '\0',_binary '\0',_binary '\0',0,0,NULL),('100',18,100,37,7,_binary '\0',_binary '\0',_binary '\0',_binary '\0',0,0,NULL),('0',19,24,0,11,_binary '\0',_binary '\0',_binary '\0',_binary '\0',0,0,'2021-02-01 10:03:50'),('1',19,31,0,35,_binary '',_binary '',_binary '\0',_binary '\0',0,0,'2021-01-12 09:05:28'),('10',19,25,0,10,_binary '\0',_binary '\0',_binary '\0',_binary '\0',0,0,NULL),('100',19,22,0,9,_binary '\0',_binary '\0',_binary '\0',_binary '\0',0,0,NULL),('0',20,0,0,4,_binary '',_binary '\0',_binary '',_binary '\0',0,0,'2021-02-01 10:03:50'),('1',20,0,0,16,_binary '',_binary '',_binary '',_binary '\0',0,0,'2021-01-12 09:05:28'),('0',21,0,0,5,_binary '',_binary '\0',_binary '',_binary '\0',0,0,'2021-02-01 10:03:50'),('1',21,0,0,17,_binary '',_binary '',_binary '',_binary '\0',0,0,'2021-01-12 09:05:28'),('0',22,0,0,6,_binary '',_binary '\0',_binary '',_binary '\0',0,0,'2021-02-01 10:03:50'),('1',22,0,0,18,_binary '',_binary '',_binary '',_binary '\0',0,0,'2021-01-12 09:05:28'),('10',22,0,0,6,_binary '',_binary '\0',_binary '',_binary '\0',0,0,NULL),('100',22,0,0,5,_binary '',_binary '\0',_binary '',_binary '\0',0,0,NULL),('0',23,0,0,7,_binary '',_binary '\0',_binary '',_binary '\0',0,0,'2021-02-01 10:03:50'),('1',23,1,0,19,_binary '',_binary '',_binary '',_binary '\0',0,0,'2021-01-12 09:05:28'),('10',23,0,0,7,_binary '',_binary '\0',_binary '',_binary '\0',0,0,NULL),('100',23,0,0,6,_binary '',_binary '\0',_binary '',_binary '\0',0,0,NULL),('1',34,455,70,15,_binary '',_binary '',_binary '\0',_binary '',0,0,'2021-01-12 09:05:28'),('1',36,0,23,14,_binary '',_binary '',_binary '\0',_binary '',0,0,'2021-01-12 09:05:28'),('0',37,0,0,12,_binary '',_binary '\0',_binary '',_binary '\0',0,0,'2021-02-01 10:03:50'),('0',38,0,0,13,_binary '',_binary '\0',_binary '',_binary '\0',0,0,'2021-02-01 10:03:50'),('1',43,0,0,20,_binary '',_binary '',_binary '\0',_binary '\0',0,0,'2021-01-12 09:05:28'),('1',213,0,0,22,_binary '',_binary '',_binary '',_binary '\0',0,0,'2021-01-12 09:05:28'),('1',218,327.188,14,6,_binary '',_binary '',_binary '\0',_binary '',0,0,'2021-01-12 09:05:28'),('1',219,0,37,8,_binary '',_binary '',_binary '\0',_binary '\0',0,0,'2021-01-12 09:05:28'),('1',220,0,35,12,_binary '',_binary '',_binary '\0',_binary '\0',0,0,'2021-01-12 09:05:28'),('1',224,0,0,21,_binary '',_binary '',_binary '\0',_binary '\0',0,0,'2021-01-12 09:05:28'),('1',225,0,0,32,_binary '',_binary '',_binary '',_binary '\0',0,0,'2021-01-12 09:05:28'),('1',227,0,0,34,_binary '',_binary '',_binary '',_binary '\0',0,0,'2021-01-12 09:05:28'),('1',228,0,0,31,_binary '',_binary '',_binary '',_binary '\0',0,0,'2021-01-12 09:05:28'),('1',243,0,6,26,_binary '',_binary '',_binary '\0',_binary '\0',0,0,'2021-01-12 09:05:28'),('1',244,0,6,25,_binary '',_binary '',_binary '\0',_binary '\0',0,0,'2021-01-12 09:05:28'),('1',247,11459,0,24,_binary '',_binary '',_binary '\0',_binary '\0',0,0,'2021-01-12 09:05:28'),('0',248,1,0,14,_binary '',_binary '\0',_binary '',_binary '\0',0,0,'2021-02-01 10:03:50');
/*!40000 ALTER TABLE `equ_equipmentrealdata` ENABLE KEYS */;
UNLOCK TABLES;

--
-- Table structure for table `equ_equipmenttype`
--

DROP TABLE IF EXISTS `equ_equipmenttype`;
/*!40101 SET @saved_cs_client     = @@character_set_client */;
/*!40101 SET character_set_client = utf8 */;
CREATE TABLE `equ_equipmenttype` (
  `ID` int(11) NOT NULL,
  `Name` varchar(50) NOT NULL,
  `OffLineLimit` int(11) NOT NULL DEFAULT '30',
  PRIMARY KEY (`ID`)
) ENGINE=InnoDB DEFAULT CHARSET=utf8;
/*!40101 SET character_set_client = @saved_cs_client */;

--
-- Dumping data for table `equ_equipmenttype`
--

LOCK TABLES `equ_equipmenttype` WRITE;
/*!40000 ALTER TABLE `equ_equipmenttype` DISABLE KEYS */;
INSERT INTO `equ_equipmenttype` VALUES (0,'çµæ± ä¾çµçµç£æµéè®¡',1440),(1,'220Vä¾çµçµç£æµéè®¡',60),(2,'çµç£æ°´è¡¨',60),(3,'çµç£ç­è¡¨',60),(4,'æ¶¡è¡æµéè®¡',60),(5,'RTU',1440),(6,'801çµæ± ä¾çµçµç£æµéè®¡',30),(7,'803Eçµç£æ°´è¡¨',30);
/*!40000 ALTER TABLE `equ_equipmenttype` ENABLE KEYS */;
UNLOCK TABLES;

--
-- Table structure for table `equ_manufacturer`
--

DROP TABLE IF EXISTS `equ_manufacturer`;
/*!40101 SET @saved_cs_client     = @@character_set_client */;
/*!40101 SET character_set_client = utf8 */;
CREATE TABLE `equ_manufacturer` (
  `ID` int(11) NOT NULL,
  `Name` varchar(50) NOT NULL,
  `Address` varchar(200) DEFAULT NULL,
  `Contact` varchar(20) DEFAULT NULL,
  `Telephone` varchar(20) DEFAULT NULL,
  `Des` text,
  PRIMARY KEY (`ID`)
) ENGINE=InnoDB DEFAULT CHARSET=utf8;
/*!40101 SET character_set_client = @saved_cs_client */;

--
-- Dumping data for table `equ_manufacturer`
--

LOCK TABLES `equ_manufacturer` WRITE;
/*!40000 ALTER TABLE `equ_manufacturer` DISABLE KEYS */;
INSERT INTO `equ_manufacturer` VALUES (1,'é»è®¤','','','',''),(2,'æ²é³å°ç³çµå¨','è¾½å®çæ²é³å¸','','','');
/*!40000 ALTER TABLE `equ_manufacturer` ENABLE KEYS */;
UNLOCK TABLES;

--
-- Table structure for table `equ_para`
--

DROP TABLE IF EXISTS `equ_para`;
/*!40101 SET @saved_cs_client     = @@character_set_client */;
/*!40101 SET character_set_client = utf8 */;
CREATE TABLE `equ_para` (
  `ID` int(11) NOT NULL,
  `Name` varchar(50) NOT NULL,
  `ParaGroup_ID` int(11) NOT NULL,
  `Type` int(11) NOT NULL,
  `ReadOnly` bit(1) NOT NULL DEFAULT b'0',
  PRIMARY KEY (`ID`),
  KEY `ParaGroup_ID` (`ParaGroup_ID`),
  CONSTRAINT `FK_equ_Para_equ_ParaGroup` FOREIGN KEY (`ParaGroup_ID`) REFERENCES `equ_paragroup` (`ID`)
) ENGINE=InnoDB DEFAULT CHARSET=utf8;
/*!40101 SET character_set_client = @saved_cs_client */;

--
-- Dumping data for table `equ_para`
--

LOCK TABLES `equ_para` WRITE;
/*!40000 ALTER TABLE `equ_para` DISABLE KEYS */;
INSERT INTO `equ_para` VALUES (5,'ç®¡éå£å¾',2,2,_binary '\0'),(7,'æµé',3,3,_binary '\0'),(9,'è¯­è¨',1,2,_binary '\0'),(10,'ééé´éï¼åéï¼',2,1,_binary '\0'),(11,'ä»ªè¡¨ä¼ç å¯ç ',1,1,_binary '\0'),(12,'æµéç®¡éå£å¾',3,2,_binary '\0'),(13,'æµéè®¡ç®åä½',3,2,_binary '\0'),(14,'APN',1,3,_binary '\0'),(15,'CCID_SIM',1,3,_binary ''),(16,'GPRSä¸æ¥é´éï¼åéï¼',2,1,_binary '\0'),(17,'è®¾å¤ID',1,1,_binary ''),(18,'å¤ç¨',1,1,_binary '\0'),(19,'å¤ç¨',1,1,_binary '\0'),(20,'IPåç«¯å£',1,3,_binary '\0'),(21,'åå',1,3,_binary '\0'),(22,'éä¿¡æ¹å¼',1,3,_binary '\0'),(23,'æ¥å¥æ¨¡å¼',1,3,_binary '\0'),(24,'æ¨¡æé1ä¿®æ­£ç³»æ°',1,1,_binary '\0'),(25,'æ¨¡æé2ä¿®æ­£ç³»æ°',1,1,_binary '\0'),(26,'æ¨¡æé3ä¿®æ­£ç³»æ°',1,1,_binary '\0'),(27,'æ¨¡æé4ä¿®æ­£ç³»æ°',1,1,_binary '\0'),(28,'é¢çé1ä¿®æ­£ç³»æ°',1,1,_binary '\0'),(29,'é¢çé2ä¿®æ­£ç³»æ°',1,1,_binary '\0'),(30,'é¢çé3ä¿®æ­£ç³»æ°',1,1,_binary '\0'),(31,'é¢çé4ä¿®æ­£ç³»æ°',1,1,_binary '\0'),(32,'éä¿¡åè®®',1,3,_binary '\0'),(33,'åæºçè®¾å¤åç§°',1,3,_binary '\0'),(34,'åæºçè®¾å¤å°å',1,1,_binary '\0'),(35,'èªå¨æ ¡æ¶ä½¿è½',1,3,_binary '\0'),(36,'IMEI',1,3,_binary ''),(37,'åéæ°æ®é´éï¼ç§ï¼',2,1,_binary '\0'),(38,'GPRS/LTEè¿æ¥æ¹å¼',2,2,_binary '\0'),(39,'GPRS/LTEè¿æ¥æ¨¡å¼',2,2,_binary '\0'),(40,'ä¸»æºIPå°å',2,3,_binary '\0'),(41,'ä¸»æºåå',2,3,_binary '\0'),(42,'ä¸»æºç«¯å£å·',2,1,_binary '\0'),(43,'IMSI_SIM',1,3,_binary ''),(44,'GPRSè½¯ä»¶çæ¬',1,3,_binary ''),(45,'åæ°éç½®',2,3,_binary '\0'),(46,'éæ°å¯å¨',2,3,_binary '\0'),(47,'è®¾å¤çæ¬',2,2,_binary '\0'),(48,'GPRS/LTEæ°æ®æ¨¡å¼',2,2,_binary '\0'),(49,'æ®éæ¨¡å¼/è·è¸ªæ¨¡å¼',2,3,_binary '\0');
/*!40000 ALTER TABLE `equ_para` ENABLE KEYS */;
UNLOCK TABLES;

--
-- Table structure for table `equ_paragroup`
--

DROP TABLE IF EXISTS `equ_paragroup`;
/*!40101 SET @saved_cs_client     = @@character_set_client */;
/*!40101 SET character_set_client = utf8 */;
CREATE TABLE `equ_paragroup` (
  `ID` int(11) NOT NULL,
  `Name` varchar(50) NOT NULL,
  PRIMARY KEY (`ID`)
) ENGINE=InnoDB DEFAULT CHARSET=utf8;
/*!40101 SET character_set_client = @saved_cs_client */;

--
-- Dumping data for table `equ_paragroup`
--

LOCK TABLES `equ_paragroup` WRITE;
/*!40000 ALTER TABLE `equ_paragroup` DISABLE KEYS */;
INSERT INTO `equ_paragroup` VALUES (1,'åå®¶åºåéç½®'),(2,'ç¨æ·ä¿®æ¹'),(3,'æ å®ç¨åæ°');
/*!40000 ALTER TABLE `equ_paragroup` ENABLE KEYS */;
UNLOCK TABLES;

--
-- Table structure for table `equ_paravalue`
--

DROP TABLE IF EXISTS `equ_paravalue`;
/*!40101 SET @saved_cs_client     = @@character_set_client */;
/*!40101 SET character_set_client = utf8 */;
CREATE TABLE `equ_paravalue` (
  `ID` int(11) NOT NULL,
  `Para_ID` int(11) NOT NULL,
  `Name` varchar(50) NOT NULL,
  PRIMARY KEY (`ID`,`Para_ID`),
  KEY `Para_ID` (`Para_ID`),
  CONSTRAINT `FK_equ_ParaValue_equ_Para` FOREIGN KEY (`Para_ID`) REFERENCES `equ_para` (`ID`)
) ENGINE=InnoDB DEFAULT CHARSET=utf8;
/*!40101 SET character_set_client = @saved_cs_client */;

--
-- Dumping data for table `equ_paravalue`
--

LOCK TABLES `equ_paravalue` WRITE;
/*!40000 ALTER TABLE `equ_paravalue` DISABLE KEYS */;
INSERT INTO `equ_paravalue` VALUES (1,5,'20'),(1,7,'2345'),(1,9,'è±æ'),(1,12,'10'),(1,13,'L/S'),(1,38,'TCP'),(1,39,'IP'),(1,47,'éç¨æµéä»ªè¡¨'),(1,48,'æ°æ®æ¨¡å¼0'),(2,9,'ä¸­æ'),(2,12,'15'),(2,13,'L/m'),(2,38,'UDP'),(2,39,'DNS'),(2,47,'æµéä»ªè¡¨å¸¦ä¸è·¯åå'),(2,48,'æ°æ®æ¨¡å¼1'),(3,9,'å¾·æ'),(3,12,'20'),(3,13,'L/h'),(3,47,'æµéä»ªè¡¨å¸¦ä¸¤è·¯åå'),(4,12,'25'),(4,13,'m3/s'),(4,47,'éç¨ç­éä»ªè¡¨'),(5,12,'32'),(5,13,'m3/m'),(5,47,'ç­éä»ªè¡¨å¸¦ä¸è·¯åå'),(6,12,'40'),(6,13,'m3/h'),(6,47,'ç­éä»ªè¡¨å¸¦ä¸¤è·¯åå'),(7,12,'50'),(7,13,'ukg/s'),(8,12,'65'),(8,13,'ukg/m'),(9,12,'80'),(9,13,'ukg/h'),(10,12,'100'),(10,13,'usg/s'),(11,12,'125'),(11,13,'usg/m'),(12,12,'150'),(12,13,'usg/h'),(13,12,'200'),(13,13,'kg/s'),(14,12,'250'),(14,13,'kg/m'),(15,12,'300'),(15,13,'kg/h'),(16,12,'320'),(16,13,'t/s'),(17,12,'350'),(17,13,'t/m'),(18,12,'400'),(18,13,'t/h'),(19,12,'450'),(20,12,'500'),(21,12,'600'),(22,12,'700'),(23,12,'800'),(24,12,'900'),(25,12,'1000'),(26,12,'1100'),(27,12,'1200');
/*!40000 ALTER TABLE `equ_paravalue` ENABLE KEYS */;
UNLOCK TABLES;

--
-- Table structure for table `equ_responserecord`
--

DROP TABLE IF EXISTS `equ_responserecord`;
/*!40101 SET @saved_cs_client     = @@character_set_client */;
/*!40101 SET character_set_client = utf8 */;
CREATE TABLE `equ_responserecord` (
  `CollectTime` datetime NOT NULL,
  `Equipment_ID` varchar(50) NOT NULL,
  `ResponseTime` datetime NOT NULL,
  `ResponesType` varchar(10) NOT NULL,
  `IPAddress` varchar(15) NOT NULL,
  `Port` int(11) NOT NULL,
  `sendData` varchar(100) NOT NULL,
  PRIMARY KEY (`CollectTime`,`Equipment_ID`,`ResponseTime`),
  KEY `Equipment_ID` (`Equipment_ID`),
  CONSTRAINT `FK_equ_ResponseRecord_equ_Equipment` FOREIGN KEY (`Equipment_ID`) REFERENCES `equ_equipment` (`ID`)
) ENGINE=InnoDB DEFAULT CHARSET=utf8;
/*!40101 SET character_set_client = @saved_cs_client */;

--
-- Dumping data for table `equ_responserecord`
--

LOCK TABLES `equ_responserecord` WRITE;
/*!40000 ALTER TABLE `equ_responserecord` DISABLE KEYS */;
/*!40000 ALTER TABLE `equ_responserecord` ENABLE KEYS */;
UNLOCK TABLES;

--
-- Table structure for table `equ_server`
--

DROP TABLE IF EXISTS `equ_server`;
/*!40101 SET @saved_cs_client     = @@character_set_client */;
/*!40101 SET character_set_client = utf8 */;
CREATE TABLE `equ_server` (
  `ID` int(11) NOT NULL,
  `Name` varchar(50) NOT NULL,
  `IPAddress` varchar(15) DEFAULT NULL,
  `Port` int(11) DEFAULT NULL,
  `Des` text,
  PRIMARY KEY (`ID`)
) ENGINE=InnoDB DEFAULT CHARSET=utf8;
/*!40101 SET character_set_client = @saved_cs_client */;

--
-- Dumping data for table `equ_server`
--

LOCK TABLES `equ_server` WRITE;
/*!40000 ALTER TABLE `equ_server` DISABLE KEYS */;
INSERT INTO `equ_server` VALUES (4,'æ±èåæµ·','58.18.105.22',23456,'æ±èåæµ·æµè¯ç»'),(5,'ä¸æµ·è´è²','',0,''),(6,'æ±èåå¤','218.92.62.14',7005,'å¢å·¥ 13809045998'),(8,'æ±èåå°å¨å®¢','122.97.217.182',7783,''),(9,'åäº¬è¥¿å°¼å°çç¨æ·æ±éå¬å¸ä¸æµ·é¡¹ç®','180.166.58.50',1666,'20180404çæ§çåå»ºï¼åäº¬è¥¿å°¼å°ç°æï¼ç¨æ·ç¥å·¥ 13162231372'),(10,'ååç¦å·','110.80.36.242',456,'20181228çæ§çåå»ºï¼ååçå¦é¨å¯å°¼è¥¿'),(13,'å¼å°ç²¾å','120.25.209.193',9101,'2019.2.25 é²åè£åå»º'),(14,'ä¸æµ·è´è²é»é¾æ±ç¨æ·','190.168.1.88',8003,'2019.2.28 å¼ æåå»º'),(15,'åæ°ç¨æ·è¡¡æ°´å¯å¤©ç¯ä¿','39.96.214.245',8880,''),(16,'æµè¯','60.16.58.14',8002,'æ²åæ°´å¡æµè¯'),(17,'æ²åæ°´å¡','60.16.58.14',54762,'53012'),(18,'ååæµè¯','120.210.142.79',38990,'ååæµè¯');
/*!40000 ALTER TABLE `equ_server` ENABLE KEYS */;
UNLOCK TABLES;

--
-- Table structure for table `equ_server_equipment_map`
--

DROP TABLE IF EXISTS `equ_server_equipment_map`;
/*!40101 SET @saved_cs_client     = @@character_set_client */;
/*!40101 SET character_set_client = utf8 */;
CREATE TABLE `equ_server_equipment_map` (
  `Server_ID` int(11) NOT NULL,
  `Equipment_ID` varchar(50) NOT NULL,
  `LastDownloadDataTime` datetime DEFAULT NULL,
  `DataPacket` varchar(100) DEFAULT NULL,
  PRIMARY KEY (`Equipment_ID`,`Server_ID`),
  KEY `Server_ID` (`Server_ID`),
  CONSTRAINT `FK_equ_Server_Equipment_Map_equ_Equipment` FOREIGN KEY (`Equipment_ID`) REFERENCES `equ_equipment` (`ID`),
  CONSTRAINT `FK_equ_Server_Equipment_Map_equ_Server` FOREIGN KEY (`Server_ID`) REFERENCES `equ_server` (`ID`)
) ENGINE=InnoDB DEFAULT CHARSET=utf8;
/*!40101 SET character_set_client = @saved_cs_client */;

--
-- Dumping data for table `equ_server_equipment_map`
--

LOCK TABLES `equ_server_equipment_map` WRITE;
/*!40000 ALTER TABLE `equ_server_equipment_map` DISABLE KEYS */;
/*!40000 ALTER TABLE `equ_server_equipment_map` ENABLE KEYS */;
UNLOCK TABLES;

--
-- Table structure for table `equ_sim`
--

DROP TABLE IF EXISTS `equ_sim`;
/*!40101 SET @saved_cs_client     = @@character_set_client */;
/*!40101 SET character_set_client = utf8 */;
CREATE TABLE `equ_sim` (
  `ID` varchar(20) NOT NULL,
  `UpdateDate` datetime DEFAULT NULL,
  `UpdatePerson` varchar(100) DEFAULT NULL,
  `CreateDate` datetime NOT NULL,
  `CreatePerson` varchar(100) NOT NULL,
  `ActivateTime` date DEFAULT NULL,
  `Status` varchar(2) DEFAULT NULL,
  `StatusLastUpdateTime` datetime DEFAULT NULL,
  `SIMPackage_ID` int(11) NOT NULL,
  `Equipment_ID` varchar(50) DEFAULT NULL,
  `Des` text,
  `SIMAPP_ID` varchar(50) NOT NULL,
  `Balance` double DEFAULT NULL,
  `BalanceLastUpdateTime` datetime DEFAULT NULL,
  `Enable` bit(1) NOT NULL DEFAULT b'1',
  `ReadNum` int(11) NOT NULL DEFAULT '0',
  PRIMARY KEY (`ID`),
  KEY `SIMAPP_ID` (`SIMAPP_ID`),
  KEY `SIMPackage_ID` (`SIMPackage_ID`),
  CONSTRAINT `FK_equ_SIM_equ_SIMAPP` FOREIGN KEY (`SIMAPP_ID`) REFERENCES `equ_simapp` (`ID`),
  CONSTRAINT `FK_equ_SIM_equ_SIMPackage` FOREIGN KEY (`SIMPackage_ID`) REFERENCES `equ_simpackage` (`ID`)
) ENGINE=InnoDB DEFAULT CHARSET=utf8;
/*!40101 SET character_set_client = @saved_cs_client */;

--
-- Dumping data for table `equ_sim`
--

LOCK TABLES `equ_sim` WRITE;
/*!40000 ALTER TABLE `equ_sim` DISABLE KEYS */;
INSERT INTO `equ_sim` VALUES ('898600D6991520004762','2021-02-01 12:20:38',NULL,'2018-04-08 09:05:34','huluadmin',NULL,'OK',NULL,1,'6000059',NULL,'KMQ11I7',51,'2021-01-05 08:55:53',_binary '',784),('898600D6991520004764','2021-02-01 12:15:40',NULL,'2018-04-08 09:05:34','huluadmin',NULL,'OK',NULL,1,'6000061',NULL,'KMQ11I7',51,'2021-01-05 08:55:54',_binary '',784),('898600D6991520004768','2021-02-01 12:50:39',NULL,'2018-04-08 09:05:34','huluadmin',NULL,'OK',NULL,1,'6000064',NULL,'KMQ11I7',51,'2021-01-05 10:55:47',_binary '',784),('898600D6991520004769','2021-02-01 12:20:39',NULL,'2018-04-08 09:05:34','huluadmin',NULL,'OK',NULL,1,'6000052',NULL,'KMQ11I7',51,'2021-01-05 09:55:53',_binary '',784),('898602B1031790040183','2021-02-01 00:26:05',NULL,'2018-04-08 15:19:47','huluadmin',NULL,'NO',NULL,1,'6000084',NULL,'KMQ11I7',NULL,NULL,_binary '',808),('898602B1031790040202','2021-02-01 12:50:40',NULL,'2018-04-08 15:19:47','huluadmin',NULL,'NO',NULL,1,'6000076',NULL,'KMQ11I7',NULL,NULL,_binary '',808),('898602B1031790040224','2021-02-01 12:15:35',NULL,'2018-04-08 15:19:47','huluadmin',NULL,'NO',NULL,1,'6000097',NULL,'KMQ11I7',NULL,NULL,_binary '',808),('898602B1031790040383','2021-02-01 19:50:37',NULL,'2018-04-08 15:23:32','huluadmin','1900-01-01','NO',NULL,1,'6174','å¼å°å¼å¾· 17/12/20','KMQ11I7',NULL,NULL,_binary '',808),('898602B1031790040385','2021-02-01 16:30:37',NULL,'2018-04-08 15:23:32','huluadmin','1900-01-01','NO',NULL,1,'6313','å¼å°å¼å¾· 17/12/20','KMQ11I7',NULL,NULL,_binary '',808),('898602B1031790040397','2021-02-01 19:50:37',NULL,'2018-04-08 15:23:32','huluadmin','1900-01-01','NO',NULL,1,'6173','å¼å°å¼å¾·  17/12/20','KMQ11I7',NULL,NULL,_binary '',808),('898602B1031790040400','2021-02-01 19:25:36',NULL,'2018-04-08 15:23:32','huluadmin',NULL,'NO',NULL,1,'6000132',NULL,'KMQ11I7',NULL,NULL,_binary '',808),('898602B1031790053524','2021-02-01 19:30:42',NULL,'2018-04-08 15:30:40','huluadmin',NULL,'NO',NULL,1,'6000134',NULL,'KMQ11I7',NULL,NULL,_binary '',808),('898602B1031790053533','2021-02-01 18:50:40',NULL,'2018-04-08 15:30:40','huluadmin',NULL,'NO',NULL,1,'7028',NULL,'KMQ11I7',NULL,NULL,_binary '',808),('898602B1031790053534','2021-02-01 18:35:42',NULL,'2018-04-08 15:30:40','huluadmin','1900-01-01','NO',NULL,1,'7026','å¸¸å·æä¸°','KMQ11I7',NULL,NULL,_binary '',808),('898602B1031790054849','2021-02-01 18:30:48',NULL,'2018-04-08 15:39:05','huluadmin',NULL,'NO',NULL,1,'6000159',NULL,'KMQ11I7',NULL,NULL,_binary '',808),('898602B1031790054854','2021-02-01 18:55:39',NULL,'2018-04-08 15:39:36','huluadmin',NULL,'NO',NULL,1,'6000165',NULL,'KMQ11I7',NULL,NULL,_binary '',808),('898602B1031790054923','2021-02-01 20:00:40',NULL,'2018-04-09 09:05:59','huluadmin',NULL,'NO',NULL,1,'6000211',NULL,'KMQ11I7',NULL,NULL,_binary '',808),('898602B1031790054926','2021-02-01 20:00:43',NULL,'2018-04-09 09:05:59','huluadmin',NULL,'NO',NULL,1,'6000210',NULL,'KMQ11I7',NULL,NULL,_binary '',808),('898602B1031790054933','2021-02-01 20:00:41',NULL,'2018-04-10 09:07:49','huluadmin',NULL,'NO',NULL,1,'6000224',NULL,'KMQ11I7',NULL,NULL,_binary '',808),('898602B1031790054937','2021-02-01 20:00:44',NULL,'2018-04-10 09:07:49','huluadmin',NULL,'NO',NULL,1,'6000229',NULL,'KMQ11I7',NULL,NULL,_binary '',808),('898602B1031790054938','2021-02-01 19:00:39',NULL,'2018-04-10 09:07:49','huluadmin',NULL,'NO',NULL,1,'6000231',NULL,'KMQ11I7',NULL,NULL,_binary '',808),('898602B1031790054941','2021-02-01 19:01:37',NULL,'2018-04-10 09:07:49','huluadmin',NULL,'NO',NULL,1,'6000227',NULL,'KMQ11I7',NULL,NULL,_binary '',808),('898602B1031790054943','2021-02-01 20:00:40',NULL,'2018-04-10 09:07:49','huluadmin',NULL,'NO',NULL,1,'6000222',NULL,'KMQ11I7',NULL,NULL,_binary '',808),('898602B1031790054944','2021-02-01 20:00:54',NULL,'2018-04-10 09:07:49','huluadmin',NULL,'NO',NULL,1,'6000226',NULL,'KMQ11I7',NULL,NULL,_binary '',808),('898602B1031790054961','2021-02-01 05:00:47',NULL,'2018-04-10 09:07:49','huluadmin',NULL,'NO',NULL,1,'6000232',NULL,'KMQ11I7',NULL,NULL,_binary '',808),('898602B1031790054966','2021-02-01 12:51:03',NULL,'2018-04-10 09:07:49','huluadmin',NULL,'NO',NULL,1,'6000242',NULL,'KMQ11I7',NULL,NULL,_binary '',808),('898602B1031790054967','2021-02-01 12:10:41',NULL,'2018-04-10 09:07:50','huluadmin',NULL,'NO',NULL,1,'6000240',NULL,'KMQ11I7',NULL,NULL,_binary '',808),('898602B1031790054982','2021-02-01 20:01:20',NULL,'2018-05-03 11:29:28','huluadmin',NULL,'NO',NULL,1,'9081',NULL,'KMQ11I7',NULL,NULL,_binary '',808),('898602B1031790054985','2021-02-01 18:15:40',NULL,'2018-05-03 11:29:28','huluadmin',NULL,'NO',NULL,1,'6000246',NULL,'KMQ11I7',NULL,NULL,_binary '',808),('898602B1031790054986','2021-02-01 20:00:38',NULL,'2018-05-03 11:29:28','huluadmin',NULL,'NO',NULL,1,'6000245',NULL,'KMQ11I7',NULL,NULL,_binary '',808),('898602B7031890009927','2021-02-01 18:55:45',NULL,'2018-06-06 12:44:38','huluadmin',NULL,'NO',NULL,1,'6000711',NULL,'KMQ11I7',NULL,NULL,_binary '',808),('898602B7031890010011','2021-02-01 00:35:32',NULL,'2018-06-20 11:45:51','huluadmin',NULL,'NO',NULL,1,'16485',NULL,'KMQ11I7',NULL,NULL,_binary '',808),('898602B7031890010012','2021-02-01 00:36:26',NULL,'2018-06-20 11:45:51','huluadmin',NULL,'NO',NULL,1,'13945',NULL,'KMQ11I7',NULL,NULL,_binary '',808),('898602B7031890010147','2021-02-01 00:39:54',NULL,'2018-06-25 08:33:25','huluadmin',NULL,'NO',NULL,1,'6000918',NULL,'KMQ11I7',NULL,NULL,_binary '',808),('898602B7031890010210','2021-02-01 00:38:45',NULL,'2018-06-25 08:36:54','huluadmin',NULL,'NO',NULL,1,'6001017',NULL,'KMQ11I7',NULL,NULL,_binary '',808),('898602B7031890010245','2021-02-01 16:31:39',NULL,'2018-06-25 08:45:35','huluadmin',NULL,'NO',NULL,1,'6001096',NULL,'KMQ11I7',NULL,NULL,_binary '',807),('898602B7031890010294','2021-02-01 00:39:46',NULL,'2018-06-25 08:49:38','huluadmin',NULL,'NO',NULL,1,'6001118',NULL,'KMQ11I7',NULL,NULL,_binary '',807),('898602B7031890010485','2021-02-01 00:37:49',NULL,'2018-06-25 09:43:58','huluadmin',NULL,'NO',NULL,1,'6001335',NULL,'KMQ11I7',NULL,NULL,_binary '',807),('898602B7031890010605','2021-02-01 00:40:51',NULL,'2018-06-25 10:09:02','huluadmin',NULL,'NO',NULL,1,'6001568',NULL,'KMQ11I7',NULL,NULL,_binary '',807),('898602B7031890010749','2021-02-01 00:37:35',NULL,'2018-06-25 14:01:18','huluadmin',NULL,'NO',NULL,1,'13647',NULL,'KMQ11I7',NULL,NULL,_binary '',807),('898602B7031890010828','2021-02-01 19:30:33',NULL,'2018-06-28 13:03:57','huluadmin',NULL,'NO',NULL,1,'6001550',NULL,'KMQ11I7',NULL,NULL,_binary '',807),('898602B7031890010862','2021-02-01 00:39:32',NULL,'2018-06-28 13:05:40','huluadmin',NULL,'NO',NULL,1,'6001779',NULL,'KMQ11I7',NULL,NULL,_binary '',807),('898602B7031890015281','2021-02-01 19:25:38',NULL,'2019-11-07 09:27:48','huluadmin',NULL,'NO',NULL,1,'6001743',NULL,'KMQ11I7',NULL,NULL,_binary '',807),('898602B7031890015282','2021-02-01 19:41:12',NULL,'2019-11-18 08:50:03','huluadmin',NULL,'NO',NULL,1,'6001744',NULL,'KMQ11I7',NULL,NULL,_binary '',807),('898607B4031890281500','2021-02-01 18:50:39',NULL,'2018-05-04 16:48:14','huluadmin',NULL,'NO',NULL,1,'6000306',NULL,'KMQ11I7',NULL,NULL,_binary '',808),('898607B4031890281528','2021-02-01 18:27:08',NULL,'2018-05-04 16:53:36','huluadmin',NULL,'NO',NULL,1,'6000315',NULL,'KMQ11I7',NULL,NULL,_binary '',808),('898607B4031890281541','2021-02-01 18:35:47',NULL,'2018-05-04 16:53:36','huluadmin',NULL,'NO',NULL,1,'6000385',NULL,'KMQ11I7',NULL,NULL,_binary '',808),('898607B4031890281552','2021-02-01 18:41:24',NULL,'2018-05-04 16:53:36','huluadmin',NULL,'NO',NULL,1,'6000373',NULL,'KMQ11I7',NULL,NULL,_binary '',808),('898607B4031890281553','2021-02-01 18:30:45',NULL,'2018-05-04 16:53:36','huluadmin',NULL,'NO',NULL,1,'6000372',NULL,'KMQ11I7',NULL,NULL,_binary '',808),('898607B4031890281605','2021-02-01 18:51:08',NULL,'2018-05-23 09:49:46','huluadmin',NULL,'NO',NULL,1,'6000413',NULL,'KMQ11I7',NULL,NULL,_binary '',808),('898607B4031890281606','2021-02-01 18:56:19',NULL,'2018-05-23 09:49:46','huluadmin',NULL,'NO',NULL,1,'6000414',NULL,'KMQ11I7',NULL,NULL,_binary '',808),('898607B4031890281614','2021-02-01 18:40:39',NULL,'2018-05-23 09:49:46','huluadmin',NULL,'NO',NULL,1,'6000417',NULL,'KMQ11I7',NULL,NULL,_binary '',808),('898607B4031890281625','2021-02-01 19:05:38',NULL,'2018-05-23 11:11:17','huluadmin',NULL,'NO',NULL,1,'8065',NULL,'KMQ11I7',NULL,NULL,_binary '',808),('898607B4031890281626','2021-02-01 19:30:37',NULL,'2018-05-23 11:11:17','huluadmin',NULL,'NO',NULL,1,'8069',NULL,'KMQ11I7',NULL,NULL,_binary '',808),('898607B4031890281635','2021-02-01 18:55:40',NULL,'2018-05-23 11:11:18','huluadmin',NULL,'NO',NULL,1,'6000538',NULL,'KMQ11I7',NULL,NULL,_binary '',808),('898607B4031890281639','2021-02-01 18:41:10',NULL,'2018-05-23 11:11:18','huluadmin',NULL,'NO',NULL,1,'6000542',NULL,'KMQ11I7',NULL,NULL,_binary '',808),('898607B4031890281648','2021-02-01 18:36:07',NULL,'2018-05-23 11:15:03','huluadmin',NULL,'NO',NULL,1,'6000551',NULL,'KMQ11I7',NULL,NULL,_binary '',808),('898607B4031890281650','2021-02-01 18:41:07',NULL,'2018-05-23 11:15:03','huluadmin',NULL,'NO',NULL,1,'6000432',NULL,'KMQ11I7',NULL,NULL,_binary '',808),('898607B4031890281654','2021-02-01 18:11:19',NULL,'2018-05-23 11:15:04','huluadmin',NULL,'NO',NULL,1,'6000441',NULL,'KMQ11I7',NULL,NULL,_binary '',808),('898607B4031890281656','2021-02-01 00:36:07',NULL,'2018-05-23 11:15:04','huluadmin',NULL,'NO',NULL,1,'6000444',NULL,'KMQ11I7',NULL,NULL,_binary '',808),('898607B4031890281657','2021-02-01 18:30:38',NULL,'2018-05-23 11:15:04','huluadmin',NULL,'NO',NULL,1,'6000443',NULL,'KMQ11I7',NULL,NULL,_binary '',808),('898607B4031890281662','2021-02-01 18:21:15',NULL,'2018-05-28 14:23:35','huluadmin',NULL,'NO',NULL,1,'6000449',NULL,'KMQ11I7',NULL,NULL,_binary '',808),('898607B4031890281671','2021-02-01 18:15:42',NULL,'2018-05-28 14:23:35','huluadmin',NULL,'NO',NULL,1,'6000436',NULL,'KMQ11I7',NULL,NULL,_binary '',808),('898607B4031890281678','2021-02-01 18:51:25',NULL,'2018-05-28 14:23:35','huluadmin',NULL,'NO',NULL,1,'6000455',NULL,'KMQ11I7',NULL,NULL,_binary '',808),('898607B4031890281679','2021-02-01 18:46:10',NULL,'2018-05-28 14:23:35','huluadmin',NULL,'NO',NULL,1,'6000456',NULL,'KMQ11I7',NULL,NULL,_binary '',808),('898607B4031890281686','2021-02-01 18:50:41',NULL,'2018-05-28 14:23:36','huluadmin',NULL,'NO',NULL,1,'6000475',NULL,'KMQ11I7',NULL,NULL,_binary '',808),('898607B4031890281687','2021-02-01 18:51:15',NULL,'2018-05-28 14:23:36','huluadmin',NULL,'NO',NULL,1,'6000474',NULL,'KMQ11I7',NULL,NULL,_binary '',808),('898607B4031890281696','2021-02-01 18:21:11',NULL,'2018-05-28 14:28:57','huluadmin',NULL,'NO',NULL,1,'6000464',NULL,'KMQ11I7',NULL,NULL,_binary '',808),('898607B4031890281700','2021-02-01 20:00:39',NULL,'2018-05-28 14:28:57','huluadmin',NULL,'NO',NULL,1,'6000510',NULL,'KMQ11I7',NULL,NULL,_binary '',808),('898607B4031890281701','2021-02-01 20:00:40',NULL,'2018-05-28 14:28:57','huluadmin',NULL,'NO',NULL,1,'6000511',NULL,'KMQ11I7',NULL,NULL,_binary '',808),('898607B4031890281702','2021-02-01 20:00:38',NULL,'2018-05-28 14:28:57','huluadmin',NULL,'NO',NULL,1,'6000512',NULL,'KMQ11I7',NULL,NULL,_binary '',808),('898607B4031890281704','2021-02-01 20:00:40',NULL,'2018-05-28 14:28:57','huluadmin',NULL,'NO',NULL,1,'6000514',NULL,'KMQ11I7',NULL,NULL,_binary '',808),('898607B4031890281705','2021-02-01 20:00:40',NULL,'2018-05-28 14:28:57','huluadmin',NULL,'NO',NULL,1,'6000515',NULL,'KMQ11I7',NULL,NULL,_binary '',808),('898607B4031890281706','2021-02-01 20:01:00',NULL,'2018-05-28 14:28:57','huluadmin',NULL,'NO',NULL,1,'6000516',NULL,'KMQ11I7',NULL,NULL,_binary '',808),('898607B4031890281707','2021-02-01 20:00:38',NULL,'2018-05-28 14:28:57','huluadmin',NULL,'NO',NULL,1,'6000517',NULL,'KMQ11I7',NULL,NULL,_binary '',808),('898607B4031890281731','2021-02-01 18:51:10',NULL,'2018-05-28 14:32:17','huluadmin',NULL,'NO',NULL,1,'6000520',NULL,'KMQ11I7',NULL,NULL,_binary '',808),('898607B4031890281734','2021-02-01 18:30:45',NULL,'2018-05-28 14:32:17','huluadmin',NULL,'NO',NULL,1,'6000523',NULL,'KMQ11I7',NULL,NULL,_binary '',808),('898607B4031890281751','2021-02-01 18:30:45',NULL,'2018-05-28 14:32:17','huluadmin',NULL,'NO',NULL,1,'6000484',NULL,'KMQ11I7',NULL,NULL,_binary '',808),('898607B4031890281760','2021-02-01 20:00:40',NULL,'2018-05-28 14:32:17','huluadmin',NULL,'NO',NULL,1,'6000499',NULL,'KMQ11I7',NULL,NULL,_binary '',808),('898607B4031890281761','2021-02-01 20:01:00',NULL,'2018-05-28 14:32:17','huluadmin',NULL,'NO',NULL,1,'6000500',NULL,'KMQ11I7',NULL,NULL,_binary '',808),('898607B4031890281765','2021-02-01 20:00:39',NULL,'2018-05-28 14:36:55','huluadmin',NULL,'NO',NULL,1,'6000504',NULL,'KMQ11I7',NULL,NULL,_binary '',808),('898607B4031890281767','2021-02-01 20:00:38',NULL,'2018-05-28 14:36:55','huluadmin',NULL,'NO',NULL,1,'6000506',NULL,'KMQ11I7',NULL,NULL,_binary '',808),('898607B4031890281768','2021-02-01 20:00:38',NULL,'2018-05-28 14:36:56','huluadmin',NULL,'NO',NULL,1,'6000507',NULL,'KMQ11I7',NULL,NULL,_binary '',808),('898607B4031890281774','2021-02-01 18:31:14',NULL,'2018-05-28 14:36:56','huluadmin',NULL,'NO',NULL,1,'6000477',NULL,'KMQ11I7',NULL,NULL,_binary '',808),('898607B4031890281781','2021-02-01 18:21:16',NULL,'2018-05-28 14:36:56','huluadmin',NULL,'NO',NULL,1,'6000382',NULL,'KMQ11I7',NULL,NULL,_binary '',808),('898607B4031890281785','2021-02-01 18:45:56',NULL,'2018-05-28 14:36:56','huluadmin',NULL,'NO',NULL,1,'6000395',NULL,'KMQ11I7',NULL,NULL,_binary '',808),('898607B4031890281786','2021-02-01 18:26:11',NULL,'2018-05-28 14:36:56','huluadmin',NULL,'NO',NULL,1,'6000394',NULL,'KMQ11I7',NULL,NULL,_binary '',808),('898607B4031890281815','2021-02-01 18:46:08',NULL,'2018-05-28 14:40:29','huluadmin',NULL,'NO',NULL,1,'6000654',NULL,'KMQ11I7',NULL,NULL,_binary '',808),('898607B4031890281823','2021-02-01 18:16:17',NULL,'2018-05-28 14:40:29','huluadmin',NULL,'NO',NULL,1,'6000662',NULL,'KMQ11I7',NULL,NULL,_binary '',808),('898607B4031890281824','2021-02-01 18:25:42',NULL,'2018-05-28 14:40:29','huluadmin',NULL,'NO',NULL,1,'6000663',NULL,'KMQ11I7',NULL,NULL,_binary '',808),('898607B4031890281835','2021-02-01 00:30:36',NULL,'2018-05-28 14:43:19','huluadmin',NULL,'NO',NULL,1,'6001860',NULL,'KMQ11I7',NULL,NULL,_binary '',808),('898607B4031890281842','2021-02-01 18:41:11',NULL,'2018-05-28 14:43:19','huluadmin',NULL,'NO',NULL,1,'6000642',NULL,'KMQ11I7',NULL,NULL,_binary '',808),('898607B4031890281871','2021-02-01 18:06:18',NULL,'2018-05-28 14:44:44','huluadmin',NULL,'NO',NULL,1,'6000687',NULL,'KMQ11I7',NULL,NULL,_binary '',808),('898607B4031890281880','2021-02-01 18:51:12',NULL,'2018-05-28 14:44:44','huluadmin',NULL,'NO',NULL,1,'6000702',NULL,'KMQ11I7',NULL,NULL,_binary '',808),('898607B4031890281890','2021-02-01 18:26:22',NULL,'2018-05-28 14:45:53','huluadmin',NULL,'NO',NULL,1,'6000704',NULL,'KMQ11I7',NULL,NULL,_binary '',808),('898607B4031890281901','2021-02-01 18:56:19',NULL,'2018-05-28 14:45:53','huluadmin',NULL,'NO',NULL,1,'6000665',NULL,'KMQ11I7',NULL,NULL,_binary '',808),('898607B4031890287638','2021-02-01 18:15:42',NULL,'2018-05-03 11:29:28','huluadmin','1900-01-01','NO',NULL,1,'7129','','KMQ11I7',NULL,NULL,_binary '',808),('898607B4031890287639','2021-02-01 18:20:54',NULL,'2018-05-03 11:29:28','huluadmin','1900-01-01','NO',NULL,1,'7125','','KMQ11I7',NULL,NULL,_binary '',808),('898607B4031890287641','2021-02-01 18:45:13',NULL,'2018-05-03 11:29:28','huluadmin','1900-01-01','NO',NULL,1,'7131','','KMQ11I7',NULL,NULL,_binary '',808),('898607B4031890287648','2021-02-01 00:37:07',NULL,'2018-05-03 11:29:28','huluadmin',NULL,'NO',NULL,1,'13916',NULL,'KMQ11I7',NULL,NULL,_binary '',808),('898607B4031890287650','2021-02-01 18:01:15',NULL,'2018-05-03 11:29:28','huluadmin',NULL,'NO',NULL,1,'6000256',NULL,'KMQ11I7',NULL,NULL,_binary '',808),('898607B4031890287663','2021-02-01 18:15:40',NULL,'2018-05-03 11:45:28','huluadmin',NULL,'NO',NULL,1,'6000277',NULL,'KMQ11I7',NULL,NULL,_binary '',808),('898607B4031890287666','2021-02-01 18:56:10',NULL,'2018-05-03 11:45:28','huluadmin',NULL,'NO',NULL,1,'6000271',NULL,'KMQ11I7',NULL,NULL,_binary '',808),('898607B4031890287692','2021-02-01 18:40:37',NULL,'2018-05-03 16:31:48','huluadmin',NULL,'NO',NULL,1,'6000312',NULL,'KMQ11I7',NULL,NULL,_binary '',808),('898607B4031890287697','2021-02-01 18:40:40',NULL,'2018-05-03 16:31:48','huluadmin',NULL,'NO',NULL,1,'6000288',NULL,'KMQ11I7',NULL,NULL,_binary '',808),('898607B4031890287747','2021-02-01 18:25:40',NULL,'2018-05-04 16:48:14','huluadmin',NULL,'NO',NULL,1,'6000348',NULL,'KMQ11I7',NULL,NULL,_binary '',808);
/*!40000 ALTER TABLE `equ_sim` ENABLE KEYS */;
UNLOCK TABLES;

--
-- Table structure for table `equ_simapp`
--

DROP TABLE IF EXISTS `equ_simapp`;
/*!40101 SET @saved_cs_client     = @@character_set_client */;
/*!40101 SET character_set_client = utf8 */;
CREATE TABLE `equ_simapp` (
  `ID` varchar(50) NOT NULL,
  `Name` varchar(50) NOT NULL,
  `Password` varchar(50) NOT NULL,
  `Des` text,
  PRIMARY KEY (`ID`)
) ENGINE=InnoDB DEFAULT CHARSET=utf8;
/*!40101 SET character_set_client = @saved_cs_client */;

--
-- Dumping data for table `equ_simapp`
--

LOCK TABLES `equ_simapp` WRITE;
/*!40000 ALTER TABLE `equ_simapp` DISABLE KEYS */;
INSERT INTO `equ_simapp` VALUES ('KMQ11I7','éåºå²æ¶µ','CQCGLM','');
/*!40000 ALTER TABLE `equ_simapp` ENABLE KEYS */;
UNLOCK TABLES;

--
-- Table structure for table `equ_simbalancehistoryrecord`
--

DROP TABLE IF EXISTS `equ_simbalancehistoryrecord`;
/*!40101 SET @saved_cs_client     = @@character_set_client */;
/*!40101 SET character_set_client = utf8 */;
CREATE TABLE `equ_simbalancehistoryrecord` (
  `ID` int(11) NOT NULL AUTO_INCREMENT,
  `SIM_ID` varchar(20) NOT NULL,
  `ReadTime` datetime NOT NULL,
  `Balance` double NOT NULL,
  PRIMARY KEY (`ID`),
  KEY `SIM_ID` (`SIM_ID`),
  CONSTRAINT `FK_equ_SIMBalanceHistoryRecord_equ_SIM` FOREIGN KEY (`SIM_ID`) REFERENCES `equ_sim` (`ID`)
) ENGINE=InnoDB AUTO_INCREMENT=939 DEFAULT CHARSET=utf8;
/*!40101 SET character_set_client = @saved_cs_client */;

--
-- Dumping data for table `equ_simbalancehistoryrecord`
--

LOCK TABLES `equ_simbalancehistoryrecord` WRITE;
/*!40000 ALTER TABLE `equ_simbalancehistoryrecord` DISABLE KEYS */;
INSERT INTO `equ_simbalancehistoryrecord` VALUES (509,'898600D6991520004762','2018-04-08 10:02:50',18),(511,'898600D6991520004764','2018-04-08 10:02:51',18),(515,'898600D6991520004768','2018-04-08 10:02:53',18),(516,'898600D6991520004769','2018-04-08 10:02:54',18),(586,'898600D6991520004762','2018-05-05 04:25:38',15),(588,'898600D6991520004764','2018-05-05 04:25:39',15),(592,'898600D6991520004768','2018-05-05 04:25:40',15),(593,'898600D6991520004769','2018-05-05 04:25:41',15),(687,'898600D6991520004762','2018-06-05 00:09:43',12),(689,'898600D6991520004764','2018-06-05 00:09:44',12),(693,'898600D6991520004768','2018-06-05 00:09:46',12),(694,'898600D6991520004769','2018-06-05 00:09:46',12),(820,'898600D6991520004762','2018-07-05 01:48:16',9),(822,'898600D6991520004764','2018-07-05 01:48:17',9),(826,'898600D6991520004768','2018-07-05 01:48:19',9),(827,'898600D6991520004769','2018-07-05 01:48:19',9),(931,'898600D6991520004762','2018-08-05 01:48:20',6),(933,'898600D6991520004764','2018-08-05 01:48:21',6),(937,'898600D6991520004768','2018-08-05 01:48:23',6),(938,'898600D6991520004769','2018-08-05 01:48:23',6);
/*!40000 ALTER TABLE `equ_simbalancehistoryrecord` ENABLE KEYS */;
UNLOCK TABLES;

--
-- Table structure for table `equ_simpackage`
--

DROP TABLE IF EXISTS `equ_simpackage`;
/*!40101 SET @saved_cs_client     = @@character_set_client */;
/*!40101 SET character_set_client = utf8 */;
CREATE TABLE `equ_simpackage` (
  `ID` int(11) NOT NULL,
  `Name` varchar(50) NOT NULL,
  `Term` int(11) NOT NULL,
  `StartFlag` bit(1) NOT NULL,
  `AlarmValue` double NOT NULL,
  `AlarmType` bit(1) NOT NULL,
  `Price` double DEFAULT NULL,
  `TotalFlow` double DEFAULT NULL,
  `OverFlowPrice` double DEFAULT NULL,
  `Des` text,
  PRIMARY KEY (`ID`)
) ENGINE=InnoDB DEFAULT CHARSET=utf8;
/*!40101 SET character_set_client = @saved_cs_client */;

--
-- Dumping data for table `equ_simpackage`
--

LOCK TABLES `equ_simpackage` WRITE;
/*!40000 ALTER TABLE `equ_simpackage` DISABLE KEYS */;
INSERT INTO `equ_simpackage` VALUES (1,'ç§»å¨30Måæ',1,_binary '\0',3,_binary '\0',1.5,30,0.09,'');
/*!40000 ALTER TABLE `equ_simpackage` ENABLE KEYS */;
UNLOCK TABLES;

--
-- Table structure for table `equ_unit`
--

DROP TABLE IF EXISTS `equ_unit`;
/*!40101 SET @saved_cs_client     = @@character_set_client */;
/*!40101 SET character_set_client = utf8 */;
CREATE TABLE `equ_unit` (
  `ID` int(11) NOT NULL,
  `Name` varchar(50) NOT NULL,
  PRIMARY KEY (`ID`)
) ENGINE=InnoDB DEFAULT CHARSET=utf8;
/*!40101 SET character_set_client = @saved_cs_client */;

--
-- Dumping data for table `equ_unit`
--

LOCK TABLES `equ_unit` WRITE;
/*!40000 ALTER TABLE `equ_unit` DISABLE KEYS */;
INSERT INTO `equ_unit` VALUES (0,''),(1,'L/S'),(2,'L/M'),(3,'L/H'),(4,'m3/s'),(5,'m3/M'),(6,'m3/H'),(7,'T/S'),(8,'T/M'),(9,'T/H'),(10,'GPS'),(11,'GPM'),(12,'GPH'),(13,'L'),(14,'M3'),(15,'T'),(16,'KWh/h'),(17,'MWh/h'),(18,'MJ/h'),(19,'GJ/h'),(20,'KWh'),(21,'MWh'),(22,'MJ'),(23,'GJ'),(24,'Kg/s'),(25,'Kg/m'),(26,'Kg/h'),(27,'Nm3/h'),(28,'Km3/h'),(29,'Ft/s'),(30,'kg'),(31,'USG'),(32,'UKG'),(33,'Kpa'),(34,'MPa'),(35,'â'),(36,'m/s'),(37,'%'),(38,'0.6MPa'),(39,'1.6MPa'),(40,'æ°ä½'),(41,'æ¶²ä½'),(42,'UKG/S'),(43,'UKG/M'),(44,'UKG/H'),(45,'USG/S'),(46,'USG/M'),(47,'USG/H'),(48,'m'),(49,'L/D'),(50,'m3/D'),(51,'KTD'),(52,'MLD'),(53,'KT'),(54,'ML'),(55,'KÎ©'),(56,'mA'),(57,'Hz'),(58,'cm'),(59,'S'),(60,'0.00001L'),(61,'0.0001L'),(62,'0.001L'),(63,'0.01L'),(64,'0.1L'),(65,'0.00001m3'),(66,'0.0001m3'),(67,'0.001m3'),(68,'0.01m3'),(69,'0.1m3'),(70,'h'),(71,'åé'),(72,'V'),(73,'Nm/s'),(74,'Nm3/h'),(75,'m/s'),(76,'mm');
/*!40000 ALTER TABLE `equ_unit` ENABLE KEYS */;
UNLOCK TABLES;

--
-- Table structure for table `equ_updateprogramrecord`
--

DROP TABLE IF EXISTS `equ_updateprogramrecord`;
/*!40101 SET @saved_cs_client     = @@character_set_client */;
/*!40101 SET character_set_client = utf8 */;
CREATE TABLE `equ_updateprogramrecord` (
  `ID` int(11) NOT NULL AUTO_INCREMENT,
  `Equipment_ID` varchar(50) NOT NULL,
  `Vision` varchar(50) NOT NULL,
  `FilePath` text NOT NULL,
  `FileLength` int(11) NOT NULL,
  `SettingTime` datetime NOT NULL,
  `UserCode` varchar(100) NOT NULL,
  `Status` int(11) NOT NULL,
  `ResponseTime` datetime DEFAULT NULL,
  PRIMARY KEY (`ID`),
  KEY `Equipment_ID` (`Equipment_ID`),
  KEY `UserCode` (`UserCode`),
  CONSTRAINT `FK_equ_UpdateProgramRecord_equ_Equipment` FOREIGN KEY (`Equipment_ID`) REFERENCES `equ_equipment` (`ID`),
  CONSTRAINT `FK_equ_UpdateProgramRecord_sys_user` FOREIGN KEY (`UserCode`) REFERENCES `sys_user` (`UserCode`)
) ENGINE=InnoDB DEFAULT CHARSET=utf8;
/*!40101 SET character_set_client = @saved_cs_client */;

--
-- Dumping data for table `equ_updateprogramrecord`
--

LOCK TABLES `equ_updateprogramrecord` WRITE;
/*!40000 ALTER TABLE `equ_updateprogramrecord` DISABLE KEYS */;
/*!40000 ALTER TABLE `equ_updateprogramrecord` ENABLE KEYS */;
UNLOCK TABLES;

--
-- Table structure for table `equ_user_equipmentgroup_map`
--

DROP TABLE IF EXISTS `equ_user_equipmentgroup_map`;
/*!40101 SET @saved_cs_client     = @@character_set_client */;
/*!40101 SET character_set_client = utf8 */;
CREATE TABLE `equ_user_equipmentgroup_map` (
  `UserCode` varchar(100) NOT NULL,
  `EquipmentGroup_ID` int(11) NOT NULL,
  PRIMARY KEY (`EquipmentGroup_ID`,`UserCode`),
  KEY `UserCode` (`UserCode`),
  CONSTRAINT `FK_equ_User_EquipmentGroup_Map_equ_EquipmentGroup` FOREIGN KEY (`EquipmentGroup_ID`) REFERENCES `equ_equipmentgroup` (`ID`),
  CONSTRAINT `FK_equ_User_EquipmentGroup_Map_sys_user` FOREIGN KEY (`UserCode`) REFERENCES `sys_user` (`UserCode`)
) ENGINE=InnoDB DEFAULT CHARSET=utf8;
/*!40101 SET character_set_client = @saved_cs_client */;

--
-- Dumping data for table `equ_user_equipmentgroup_map`
--

LOCK TABLES `equ_user_equipmentgroup_map` WRITE;
/*!40000 ALTER TABLE `equ_user_equipmentgroup_map` DISABLE KEYS */;
INSERT INTO `equ_user_equipmentgroup_map` VALUES ('admin',1),('admin',3),('admin',4),('admin',5),('admin',6),('admin',7),('admin',8),('admin',9),('admin',10),('admin',11),('admin',12),('admin',13),('admin',14),('admin',15),('admin',16),('admin',18),('admin',19),('admin',20),('admin',21),('admin',22),('admin',24),('admin',25),('admin',26),('admin',27),('admin',29),('admin',30),('admin',34),('admin',52),('admin',53),('admin',54),('admin',55),('admin',56),('admin',58),('admin',60),('admin',62),('admin',63),('admin',64),('admin',65),('admin',66),('admin',67),('admin',68),('admin',69),('admin',70),('admin',71),('admin',72),('admin',73),('admin',74),('admin',75),('admin',76),('admin',79),('admin',82),('admin',83),('admin',84),('admin',86),('admin',87),('admin',88),('admin',89),('admin',90),('admin',91),('admin',92),('admin',93),('admin',94),('admin',95),('admin',96),('admin',97),('admin',98),('admin',99),('admin',100),('czcf',1),('guest',1),('guest',3),('guest',4),('guest',6),('guest',7),('guest',9),('guest',10),('guest',11),('guest',12),('guest',18),('guest',19),('guest',22),('guest',25),('guest',27),('guest',30),('guest',52),('guest',53),('guest',54),('guest',55),('guest',56),('guest',60),('guest',63),('guest',65),('guest',67),('guest',73),('guest',74),('guest',75),('guest',76),('guest',79),('guest',82),('guest',83),('guest',86),('guest',87),('guest',88),('guest',89),('guest',90),('guest',93),('guest',95),('guest',96),('guest',100),('huluadmin',1),('huluadmin',3),('huluadmin',4),('huluadmin',5),('huluadmin',6),('huluadmin',7),('huluadmin',8),('huluadmin',9),('huluadmin',10),('huluadmin',11),('huluadmin',12),('huluadmin',13),('huluadmin',14),('huluadmin',15),('huluadmin',16),('huluadmin',18),('huluadmin',19),('huluadmin',20),('huluadmin',21),('huluadmin',22),('huluadmin',24),('huluadmin',25),('huluadmin',26),('huluadmin',27),('huluadmin',29),('huluadmin',30),('huluadmin',34),('huluadmin',52),('huluadmin',53),('huluadmin',54),('huluadmin',55),('huluadmin',56),('huluadmin',58),('huluadmin',60),('huluadmin',62),('huluadmin',63),('huluadmin',64),('huluadmin',65),('huluadmin',66),('huluadmin',67),('huluadmin',68),('huluadmin',69),('huluadmin',71),('huluadmin',72),('huluadmin',73),('huluadmin',74),('huluadmin',75),('huluadmin',76),('huluadmin',79),('huluadmin',82),('huluadmin',83),('huluadmin',84),('huluadmin',86),('huluadmin',87),('huluadmin',88),('huluadmin',89),('huluadmin',90),('huluadmin',91),('huluadmin',92),('huluadmin',93),('huluadmin',94),('huluadmin',95),('huluadmin',96),('huluadmin',97),('huluadmin',98),('huluadmin',99),('huluadmin',100),('kydczh',8),('kydczh',13),('kydczh',14),('kydczh',58),('kydczh',68),('kydczh',69),('kydczh',70),('kydczh',72),('kydczh',79),('kydczh',97),('syhrrl',5),('test',4),('test',26),('test2',34),('ymsyglj',53),('ymsyglj',75),('yzhcgs',14),('yzhqgs',14),('ä¸æµ·å¨å°æ³°',67),('å¹¿è¥¿åææ¹æµ·',60),('å¼å°å©æº',87),('å¼å°å¥¥æ³°',55),('æ±èæ¬å·å¤§å­¦',76),('æ²åå¿æ°´å©å±',54),('æ¸ä¸°æ°´å¡',52),('è¥å£æ°´å¡',6),('è¥å£æ°´å¡',21),('è¿æ±æ¸©æ³',9);
/*!40000 ALTER TABLE `equ_user_equipmentgroup_map` ENABLE KEYS */;
UNLOCK TABLES;

--
-- Table structure for table `sys_advertisement`
--

DROP TABLE IF EXISTS `sys_advertisement`;
/*!40101 SET @saved_cs_client     = @@character_set_client */;
/*!40101 SET character_set_client = utf8 */;
CREATE TABLE `sys_advertisement` (
  `ID` int(11) NOT NULL,
  `Title` varchar(50) NOT NULL,
  `Message` text NOT NULL,
  `Visible` bit(1) NOT NULL DEFAULT b'1',
  `CreatePerson` varchar(100) DEFAULT NULL,
  `CreateDate` datetime DEFAULT NULL,
  `UpdatePerson` varchar(100) DEFAULT NULL,
  `UpdateDate` datetime DEFAULT NULL,
  PRIMARY KEY (`ID`)
) ENGINE=InnoDB DEFAULT CHARSET=utf8;
/*!40101 SET character_set_client = @saved_cs_client */;

--
-- Dumping data for table `sys_advertisement`
--

LOCK TABLES `sys_advertisement` WRITE;
/*!40000 ALTER TABLE `sys_advertisement` DISABLE KEYS */;
INSERT INTO `sys_advertisement` VALUES (1,'å¥½æ¶æ¯','æå¬å¸å¼éSIMå¡ä¸å¡ï¼ä»·æ ¼ä¾¿å®ï¼å®æ¶ç®¡çï¼æéè¦èè¯·èç³»ä»£çåã',_binary '\0','admin','2018-01-03 14:49:38','ç®¡çå','2018-01-31 20:05:38'),(2,'éç¥','ç³»ç»å°åç¨Guestè´¦å·ï¼è¯·ä½¿ç¨Guestè´¦å·çç¨æ·ä¸ä¾è´§åèç³»ï¼åå»ºä¸ªäººç¨æ·ã',_binary '\0','admin','2018-01-12 17:31:57','ç®¡çå','2018-01-26 08:47:39'),(3,'æ¶è´¹æç¤ºéç¥','å¹³å°äº2018å¹´1æ1æ¥èµ·ï¼å¼å§æ¶åå¹³å°ä½¿ç¨è´¹ç¨ãè¯·åæ¶èç³»å¹³å°ç»´æ¤äººï¼ä»¥åç»æ¨çä½¿ç¨å¸¦æ¥ä¸ä¾¿ã',_binary '\0','admin','2018-02-27 11:10:29','æå¤§ç®¡çå','2019-01-11 10:53:07'),(4,'ç©èå¡æ¬ è´¹éç¥','èª2018å¹´10æä¹åå·²äº¤è´¹çç©èå¡çç¨æ·ï¼è¯·æ³¨ææ¨ä½¿ç¨çç©èå¡å³å°å°æãå¦ç»§ç»­ä½¿ç¨è¯·åæ¶èç³»ä¾è´§åã',_binary '\0','huluadmin','2019-06-24 10:41:46','æå¤§ç®¡çå','2019-12-24 10:07:37');
/*!40000 ALTER TABLE `sys_advertisement` ENABLE KEYS */;
UNLOCK TABLES;

--
-- Table structure for table `sys_appapi`
--

DROP TABLE IF EXISTS `sys_appapi`;
/*!40101 SET @saved_cs_client     = @@character_set_client */;
/*!40101 SET character_set_client = utf8 */;
CREATE TABLE `sys_appapi` (
  `ID` int(11) NOT NULL,
  `Name` varchar(50) NOT NULL,
  `Path` varchar(100) NOT NULL,
  `Verify` bit(1) NOT NULL DEFAULT b'0',
  PRIMARY KEY (`ID`)
) ENGINE=InnoDB DEFAULT CHARSET=utf8;
/*!40101 SET character_set_client = @saved_cs_client */;

--
-- Dumping data for table `sys_appapi`
--

LOCK TABLES `sys_appapi` WRITE;
/*!40000 ALTER TABLE `sys_appapi` DISABLE KEYS */;
INSERT INTO `sys_appapi` VALUES (1,'è·åè®¾å¤ç»','/api/equ/equipmentgroup',_binary '\0'),(2,'è·åè®¾å¤','/api/equ/equipment/{id}',_binary '\0'),(3,'è®¾å¤åè¡¨','/api/equ/equipment/GetEquipmentList',_binary '\0'),(4,'å®æ¶æ°æ®','/api/equ/realdata/{id}',_binary '\0'),(5,'è·åæ°æ®å','/api/sys/menucolumn',_binary '\0'),(6,'åå²æ°æ®','/api/equ/historydata',_binary '\0'),(7,'å®æ¶æ¥è­¦','/api/equ/unrecoveryalarm',_binary '\0'),(8,'åå²æ¥è­¦','/api/equ/historyalarm',_binary '\0'),(9,'å°å¾æ¾ç¤º','/api/equ/map',_binary '\0'),(10,'å°å¾è®¾å¤ä¿¡æ¯','/api/equ/map/getinfo/{id}',_binary '\0'),(11,'è¶å¿æ²çº¿','/api/equ/curve',_binary '\0'),(12,'è·åè®¾å¤çæ°æ®ç±»å','/api/equ/curve/GetDataType/{id}',_binary '\0'),(13,'è®¾ç½®ç»çº¬åº¦','/api/equ/equipment/editequipmentposition',_binary ''),(14,'è®¾ç½®è®¾å¤å','/api/equ/equipment/editequipmentname',_binary ''),(15,'è·åè®¾å¤åæ°åè¡¨ååå§å¼','/api/equ/sigequipmentpara',_binary '\0'),(16,'è·åéæ©ååæ°èå´åè¡¨','/api/equ/sigequipmentpara/getequipmentpararange',_binary '\0'),(17,'è®¾ç½®åæ°','/api/equ/sigequipmentpara/edit',_binary ''),(18,'è·åAPPçæ¬åè·¯å¾','/api/sys/appversion',_binary '\0');
/*!40000 ALTER TABLE `sys_appapi` ENABLE KEYS */;
UNLOCK TABLES;

--
-- Table structure for table `sys_button`
--

DROP TABLE IF EXISTS `sys_button`;
/*!40101 SET @saved_cs_client     = @@character_set_client */;
/*!40101 SET character_set_client = utf8 */;
CREATE TABLE `sys_button` (
  `ButtonCode` varchar(20) NOT NULL,
  `ButtonName` varchar(20) DEFAULT NULL,
  `ButtonSeq` int(11) DEFAULT NULL,
  `Description` varchar(100) DEFAULT NULL,
  `ButtonIcon` varchar(50) DEFAULT NULL,
  `CreatePerson` varchar(20) DEFAULT NULL,
  `CreateDate` datetime DEFAULT NULL,
  `UpdatePerson` varchar(20) DEFAULT NULL,
  `UpdateDate` datetime DEFAULT NULL,
  PRIMARY KEY (`ButtonCode`)
) ENGINE=InnoDB DEFAULT CHARSET=utf8;
/*!40101 SET character_set_client = @saved_cs_client */;

--
-- Dumping data for table `sys_button`
--

LOCK TABLES `sys_button` WRITE;
/*!40000 ALTER TABLE `sys_button` DISABLE KEYS */;
INSERT INTO `sys_button` VALUES ('accredit','ææ',9,'','icon-wrench_orange',NULL,NULL,'è¶çº§ç®¡çå','2013-07-10 16:43:45'),('add','æ°å¢',1,'','icon-add',NULL,NULL,'åä¼è','2013-08-31 13:58:32'),('audit','å®¡æ ¸',10,'','icon-folder_key',NULL,NULL,NULL,NULL),('browse','æµè§',1,'','icon-folder_magnify',NULL,NULL,NULL,NULL),('copy','å¤å¶',12,'','icon-page_copy',NULL,NULL,NULL,NULL),('delete','å é¤',3,'aa','icon-cross',NULL,NULL,'åä¼è','2013-09-23 12:07:43'),('download','ä¸è½½',7,'','icon-download',NULL,NULL,NULL,NULL),('edit','ç¼è¾',2,'','icon-edit',NULL,NULL,NULL,NULL),('export','å¯¼åº',6,'aaa','icon-page_white_go',NULL,NULL,'åä¼è','2013-09-11 15:55:05'),('inport','å¯¼å¥',11,'','icon-page_white_excel',NULL,NULL,NULL,NULL),('print','æå°',8,'','icon-printer',NULL,NULL,NULL,NULL),('refresh','å·æ°',5,'','icon-arrow_refresh',NULL,NULL,NULL,NULL),('save','ä¿å­',13,'','icon-save',NULL,NULL,'è¶çº§ç®¡çå','2013-07-10 16:42:14'),('search','æ¥è¯¢',4,'','icon-zoom',NULL,NULL,'åä¼è','2013-10-09 15:51:40');
/*!40000 ALTER TABLE `sys_button` ENABLE KEYS */;
UNLOCK TABLES;

--
-- Table structure for table `sys_code`
--

DROP TABLE IF EXISTS `sys_code`;
/*!40101 SET @saved_cs_client     = @@character_set_client */;
/*!40101 SET character_set_client = utf8 */;
CREATE TABLE `sys_code` (
  `Code` varchar(100) NOT NULL,
  `Value` varchar(200) DEFAULT NULL,
  `Text` varchar(200) DEFAULT NULL,
  `ParentCode` varchar(100) DEFAULT NULL,
  `Seq` varchar(10) DEFAULT NULL,
  `IsEnable` bit(1) DEFAULT NULL,
  `IsDefault` bit(1) DEFAULT NULL,
  `Description` text,
  `CodeTypeName` varchar(200) DEFAULT NULL,
  `CodeType` varchar(100) DEFAULT NULL,
  `CreatePerson` varchar(20) DEFAULT NULL,
  `CreateDate` datetime DEFAULT NULL,
  `UpdatePerson` varchar(20) DEFAULT NULL,
  `UpdateDate` datetime DEFAULT NULL,
  PRIMARY KEY (`Code`),
  KEY `CodeType` (`CodeType`),
  CONSTRAINT `FK__SysCode__TypeCod__5CA1C101` FOREIGN KEY (`CodeType`) REFERENCES `sys_codetype` (`CodeType`)
) ENGINE=InnoDB DEFAULT CHARSET=utf8;
/*!40101 SET character_set_client = @saved_cs_client */;

--
-- Dumping data for table `sys_code`
--

LOCK TABLES `sys_code` WRITE;
/*!40000 ALTER TABLE `sys_code` DISABLE KEYS */;
/*!40000 ALTER TABLE `sys_code` ENABLE KEYS */;
UNLOCK TABLES;

--
-- Table structure for table `sys_codetype`
--

DROP TABLE IF EXISTS `sys_codetype`;
/*!40101 SET @saved_cs_client     = @@character_set_client */;
/*!40101 SET character_set_client = utf8 */;
CREATE TABLE `sys_codetype` (
  `CodeType` varchar(100) NOT NULL,
  `CodeTypeName` varchar(200) DEFAULT NULL,
  `Description` text,
  `Seq` varchar(10) DEFAULT NULL,
  `CreatePerson` varchar(20) DEFAULT NULL,
  `CreateDate` datetime DEFAULT NULL,
  `UpdatePerson` varchar(20) DEFAULT NULL,
  `UpdateDate` datetime DEFAULT NULL,
  PRIMARY KEY (`CodeType`)
) ENGINE=InnoDB DEFAULT CHARSET=utf8;
/*!40101 SET character_set_client = @saved_cs_client */;

--
-- Dumping data for table `sys_codetype`
--

LOCK TABLES `sys_codetype` WRITE;
/*!40000 ALTER TABLE `sys_codetype` DISABLE KEYS */;
/*!40000 ALTER TABLE `sys_codetype` ENABLE KEYS */;
UNLOCK TABLES;

--
-- Table structure for table `sys_log`
--

DROP TABLE IF EXISTS `sys_log`;
/*!40101 SET @saved_cs_client     = @@character_set_client */;
/*!40101 SET character_set_client = utf8 */;
CREATE TABLE `sys_log` (
  `ID` int(11) NOT NULL AUTO_INCREMENT,
  `UserCode` varchar(100) DEFAULT NULL,
  `UserName` varchar(100) DEFAULT NULL,
  `Position` text,
  `Target` varchar(255) DEFAULT NULL,
  `Type` varchar(50) DEFAULT NULL,
  `Message` longtext,
  `Date` datetime DEFAULT NULL,
  PRIMARY KEY (`ID`)
) ENGINE=InnoDB AUTO_INCREMENT=376 DEFAULT CHARSET=utf8;
/*!40101 SET character_set_client = @saved_cs_client */;

--
-- Dumping data for table `sys_log`
--

LOCK TABLES `sys_log` WRITE;
/*!40000 ALTER TABLE `sys_log` DISABLE KEYS */;
INSERT INTO `sys_log` VALUES (369,'admin','ç®¡çå','api/mms/send','èåæ°æ®','ä¿®æ¹','{\"list\":{\"deleted\":[{\"_id\":\"660403\",\"MenuName\":\"ç»¼åæ°æ®\",\"MenuCode\":\"660403\",\"ParentCode\":\"6604\",\"IconClass\":\"icon-application_view_icons\",\"URL\":\"\",\"IsVisible\":true,\"IsEnable\":true,\"MenuSeq\":\"000003\"}],\"inserted\":[],\"updated\":[],\"_changed\":true}}','2017-02-10 17:05:11'),(370,'admin','ç®¡çå','api/mms/send','èåæ°æ®','ä¿®æ¹','{\"list\":{\"deleted\":[],\"inserted\":[],\"updated\":[{\"_id\":\"660506\",\"MenuName\":\"è¿è¡åæ\",\"MenuCode\":\"660506\",\"ParentCode\":\"6605\",\"IconClass\":\"icon-calendar_star\",\"URL\":\"\",\"IsVisible\":\"false\",\"IsEnable\":\"true\",\"MenuSeq\":\"000006\"},{\"_id\":\"660505\",\"MenuName\":\"åç¯æ¯åæ\",\"MenuCode\":\"660505\",\"ParentCode\":\"6605\",\"IconClass\":\"icon-table_go\",\"URL\":\"\",\"IsVisible\":\"false\",\"IsEnable\":\"true\",\"MenuSeq\":\"000005\"},{\"_id\":\"660504\",\"MenuName\":\"æ°´éå¼å¨\",\"MenuCode\":\"660504\",\"ParentCode\":\"6605\",\"IconClass\":\"icon-tab\",\"URL\":\"\",\"IsVisible\":\"false\",\"IsEnable\":\"true\",\"MenuSeq\":\"000004\"}],\"_changed\":true}}','2017-02-10 17:05:50'),(371,'admin','ç®¡çå','api/mms/send','èåæ°æ®','ä¿®æ¹','{\"list\":{\"deleted\":[],\"inserted\":[],\"updated\":[{\"_id\":\"660101\",\"MenuName\":\"æ¶æ°æ®\",\"MenuCode\":\"660101\",\"ParentCode\":\"6601\",\"IconClass\":\"icon-date\",\"URL\":\"/wat/realdatahour\",\"IsVisible\":\"true\",\"IsEnable\":\"true\",\"MenuSeq\":\"000001\"},{\"_id\":\"660102\",\"MenuName\":\"æ¥æ°æ®\",\"MenuCode\":\"660102\",\"ParentCode\":\"6601\",\"IconClass\":\"icon-date\",\"URL\":\"/wat/realdataday\",\"IsVisible\":\"true\",\"IsEnable\":\"true\",\"MenuSeq\":\"000002\"},{\"_id\":\"660103\",\"MenuName\":\"å¨æ°æ®\",\"MenuCode\":\"660103\",\"ParentCode\":\"6601\",\"IconClass\":\"icon-date\",\"URL\":\"/wat/realdataweek\",\"IsVisible\":\"true\",\"IsEnable\":\"true\",\"MenuSeq\":\"000003\"},{\"_id\":\"660104\",\"MenuName\":\"ææ°æ®\",\"MenuCode\":\"660104\",\"ParentCode\":\"6601\",\"IconClass\":\"icon-date\",\"URL\":\"/wat/realdatamonth\",\"IsVisible\":\"true\",\"IsEnable\":\"true\",\"MenuSeq\":\"000004\"}],\"_changed\":true}}','2017-03-03 09:36:55'),(372,'admin','ç®¡çå','api/mms/send','èåæ°æ®','ä¿®æ¹','{\"list\":{\"deleted\":[],\"inserted\":[],\"updated\":[{\"_id\":\"66\",\"MenuName\":\"åææ°æ®\",\"MenuCode\":\"66\",\"ParentCode\":\"\",\"IconClass\":\"icon-table\",\"URL\":\"\",\"IsVisible\":\"true\",\"IsEnable\":\"true\",\"MenuSeq\":\"00\"}],\"_changed\":true}}','2017-03-04 15:24:35'),(373,'admin','ç®¡çå','api/mms/send','èåæ°æ®','ä¿®æ¹','{\"list\":{\"deleted\":[],\"inserted\":[],\"updated\":[{\"_id\":\"55\",\"MenuName\":\"åå§æ°æ®\",\"MenuCode\":\"55\",\"ParentCode\":\"\",\"IconClass\":\"icon-server\",\"URL\":\"\",\"IsVisible\":\"true\",\"IsEnable\":\"true\",\"MenuSeq\":\"00\"}],\"_changed\":true}}','2017-03-04 15:24:58'),(374,'admin','ç®¡çå','api/mms/send','èåæ°æ®','ä¿®æ¹','{\"list\":{\"deleted\":[],\"inserted\":[],\"updated\":[{\"_id\":\"66\",\"MenuName\":\"åææ°æ®\",\"MenuCode\":\"66\",\"ParentCode\":\"\",\"IconClass\":\"icon-table\",\"URL\":\"\",\"IsVisible\":\"true\",\"IsEnable\":\"true\",\"MenuSeq\":\"01\"}],\"_changed\":true}}','2017-03-04 15:25:11'),(375,'admin','ç®¡çå','api/mms/send','èåæ°æ®','ä¿®æ¹','{\"list\":{\"deleted\":[],\"inserted\":[{\"_id\":\"acf2f281-356b-40a4-b92f-d0006edf7782\",\"MenuName\":\"å¯¹æ¯æ²çº¿\",\"MenuCode\":\"550204\",\"ParentCode\":\"5502\",\"IconClass\":\"icon-chart_curve\",\"URL\":\"/equ/mulcurve\",\"IsVisible\":\"true\",\"IsEnable\":\"true\",\"MenuSeq\":\"000004\"}],\"updated\":[],\"_changed\":true}}','2017-03-07 18:22:48');
/*!40000 ALTER TABLE `sys_log` ENABLE KEYS */;
UNLOCK TABLES;

--
-- Table structure for table `sys_loginhistory`
--

DROP TABLE IF EXISTS `sys_loginhistory`;
/*!40101 SET @saved_cs_client     = @@character_set_client */;
/*!40101 SET character_set_client = utf8 */;
CREATE TABLE `sys_loginhistory` (
  `ID` int(11) NOT NULL AUTO_INCREMENT,
  `UserCode` varchar(100) DEFAULT NULL,
  `UserName` varchar(200) DEFAULT NULL,
  `HostName` varchar(200) DEFAULT NULL,
  `HostIP` varchar(50) DEFAULT NULL,
  `LoginCity` varchar(200) DEFAULT NULL,
  `LoginDate` datetime DEFAULT NULL,
  `LogoutDate` datetime DEFAULT NULL,
  PRIMARY KEY (`ID`)
) ENGINE=InnoDB AUTO_INCREMENT=1976 DEFAULT CHARSET=utf8;
/*!40101 SET character_set_client = @saved_cs_client */;

--
-- Dumping data for table `sys_loginhistory`
--

LOCK TABLES `sys_loginhistory` WRITE;
/*!40000 ALTER TABLE `sys_loginhistory` DISABLE KEYS */;
INSERT INTO `sys_loginhistory` VALUES (1967,'admin','ç®¡çå','','223.100.140.105','è¾½å®çå¤§è¿å¸','2017-02-10 09:22:12',NULL),(1968,'admin','ç®¡çå','','223.100.140.105','è¾½å®çå¤§è¿å¸','2017-02-10 15:54:35',NULL),(1969,'admin','ç®¡çå','','223.100.140.105','è¾½å®çå¤§è¿å¸','2017-02-10 17:08:36',NULL),(1970,'admin','ç®¡çå','','113.225.34.154','è¾½å®çæ²é³å¸','2017-02-13 15:19:25',NULL),(1971,'admin','ç®¡çå','','113.224.148.192','è¾½å®çæ²é³å¸','2017-02-13 17:53:39',NULL),(1972,'admin','ç®¡çå','','113.224.148.192','è¾½å®çæ²é³å¸','2017-02-13 18:00:14',NULL),(1973,'admin','ç®¡çå','','113.232.104.64','è¾½å®çæ²é³å¸','2017-02-13 22:46:03',NULL),(1974,'admin','ç®¡çå','','116.2.128.225','è¾½å®çæ²é³å¸','2017-02-14 08:39:24',NULL),(1975,'admin','ç®¡çå','','175.167.138.119','è¾½å®çå¤§è¿å¸','2017-02-14 16:17:37',NULL);
/*!40000 ALTER TABLE `sys_loginhistory` ENABLE KEYS */;
UNLOCK TABLES;

--
-- Table structure for table `sys_loginpagerecord`
--

DROP TABLE IF EXISTS `sys_loginpagerecord`;
/*!40101 SET @saved_cs_client     = @@character_set_client */;
/*!40101 SET character_set_client = utf8 */;
CREATE TABLE `sys_loginpagerecord` (
  `ID` int(11) NOT NULL AUTO_INCREMENT,
  `UserCode` varchar(100) NOT NULL,
  `MenuCode` varchar(100) NOT NULL,
  `Date` datetime NOT NULL,
  PRIMARY KEY (`ID`),
  KEY `MenuCode` (`MenuCode`),
  CONSTRAINT `FK_sys_loginPageRecord_sys_menu` FOREIGN KEY (`MenuCode`) REFERENCES `sys_menu` (`MenuCode`)
) ENGINE=InnoDB DEFAULT CHARSET=utf8;
/*!40101 SET character_set_client = @saved_cs_client */;

--
-- Dumping data for table `sys_loginpagerecord`
--

LOCK TABLES `sys_loginpagerecord` WRITE;
/*!40000 ALTER TABLE `sys_loginpagerecord` DISABLE KEYS */;
/*!40000 ALTER TABLE `sys_loginpagerecord` ENABLE KEYS */;
UNLOCK TABLES;

--
-- Table structure for table `sys_menu`
--

DROP TABLE IF EXISTS `sys_menu`;
/*!40101 SET @saved_cs_client     = @@character_set_client */;
/*!40101 SET character_set_client = utf8 */;
CREATE TABLE `sys_menu` (
  `MenuCode` varchar(100) NOT NULL,
  `ParentCode` varchar(100) DEFAULT NULL,
  `MenuName` varchar(200) DEFAULT NULL,
  `URL` varchar(200) DEFAULT NULL,
  `IconClass` varchar(50) DEFAULT NULL,
  `IconURL` varchar(200) DEFAULT NULL,
  `MenuSeq` varchar(10) DEFAULT NULL,
  `Description` text,
  `IsVisible` bit(1) DEFAULT NULL,
  `IsEnable` bit(1) DEFAULT NULL,
  `CreatePerson` varchar(100) DEFAULT NULL,
  `CreateDate` datetime DEFAULT NULL,
  `UpdatePerson` varchar(100) DEFAULT NULL,
  `UpdateDate` datetime DEFAULT NULL,
  PRIMARY KEY (`MenuCode`)
) ENGINE=InnoDB DEFAULT CHARSET=utf8;
/*!40101 SET character_set_client = @saved_cs_client */;

--
-- Dumping data for table `sys_menu`
--

LOCK TABLES `sys_menu` WRITE;
/*!40000 ALTER TABLE `sys_menu` DISABLE KEYS */;
INSERT INTO `sys_menu` VALUES ('10','0','å½ä»¤ç®¡ç','#','icon-bullet_lightning',NULL,'04',NULL,_binary '',_binary '','ç®¡çå','2017-06-15 16:11:09','ç®¡çå','2017-06-30 16:47:09'),('1001','10','åæ°ç®¡ç','#','icon-brick',NULL,'0401',NULL,_binary '',_binary '','ç®¡çå','2017-06-30 16:42:57','ç®¡çå','2017-06-30 16:47:09'),('1002','10','åéå½ä»¤','#','icon-shape_square_go',NULL,'0402',NULL,_binary '',_binary '','ç®¡çå','2017-06-30 16:44:34','ç®¡çå','2017-06-30 16:45:26'),('1003','10','å½ä»¤è®°å½','#','icon-layout',NULL,'0403',NULL,_binary '',_binary '','ç®¡çå','2017-06-30 16:51:22','ç®¡çå','2017-06-30 16:51:22'),('1004','10','ä¸è£ç¨åºè®°å½','#','icon-application_side_boxes',NULL,'0404',NULL,_binary '',_binary '','admin','2018-02-11 16:42:05','ç®¡çå','2018-02-11 16:43:21'),('44','','SIMå¡ç®¡ç','#','icon-tag_blue',NULL,'05',NULL,_binary '',_binary '','ç®¡çå','2017-11-21 14:46:40','ç®¡çå','2017-11-21 14:46:40'),('4401','44','å¥é¤ç®¡ç','/equ/simpackage','icon-report_disk',NULL,'0501',NULL,_binary '',_binary '','ç®¡çå','2017-11-21 14:50:07','ç®¡çå','2017-11-21 14:50:07'),('4402','44','APIç®¡ç','/equ/simapp','icon-database_key',NULL,'0502',NULL,_binary '',_binary '','ç®¡çå','2017-11-21 14:51:22','ç®¡çå','2017-11-21 14:51:22'),('4403','44','SIMå¡ç®¡ç','/equ/sim','icon-phone',NULL,'0503',NULL,_binary '',_binary '','ç®¡çå','2017-11-21 14:53:18','ç®¡çå','2017-11-21 14:53:18'),('4404','44','SIMå¡å¯¼å¥','/equ/simimport','icon-smartphone_add',NULL,'0504',NULL,_binary '',_binary '','ç®¡çå','2017-11-21 14:54:46','ç®¡çå','2017-11-21 14:54:46'),('4405','44','SIMå¡æ¥è­¦','/equ/simalarm','icon-exclamation',NULL,'0505',NULL,_binary '',_binary '','admin','2017-12-02 18:41:51','admin','2017-12-02 18:41:51'),('4406','44','SIMå¡éé¢åå²æ°æ®','/equ/simbalancehistorydata','icon-page_portrait',NULL,'0506',NULL,_binary '',_binary '','admin','2017-12-02 18:52:39','admin','2017-12-02 18:52:39'),('4407','44','ç¨æ·ç©èå¡è¿ææ¥è­¦','/equ/simalarmbyuser','icon-stop',NULL,'0507',NULL,_binary '',_binary '','huluadmin','2019-06-25 14:32:57','huluadmin','2019-06-25 14:32:57'),('55','','åå§æ°æ®','','icon-server',NULL,'00',NULL,_binary '',_binary '','ç®¡çå','2016-12-12 15:40:24','ç®¡çå','2017-06-30 16:35:49'),('66','','åææ°æ®','','icon-table',NULL,'01',NULL,_binary '',_binary '','ç®¡çå','2016-11-25 20:47:08','ç®¡çå','2017-03-04 15:25:11'),('77','','æ°´è¡¨ç®¡ç','','icon-plugin',NULL,'02',NULL,_binary '',_binary '','ç®¡çå','2016-11-25 20:48:30','ç®¡çå','2016-12-12 15:41:43'),('88','','è®¾å¤ç®¡ç','#','icon-feed',NULL,'03',NULL,_binary '',_binary '','ç®¡çå','2016-11-22 13:24:26','ç®¡çå','2016-12-12 15:41:43'),('99','0','ç³»ç»è®¾ç½®','#','icon-sysset',NULL,'06',NULL,_binary '',_binary '',NULL,NULL,'ç®¡çå','2017-11-21 14:46:40');
/*!40000 ALTER TABLE `sys_menu` ENABLE KEYS */;
UNLOCK TABLES;

--
-- Table structure for table `sys_menubuttonmap`
--

DROP TABLE IF EXISTS `sys_menubuttonmap`;
/*!40101 SET @saved_cs_client     = @@character_set_client */;
/*!40101 SET character_set_client = utf8 */;
CREATE TABLE `sys_menubuttonmap` (
  `ID` int(11) NOT NULL AUTO_INCREMENT,
  `MenuCode` varchar(100) DEFAULT NULL,
  `ButtonCode` varchar(20) DEFAULT NULL,
  PRIMARY KEY (`ID`),
  KEY `ButtonCode` (`ButtonCode`),
  KEY `MenuCode` (`MenuCode`),
  CONSTRAINT `FK__sys_menuB__Butto__16CE6296` FOREIGN KEY (`ButtonCode`) REFERENCES `sys_button` (`ButtonCode`),
  CONSTRAINT `FK__sys_menuB__MenuC__12FDD1B2` FOREIGN KEY (`MenuCode`) REFERENCES `sys_menu` (`MenuCode`)
) ENGINE=InnoDB DEFAULT CHARSET=utf8;
/*!40101 SET character_set_client = @saved_cs_client */;

--
-- Dumping data for table `sys_menubuttonmap`
--

LOCK TABLES `sys_menubuttonmap` WRITE;
/*!40000 ALTER TABLE `sys_menubuttonmap` DISABLE KEYS */;
/*!40000 ALTER TABLE `sys_menubuttonmap` ENABLE KEYS */;
UNLOCK TABLES;

--
-- Table structure for table `sys_menucolumns`
--

DROP TABLE IF EXISTS `sys_menucolumns`;
/*!40101 SET @saved_cs_client     = @@character_set_client */;
/*!40101 SET character_set_client = utf8 */;
CREATE TABLE `sys_menucolumns` (
  `MenuCode` varchar(100) NOT NULL,
  `Sequence` int(11) NOT NULL,
  `Name` varchar(50) NOT NULL,
  `Visible` bit(1) NOT NULL DEFAULT b'1',
  `Frozen` bit(1) NOT NULL DEFAULT b'0',
  `Align` varchar(20) NOT NULL DEFAULT 'N''center''',
  `Sort` bit(1) DEFAULT b'1',
  `GroupName` varchar(50) DEFAULT NULL,
  `DisplayName` varchar(50) NOT NULL,
  `Width` int(11) NOT NULL DEFAULT '80',
  `Field` varchar(50) NOT NULL,
  `Formatter` varchar(50) DEFAULT NULL,
  `Editor` varchar(100) DEFAULT NULL,
  `Hidden` bit(1) DEFAULT b'0',
  `Required` bit(1) NOT NULL DEFAULT b'0',
  KEY `MenuCode` (`MenuCode`),
  CONSTRAINT `FK_sys_MenuColumns_sys_menu` FOREIGN KEY (`MenuCode`) REFERENCES `sys_menu` (`MenuCode`)
) ENGINE=InnoDB DEFAULT CHARSET=utf8;
/*!40101 SET character_set_client = @saved_cs_client */;

--
-- Dumping data for table `sys_menucolumns`
--

LOCK TABLES `sys_menucolumns` WRITE;
/*!40000 ALTER TABLE `sys_menucolumns` DISABLE KEYS */;
/*!40000 ALTER TABLE `sys_menucolumns` ENABLE KEYS */;
UNLOCK TABLES;

--
-- Table structure for table `sys_organize`
--

DROP TABLE IF EXISTS `sys_organize`;
/*!40101 SET @saved_cs_client     = @@character_set_client */;
/*!40101 SET character_set_client = utf8 */;
CREATE TABLE `sys_organize` (
  `OrganizeCode` varchar(100) NOT NULL,
  `ParentCode` varchar(100) DEFAULT NULL,
  `OrganizeSeq` varchar(10) DEFAULT NULL,
  `OrganizeName` varchar(200) DEFAULT NULL,
  `Description` text,
  `CreatePerson` varchar(100) DEFAULT NULL,
  `CreateDate` datetime DEFAULT NULL,
  `UpdatePerson` varchar(100) DEFAULT NULL,
  `UpdateDate` datetime DEFAULT NULL,
  PRIMARY KEY (`OrganizeCode`)
) ENGINE=InnoDB DEFAULT CHARSET=utf8;
/*!40101 SET character_set_client = @saved_cs_client */;

--
-- Dumping data for table `sys_organize`
--

LOCK TABLES `sys_organize` WRITE;
/*!40000 ALTER TABLE `sys_organize` DISABLE KEYS */;
INSERT INTO `sys_organize` VALUES ('01','0',NULL,'æ²é³å°ç³','','super','2013-05-17 18:04:41','ç®¡çå','2017-08-28 17:42:00'),('0101','01',NULL,'è®¾å¤ä¸­é´åå','','ç®¡çå','2017-08-28 17:41:05','ç®¡çå','2017-08-28 17:42:15'),('010101','0101',NULL,'ä¸æµ·åå',NULL,'ç®¡çå','2017-08-28 17:41:20','ç®¡çå','2017-08-28 17:41:20'),('010102','0101',NULL,'å¼å°ä»ªè¡¨',NULL,'ç®¡çå','2017-08-28 17:45:39','ç®¡çå','2017-08-28 17:45:39'),('010103','0101',NULL,'è¡å¤ä¸ç»ç',NULL,'admin','2018-03-05 10:36:56','admin','2018-03-05 10:36:56'),('010104','0101',NULL,'å¼å°è´æ¯ç¹',NULL,'admin','2018-03-09 10:42:51','admin','2018-03-09 10:42:51'),('0102','01',NULL,'ç´éæç»ç¨æ·',NULL,'ç®¡çå','2017-08-28 17:41:37','ç®¡çå','2017-08-28 17:41:37'),('010201','0102',NULL,'æ±èæè¾¾',NULL,'ç®¡çå','2017-11-13 15:00:05','ç®¡çå','2017-11-13 15:00:05'),('010202','0102',NULL,'æ±èåæµ·',NULL,'ç®¡çå','2017-11-13 15:00:46','ç®¡çå','2017-11-13 15:00:46'),('010203','0102',NULL,'æ±èåå¤',NULL,'ç®¡çå','2017-11-13 15:02:17','ç®¡çå','2017-11-13 15:02:17'),('010204','0102',NULL,'å¼å°åé¦',NULL,'ç®¡çå','2017-11-13 15:06:29','ç®¡çå','2017-11-13 15:06:29'),('010205','0102',NULL,'å¼å°æ¨ªæ²³',NULL,'ç®¡çå','2017-11-13 15:06:51','ç®¡çå','2017-11-13 15:06:51'),('010206','0102',NULL,'å¼å°åæ­',NULL,'ç®¡çå','2017-11-13 15:07:25','ç®¡çå','2017-11-13 15:07:25'),('010207','0102',NULL,'å¼å°æ·ç¹',NULL,'ç®¡çå','2017-11-13 15:10:52','ç®¡çå','2017-11-13 15:10:52'),('010208','0102',NULL,'å¼å°ç§é',NULL,'ç®¡çå','2017-11-13 15:11:17','ç®¡çå','2017-11-13 15:11:17'),('010209','0102',NULL,'å¼å°éå¤©',NULL,'ç®¡çå','2017-11-13 15:11:39','ç®¡çå','2017-11-13 15:11:39'),('010210','0102',NULL,'æ²³åæ°èª',NULL,'ç®¡çå','2017-11-13 15:12:04','ç®¡çå','2017-11-13 15:12:04'),('010211','0102',NULL,'å¼å°ç²¾å',NULL,'ç®¡çå','2017-11-13 15:13:57','ç®¡çå','2017-11-13 15:13:57'),('010212','0102',NULL,'å¼å°å©æº',NULL,'ç®¡çå','2017-11-13 15:14:16','ç®¡çå','2017-11-13 15:14:16'),('010213','0102',NULL,'å¼å°å¥¥æ³°',NULL,'ç®¡çå','2017-11-13 15:14:36','ç®¡çå','2017-11-13 15:14:36'),('010214','0102',NULL,'è²æ ¼çæ¯',NULL,'ç®¡çå','2017-11-13 15:18:01','ç®¡çå','2017-11-13 15:18:01'),('010215','0102',NULL,'éå°¼ç»´',NULL,'ç®¡çå','2017-11-13 15:18:21','ç®¡çå','2017-11-13 15:18:21'),('010216','0102',NULL,'ä¸æµ·å¤©ç³',NULL,'ç®¡çå','2017-11-13 15:20:24','ç®¡çå','2017-11-13 15:20:24'),('010217','0102',NULL,'ä¸æµ·ææ',NULL,'ç®¡çå','2017-11-13 15:20:53','ç®¡çå','2017-11-13 15:20:53'),('010218','0102',NULL,'å¤©æ´¥è¿å°',NULL,'ç®¡çå','2017-11-13 15:21:42','ç®¡çå','2017-11-13 15:21:42'),('010219','0102',NULL,'å¼å°ç¾ç¹',NULL,'ç®¡çå','2017-11-13 16:05:51','ç®¡çå','2017-11-13 16:05:51'),('0103','01',NULL,'å¶ä»',NULL,'ç®¡çå','2017-08-28 17:43:39','ç®¡çå','2017-08-28 17:43:39'),('0104','01',NULL,'æµè¯','','ç®¡çå','2017-11-08 14:00:53','ç®¡çå','2017-11-08 14:00:57'),('0105','01',NULL,'è®¾å¤è°è¯',NULL,'huluadmin','2018-03-16 18:31:19','huluadmin','2018-03-16 18:31:19');
/*!40000 ALTER TABLE `sys_organize` ENABLE KEYS */;
UNLOCK TABLES;

--
-- Table structure for table `sys_organizerolemap`
--

DROP TABLE IF EXISTS `sys_organizerolemap`;
/*!40101 SET @saved_cs_client     = @@character_set_client */;
/*!40101 SET character_set_client = utf8 */;
CREATE TABLE `sys_organizerolemap` (
  `ID` int(11) NOT NULL AUTO_INCREMENT,
  `OrganizeCode` varchar(100) NOT NULL,
  `RoleCode` varchar(100) NOT NULL,
  PRIMARY KEY (`ID`),
  KEY `OrganizeCode` (`OrganizeCode`),
  KEY `RoleCode` (`RoleCode`),
  CONSTRAINT `R_38` FOREIGN KEY (`OrganizeCode`) REFERENCES `sys_organize` (`OrganizeCode`),
  CONSTRAINT `R_39` FOREIGN KEY (`RoleCode`) REFERENCES `sys_role` (`RoleCode`)
) ENGINE=InnoDB DEFAULT CHARSET=utf8;
/*!40101 SET character_set_client = @saved_cs_client */;

--
-- Dumping data for table `sys_organizerolemap`
--

LOCK TABLES `sys_organizerolemap` WRITE;
/*!40000 ALTER TABLE `sys_organizerolemap` DISABLE KEYS */;
/*!40000 ALTER TABLE `sys_organizerolemap` ENABLE KEYS */;
UNLOCK TABLES;

--
-- Table structure for table `sys_parameter`
--

DROP TABLE IF EXISTS `sys_parameter`;
/*!40101 SET @saved_cs_client     = @@character_set_client */;
/*!40101 SET character_set_client = utf8 */;
CREATE TABLE `sys_parameter` (
  `ParamCode` varchar(100) NOT NULL,
  `ParamValue` varchar(200) DEFAULT NULL,
  `IsUserEditable` bit(1) DEFAULT NULL,
  `Description` text,
  `CreatePerson` varchar(100) DEFAULT NULL,
  `CreateDate` datetime DEFAULT NULL,
  `UpdatePerson` varchar(100) DEFAULT NULL,
  `UpdateDate` datetime DEFAULT NULL,
  PRIMARY KEY (`ParamCode`)
) ENGINE=InnoDB DEFAULT CHARSET=utf8;
/*!40101 SET character_set_client = @saved_cs_client */;

--
-- Dumping data for table `sys_parameter`
--

LOCK TABLES `sys_parameter` WRITE;
/*!40000 ALTER TABLE `sys_parameter` DISABLE KEYS */;
INSERT INTO `sys_parameter` VALUES ('SYS_CORPYRIGHT','Copyright  2016-2020 RDAS, All Rights Reserved',_binary '','çæä¿¡æ¯',NULL,'2013-07-15 15:21:20','ç®¡çå','2017-11-04 19:26:59'),('SYS_NAME','ä»ªè¡¨ç©èç½å¤§æ°æ®å¹³å°',_binary '','ç³»ç»åç§°',NULL,NULL,'ç®¡çå','2017-11-14 15:15:35');
/*!40000 ALTER TABLE `sys_parameter` ENABLE KEYS */;
UNLOCK TABLES;

--
-- Table structure for table `sys_permission`
--

DROP TABLE IF EXISTS `sys_permission`;
/*!40101 SET @saved_cs_client     = @@character_set_client */;
/*!40101 SET character_set_client = utf8 */;
CREATE TABLE `sys_permission` (
  `PermissionCode` varchar(100) NOT NULL,
  `PermissionName` varchar(200) DEFAULT NULL,
  `ParentCode` varchar(100) DEFAULT NULL,
  `CreatePerson` varchar(100) DEFAULT NULL,
  `CreateDate` datetime DEFAULT NULL,
  `UpdatePerson` varchar(100) DEFAULT NULL,
  `UpdateDate` datetime DEFAULT NULL,
  PRIMARY KEY (`PermissionCode`)
) ENGINE=InnoDB DEFAULT CHARSET=utf8;
/*!40101 SET character_set_client = @saved_cs_client */;

--
-- Dumping data for table `sys_permission`
--

LOCK TABLES `sys_permission` WRITE;
/*!40000 ALTER TABLE `sys_permission` DISABLE KEYS */;
/*!40000 ALTER TABLE `sys_permission` ENABLE KEYS */;
UNLOCK TABLES;

--
-- Table structure for table `sys_role`
--

DROP TABLE IF EXISTS `sys_role`;
/*!40101 SET @saved_cs_client     = @@character_set_client */;
/*!40101 SET character_set_client = utf8 */;
CREATE TABLE `sys_role` (
  `RoleCode` varchar(100) NOT NULL,
  `RoleSeq` varchar(10) DEFAULT NULL,
  `RoleName` varchar(200) DEFAULT NULL,
  `Description` text,
  `CreatePerson` varchar(100) DEFAULT NULL,
  `CreateDate` datetime DEFAULT NULL,
  `UpdatePerson` varchar(100) DEFAULT NULL,
  `UpdateDate` datetime DEFAULT NULL,
  PRIMARY KEY (`RoleCode`)
) ENGINE=InnoDB DEFAULT CHARSET=utf8;
/*!40101 SET character_set_client = @saved_cs_client */;

--
-- Dumping data for table `sys_role`
--

LOCK TABLES `sys_role` WRITE;
/*!40000 ALTER TABLE `sys_role` DISABLE KEYS */;
INSERT INTO `sys_role` VALUES ('czcf','6','å¸¸å·è¯ä¸°ä¸´æ¶è§è²','éååè½','huluadmin','2019-11-21 09:01:32','æå¤§ç®¡çå','2019-11-21 09:01:50'),('default','2','æ°å»ºç¨æ·é»è®¤è§è²','ä¸è¦å é¤ï¼æ®éæ°´å¡å¬å¸é»è®¤éç½®æ­¤è§è²','ç®¡çå','2017-03-30 10:04:29','ç®¡çå','2017-03-30 10:09:13'),('demo','31','æ¸¸å®¢','æ¸¸å®¢','ç®¡çå','2017-02-16 10:06:24','ç®¡çå','2017-02-16 10:06:24'),('engineer','5','è®¾å¤è°è¯è§è²','è®¾å¤è°è¯ç®¡çåè§è²','huluadmin','2018-03-16 18:14:06','huluadmin','2018-03-16 18:14:06'),('manager','3','è®¾å¤åå®¶ç®¡çå','è®¾å¤åå®¶çæå¤§çº§ç®¡çå','ç®¡çå','2017-03-30 10:08:37','ç®¡çå','2017-03-30 10:09:52'),('shbf','4','ä¸æµ·è´è²å®ä½','å®ä½åè½','huluadmin','2020-09-07 09:53:41','æå¤§ç®¡çå','2020-12-23 09:14:30'),('super','1','è¶çº§ç®¡çå','è¶çº§ç®¡çåï¼ä¸è½å é¤','lhs','2013-05-17 11:25:50','æå¤§ç®¡çå','2018-03-15 15:26:03');
/*!40000 ALTER TABLE `sys_role` ENABLE KEYS */;
UNLOCK TABLES;

--
-- Table structure for table `sys_rolemenubuttonmap`
--

DROP TABLE IF EXISTS `sys_rolemenubuttonmap`;
/*!40101 SET @saved_cs_client     = @@character_set_client */;
/*!40101 SET character_set_client = utf8 */;
CREATE TABLE `sys_rolemenubuttonmap` (
  `ID` int(11) NOT NULL AUTO_INCREMENT,
  `RoleCode` varchar(100) DEFAULT NULL,
  `MenuCode` varchar(100) DEFAULT NULL,
  `ButtonCode` varchar(20) DEFAULT NULL,
  PRIMARY KEY (`ID`),
  KEY `ButtonCode` (`ButtonCode`),
  KEY `MenuCode` (`MenuCode`),
  KEY `RoleCode` (`RoleCode`),
  CONSTRAINT `FK__sys_roleM__Butto__27F8EE98` FOREIGN KEY (`ButtonCode`) REFERENCES `sys_button` (`ButtonCode`),
  CONSTRAINT `FK__sys_roleM__MenuC__28ED12D1` FOREIGN KEY (`MenuCode`) REFERENCES `sys_menu` (`MenuCode`),
  CONSTRAINT `FK__sys_roleM__RoleC__29E1370A` FOREIGN KEY (`RoleCode`) REFERENCES `sys_role` (`RoleCode`)
) ENGINE=InnoDB DEFAULT CHARSET=utf8;
/*!40101 SET character_set_client = @saved_cs_client */;

--
-- Dumping data for table `sys_rolemenubuttonmap`
--

LOCK TABLES `sys_rolemenubuttonmap` WRITE;
/*!40000 ALTER TABLE `sys_rolemenubuttonmap` DISABLE KEYS */;
/*!40000 ALTER TABLE `sys_rolemenubuttonmap` ENABLE KEYS */;
UNLOCK TABLES;

--
-- Table structure for table `sys_rolemenucolumnmap`
--

DROP TABLE IF EXISTS `sys_rolemenucolumnmap`;
/*!40101 SET @saved_cs_client     = @@character_set_client */;
/*!40101 SET character_set_client = utf8 */;
CREATE TABLE `sys_rolemenucolumnmap` (
  `ID` int(11) NOT NULL AUTO_INCREMENT,
  `RoleCode` varchar(100) DEFAULT NULL,
  `MenuCode` varchar(100) DEFAULT NULL,
  `IsReject` bit(1) DEFAULT NULL,
  `FieldName` varchar(100) DEFAULT NULL,
  PRIMARY KEY (`ID`),
  KEY `MenuCode` (`MenuCode`),
  KEY `RoleCode` (`RoleCode`),
  CONSTRAINT `FK__sys_roleC__MenuC__36470DEF` FOREIGN KEY (`MenuCode`) REFERENCES `sys_menu` (`MenuCode`),
  CONSTRAINT `FK__sys_roleC__RoleC__3552E9B6` FOREIGN KEY (`RoleCode`) REFERENCES `sys_role` (`RoleCode`)
) ENGINE=InnoDB DEFAULT CHARSET=utf8;
/*!40101 SET character_set_client = @saved_cs_client */;

--
-- Dumping data for table `sys_rolemenucolumnmap`
--

LOCK TABLES `sys_rolemenucolumnmap` WRITE;
/*!40000 ALTER TABLE `sys_rolemenucolumnmap` DISABLE KEYS */;
/*!40000 ALTER TABLE `sys_rolemenucolumnmap` ENABLE KEYS */;
UNLOCK TABLES;

--
-- Table structure for table `sys_rolemenumap`
--

DROP TABLE IF EXISTS `sys_rolemenumap`;
/*!40101 SET @saved_cs_client     = @@character_set_client */;
/*!40101 SET character_set_client = utf8 */;
CREATE TABLE `sys_rolemenumap` (
  `ID` int(11) NOT NULL AUTO_INCREMENT,
  `RoleCode` varchar(100) DEFAULT NULL,
  `MenuCode` varchar(100) DEFAULT NULL,
  PRIMARY KEY (`ID`),
  KEY `MenuCode` (`MenuCode`),
  KEY `RoleCode` (`RoleCode`),
  CONSTRAINT `FK__SysRoleFu__Funct__0D7A0286` FOREIGN KEY (`MenuCode`) REFERENCES `sys_menu` (`MenuCode`),
  CONSTRAINT `FK__SysRoleFu__RoleC__0C85DE4D` FOREIGN KEY (`RoleCode`) REFERENCES `sys_role` (`RoleCode`)
) ENGINE=InnoDB AUTO_INCREMENT=13691 DEFAULT CHARSET=utf8;
/*!40101 SET character_set_client = @saved_cs_client */;

--
-- Dumping data for table `sys_rolemenumap`
--

LOCK TABLES `sys_rolemenumap` WRITE;
/*!40000 ALTER TABLE `sys_rolemenumap` DISABLE KEYS */;
INSERT INTO `sys_rolemenumap` VALUES (12984,'demo','44'),(12985,'demo','4407'),(12986,'demo','99'),(13135,'super','55'),(13158,'super','66'),(13191,'super','77'),(13197,'super','88'),(13209,'super','10'),(13210,'super','1001'),(13214,'super','1002'),(13219,'super','1003'),(13223,'super','1004'),(13225,'super','44'),(13226,'super','4401'),(13227,'super','4402'),(13228,'super','4403'),(13229,'super','4404'),(13230,'super','4405'),(13231,'super','4406'),(13232,'super','4407'),(13233,'super','99'),(13245,'default','55'),(13268,'default','88'),(13270,'default','44'),(13271,'default','4407'),(13272,'default','99'),(13320,'engineer','55'),(13343,'engineer','66'),(13376,'engineer','77'),(13381,'engineer','88'),(13388,'engineer','44'),(13389,'engineer','4407'),(13390,'engineer','99'),(13394,'czcf','10'),(13395,'czcf','1002'),(13399,'czcf','1003'),(13448,'manager','55'),(13471,'manager','66'),(13484,'manager','88'),(13487,'manager','44'),(13488,'manager','4407'),(13489,'manager','99'),(13654,'shbf','55'),(13677,'shbf','88'),(13679,'shbf','10'),(13680,'shbf','1002'),(13684,'shbf','1003'),(13688,'shbf','44'),(13689,'shbf','4407'),(13690,'shbf','99');
/*!40000 ALTER TABLE `sys_rolemenumap` ENABLE KEYS */;
UNLOCK TABLES;

--
-- Table structure for table `sys_rolepermissionmap`
--

DROP TABLE IF EXISTS `sys_rolepermissionmap`;
/*!40101 SET @saved_cs_client     = @@character_set_client */;
/*!40101 SET character_set_client = utf8 */;
CREATE TABLE `sys_rolepermissionmap` (
  `ID` int(11) NOT NULL AUTO_INCREMENT,
  `RoleCode` varchar(100) DEFAULT NULL,
  `PermissionCode` varchar(100) DEFAULT NULL,
  `IsDefault` bit(1) DEFAULT NULL,
  PRIMARY KEY (`ID`),
  KEY `PermissionCode` (`PermissionCode`),
  KEY `RoleCode` (`RoleCode`),
  CONSTRAINT `FK__sys_roleA__AuthC__2EA5EC27` FOREIGN KEY (`PermissionCode`) REFERENCES `sys_permission` (`PermissionCode`),
  CONSTRAINT `FK__sys_roleA__RoleC__2F9A1060` FOREIGN KEY (`RoleCode`) REFERENCES `sys_role` (`RoleCode`)
) ENGINE=InnoDB DEFAULT CHARSET=utf8;
/*!40101 SET character_set_client = @saved_cs_client */;

--
-- Dumping data for table `sys_rolepermissionmap`
--

LOCK TABLES `sys_rolepermissionmap` WRITE;
/*!40000 ALTER TABLE `sys_rolepermissionmap` DISABLE KEYS */;
/*!40000 ALTER TABLE `sys_rolepermissionmap` ENABLE KEYS */;
UNLOCK TABLES;

--
-- Table structure for table `sys_systemalarm`
--

DROP TABLE IF EXISTS `sys_systemalarm`;
/*!40101 SET @saved_cs_client     = @@character_set_client */;
/*!40101 SET character_set_client = utf8 */;
CREATE TABLE `sys_systemalarm` (
  `ReceiveSoftRecordTime` datetime NOT NULL,
  `FlowSoftRecordTime` datetime NOT NULL,
  `CDiskSpace` double NOT NULL,
  `DataBaseDiskSpace` double NOT NULL
) ENGINE=InnoDB DEFAULT CHARSET=utf8;
/*!40101 SET character_set_client = @saved_cs_client */;

--
-- Dumping data for table `sys_systemalarm`
--

LOCK TABLES `sys_systemalarm` WRITE;
/*!40000 ALTER TABLE `sys_systemalarm` DISABLE KEYS */;
INSERT INTO `sys_systemalarm` VALUES ('2021-07-02 09:36:39','2021-06-08 22:01:10',24,0);
/*!40000 ALTER TABLE `sys_systemalarm` ENABLE KEYS */;
UNLOCK TABLES;

--
-- Table structure for table `sys_user`
--

DROP TABLE IF EXISTS `sys_user`;
/*!40101 SET @saved_cs_client     = @@character_set_client */;
/*!40101 SET character_set_client = utf8 */;
CREATE TABLE `sys_user` (
  `UserCode` varchar(100) NOT NULL,
  `UserSeq` varchar(10) DEFAULT NULL,
  `UserName` varchar(200) DEFAULT NULL,
  `Description` text,
  `Password` varchar(200) DEFAULT NULL,
  `RoleName` text,
  `OrganizeName` text,
  `ConfigJSON` text,
  `IsEnable` bit(1) DEFAULT NULL,
  `LoginCount` int(11) DEFAULT NULL,
  `LastLoginDate` datetime DEFAULT NULL,
  `CreatePerson` varchar(100) DEFAULT NULL,
  `CreateDate` datetime DEFAULT NULL,
  `UpdatePerson` varchar(100) DEFAULT NULL,
  `UpdateDate` datetime DEFAULT NULL,
  PRIMARY KEY (`UserCode`)
) ENGINE=InnoDB DEFAULT CHARSET=utf8;
/*!40101 SET character_set_client = @saved_cs_client */;

--
-- Dumping data for table `sys_user`
--

LOCK TABLES `sys_user` WRITE;
/*!40000 ALTER TABLE `sys_user` DISABLE KEYS */;
INSERT INTO `sys_user` VALUES ('admin',NULL,'ç®¡çå','æå¤§ç®¡çå','B3512467431E253CF9483DD661400E655DB6836C',NULL,NULL,NULL,_binary '\0',2461,'2018-03-15 15:15:07','åä¼è','2013-10-09 16:33:47','å¼å°ä»ªè¡¨','2018-09-18 14:31:10'),('bjglp',NULL,'åäº¬æ ¼ä¹æ®','20/9/18 åäº¬æ ¼ä¹æ®','6ED5833CF35286EBF8662B7B5949F0D742BBEC3F',NULL,NULL,NULL,_binary '',NULL,NULL,'huluadmin','2020-09-18 13:29:09','huluadmin','2020-09-18 13:29:09'),('bjyd',NULL,'åäº¬è¿ä¸','18/7/10 åäº¬è¿ä¸ å¼ ææ·»å ','6ED5833CF35286EBF8662B7B5949F0D742BBEC3F',NULL,NULL,NULL,_binary '',NULL,NULL,'huluadmin','2018-07-10 08:59:24','huluadmin','2018-07-10 08:59:24'),('bkswlq',NULL,'ä¸´æ¸åæ§æ°´å¡','å¼å°ä»ªè¡¨å®¢æ·ï¼ç¿å¸æ·»å ','29C76C89A1447351EF44AF8EA78D426774D7D280',NULL,NULL,NULL,_binary '',6885,'2020-12-12 16:42:36','kfyb','2019-05-27 09:35:50','å¼å°ä»ªè¡¨','2019-07-06 16:10:23'),('bms',NULL,'æ®å®ä¾æ°´ç½é©¬æ','å¼å°ä»ªè¡¨å®¢æ·ï¼ç¿å¸æ·»å ','6ED5833CF35286EBF8662B7B5949F0D742BBEC3F',NULL,NULL,NULL,_binary '',NULL,NULL,'kfyb','2018-12-25 14:51:07','å¼å°ä»ªè¡¨','2018-12-25 14:51:21'),('BTRD',NULL,'BTRD','19/10/16 å¼å°ç¾ç¹ç¨æ·','6ED5833CF35286EBF8662B7B5949F0D742BBEC3F',NULL,NULL,NULL,_binary '',NULL,NULL,'huluadmin','2019-10-16 11:08:37','huluadmin','2019-10-16 11:08:37'),('btsd',NULL,'æ¿å¾·æ¬ç¹æè¾¾','18/10/17 æ¿å¾·æ¬ç¹æè¾¾   å¼ ææ·»å ','769E20EEC067907A9C7E3497679D8F1D4FDD0050',NULL,NULL,NULL,_binary '',4713,'2021-02-01 12:46:22','huluadmin','2018-10-18 08:25:41','huluadmin','2018-10-18 08:25:41'),('BTSKD',NULL,'BTSKD','19/10/16 å¼å°ç¾ç¹ç¨æ·','6ED5833CF35286EBF8662B7B5949F0D742BBEC3F',NULL,NULL,NULL,_binary '',NULL,NULL,'huluadmin','2019-10-16 11:09:06','huluadmin','2019-10-16 11:09:06'),('BTYDHG',NULL,'BTYDHG','19/10/16 å¼å°ç¾ç¹ç¨æ·','6ED5833CF35286EBF8662B7B5949F0D742BBEC3F',NULL,NULL,NULL,_binary '',NULL,NULL,'huluadmin','2019-10-16 11:08:17','huluadmin','2019-10-16 11:08:17'),('cdbt',NULL,'æ¿å¾·å®é','18/1/24 æ»¦å¹³æ°´æ¿å®¢æ·  å¼ ææ·»å ','6ED5833CF35286EBF8662B7B5949F0D742BBEC3F',NULL,NULL,NULL,_binary '',NULL,NULL,'admin','2018-01-24 14:04:42','æå¤§ç®¡çå','2018-09-05 18:49:16'),('cdtb',NULL,'æ¿å¾·å¤©å®','18/1/24 æ»¦å¹³æ°´æ¿å®¢æ· å¼ ææ·»å ','6ED5833CF35286EBF8662B7B5949F0D742BBEC3F',NULL,NULL,NULL,_binary '',NULL,NULL,'admin','2018-01-24 14:05:12','ç®¡çå','2018-03-09 16:47:44'),('chhnt',NULL,'æå®æ··åå/DN50','ç¾ç¹ç¨æ·','6ED5833CF35286EBF8662B7B5949F0D742BBEC3F',NULL,NULL,NULL,_binary '',NULL,NULL,'huluadmin','2019-08-12 10:51:05','huluadmin','2019-08-12 10:51:05'),('cqhyz',NULL,'æç¥ºçº¢å»æ®/DN32','19/7/29 ç¾ç¹ç¨æ·','6ED5833CF35286EBF8662B7B5949F0D742BBEC3F',NULL,NULL,NULL,_binary '',NULL,NULL,'huluadmin','2019-07-29 11:15:43','huluadmin','2019-07-29 11:15:43'),('csxgpgs',NULL,'é¿é¡ºå¿ä¾ææ°´å¬å¸','ç¾ç¹ç¨æ·','6ED5833CF35286EBF8662B7B5949F0D742BBEC3F',NULL,NULL,NULL,_binary '',NULL,NULL,'huluadmin','2020-05-28 10:15:52','huluadmin','2020-05-28 10:15:52'),('czcf',NULL,'å¸¸å·æä¸°','18/3/9 å¸¸å·æä¸°ï¼6000273IDå·ä¸ç¬¦ï¼éè¦å®¢æ·åé¦ï¼','6ED5833CF35286EBF8662B7B5949F0D742BBEC3F',NULL,NULL,NULL,_binary '',2207,'2021-02-01 09:22:09','admin','2018-03-09 13:32:59','æå¤§ç®¡çå','2018-05-09 11:32:06'),('dhsw',NULL,'ä¸æµ·æ°´å¡','18/7/4  è¥¿å°¼å°ç¨æ· å¼ ææ·»å ','371C5DDC91F8633D728A5C71DB8A7966CAC89FDA',NULL,NULL,NULL,_binary '',18554,'2021-02-01 19:56:40','huluadmin','2019-03-26 13:40:45','huluadmin','2019-03-26 13:40:45'),('dlcz',NULL,'å¤§è¿è¯å¿æµä½æå¥è®¾å¤æéå¬å¸','18/8/24  å¼å°ç¾ç¹ç¨æ·   ï¼8/24å·è¡¥å¡ï¼','6ED5833CF35286EBF8662B7B5949F0D742BBEC3F',NULL,NULL,NULL,_binary '',NULL,NULL,'huluadmin','2018-08-24 14:22:01','huluadmin','2018-08-24 14:22:01'),('DLGPSGS',NULL,'DLGPSGS','20/7/2  ç¾ç¹ç¨æ·','6ED5833CF35286EBF8662B7B5949F0D742BBEC3F',NULL,NULL,NULL,_binary '',NULL,NULL,'huluadmin','2020-07-02 11:36:30','huluadmin','2020-07-02 11:36:30'),('dsqz',NULL,'å¾·èæ¸ç/DN45','19/7/29 ç¾ç¹ç¨æ·','6ED5833CF35286EBF8662B7B5949F0D742BBEC3F',NULL,NULL,NULL,_binary '',NULL,NULL,'huluadmin','2019-07-29 11:13:12','huluadmin','2019-07-29 11:13:12'),('fjsr',NULL,'ç¦å»ºä¸æ¶¦','2020/1/6 ç¦å»ºä¸æ¶¦','6ED5833CF35286EBF8662B7B5949F0D742BBEC3F',NULL,NULL,NULL,_binary '',NULL,NULL,'huluadmin','2020-01-07 09:46:44','huluadmin','2020-01-07 09:46:44'),('fysw',NULL,'å¯æºæ°´å¡','20/7/27 ä¸æµ·äº¿å´ç¨æ·','6ED5833CF35286EBF8662B7B5949F0D742BBEC3F',NULL,NULL,NULL,_binary '',NULL,NULL,'huluadmin','2020-07-27 13:15:16','huluadmin','2020-07-27 13:15:16'),('gdxhsw',NULL,'å¹¿ä¸æ°ä¼æ°´å¡','å¼å°ä»ªè¡¨å®¢æ· ç¿å¸æ·»å ','6ED5833CF35286EBF8662B7B5949F0D742BBEC3F',NULL,NULL,NULL,_binary '',7456,'2021-02-01 19:17:59','kfyb','2019-07-01 08:37:21','å¼å°ä»ªè¡¨','2019-07-01 08:38:42'),('gmck',NULL,'æ ¼çæµæ§','19/1/30 æ ¼çæµæ§  å¼ ææ·»å ','6ED5833CF35286EBF8662B7B5949F0D742BBEC3F',NULL,NULL,NULL,_binary '',NULL,NULL,'huluadmin','2019-01-30 14:29:05','huluadmin','2019-01-30 14:29:05'),('guest',NULL,'è®¿å®¢','è½¦é´ä½¿ç¨','6ED5833CF35286EBF8662B7B5949F0D742BBEC3F',NULL,NULL,NULL,_binary '',9508,'2021-02-01 16:56:28','huluadmin','2018-11-16 14:58:42','huluadmin','2018-11-16 14:58:42'),('guest1',NULL,'guest','17/11/21 å¼å°ä»ªè¡¨å®¢æ·è´¦å·ï¼å¼ ææ·»å ','6ED5833CF35286EBF8662B7B5949F0D742BBEC3F',NULL,NULL,NULL,_binary '',2934,'2021-02-01 15:59:23','ç®¡çå','2017-11-21 15:36:30','ç®¡çå','2018-03-06 15:55:32'),('gzgc',NULL,'å¹¿å·å¹¿å·ä¿¡ä¸°','18/7/12  å¼å°ç§éç¨æ·  å¼ ææ·»å ','6ED5833CF35286EBF8662B7B5949F0D742BBEC3F',NULL,NULL,NULL,_binary '',2336,'2021-02-01 15:01:42','huluadmin','2018-07-12 16:31:12','æå¤§ç®¡çå','2018-07-13 15:45:19'),('hbwcsgs',NULL,'æµ·åæ¹¾åå¸ä¾æ°´','17/12/05 å¼å°ç²¾ååç»  å¼ ææ·»å ï¼ç²¾åå®¢æ·æ²¡äº¤è´¹29å°ï¼','6ED5833CF35286EBF8662B7B5949F0D742BBEC3F',NULL,NULL,NULL,_binary '',2692,'2021-01-25 17:04:07','admin','2017-12-06 09:16:35','ç®¡çå','2018-03-07 16:18:29'),('hftw',NULL,'åè¥å¤©ç»´','17/12/07 åè¥å¤©ç»´  å¼ ææ·»å ','6ED5833CF35286EBF8662B7B5949F0D742BBEC3F',NULL,NULL,NULL,_binary '',NULL,NULL,'admin','2017-12-07 08:25:11','ç®¡çå','2018-02-26 08:58:08'),('hfxc',NULL,'åè¥è¯ç¿','19/11/6 åè¥è¯ç¿','6ED5833CF35286EBF8662B7B5949F0D742BBEC3F',NULL,NULL,NULL,_binary '',NULL,NULL,'huluadmin','2019-11-06 09:51:44','huluadmin','2019-11-06 09:51:44'),('hjkj',NULL,'åæ°ç§ææéå¬å¸','18/1/31 ææåæ°ç§ææéå¬å¸  å¼ ææ·»å ï¼7å°èªå·±å¸¦å¡å·²äº¤è´¹1å¹´ï¼','6ED5833CF35286EBF8662B7B5949F0D742BBEC3F',NULL,NULL,NULL,_binary '',4117,'2021-02-01 09:01:34','admin','2018-01-31 14:27:55','ç®¡çå','2018-02-01 10:50:16'),('hmsz',NULL,'æ´ªåºæ°´ç«','18/12/24  ä¸æµ·é¶æµç¨æ·  å¼ ææ·»å ','6ED5833CF35286EBF8662B7B5949F0D742BBEC3F',NULL,NULL,NULL,_binary '',NULL,NULL,'huluadmin','2018-12-24 10:32:49','huluadmin','2018-12-24 10:32:49'),('hnxy',NULL,'æ¹åæ¹é´','19/10/15 å¼å°ç¾ç¹ç¨æ·','6ED5833CF35286EBF8662B7B5949F0D742BBEC3F',NULL,NULL,NULL,_binary '',NULL,NULL,'huluadmin','2019-10-15 16:17:52','huluadmin','2019-10-15 16:17:52'),('huluadmin',NULL,'æå¤§ç®¡çå','çæ§çåå»º','368FF3D830025D2A7F7C7FE24439E88BECCDAA6C',NULL,NULL,NULL,_binary '',4329,'2021-07-05 21:49:27','hulu','2018-03-15 15:32:45','hulu','2018-03-15 15:32:45'),('hy',NULL,'æµ·è¿','19/10/28   æ²æµ·ç­åç¨æ·','6ED5833CF35286EBF8662B7B5949F0D742BBEC3F',NULL,NULL,NULL,_binary '',NULL,NULL,'huluadmin','2019-10-28 14:07:25','huluadmin','2019-10-28 14:07:25'),('hysw',NULL,'ææºæ°´å¡','17/12/05 ææºæ°´å¡  å¼ ææ·»å ','6ED5833CF35286EBF8662B7B5949F0D742BBEC3F',NULL,NULL,NULL,_binary '',NULL,NULL,'admin','2017-12-05 15:01:29','ç®¡çå','2018-02-26 09:01:30'),('hzjt',NULL,'æ­å·éç°','17/8/21  æ­å·éç°   ','6ED5833CF35286EBF8662B7B5949F0D742BBEC3F',NULL,NULL,NULL,_binary '',NULL,NULL,'huluadmin','2018-05-29 08:35:23','æå¤§ç®¡çå','2018-08-23 15:38:29'),('jmst',NULL,' ä½³æåç ¼/DN40','ç¾ç¹ç¨æ·','6ED5833CF35286EBF8662B7B5949F0D742BBEC3F',NULL,NULL,NULL,_binary '',NULL,NULL,'huluadmin','2019-08-12 10:50:33','huluadmin','2019-08-12 10:50:33'),('jnht',NULL,'æµå®æé','18/10/8  è´æ¯ç¹ç¨æ·  å¼ ææ·»å ','6ED5833CF35286EBF8662B7B5949F0D742BBEC3F',NULL,NULL,NULL,_binary '',3837,'2021-02-01 13:15:15','huluadmin','2018-10-08 13:19:09','huluadmin','2018-10-08 13:19:09'),('jsbks',NULL,'æ±èååæ¯','20/9/21  ç¾ç¹ç¨æ·','6ED5833CF35286EBF8662B7B5949F0D742BBEC3F',NULL,NULL,NULL,_binary '',NULL,NULL,'huluadmin','2020-10-22 15:58:14','huluadmin','2020-10-22 15:58:14'),('JShenghe',NULL,'æ±èæ¨ªæ²³','20/10/21 æ±èæ¨ªæ²³','6ED5833CF35286EBF8662B7B5949F0D742BBEC3F',NULL,NULL,NULL,_binary '',NULL,NULL,'huluadmin','2020-10-20 14:16:35','huluadmin','2020-10-20 14:16:35'),('jshhcs',NULL,'æ±èåæµ·æµè¯','19/11/19  æ±èåæµ·æµè¯è´¦å·','6ED5833CF35286EBF8662B7B5949F0D742BBEC3F',NULL,NULL,NULL,_binary '',NULL,NULL,'huluadmin','2019-11-19 08:35:19','huluadmin','2019-11-19 08:35:19'),('jsjh',NULL,'æ±èéç¦¾','18/4/10 æ±èéç¦¾  å¼ ææ·»å ','6ED5833CF35286EBF8662B7B5949F0D742BBEC3F',NULL,NULL,NULL,_binary '',NULL,NULL,'huluadmin','2018-04-10 13:57:44','æå¤§ç®¡çå','2020-05-06 14:00:40'),('jssp',NULL,'æ±èä¸æ®','2020/5/25  æ±èä¸æ®','6ED5833CF35286EBF8662B7B5949F0D742BBEC3F',NULL,NULL,NULL,_binary '',NULL,NULL,'huluadmin','2020-05-25 15:45:30','huluadmin','2020-05-25 15:45:30'),('JXSJ',NULL,'JXSJ','20/9/21 è®¯å°ç¨æ·','6ED5833CF35286EBF8662B7B5949F0D742BBEC3F',NULL,NULL,NULL,_binary '',NULL,NULL,'huluadmin','2020-09-21 11:56:57','huluadmin','2020-09-21 11:56:57'),('kfdb',NULL,'å¼å°å¾·å®','20/10/28 å¼å°å¾·å®','6ED5833CF35286EBF8662B7B5949F0D742BBEC3F',NULL,NULL,NULL,_binary '',NULL,NULL,'huluadmin','2020-10-29 13:58:15','huluadmin','2020-10-29 13:58:15'),('kfgh',NULL,'å¼å°åå','18/5/14  å¼å°åå   å¼ ææ·»å ','6ED5833CF35286EBF8662B7B5949F0D742BBEC3F',NULL,NULL,NULL,_binary '',NULL,NULL,'huluadmin','2018-05-14 12:51:46','æå¤§ç®¡çå','2018-05-21 12:51:12'),('kfhh',NULL,'å¼å°æ¨ªæ²³','17/11/03   å¼å°æ¨ªæ²³  å¼ ææ·»å ï¼3å°å¸¦ç©èå¡çå·²å¼æ¾ï¼','6ED5833CF35286EBF8662B7B5949F0D742BBEC3F',NULL,NULL,NULL,_binary '',4339,'2021-02-01 17:16:32','ç®¡çå','2017-11-03 16:12:47','ç®¡çå','2018-03-05 10:08:20'),('kfkc',NULL,'å¼å°å¼å','18/3/6 å¼å°å¼å  å¼ ææ·»å ','6ED5833CF35286EBF8662B7B5949F0D742BBEC3F',NULL,NULL,NULL,_binary '',NULL,NULL,'admin','2018-03-06 09:38:41','æå¤§ç®¡çå','2020-05-06 14:00:47'),('kfqc',NULL,'å¼å°å¯å','20/7/27 å¼å°å¯å','6ED5833CF35286EBF8662B7B5949F0D742BBEC3F',NULL,NULL,NULL,_binary '',NULL,NULL,'huluadmin','2020-07-27 11:25:25','huluadmin','2020-07-27 11:25:25'),('kfqt',NULL,'å¼å°éå¤©','17/11/06   å¼å°éå¤©    å¼ ææ·»å   ','6ED5833CF35286EBF8662B7B5949F0D742BBEC3F',NULL,NULL,NULL,_binary '',2906,'2021-02-01 14:04:33','ç®¡çå','2017-11-06 12:41:01','æå¤§ç®¡çå','2018-12-20 10:41:58'),('kfsd',NULL,'å¼å°çè¾¾','19/7/12  å¼å°çè¾¾','6ED5833CF35286EBF8662B7B5949F0D742BBEC3F',NULL,NULL,NULL,_binary '',NULL,NULL,'huluadmin','2019-07-12 15:16:35','huluadmin','2019-07-12 15:16:35'),('kfsmk',NULL,'å¼å°ç¡ç¾ç§','20/10/21   å¼å°ç¡ç¾ç§','6ED5833CF35286EBF8662B7B5949F0D742BBEC3F',NULL,NULL,NULL,_binary '',NULL,NULL,'huluadmin','2020-10-22 09:22:36','huluadmin','2020-10-22 09:22:36'),('kfxn',NULL,'å¼å°ä¿¡è¯º','19/11/26 å¼å°ä¿¡è¯º','6ED5833CF35286EBF8662B7B5949F0D742BBEC3F',NULL,NULL,NULL,_binary '',NULL,NULL,'huluadmin','2019-12-13 09:51:05','huluadmin','2019-12-13 09:51:05'),('kfyk',NULL,'å¼å°ä¼å¯','19/4/9   å¼å°ä¼å¯       å¼ ææ·»å ','6ED5833CF35286EBF8662B7B5949F0D742BBEC3F',NULL,NULL,NULL,_binary '',NULL,NULL,'huluadmin','2019-04-09 09:44:06','huluadmin','2019-04-09 09:44:06'),('kydczh',NULL,'å¼å°ä»ªè¡¨æéå¬å¸','å¼å°ä»ªè¡¨æéå¬å¸æµè¯ï¼éä¸å¿æ·»å ','6ED5833CF35286EBF8662B7B5949F0D742BBEC3F',NULL,NULL,NULL,_binary '',7747,'2021-01-28 10:24:21','kfyb','2017-10-11 17:12:48','ç®¡çå','2018-03-06 15:55:14'),('kysw',NULL,'åèå¤ç§æºæ°´å¡æéå¬å¸','18/4/2  å¼å°ç¾ç¹å®¢æ·  åèå¤ç§æºæ°´å¡   å¼ ææ·»å ','6ED5833CF35286EBF8662B7B5949F0D742BBEC3F',NULL,NULL,NULL,_binary '',NULL,NULL,'huluadmin','2018-04-02 13:01:32','æå¤§ç®¡çå','2020-05-06 14:00:57'),('ljgr4',NULL,'ljgr4','19/11/11 é¦ç§ç¨æ·','6ED5833CF35286EBF8662B7B5949F0D742BBEC3F',NULL,NULL,NULL,_binary '',NULL,NULL,'huluadmin','2019-11-11 10:09:38','huluadmin','2019-11-11 10:09:38'),('lpxdt',NULL,'æ»¦å¹³å¿å¤§å','18/1/24 æ»¦å¹³æ°´æ¿åç»  å¼ ææ·»å ','6ED5833CF35286EBF8662B7B5949F0D742BBEC3F',NULL,NULL,NULL,_binary '',NULL,NULL,'admin','2018-01-24 14:03:56','æå¤§ç®¡çå','2019-01-23 11:35:21'),('mege-tek',NULL,'mege-tek','20/11/20 å¼å°ç²¾åç¨æ·','6ED5833CF35286EBF8662B7B5949F0D742BBEC3F',NULL,NULL,NULL,_binary '',NULL,NULL,'huluadmin','2020-11-20 13:01:07','huluadmin','2020-11-20 13:01:07'),('microsensor',NULL,'éº¦åä¼ æå¨','18/4/8   éº¦åä¼ æå¨  å¼ ææ·»å ','6ED5833CF35286EBF8662B7B5949F0D742BBEC3F',NULL,NULL,NULL,_binary '',NULL,NULL,'huluadmin','2018-04-08 12:42:56','huluadmin','2018-04-08 12:42:56'),('NLTL',NULL,'NLTL','20/9/18 ç¾ç¹ç¨æ·','6ED5833CF35286EBF8662B7B5949F0D742BBEC3F',NULL,NULL,NULL,_binary '',NULL,NULL,'huluadmin','2020-09-18 13:36:08','huluadmin','2020-09-18 13:36:08'),('pasz',NULL,'å¹³å®æ°´ç«','18/12/24 ä¸æµ·é¶æµç¨æ·   å¼ ææ·»å ','6ED5833CF35286EBF8662B7B5949F0D742BBEC3F',NULL,NULL,NULL,_binary '',NULL,NULL,'huluadmin','2018-12-24 10:32:04','huluadmin','2018-12-24 10:32:04'),('plld',NULL,'å¼å°æ®æ´å°å¾·','20/7/27 å¼å°æ®æ´å°å¾·','6ED5833CF35286EBF8662B7B5949F0D742BBEC3F',NULL,NULL,NULL,_binary '',NULL,NULL,'huluadmin','2020-07-27 11:49:09','huluadmin','2020-07-27 11:49:09'),('prs',NULL,'æ®çæ¯','19/4/23  æ®çæ¯','6ED5833CF35286EBF8662B7B5949F0D742BBEC3F',NULL,NULL,NULL,_binary '',NULL,NULL,'huluadmin','2019-04-23 15:26:20','huluadmin','2019-04-23 15:26:20'),('QQGS',NULL,'QQGS','20/11/26  è®¯å°ç¨æ·','6ED5833CF35286EBF8662B7B5949F0D742BBEC3F',NULL,NULL,NULL,_binary '',NULL,NULL,'huluadmin','2020-11-26 14:17:48','huluadmin','2020-11-26 14:17:48'),('qqsz',NULL,'é±æ¡¥æ°´ç«','18/12/20 ä¸æµ·é¶æµç¨æ· å¼ ææ·»å ','6ED5833CF35286EBF8662B7B5949F0D742BBEC3F',NULL,NULL,NULL,_binary '',NULL,NULL,'huluadmin','2018-12-20 10:11:36','huluadmin','2018-12-20 10:11:36'),('shhj',NULL,'ä¸æµ·é¹¤å','20/10/15  ä¸æµ·é¹¤å','6ED5833CF35286EBF8662B7B5949F0D742BBEC3F',NULL,NULL,NULL,_binary '',NULL,NULL,'huluadmin','2020-10-15 09:38:17','huluadmin','2020-10-15 09:38:17'),('shhujiang',NULL,'ä¸æµ·æ²ªæ±','18/4/18  ä¸æµ·æ²ªæ±','6ED5833CF35286EBF8662B7B5949F0D742BBEC3F',NULL,NULL,NULL,_binary '',NULL,NULL,'huluadmin','2020-10-15 10:08:48','huluadmin','2020-10-15 10:08:48'),('shkc',NULL,'ä¸æµ·åº·å','20/10/20 ä¸æµ·åº·å','6ED5833CF35286EBF8662B7B5949F0D742BBEC3F',NULL,NULL,NULL,_binary '',NULL,NULL,'huluadmin','2020-10-20 10:43:40','huluadmin','2020-10-20 10:43:40'),('shsmc',NULL,'ä¸æµ·çèå','18/1/2 ä¸æµ·çèå å¼ ææ·»å ','6ED5833CF35286EBF8662B7B5949F0D742BBEC3F',NULL,NULL,NULL,_binary '',NULL,NULL,'admin','2018-01-02 13:11:20','æå¤§ç®¡çå','2020-05-06 14:01:13'),('SJZJC',NULL,'SJZJC','20/9/14 è®¯å°ç¨æ·','6ED5833CF35286EBF8662B7B5949F0D742BBEC3F',NULL,NULL,NULL,_binary '',NULL,NULL,'huluadmin','2020-09-14 13:21:32','huluadmin','2020-09-14 13:21:32'),('stsz',NULL,'åå¢æ°´ç«','18/12/26 ä¸æµ·é¶æµç¨æ·  å¼ ææ·»å ','6ED5833CF35286EBF8662B7B5949F0D742BBEC3F',NULL,NULL,NULL,_binary '',NULL,NULL,'huluadmin','2018-12-26 09:15:15','huluadmin','2018-12-26 09:15:15'),('sxtx',NULL,'ä¸æµ·ç³è¿éä¿¡','19/4/23  ä¸æµ·ç³è¿éä¿¡','6ED5833CF35286EBF8662B7B5949F0D742BBEC3F',NULL,NULL,NULL,_binary '',NULL,NULL,'huluadmin','2019-04-23 15:24:36','huluadmin','2019-04-23 15:24:36'),('syhrrl',NULL,'æ²é³åæ¶¦ç­å','17/12/27äº¤è´¹','D0888E3FF26CDE4BF62247280B89753C976FA0D4',NULL,NULL,NULL,_binary '',5375,'2021-02-01 17:50:12','ç®¡çå','2017-10-31 13:34:16','ç®¡çå','2018-03-08 11:31:15'),('syzkaw',NULL,'æ²é³ä¸­ç§å¥¥ç»´','19/10/21','6ED5833CF35286EBF8662B7B5949F0D742BBEC3F',NULL,NULL,NULL,_binary '',NULL,NULL,'huluadmin','2019-11-01 10:35:04','huluadmin','2019-11-01 10:35:04'),('szfly',NULL,'æ·±å³ä¸°å©æº','18/6/12  æ·±å³ä¸°å©æº   å¼ ææ·»å ','6ED5833CF35286EBF8662B7B5949F0D742BBEC3F',NULL,NULL,NULL,_binary '',NULL,NULL,'huluadmin','2018-06-12 16:46:17','huluadmin','2018-06-12 16:46:17'),('szwx',NULL,'æ·±å³ä¸è®¯','æ·±å³ä¸è®¯ 19/1/24   å¼ ææ·»å ','6ED5833CF35286EBF8662B7B5949F0D742BBEC3F',NULL,NULL,NULL,_binary '',NULL,NULL,'huluadmin','2019-02-26 15:04:41','huluadmin','2019-02-26 15:04:41'),('test',NULL,'å¤ç½æµè¯ç¨æ·','','6ED5833CF35286EBF8662B7B5949F0D742BBEC3F',NULL,NULL,NULL,_binary '',3337,'2021-06-30 08:47:43','ç®¡çå','2017-03-14 10:53:41','ç®¡çå','2017-12-16 14:23:46'),('test2',NULL,'test2','çé¦å®¢æ·æ¼ç¤º 17/8/31 å´å¤§ææ·»å ','6ED5833CF35286EBF8662B7B5949F0D742BBEC3F',NULL,NULL,NULL,_binary '',2297,'2021-07-05 21:47:35','ç®¡çå','2017-08-31 11:09:16','ç®¡çå','2017-08-31 11:09:16'),('TJAJWLKJ',NULL,'TJAJWLKJ','21/1/21 å¤©æ´¥è¿å°ç¨æ·','6ED5833CF35286EBF8662B7B5949F0D742BBEC3F',NULL,NULL,NULL,_binary '',NULL,NULL,'huluadmin','2021-01-26 13:33:28','huluadmin','2021-01-26 13:33:28'),('tjxeyh',NULL,'tjxe','18/10/15  å¤©æ´¥è¿å°æµè¯  å¼ ææ·»å ','6ED5833CF35286EBF8662B7B5949F0D742BBEC3F',NULL,NULL,NULL,_binary '',6335,'2021-02-01 15:51:20','huluadmin','2018-10-15 13:54:12','huluadmin','2018-10-15 13:54:12'),('tpys',NULL,'åå·åºè±è´«é¥®æ°´','2020/4/30 åæ°ç¨æ·','6ED5833CF35286EBF8662B7B5949F0D742BBEC3F',NULL,NULL,NULL,_binary '',NULL,NULL,'huluadmin','2020-04-30 11:44:01','huluadmin','2020-04-30 11:44:01'),('tszls',NULL,'éå±±èªæ¥æ°´','2020/4/13   å¤©æ´¥è¿å°ç¨æ·','6ED5833CF35286EBF8662B7B5949F0D742BBEC3F',NULL,NULL,NULL,_binary '',NULL,NULL,'huluadmin','2020-04-13 10:09:06','huluadmin','2020-04-13 10:09:06'),('whgs',NULL,'whgs','18/8/01  å¤©æ´¥è¿å°ç¨æ·  å¼ ææ·»å ','6ED5833CF35286EBF8662B7B5949F0D742BBEC3F',NULL,NULL,NULL,_binary '',NULL,NULL,'huluadmin','2018-08-01 13:46:28','huluadmin','2018-08-01 13:46:28'),('wxhc',NULL,'wxhc','19/12/18  æ³å¤ª','6ED5833CF35286EBF8662B7B5949F0D742BBEC3F',NULL,NULL,NULL,_binary '',NULL,NULL,'huluadmin','2019-12-18 11:36:54','huluadmin','2019-12-18 11:36:54'),('xkyb',NULL,'ä¸æµ·æç©ºä»ªè¡¨','20/7/27 ä¸æµ·æç©ºä»ªè¡¨','6ED5833CF35286EBF8662B7B5949F0D742BBEC3F',NULL,NULL,NULL,_binary '',NULL,NULL,'huluadmin','2020-07-27 13:29:35','huluadmin','2020-07-27 13:29:35'),('xmjx',NULL,'å¦é¨è®¡è®¯','19/11/23 æå²ç§åç¨æ·','6ED5833CF35286EBF8662B7B5949F0D742BBEC3F',NULL,NULL,NULL,_binary '',NULL,NULL,'huluadmin','2019-11-25 10:07:35','huluadmin','2019-11-25 10:07:35'),('xmknx',NULL,'å¦é¨å¯å°¼è¥¿','18/5/11   ä¸æµ·ååå®¢æ·  å¼ ææ·»å ','6ED5833CF35286EBF8662B7B5949F0D742BBEC3F',NULL,NULL,NULL,_binary '',4795,'2021-02-01 12:01:25','huluadmin','2018-05-11 14:05:21','huluadmin','2018-05-11 14:05:21'),('xtdsh',NULL,' æ°å¤©å°åç ¼/DN50','ç¾ç¹ç¨æ·','6ED5833CF35286EBF8662B7B5949F0D742BBEC3F',NULL,NULL,NULL,_binary '',NULL,NULL,'huluadmin','2019-08-12 10:51:36','huluadmin','2019-08-12 10:51:36'),('xzzls',NULL,'æ°éèªæ¥æ°´','20/9/29 å¼å°æ®çç¨æ·','6ED5833CF35286EBF8662B7B5949F0D742BBEC3F',NULL,NULL,NULL,_binary '',NULL,NULL,'huluadmin','2020-09-29 10:46:37','huluadmin','2020-09-29 10:46:37'),('yjjl',NULL,'æ°¸ååæ','20/10/10 ç¾ç¹ç¨æ· ','6ED5833CF35286EBF8662B7B5949F0D742BBEC3F',NULL,NULL,NULL,_binary '',NULL,NULL,'huluadmin','2020-10-10 09:04:36','huluadmin','2020-10-10 09:04:36'),('ymsp',NULL,'å®ç§é£å/DN50','19/7/29 ç¾ç¹ç¨æ·','6ED5833CF35286EBF8662B7B5949F0D742BBEC3F',NULL,NULL,NULL,_binary '',NULL,NULL,'huluadmin','2019-07-29 11:10:33','huluadmin','2019-07-29 11:10:33'),('ymsyglj',NULL,'ymsyglj','ç·','6ED5833CF35286EBF8662B7B5949F0D742BBEC3F',NULL,NULL,NULL,_binary '\0',NULL,NULL,'ç®¡çå','2017-09-28 10:42:12','ç®¡çå','2018-03-05 09:17:35'),('yyyd',NULL,'ä½å§è¿å¤§','18/12/14 ä½å§è¿å¤§ å¼ ææ·»å ','6ED5833CF35286EBF8662B7B5949F0D742BBEC3F',NULL,NULL,NULL,_binary '',NULL,NULL,'huluadmin','2018-12-14 09:00:30','huluadmin','2018-12-14 09:00:30'),('yzhcgs',NULL,'å®ç« é»å²ä¾æ°´','å¼å°ä»ªè¡¨å®¢æ·ï¼å®è¯åç»','6ED5833CF35286EBF8662B7B5949F0D742BBEC3F',NULL,NULL,NULL,_binary '',4108,'2021-02-01 11:17:07','ç®¡çå','2017-09-28 10:59:51','ç®¡çå','2018-03-07 14:09:10'),('yzhqgs',NULL,'å®ç« é»å²ä¾æ°´','å¼å°ä»ªè¡¨æéå¬å¸å®¢æ·ï¼20160905åå¾®æ·»å ','6ED5833CF35286EBF8662B7B5949F0D742BBEC3F',NULL,NULL,NULL,_binary '',5097,'2021-02-01 19:30:10','ç®¡çå','2017-02-08 09:31:52','ç®¡çå','2018-03-07 14:14:43'),('zjjk',NULL,'æµæ±ç²¾æ§','17/12/05 æµæ±ç²¾æ§ å¼ ææ·»å ','6ED5833CF35286EBF8662B7B5949F0D742BBEC3F',NULL,NULL,NULL,_binary '',NULL,NULL,'admin','2017-12-05 15:02:51','admin','2017-12-05 15:02:51'),('zjzy',NULL,'æµæ±æ­é','17/11/27 æµæ±æ­é  å¼ ææ·»å ','6ED5833CF35286EBF8662B7B5949F0D742BBEC3F',NULL,NULL,NULL,_binary '',NULL,NULL,'admin','2017-11-27 14:55:19','admin','2017-11-27 14:55:19'),('zzsc',NULL,'éå·ä¸å·ä¼ å¥','2020/6/6  ç¾ç¹ç¨æ·','6ED5833CF35286EBF8662B7B5949F0D742BBEC3F',NULL,NULL,NULL,_binary '',NULL,NULL,'huluadmin','2020-06-08 09:04:52','huluadmin','2020-06-08 09:04:52'),('ä¸æµ·å¨å°æ³°',NULL,'ä¸æµ·å¨å°æ³°','é©ä»ï¼ç·ï¼18702196696ï¼18702196696@163.com','C06D3F235E0EA23AFD3D5F8C501DEE0D95C51709',NULL,NULL,NULL,_binary '\0',NULL,NULL,'ç®¡çå','2017-09-28 10:45:13','ç®¡çå','2018-03-05 09:17:35'),('å¹¿è¥¿åææ¹æµ·',NULL,'å¹¿è¥¿åææ¹æµ·','æå·¥ï¼ç·ï¼15715232191ï¼16/8/23 å¤§ææ·»å  æ±èæ°å','139F69C93C042496A8E958EC5930662C6CCCAFBF',NULL,NULL,NULL,_binary '\0',NULL,NULL,'ç®¡çå','2017-09-28 10:58:02','ç®¡çå','2018-03-05 09:17:35'),('å¼å°å©æº',NULL,'å¼å°å©æº','17/10/17 å¼å°å©æº  å¼ ææ·»å   ','6ED5833CF35286EBF8662B7B5949F0D742BBEC3F',NULL,NULL,NULL,_binary '\0',NULL,NULL,'ç®¡çå','2017-10-17 10:46:10','ç®¡çå','2018-03-05 09:17:35'),('å¼å°å¥¥æ³°',NULL,'å¼å°å¥¥æ³°','æ±å­ä¿ï¼ç·ï¼13949403015','19CFA6832E730A2508948E391F0B66E74688D6F4',NULL,NULL,NULL,_binary '\0',NULL,NULL,'ç®¡çå','2017-09-28 10:44:28','ç®¡çå','2018-03-05 09:17:35'),('æ®å®æ°´å¡åæ',NULL,'0','å¼å°ä»ªè¡¨å®¢æ·ï¼ç¿å¸æ·»å ','6ED5833CF35286EBF8662B7B5949F0D742BBEC3F',NULL,NULL,NULL,_binary '\0',NULL,NULL,'kfyb','2019-11-07 09:18:29','å¼å°ä»ªè¡¨','2020-03-12 08:57:34'),('æ®å®æ°´å¡è¥¿æ',NULL,'1','å¼å°ä»ªè¡¨å®¢æ·ï¼ç¿å¸æ·»å ','6ED5833CF35286EBF8662B7B5949F0D742BBEC3F',NULL,NULL,NULL,_binary '\0',NULL,NULL,'kfyb','2019-11-07 09:17:18','å¼å°ä»ªè¡¨','2020-03-12 08:57:33'),('æ±èæ¬å·å¤§å­¦',NULL,'æ±èæ¬å·å¤§å­¦','','C326BF50DD4347546CE1B99A295FA4A152E61E77',NULL,NULL,NULL,_binary '\0',NULL,NULL,'ç®¡çå','2017-09-28 10:59:03','ç®¡çå','2018-03-05 09:17:35'),('æ²åå¿æ°´å©å±',NULL,'æ²åå¿æ°´å©å±','å§é¹å®ï¼ç·ï¼15942458891ï¼15942458891@163.comï¼å¤©æ´¥è®¯å°âå¤§è¿ä¼ç§ä»ªå¨ä»ªè¡¨åå±ä¸­å¿âQQï¼1632735301 å§å·¥ï¼å¤©æ´¥è¿å°ï¼','CBFB668E7CE0EB9575F8B4104C0336F197E7F455',NULL,NULL,NULL,_binary '\0',NULL,NULL,'ç®¡çå','2017-09-28 10:43:15','ç®¡çå','2018-03-05 09:17:42'),('æ¸ä¸°æ°´å¡',NULL,'æ¸ä¸°æ°´å¡','ç·','1643F25C3619ED7ED48D49D95C1D0E9397D5EE2E',NULL,NULL,NULL,_binary '\0',NULL,NULL,'ç®¡çå','2017-09-28 10:41:39','ç®¡çå','2018-03-05 09:17:35'),('è¥å£æ°´å¡',NULL,'è¥å£æ°´å¡','åä¼ å®ï¼ç·ï¼13941729936','5E77ED215029279A2D00FF85353292B030D06B9C',NULL,NULL,NULL,_binary '\0',NULL,NULL,'ç®¡çå','2017-02-08 09:21:32','ç®¡çå','2018-03-05 09:17:42'),('è¿æ±æ¸©æ³',NULL,'è¿æ±æ¸©æ³','çå¶æºï¼ç·ï¼15060084506','9EF0161012E6276BAA3177CB87013BA3710F5D35',NULL,NULL,NULL,_binary '\0',NULL,NULL,'ç®¡çå','2017-02-08 09:25:13','ç®¡çå','2018-03-05 09:17:35');
/*!40000 ALTER TABLE `sys_user` ENABLE KEYS */;
UNLOCK TABLES;

--
-- Table structure for table `sys_user_appapi_map`
--

DROP TABLE IF EXISTS `sys_user_appapi_map`;
/*!40101 SET @saved_cs_client     = @@character_set_client */;
/*!40101 SET character_set_client = utf8 */;
CREATE TABLE `sys_user_appapi_map` (
  `AppApi_ID` int(11) NOT NULL,
  `UserCode` varchar(100) NOT NULL,
  KEY `AppApi_ID` (`AppApi_ID`),
  KEY `UserCode` (`UserCode`),
  CONSTRAINT `FK_sys_User_AppApi_Map_sys_AppApi` FOREIGN KEY (`AppApi_ID`) REFERENCES `sys_appapi` (`ID`),
  CONSTRAINT `FK_sys_User_AppApi_Map_sys_user` FOREIGN KEY (`UserCode`) REFERENCES `sys_user` (`UserCode`)
) ENGINE=InnoDB DEFAULT CHARSET=utf8;
/*!40101 SET character_set_client = @saved_cs_client */;

--
-- Dumping data for table `sys_user_appapi_map`
--

LOCK TABLES `sys_user_appapi_map` WRITE;
/*!40000 ALTER TABLE `sys_user_appapi_map` DISABLE KEYS */;
INSERT INTO `sys_user_appapi_map` VALUES (13,'admin'),(17,'admin'),(17,'huluadmin'),(17,'test2'),(14,'admin'),(14,'kfhh'),(14,'kfqt'),(14,'kydczh'),(14,'syhrrl'),(14,'test'),(14,'test2'),(14,'ymsyglj'),(14,'yzhcgs'),(14,'yzhqgs'),(14,'å¹¿è¥¿åææ¹æµ·'),(14,'æ±èæ¬å·å¤§å­¦'),(14,'å¼å°å¥¥æ³°'),(14,'å¼å°å©æº'),(14,'è¿æ±æ¸©æ³'),(14,'æ¸ä¸°æ°´å¡'),(14,'ä¸æµ·å¨å°æ³°'),(14,'æ²åå¿æ°´å©å±'),(14,'è¥å£æ°´å¡'),(13,'kfhh'),(13,'kfqt'),(13,'kydczh'),(13,'syhrrl'),(13,'test'),(13,'test2'),(13,'ymsyglj'),(13,'yzhcgs'),(13,'yzhqgs'),(13,'å¹¿è¥¿åææ¹æµ·'),(13,'æ±èæ¬å·å¤§å­¦'),(13,'å¼å°å¥¥æ³°'),(13,'å¼å°å©æº'),(13,'è¿æ±æ¸©æ³'),(13,'æ¸ä¸°æ°´å¡'),(13,'ä¸æµ·å¨å°æ³°'),(13,'æ²åå¿æ°´å©å±'),(13,'è¥å£æ°´å¡'),(13,'huluadmin');
/*!40000 ALTER TABLE `sys_user_appapi_map` ENABLE KEYS */;
UNLOCK TABLES;

--
-- Table structure for table `sys_usermenucolumnsetting`
--

DROP TABLE IF EXISTS `sys_usermenucolumnsetting`;
/*!40101 SET @saved_cs_client     = @@character_set_client */;
/*!40101 SET character_set_client = utf8 */;
CREATE TABLE `sys_usermenucolumnsetting` (
  `MenuCode` varchar(100) NOT NULL,
  `UserCode` varchar(100) NOT NULL,
  `Sequence` int(11) NOT NULL,
  `Name` varchar(50) NOT NULL,
  `Visible` bit(1) NOT NULL,
  `Frozen` bit(1) NOT NULL,
  `Align` varchar(20) NOT NULL,
  `Sort` bit(1) DEFAULT NULL,
  `GroupName` varchar(50) DEFAULT NULL,
  `DisplayName` varchar(50) NOT NULL,
  `Width` int(11) NOT NULL,
  `Field` varchar(50) NOT NULL,
  `Formatter` varchar(50) DEFAULT NULL,
  `Editor` varchar(100) DEFAULT NULL,
  `Hidden` bit(1) DEFAULT NULL,
  `Required` bit(1) NOT NULL,
  KEY `MenuCode` (`MenuCode`),
  KEY `UserCode` (`UserCode`),
  CONSTRAINT `FK_sys_UserMenuColumnSetting_sys_menu` FOREIGN KEY (`MenuCode`) REFERENCES `sys_menu` (`MenuCode`),
  CONSTRAINT `FK_sys_UserMenuColumnSetting_sys_user` FOREIGN KEY (`UserCode`) REFERENCES `sys_user` (`UserCode`)
) ENGINE=InnoDB DEFAULT CHARSET=utf8;
/*!40101 SET character_set_client = @saved_cs_client */;

--
-- Dumping data for table `sys_usermenucolumnsetting`
--

LOCK TABLES `sys_usermenucolumnsetting` WRITE;
/*!40000 ALTER TABLE `sys_usermenucolumnsetting` DISABLE KEYS */;
/*!40000 ALTER TABLE `sys_usermenucolumnsetting` ENABLE KEYS */;
UNLOCK TABLES;

--
-- Table structure for table `sys_userorganizemap`
--

DROP TABLE IF EXISTS `sys_userorganizemap`;
/*!40101 SET @saved_cs_client     = @@character_set_client */;
/*!40101 SET character_set_client = utf8 */;
CREATE TABLE `sys_userorganizemap` (
  `ID` int(11) NOT NULL AUTO_INCREMENT,
  `OrganizeCode` varchar(100) DEFAULT NULL,
  `UserCode` varchar(100) DEFAULT NULL,
  PRIMARY KEY (`ID`),
  KEY `OrganizeCode` (`OrganizeCode`),
  KEY `UserCode` (`UserCode`),
  CONSTRAINT `FK__SysUserOr__Organ__0E6E26BF` FOREIGN KEY (`OrganizeCode`) REFERENCES `sys_organize` (`OrganizeCode`),
  CONSTRAINT `FK__SysUserOr__UserC__0F624AF8` FOREIGN KEY (`UserCode`) REFERENCES `sys_user` (`UserCode`)
) ENGINE=InnoDB AUTO_INCREMENT=542 DEFAULT CHARSET=utf8;
/*!40101 SET character_set_client = @saved_cs_client */;

--
-- Dumping data for table `sys_userorganizemap`
--

LOCK TABLES `sys_userorganizemap` WRITE;
/*!40000 ALTER TABLE `sys_userorganizemap` DISABLE KEYS */;
INSERT INTO `sys_userorganizemap` VALUES (520,'010102','kydczh'),(537,'0102','hysw'),(538,'0102','zjjk'),(539,'0102','hbwcsgs'),(541,'0102','hftw');
/*!40000 ALTER TABLE `sys_userorganizemap` ENABLE KEYS */;
UNLOCK TABLES;

--
-- Table structure for table `sys_userrolemap`
--

DROP TABLE IF EXISTS `sys_userrolemap`;
/*!40101 SET @saved_cs_client     = @@character_set_client */;
/*!40101 SET character_set_client = utf8 */;
CREATE TABLE `sys_userrolemap` (
  `ID` int(11) NOT NULL AUTO_INCREMENT,
  `UserCode` varchar(100) DEFAULT NULL,
  `RoleCode` varchar(100) DEFAULT NULL,
  PRIMARY KEY (`ID`),
  KEY `RoleCode` (`RoleCode`),
  KEY `UserCode` (`UserCode`),
  CONSTRAINT `FK__SysUserRo__RoleC__114A936A` FOREIGN KEY (`RoleCode`) REFERENCES `sys_role` (`RoleCode`),
  CONSTRAINT `FK__SysUserRo__UserC__10566F31` FOREIGN KEY (`UserCode`) REFERENCES `sys_user` (`UserCode`)
) ENGINE=InnoDB AUTO_INCREMENT=418 DEFAULT CHARSET=utf8;
/*!40101 SET character_set_client = @saved_cs_client */;

--
-- Dumping data for table `sys_userrolemap`
--

LOCK TABLES `sys_userrolemap` WRITE;
/*!40000 ALTER TABLE `sys_userrolemap` DISABLE KEYS */;
INSERT INTO `sys_userrolemap` VALUES (331,'admin','super'),(382,'yzhqgs','default'),(386,'è¿æ±æ¸©æ³','default'),(404,'æ¸ä¸°æ°´å¡','default'),(405,'ymsyglj','default'),(406,'æ²åå¿æ°´å©å±','default'),(407,'å¼å°å¥¥æ³°','default'),(408,'ä¸æµ·å¨å°æ³°','default'),(416,'æ±èæ¬å·å¤§å­¦','default'),(417,'yzhcgs','default');
/*!40000 ALTER TABLE `sys_userrolemap` ENABLE KEYS */;
UNLOCK TABLES;

--
-- Table structure for table `sys_usersetting`
--

DROP TABLE IF EXISTS `sys_usersetting`;
/*!40101 SET @saved_cs_client     = @@character_set_client */;
/*!40101 SET character_set_client = utf8 */;
CREATE TABLE `sys_usersetting` (
  `ID` int(11) NOT NULL AUTO_INCREMENT,
  `UserCode` varchar(100) DEFAULT NULL,
  `SettingCode` varchar(100) DEFAULT NULL,
  `SettingName` varchar(200) DEFAULT NULL,
  `SettingValue` varchar(100) DEFAULT NULL,
  `Description` text,
  PRIMARY KEY (`ID`),
  KEY `UserCode` (`UserCode`),
  CONSTRAINT `FK__sys_userS__UserC__32767D0B` FOREIGN KEY (`UserCode`) REFERENCES `sys_user` (`UserCode`)
) ENGINE=InnoDB AUTO_INCREMENT=44 DEFAULT CHARSET=utf8;
/*!40101 SET character_set_client = @saved_cs_client */;

--
-- Dumping data for table `sys_usersetting`
--

LOCK TABLES `sys_usersetting` WRITE;
/*!40000 ALTER TABLE `sys_usersetting` DISABLE KEYS */;
INSERT INTO `sys_usersetting` VALUES (20,'admin','theme',NULL,'default',NULL),(22,'admin','gridrows',NULL,'30',NULL),(23,'admin','home',NULL,'550102',NULL),(35,'test','theme',NULL,'default',NULL),(36,'test','gridrows',NULL,'30',NULL),(37,'test','home',NULL,'550101',NULL),(41,'test2','theme',NULL,'gray',NULL),(42,'test2','gridrows',NULL,'50',NULL),(43,'test2','home',NULL,'550101',NULL);
/*!40000 ALTER TABLE `sys_usersetting` ENABLE KEYS */;
UNLOCK TABLES;

--
-- Table structure for table `sysdiagrams`
--

DROP TABLE IF EXISTS `sysdiagrams`;
/*!40101 SET @saved_cs_client     = @@character_set_client */;
/*!40101 SET character_set_client = utf8 */;
CREATE TABLE `sysdiagrams` (
  `name` varchar(128) NOT NULL,
  `principal_id` int(11) NOT NULL,
  `diagram_id` int(11) NOT NULL AUTO_INCREMENT,
  `version` int(11) DEFAULT NULL,
  `definition` longblob,
  PRIMARY KEY (`diagram_id`),
  UNIQUE KEY `UK_principal_name` (`principal_id`,`name`)
) ENGINE=InnoDB AUTO_INCREMENT=4 DEFAULT CHARSET=utf8;
/*!40101 SET character_set_client = @saved_cs_client */;

--
-- Dumping data for table `sysdiagrams`
--

LOCK TABLES `sysdiagrams` WRITE;
/*!40000 ALTER TABLE `sysdiagrams` DISABLE KEYS */;
INSERT INTO `sysdiagrams` VALUES ('Diagram_0',1,1,1,_binary '\Ð\Ïà¡±\Z\á\0\0\0\0\0\0\0\0\0\0\0\0\0\0\0\0>\0\0þÿ	\0\0\0\0\0\0\0\0\0\0\0\0\0\0\0\0\0\0\0\0\0\0\0\0\0\0\0\0\0\0\0þÿÿÿ\0\0\0\0\0\0\0\0ÿÿÿÿÿÿÿÿÿÿÿÿÿÿÿÿÿÿÿÿÿÿÿÿÿÿÿÿÿÿÿÿÿÿÿÿÿÿÿÿÿÿÿÿÿÿÿÿÿÿÿÿÿÿÿÿÿÿÿÿÿÿÿÿÿÿÿÿÿÿÿÿÿÿÿÿÿÿÿÿÿÿÿÿÿÿÿÿÿÿÿÿÿÿÿÿÿÿÿÿÿÿÿÿÿÿÿÿÿÿÿÿÿÿÿÿÿÿÿÿÿÿÿÿÿÿÿÿÿÿÿÿÿÿÿÿÿÿÿÿÿÿÿÿÿÿÿÿÿÿÿÿÿÿÿÿÿÿÿÿÿÿÿÿÿÿÿÿÿÿÿÿÿÿÿÿÿÿÿÿÿÿÿÿÿÿÿÿÿÿÿÿÿÿÿÿÿÿÿÿÿÿÿÿÿÿÿÿÿÿÿÿÿÿÿÿÿÿÿÿÿÿÿÿÿÿÿÿÿÿÿÿÿÿÿÿÿÿÿÿÿÿÿÿÿÿÿÿÿÿÿÿÿÿÿÿÿÿÿÿÿÿÿÿÿÿÿÿÿÿÿÿÿÿÿÿÿÿÿÿÿÿÿÿÿÿÿÿÿÿÿÿÿÿÿÿÿÿÿÿÿÿÿÿÿÿÿÿÿÿÿÿÿÿÿÿÿÿÿÿÿÿÿÿÿÿÿÿÿÿÿÿÿÿÿÿÿÿÿÿÿÿÿÿÿÿÿÿÿÿÿÿÿÿÿÿÿÿÿÿÿÿÿÿÿÿÿÿÿÿÿÿÿÿÿÿÿÿÿÿÿÿÿÿÿÿÿÿÿÿÿÿÿÿÿÿÿÿÿÿÿÿÿÿÿÿÿÿÿÿÿÿÿÿÿÿÿÿÿÿÿÿÿÿÿÿÿÿÿÿÿÿýÿÿÿ!\0\0\0þÿÿÿ\0\0\0\0\0\0\0\0\0\0\0\0\0\0\0	\0\0\04\0\0\0\0\0\0\0\0\0\r\0\0\0\0\0\0\0\0\0\0\0\0\0\0\0\0\0\0\0\0\0\0\0\0\0\0\0\0\0\0\0\0\0\0\0\0\0\0\0\Z\0\0\0\0\0\0\0\0\0\0\0\0\0\0\0\0\0\0 \0\0\0þÿÿÿþÿÿÿ#\0\0\0$\0\0\0%\0\0\0&\0\0\0\'\0\0\0(\0\0\0)\0\0\0*\0\0\0+\0\0\0,\0\0\0-\0\0\0.\0\0\0/\0\0\00\0\0\01\0\0\02\0\0\03\0\0\0þÿÿÿ5\0\0\06\0\0\0þÿÿÿÿÿÿÿÿÿÿÿÿÿÿÿÿÿÿÿÿÿÿÿÿÿÿÿÿÿÿÿÿÿÿÿÿÿÿÿÿÿÿÿÿÿÿÿÿÿÿÿÿÿÿÿÿÿÿÿÿÿÿÿÿÿÿÿÿÿÿÿÿÿÿÿÿÿÿÿÿÿÿÿÿÿÿÿÿÿÿÿÿÿÿÿÿÿÿÿÿÿÿÿÿÿÿÿÿÿÿÿÿÿÿÿÿÿÿÿÿÿÿÿÿÿÿÿÿÿÿÿÿÿÿÿÿÿÿÿÿÿÿÿÿÿÿÿÿÿÿÿÿÿÿÿÿÿÿÿÿÿÿÿÿÿÿÿÿÿÿÿÿÿÿÿÿÿÿÿÿÿÿÿÿÿÿÿÿÿÿÿÿÿÿÿÿÿÿÿÿÿÿÿÿÿÿÿÿÿÿÿÿÿÿÿÿÿÿÿÿÿÿÿÿÿÿÿÿÿÿÿÿÿÿÿÿÿÿÿÿÿÿÿÿÿÿÿÿÿÿÿÿÿÿÿÿÿÿÿÿÿÿÿÿÿÿÿÿÿÿÿÿÿÿÿÿÿÿÿÿÿÿÿÿÿÿÿÿÿÿÿÿÿÿÿR\0o\0o\0t\0 \0E\0n\0t\0r\0y\0\0\0\0\0\0\0\0\0\0\0\0\0\0\0\0\0\0\0\0\0\0\0\0\0\0\0\0\0\0\0\0\0\0\0\0\0\0\0\0\0\0\0\0\0\0\0ÿÿÿÿÿÿÿÿ\0\0\0\0\0\0\0\0\0\0\0\0\0\0\0\0\0\0\0\0\0\0\0\0\0\0\0\0\0\0\0p8ûG~S\×\0\0\0\0\0\0\0\0\0f\0\0\0\0\0\0\0\0\0\0\0\0\0\0\0\0\0\0\0\0\0\0\0\0\0\0\0\0\0\0\0\0\0\0\0\0\0\0\0\0\0\0\0\0\0\0\0\0\0\0\0\0\0\0\0\0\0\0\0\0\0\0\0\0ÿÿÿÿÿÿÿÿÿÿÿÿ\0\0\0\0\0\0\0\0\0\0\0\0\0\0\0\0\0\0\0\0\0\0\0\0\0\0\0\0\0\0\0\0\0\0\0\0\0\0\0\0\Ê\0\0\0\0\0\0o\0\0\0\0\0\0\0\0\0\0\0\0\0\0\0\0\0\0\0\0\0\0\0\0\0\0\0\0\0\0\0\0\0\0\0\0\0\0\0\0\0\0\0\0\0\0\0\0\0\0\0\0\0\0\0\0\0\0\0\0\0\0\0\0\0\0\0\0\0\0ÿÿÿÿ\0\0\0\0\0\0\0\0\0\0\0\0\0\0\0\0\0\0\0\0\0\0\0\0\0\0\0\0\0\0\0\0\0\0\0\0\n\0\0\0,\0\0\0\0\0\0\0C\0o\0m\0p\0O\0b\0j\0\0\0\0\0\0\0\0\0\0\0\0\0\0\0\0\0\0\0\0\0\0\0\0\0\0\0\0\0\0\0\0\0\0\0\0\0\0\0\0\0\0\0\0\0\0\0\0\0\0ÿÿÿÿÿÿÿÿÿÿÿÿ\0\0\0\0\0\0\0\0\0\0\0\0\0\0\0\0\0\0\0\0\0\0\0\0\0\0\0\0\0\0\0\0\0\0\0\04\0\0\0_\0\0\0\0\0\0\0\0\0\0\0\0\0\0\0\0\0\0\0\0\0\0\0\0\0\0\0\0\0\0\0	\0\0\0\n\0\0\0\0\0\0\0\0\0\r\0\0\0\0\0\0\0\0\0\0\0\0\0\0\0\0\0\0\0\0\0\0\0\0\0\0\0\0\0\0\0\0\0\0\0\0\0\0\0\Z\0\0\0\0\0\0\0\0\0\0\0\0\0\0\0\0\0\0 \0\0\0!\0\0\0\"\0\0\0#\0\0\0$\0\0\0%\0\0\0&\0\0\0\'\0\0\0(\0\0\0)\0\0\0*\0\0\0+\0\0\0,\0\0\0-\0\0\0.\0\0\0/\0\0\00\0\0\01\0\0\02\0\0\03\0\0\0þÿÿÿ5\0\0\0þÿÿÿþÿÿÿ8\0\0\09\0\0\0:\0\0\0;\0\0\0<\0\0\0=\0\0\0>\0\0\0?\0\0\0@\0\0\0A\0\0\0B\0\0\0C\0\0\0D\0\0\0E\0\0\0F\0\0\0G\0\0\0H\0\0\0I\0\0\0J\0\0\0K\0\0\0L\0\0\0þÿÿÿþÿÿÿÿÿÿÿÿÿÿÿÿÿÿÿÿÿÿÿÿÿÿÿÿÿÿÿÿÿÿÿÿÿÿÿÿÿÿÿÿÿÿÿÿÿÿÿÿÿÿÿÿÿÿÿÿÿÿÿÿÿÿÿÿÿÿÿÿÿÿÿÿÿÿÿÿÿÿÿÿÿÿÿÿÿÿÿÿÿÿÿÿÿÿÿÿÿÿÿÿÿÿÿÿÿÿÿÿÿÿÿÿÿÿÿÿÿÿÿÿÿÿÿÿÿÿÿÿÿÿÿÿÿÿÿÿÿÿÿÿÿÿÿÿÿÿÿÿÿÿÿÿÿÿÿÿÿÿÿÿÿÿÿÿÿÿÿÿÿÿÿÿÿÿÿÿÿÿÿÿÿÿÿÿÿÿÿÿÿÿÿÿÿÿÿÿÿÿÿÿÿÿÿ\04\0\nP\0\0$\0\0\0\0ÿÿ2\0\0\0$\0\0\0\0}\0\0j\0\0<\0\0®\Ñ\0\0b\0\0b\ÆÿÿÀ\ÑÿÿÞ[ñ\Ð° \0ª\0½\Ë\\\0\0\0³\0\0\0\0\0\0\0@\"¼System\0À\0\0\0<\0k\0\0\0	\0\0\0\0\0\0\0\Ù\æ°\é\Ð­Q\0 \ÉW9ô;a\ÇC5)\á\ÕRø 2}²\ØbB\'<%¢\Ú-\0\0(\0C\0\0\0\0\0\0\0SDM\Ò\Ñc\0`\Ò\ßH4\É\Òwyw\Øp\0[\r\0\0(\0C\0\0\0\0\0\0\0QDM\Ò\Ñc\0`\Ò\ßH4\É\Òwyw\Øp\0[\r\"\0\0\0\Ä\0\0\0¢s\0\04\0¥	\0\0\0\0\0\0\0¦\0\0\0\0\0\n\0\0SchGridÿ¬\ÛÿÿT$\0\0sys_button\0\0\0\00\0¥	\0\0\0\0\0\0\0¢\0\0\0\0\0\0\0SchGrid\0\0\0®\0\0sys_code\0\04\0¥	\0\0\0\0\0\0\0ª\0\0\0\0\0\0\0SchGrid\0x\0\0tõÿÿsys_codeType\0\0¤\0¥	\0\0\0\0\0\0\0R\0\0\0\0\0|\0\0\0Control\0[*\0\0\r\0\0 s\0y\0s\0_\0c\0o\0d\0e\0T\0y\0p\0e\0 N s\0y\0s\0_\0c\0o\0d\0e\0 KNôvsQû| F\0K\0_\0_\0S\0y\0s\0C\0o\0d\0e\0_\0_\0T\0y\0p\0e\0C\0o\0d\0_\0_\05\0C\0A\01\0C\01\00\01\0 \0\0(\0µ\0\0\0\0\0\0\01\0\0\0m\0\0\0\0\0Control\0ü\0\0a\0\0\0\00\0¥	\0\0\0\0\0\0\0 \0\0\0\0\0\0\0SchGrid\0\0\0¾\Øÿÿsys_log\0\0\08\0¥	\0\0\0\0\0\0\0²\0\0\0\0\0\0\0SchGrid\0\î\0\0T\Ùÿÿsys_loginHistory\0\00\0¥	\0\0\0\0\0\0\0¢\0\0\0\0\0\0\0SchGrid\0¸\0\0þ\0\0sys_menu\0\0<\0¥	\0\0\0\0	\0\0\0´\0\0\0\0\0\0\0SchGrideòÿÿò+\0\0sys_menuButtonMap\0\0\0\0\0°\0¥	\0\0\0\0\n\0\0\0R\0\0\0\0\0\0\0\0Control\0\0\0ñ*\0\0 s\0y\0s\0_\0m\0e\0n\0u\0 N s\0y\0s\0_\0m\0e\0n\0u\0B\0u\0t\0t\0o\0n\0M\0a\0p\0 KNôvsQû| F\0K\0_\0_\0s\0y\0s\0_\0m\0e\0n\0u\0B\0_\0_\0M\0e\0n\0u\0C\0_\0_\01\02\0F\0D\0D\01\0B\02\0 \0\0\0\0(\0µ\0\0\0\0\0\0\01\0\0\0m\0\0\0\0\0Control\0þÿÿ*\0\0\0\0´\0¥	\0\0\0\0\0\0\0R\0\0\0\0\0\0\0\0Control\0\êÿÿ}5\0\0 s\0y\0s\0_\0b\0u\0t\0t\0o\0n\0 N s\0y\0s\0_\0m\0e\0n\0u\0B\0u\0t\0t\0o\0n\0M\0a\0p\0 KNôvsQû| F\0K\0_\0_\0s\0y\0s\0_\0m\0e\0n\0u\0B\0_\0_\0B\0u\0t\0t\0o\0_\0_\01\06\0C\0E\06\02\09\06\0 \0\0\0\0(\0µ\0\0\0\0\r\0\0\01\0\0\0m\0\0\0\0\0Control\0\åÿÿ\Ã7\0\0\0\04\0¥	\0\0\0\0\0\0\0ª\0\0\0\0\0\0\0SchGrid\0¬\Ûÿÿ\Z\0\0sys_organize\0\0<\0¥	\0\0\0\0\0\0\0¸\0\0\0\0\0\0\0SchGrid\0\Úÿÿ²óÿÿsys_organizeRoleMap\0\0\0\0¥	\0\0\0\0\0\0\0R\0\0\0\0\0^\0\0\0Control\0«\Úÿÿ2þÿÿ s\0y\0s\0_\0o\0r\0g\0a\0n\0i\0z\0e\0 N s\0y\0s\0_\0o\0r\0g\0a\0n\0i\0z\0e\0R\0o\0l\0e\0M\0a\0p\0 KNôvsQû| R\0_\03\08\0 \0\0\0\0(\0µ\0\0\0\0\0\0\01\0\0\09\0\0\0\0\0Control\0ñ\Üÿÿ\ä\0\0\0\08\0¥	\0\0\0\0\0\0\0¬\0\0\0\0\0\r\0\0SchGrid\0.ðÿÿ¾\Øÿÿsys_parameter\0\0\0\08\0¥	\0\0\0\0\0\0\0®\0\0\0\0\0\0\0SchGrid\0¬\ÛÿÿT\Ùÿÿsys_permission\0\0\0\00\0¥	\0\0\0\0\0\0\0¢\0\0\0\0\0\0\0SchGrid\0ðñÿÿtõÿÿsys_role\0\0\0¥	\0\0\0\0\0\0\0R\0\0\0\0\0V\0\0\0Control\0,\íÿÿsôÿÿ s\0y\0s\0_\0r\0o\0l\0e\0 N s\0y\0s\0_\0o\0r\0g\0a\0n\0i\0z\0e\0R\0o\0l\0e\0M\0a\0p\0 KNôvsQû| R\0_\03\09\0 \0\0\0\0(\0µ\0\0\0\0\0\0\01\0\0\09\0\0\0\0\0Controlu\ä\îÿÿôÿÿ\0\0@\0¥	\0\0\0\0\0\0\0¼\0\0\0\0\0\0\0SchGrid\0\ÄðÿÿV\0\0sys_roleMenuButtonMap	\0\0\0\0¼\0¥	\0\0\0\0\Z\0\0\0b\0\0\0\0\0\0\0\0Controle\êÿÿ$\0\0 s\0y\0s\0_\0b\0u\0t\0t\0o\0n\0 N s\0y\0s\0_\0r\0o\0l\0e\0M\0e\0n\0u\0B\0u\0t\0t\0o\0n\0M\0a\0p\0 KNôvsQû| F\0K\0_\0_\0s\0y\0s\0_\0r\0o\0l\0e\0M\0_\0_\0B\0u\0t\0t\0o\0_\0_\02\07\0F\08\0E\0E\09\08\0 \0\0\0\0(\0µ\0\0\0\0\0\0\01\0\0\0m\0\0\0\0\0Control\0\îÿÿ{&\0\0\0\0¸\0¥	\0\0\0\0\0\0\0R\0\0\0\0\0\0\0\0Control\0¶\0\0\á\0\0 s\0y\0s\0_\0m\0e\0n\0u\0 N s\0y\0s\0_\0r\0o\0l\0e\0M\0e\0n\0u\0B\0u\0t\0t\0o\0n\0M\0a\0p\0 KNôvsQû| F\0K\0_\0_\0s\0y\0s\0_\0r\0o\0l\0e\0M\0_\0_\0M\0e\0n\0u\0C\0_\0_\02\08\0E\0D\01\02\0D\01\0 \0\0\0\0(\0µ\0\0\0\0\0\0\01\0\0\0m\0\0\0\0\0Controle\'ÿÿÿ\0\0\0\0¸\0¥	\0\0\0\0\0\0\0R\0\0\0\0\0\0\0\0Controluñÿÿg\r\0\0 s\0y\0s\0_\0r\0o\0l\0e\0 N s\0y\0s\0_\0r\0o\0l\0e\0M\0e\0n\0u\0B\0u\0t\0t\0o\0n\0M\0a\0p\0 KNôvsQû| F\0K\0_\0_\0s\0y\0s\0_\0r\0o\0l\0e\0M\0_\0_\0R\0o\0l\0e\0C\0_\0_\02\09\0E\01\03\07\00\0A\0  \0\0\0(\0µ\0\0\0\0\0\0\01\0\0\0m\0\0\0\0\0Control\0\Ëóÿÿ\0\0\0\0@\0¥	\0\0\0\0 \0\0\0¼\0\0\0\0\0\0\0SchGrid\0F\0\0\nöÿÿsys_roleMenuColumnMapp\Ú)\0\0¸\0¥	\0\0\0\0!\0\0\0R\0\0\0\0\0\0\0\0Control\0\ã\0\0\0øÿÿ s\0y\0s\0_\0r\0o\0l\0e\0 N s\0y\0s\0_\0r\0o\0l\0e\0M\0e\0n\0u\0C\0o\0l\0u\0m\0n\0M\0a\0p\0 KNôvsQû| F\0K\0_\0_\0s\0y\0s\0_\0r\0o\0l\0e\0C\0_\0_\0R\0o\0l\0e\0C\0_\0_\03\05\05\02\0E\09\0B\06\0 4c\0\0(\0µ\0\0\0\0\"\0\0\01\0\0\0m\0\0\0\0\0Control\0ùÿÿ7øÿÿ\0\0¸\0¥	\0\0\0\0#\0\0\0R\0\0\0\0\0\0\0\0Control\0;\0\0µ\0\0 s\0y\0s\0_\0m\0e\0n\0u\0 N s\0y\0s\0_\0r\0o\0l\0e\0M\0e\0n\0u\0C\0o\0l\0u\0m\0n\0M\0a\0p\0 KNôvsQû| F\0K\0_\0_\0s\0y\0s\0_\0r\0o\0l\0e\0C\0_\0_\0M\0e\0n\0u\0C\0_\0_\03\06\04\07\00\0D\0E\0F\0  \0\0\0(\0µ\0\0\0\0$\0\0\01\0\0\0m\0\0\0\0\0Control\0\0\0\0\0\0\0\0\0\0\0\0\0\0\0\0\0\0\0\0\0\0\0\0\0\0\0\0\0\0\0\0\0\0\0\0\0\0\0\0\0\0\0\0\0\0\0\0\0\0\0\0\0\0\0\0\0\0\0\0þÿ\n\0\0ÿÿÿÿ\0\0\0\0\0\0\0\0\0\0\0\0\0\0\0\0\0\0\0Microsoft DDS Form 2.0\0\0\0\0Embedded Object\0\0\0\0\0ô9²q\0\0\0\0\0\0\0\0\0\0\0\0\0\0\0\0\0\0\0\0\0\0\0\0\0\0\0\0\0\0\0\0\0\0\0\0\0\0\0\0\0\0\0\0\0\0\0\0\0\0\0\0\0\0\0\0\0\0\0Na¼\0\0\0\0\0\0\0\0\0\0\0\0\0\0\0\0\0\0\0\0\0\0\0\0\0\0\0\0\0\0\0\0\0\0\0\0\0\0\0\0\0\0\0\Û\æ°\é\Ð­Q\0 \ÉW9\0\0\0\0\'úG~S\×\0\0HE\0\0\0\0\0\0\0\0\0\0\0\0\0\0\0\0\0\ê\0\0D\0a\0t\0a\0!C4\0\0\0\0\0¼\0\0xV4\0\0\0\0\0s\0y\0s\0_\0b\0u\0t\0t\0o\0n\0\0\0x\0\0\0\0#\0\0\0\0\0\0\0\0\0\0\0\0\0\0\0\0x\0\0\0\0#\0\0\0\0\0\0\0\0\0\0\0\0\0\0\0\0x\0\0\0\0#\0\0\0\0\0\0\0\0\0\0\0\0\0\0\0\0x\0\0\0\0#\0\0\0\0\0\0\0\0\0\0\0\0\0\0\0\0\0\0x#\0\0\0;\0\0\0\0\0\0\0\0\0\0\0\0\0\0\0\0x#\0\0\0>\0\0\0\0\0\0\0\0\0\0\0\0\0\0\0\0x#\0\0\0A\0\0\0\0\0\0\0\0\0\0\0\0\0\0\0\0x#\0\0\0F\0\0\0\0\0\0\0\0\0\0\0\0\0\0\0\0\0\0\0\0\0\0\0\0\0\0\0T\0\0\0,\0\0\0,\0\0\0,\0\0\04\0\0\0\0\0\0\0\0\0\0\0$\0\0»\0\0\0\0\0\0-\0\0\0\0\0\0\0\0\0\0\0\0\0¼\0\0T\0\0\à\0\0X\0\0¤\0\08\0\0\0\0\0\0\0\0t\0\0\0\0\0\0\0\0\0\0\0\0\0¼\0\0\0\0\0\0	\0\0\0	\0\0\0\0\0\0\0\0\0\0\0P\0\0\0\0\0\0\0\0\0\Ç\0\0ÿ\0\0\0\0\0\0\0\0\0\0\0\0\0\0\0\0\0\0\0\0¼\0\0\0\0\0\0\0\0\0\Ç\0\0\í\0\0\0\0\0\0\0\0\0\0\0\0\0\0\0\0\0\0\0\0\0\0¼\0\0\0\0\0\0\0\0\0\0,\0\0\Þ \0\0\0\0\0\0\0\0\0\0\r\0\0\0\0\0\0\0\0\0\0\0¼\0\0$	\0\0 \0\0xV4\0\0\0^\0\0\0\0\0\0\0\0\0\0\0\0\0\0\0\0\0\0\0\0\0\0\0\0\0\0\0\0\0\0\0\0\0\0\0\0\0\0\0\0	\0\0\0\n\0\0\0\0\0\0d\0b\0o\0\0\0\0\0\0s\0y\0s\0_\0b\0u\0t\0t\0o\0n\0\0\0!C4\0\0\0 \0\04+\0\0xV4\0\0\0\0\0s\0y\0s\0_\0c\0o\0d\0e\0\0\0.\0V\0i\0s\0u\0a\0l\0S\0t\0u\0d\0i\0o\0.\0v\0s\0p\0S\0q\0l\0E\0n\0u\0m\0,\0 \0V\0e\0r\0s\0i\0o\0n\0=\09\0.\00\0.\02\04\02\0.\00\0,\0 \0C\0u\0l\0t\0u\0r\0e\0=\0n\0e\0u\0t\0r\0a\0l\0,\0 \0P\0u\0b\0l\0i\0c\0K\0e\0y\0T\0o\0k\0e\0n\0=\08\09\08\04\05\0d\0c\0d\08\00\08\00\0c\0c\09\01\0\0\0\0\0\0\0\0\0\0\0\0\0\0\0\0\0\0\0\0\0\0\0\0\0\0\0\0\0\0\0\0\0\0\0\0\0\0\0\0\0\0\0\0\0\0\0\0\0\0\0T\0\0\0,\0\0\0,\0\0\0,\0\0\04\0\0\0\0\0\0\0\0\0\0\0$\0\0\Þ \0\0\0\0\0\0-\0\0\r\0\0\0\0\0\0\0\0\0\0\0¼\0\0T\0\0\à\0\0X\0\0¤\0\08\0\0\0\0\0\0\0\0t\0\0\0\0\0\0\0\0\0\0\0 \0\04+\0\0\0\0\0\0\0\0\0\0\0\0\0\0\0\0\0\0\0\08\0\0\0\0\0\0\0\0\0\Ç\0\0\0\0\0\0\0\0\0\0\0\0\0\0\0\0\0\0\0\0\0\0¼\0\0\0\0\0\0\0\0\0\Ç\0\0\í\0\0\0\0\0\0\0\0\0\0\0\0\0\0\0\0\0\0\0\0\0\0¼\0\0\0\0\0\0\0\0\0\0,\0\0\Þ \0\0\0\0\0\0\0\0\0\0\r\0\0\0\0\0\0\0\0\0\0\0¼\0\0$	\0\0 \0\0xV4\0\0\0Z\0\0\0\0\0\0\0\0\0\0\0\0\0\0\0\0\0\0\0\0\0\0\0\0\0\0\0\0\0\0\0\0\0\0\0\0\0\0\0\0	\0\0\0\n\0\0\0\0\0\0d\0b\0o\0\0\0	\0\0\0s\0y\0s\0_\0c\0o\0d\0e\0\0\0!C4\0\0\0\0\0\ß\Z\0\0xV4\0\0\0\0\0s\0y\0s\0_\0c\0o\0d\0e\0T\0y\0p\0e\0\0\0\0\0e¾.pi\0¬¼	+\Â\0\0\0\0\0\0\0\0\0\0\0\0#ÿÿÿÿ\0\0\0\0~¸8z\07z\0\0\0\0\0\0\0\0\0¥¼	+~\0ÿÿ\0\0\0\0k¾.\0\0\0 \0\0 \0\0\0#\àjCz\07z\0\0\0\0\0\0\0\0\0¾¼	+#\0¢ÿÿ\0\0\0\0¼¼	+\0k\0º7z \0\0\0\0\0\0\0\0\0q¾.#\0ªÿÿ`·¼	+\ä&\0©7z¡\0\0\0\0\0\0\0\0\0´¼	+#\0\Ò\0\0\0\0\0\0\0\0\0\0\0\0\0\0\0\0T\0\0\0,\0\0\0,\0\0\0,\0\0\04\0\0\0\0\0\0\0\0\0\0\0$\0\0ª\Z\0\0\0\0\0\0-\0\0\n\0\0\0\0\0\0\0\0\0\0\0¼\0\0T\0\0\à\0\0X\0\0¤\0\08\0\0\0\0\0\0\0\0t\0\0\0\0\0\0\0\0\0\0\0\0\0\ß\Z\0\0\0\0\0\0\0\0\0\0\0\0\0\0\0\0\0\0\0\0P\0\0\0\0\0\0\0\0\0\Ç\0\0ÿ\0\0\0\0\0\0\0\0\0\0\0\0\0\0\0\0\0\0\0\0¼\0\0\0\0\0\0\0\0\0\Ç\0\0\í\0\0\0\0\0\0\0\0\0\0\0\0\0\0\0\0\0\0\0\0\0\0¼\0\0\0\0\0\0\0\0\0\0,\0\0\Þ \0\0\0\0\0\0\0\0\0\0\r\0\0\0\0\0\0\0\0\0\0\0¼\0\0$	\0\0 \0\0xV4\0\0\0b\0\0\0\0\0\0\0\0\0\0\0\0\0\0\0\0\0\0\0\0\0\0\0\0\0\0\0\0\0\0\0\0\0\0\0\0\0\0\0\0	\0\0\0\n\0\0\0\0\0\0d\0b\0o\0\0\0\r\0\0\0s\0y\0s\0_\0c\0o\0d\0e\0T\0y\0p\0e\0\0\0\0\0ò+\0\0S\0\0ò+\0\0®\0\0\0\0\0\0\0\0\0ððð\0\0\0\0\0\0\0\0\0\0\0\0\0\0\0\0\0\0\0\0\0\0\0\0\0\0\0ü\0\0a\0\0G\0\0>\0\02\0\0\0\0\0\0\0G\0\0>\0\0\0\0\0\0\0\0\0\0\0\0\0\0\0\0\0_\0\Ë\Î\Ì\å\0F\0K\0_\0_\0S\0y\0s\0C\0o\0d\0e\0_\0_\0T\0y\0p\0e\0C\0o\0d\0_\0_\05\0C\0A\01\0C\01\00\01\0!C4\0\0\0 \0\0\0\0xV4\0\0\0\0\0s\0y\0s\0_\0l\0o\0g\0\0\0\0\0\0\0\0\0\0\0#B½	+\äb\0¾`kCz\07z¥\0_½	+\0\0\0\×\0\0#ÿÿÿÿd#$\'7z[½	+¦\0\Å\0\0\0\0\0\0\0\0\0\0#ÿÿÿÿ\0\0\0\0ÿÎµ.\0\0\0\Ø\0\0 \0\0\0#kCzT½	+§\0\Ì\0\0\0\0\0\0\0\0\0\0#¾.\0\0\0\Ò8zI\0©I\0\0m½	+\0\Ó\0\01J8z0#´\'7z\07z\0\0\0\0\0\0\0\0\0\0\0\0\0\0\0\0\0\0\0T\0\0\0,\0\0\0,\0\0\0,\0\0\04\0\0\0\0\0\0\0\0\0\0\0$\0\0ª\Z\0\0\0\0\0\0-\0\0\n\0\0\0\0\0\0\0\0\0\0\0¼\0\0T\0\0\à\0\0X\0\0¤\0\08\0\0\0\0\0\0\0\0t\0\0\0\0\0\0\0\0\0\0\0 \0\0\0\0\0\0\0\0\0\0\0\0\0\0\0\0\0\0\0\0\0\08\0\0\0\0\0\0\0\0\0\Ç\0\0ÿ\0\0\0\0\0\0\0\0\0\0\0\0\0\0\0\0\0\0\0\0¼\0\0\0\0\0\0\0\0\0\Ç\0\0\í\0\0\0\0\0\0\0\0\0\0\0\0\0\0\0\0\0\0\0\0\0\0¼\0\0\0\0\0\0\0\0\0\0,\0\0\Þ \0\0\0\0\0\0\0\0\0\0\r\0\0\0\0\0\0\0\0\0\0\0¼\0\0$	\0\0 \0\0xV4\0\0\0X\0\0\0\0\0\0\0\0\0\0\0\0\0\0\0\0\0\0\0\0\0\0\0\0\0\0\0\0\0\0\0\0\0\0\0\0\0\0\0\0	\0\0\0\n\0\0\0\0\0\0d\0b\0o\0\0\0\0\0\0s\0y\0s\0_\0l\0o\0g\0\0\0!C4\0\0\0\0\0\0\0xV4\0\0\0\0\0s\0y\0s\0_\0l\0o\0g\0i\0n\0H\0i\0s\0t\0o\0r\0y\0\0\0\0\0ã¾.H#\0ÿÿh8zH# lCz(½	+\0\'½	+\0\0\0\0\0H#ÿÿÿÿ$\0\0\0H#ÀlCz\07z\0\0\0\0\0\0\0\0\0é¾.H#\0 ½	+ \0 µ.(\0\00\0\0 \0\0\0H#\àlCz\07z\0\0\0\0\0\0\0\0\0\0\0\0\0H#9½	+,\0\0\'\0mCzÿ¾.\0,\0\0\0\0\0\0\0\0\0\0H#ÿÿÿÿ8zñK8z2½\0\0\0\0\0\0\0\0\0\0\0\0\0\0\0\0T\0\0\0,\0\0\0,\0\0\0,\0\0\04\0\0\0\0\0\0\0\0\0\0\0$\0\0\0\0\0\0\0\0-\0\0	\0\0\0\0\0\0\0\0\0\0\0¼\0\0T\0\0\à\0\0X\0\0¤\0\08\0\0\0\0\0\0\0\0t\0\0\0\0\0\0\0\0\0\0\0\0\0\0\0\0\0\0\0\0\0\0\0\0\0\0\0\0\0\0\0\0\08\0\0\0\0\0\0\0\0\0\Ç\0\0ÿ\0\0\0\0\0\0\0\0\0\0\0\0\0\0\0\0\0\0\0\0¼\0\0\0\0\0\0\0\0\0\Ç\0\0\í\0\0\0\0\0\0\0\0\0\0\0\0\0\0\0\0\0\0\0\0\0\0¼\0\0\0\0\0\0\0\0\0\0,\0\0\Þ \0\0\0\0\0\0\0\0\0\0\r\0\0\0\0\0\0\0\0\0\0\0¼\0\0$	\0\0 \0\0xV4\0\0\0j\0\0\0\0\0\0\0\0\0\0\0\0\0\0\0\0\0\0\0\0\0\0\0\0\0\0\0\0\0\0\0\0\0\0\0\0\0\0\0\0	\0\0\0\n\0\0\0\0\0\0d\0b\0o\0\0\0\0\0\0s\0y\0s\0_\0l\0o\0g\0i\0n\0H\0i\0s\0t\0o\0r\0y\0\0\0!C4\0\0\0 \0\0i+\0\0xV4\0\0\0\0\0s\0y\0s\0_\0m\0e\0n\0u\0\0\0\0@58zñL6\0M7\0\0AM8iM9\0\0Ý½	+:\0CmCzÎµ.\Ä\0\0\0\0\0\0\0¾.ð\È\0Jÿÿ¨8z\07z­\0Ö½	+\0\0\0J\0\0~ÿÿÿÿ$8z{Îµ.$\0\\\0\0 \0\0\0ðÈ mCz\07z\Å\0\ï½	+\0\0\0Q	+ð\È\0hÿÿ8zðÈÀmCz\07z\Æ\0\0\0\0\0\0\0\0\0\0\0\0\0ðÈ\è½	+x\0X\0\0\0\0\0\0\0\0\0\0\0\0\0\0\0\0T\0\0\0,\0\0\0,\0\0\0,\0\0\04\0\0\0\0\0\0\0\0\0\0\0$\0\0\Þ \0\0\0\0\0\0-\0\0\r\0\0\0\0\0\0\0\0\0\0\0¼\0\0T\0\0\à\0\0X\0\0¤\0\08\0\0\0\0\0\0\0\0t\0\0\0\0\0\0\0\0\0\0\0 \0\0i+\0\0\0\0\0\0\0\0\0\0\0\0\0\0\0\0\0\0\0\08\0\0\0\0\0\0\0\0\0\Ç\0\0ÿ\0\0\0\0\0\0\0\0\0\0\0\0\0\0\0\0\0\0\0\0¼\0\0\0\0\0\0\0\0\0\Ç\0\0\í\0\0\0\0\0\0\0\0\0\0\0\0\0\0\0\0\0\0\0\0\0\0¼\0\0\0\0\0\0\0\0\0\0,\0\0\Þ \0\0\0\0\0\0\0\0\0\0\r\0\0\0\0\0\0\0\0\0\0\0¼\0\0$	\0\0 \0\0xV4\0\0\0Z\0\0\0\0\0\0\0\0\0\0\0\0\0\0\0\0\0\0\0\0\0\0\0\0\0\0\0\0\0\0\0\0\0\0\0\0\0\0\0\0	\0\0\0\n\0\0\0\0\0\0d\0b\0o\0\0\0	\0\0\0s\0y\0s\0_\0m\0e\0n\0u\0\0\0!C4\0\0\0:\0\0\ê\0\0xV4\0\0\0\0\0s\0y\0s\0_\0m\0e\0n\0u\0B\0u\0t\0t\0o\0n\0M\0a\0p\0\0\0\0\0\0\0\0\0\0\0\0\0\0\0\0\0\0\0\0\0\0\0\0\0\0\0\0\0\0\0\0\0\0\0\0\0\0\0\0\0\0\0\0\0\0\0\0\0\0\0\0\0\0\0\0\0\0\0\0\0\0\0\0\0\0\0\0\0\0\0\0\0\0\0\0\0\0\0\0\0\0\0\0\0\0\0\0\0\0\0\0\0\0\0\0\0\0\0\0\0\0\0\0\0\0\0\0\0\0\0\0\0\0\0\0\0\0\0\0\0\0\0\0\0\0\0\0\0\0\0\0\0\0\0\0\0\0\0\0\0\0\0\0\0\0\0\0\0\0\0\0\0\0\0\0\0\0\0\0\0\0\0\0\0\0\0\0\0\0\0\0\0\0\0\0\0\0\0\0\0\0\0\0\0\0\0\0\0\0\0\0\0\0\0\0\0\0\0\0\0\0\0\0\0\0\0\0\0\0\0\0\0\0\0\0\0\0\0\0\0T\0\0\0,\0\0\0,\0\0\0,\0\0\04\0\0\0\0\0\0\0\0\0\0\0$\0\0w\0\0\0\0\0\0-\0\0\0\0\0\0\0\0\0\0\0\0\0¼\0\0T\0\0\à\0\0X\0\0¤\0\08\0\0\0\0\0\0\0\0t\0\0\0\0\0\0\0\0\0\0\0:\0\0\ê\0\0\0\0\0\0\0\0\0\0\0\0\0\0\0\0\0\0\0\0\0	\0\0\0\0\0\0\0\0\0\Ç\0\0!\n\0\0\0\0\0\0\0\0\0\0\0\0\0\0\0\0\0\0\0\0¼\0\0\0\0\0\0\0\0\0\Ç\0\0\í\0\0\0\0\0\0\0\0\0\0\0\0\0\0\0\0\0\0\0\0\0\0¼\0\0\0\0\0\0\0\0\0\0,\0\0\Þ \0\0\0\0\0\0\0\0\0\0\r\0\0\0\0\0\0\0\0\0\0\0¼\0\0$	\0\0 \0\0xV4\0\0\0l\0\0\0\0\0\0\0\0\0\0\0\0\0\0\0\0\0\0\0\0\0\0\0\0\0\0\0\0\0\0\0\0\0\0\0\0\0\0\0\0	\0\0\0\n\0\0\0\0\0\0d\0b\0o\0\0\0\0\0\0s\0y\0s\0_\0m\0e\0n\0u\0B\0u\0t\0t\0o\0n\0M\0a\0p\0\0\0\0\0¸\0\0,\0\0À\0\0,\0\0\0\0\0\0\0\0\0ððð\0\0\0\0\0\0\0\0\0\0\0\0\0\0\0\0\0\0\0\0\0\0\0\0\0\0\0þÿÿ*\0\0G\0\0>\0\02\0\0\0\0\0\0\0G\0\0>\0\0\0\0\0\0\0\0\0\0\0\0\0\0\0\0\0_\0\Ë\Î\Ì\å\0F\0K\0_\0_\0s\0y\0s\0_\0m\0e\0n\0u\0B\0_\0_\0M\0e\0n\0u\0C\0_\0_\01\02\0F\0D\0D\01\0B\02\0\0\0\Ë\ëÿÿ7\0\0òÿÿ7\0\0\0\0\0\0\0\0\0ððð\0\0\0\0\0\0\0\0\0\0\0\0\0\0\0\0\0\0\0\0\r\0\0\0\0\0\0\0\åÿÿ\Ã7\0\0G\0\0>\0\02\0\0\0\0\0\0\0G\0\0>\0\0\0\0\0\0\0\0\0\0\0\0\0\0\0\0\0_\0\Ë\Î\Ì\å\0F\0K\0_\0_\0s\0y\0s\0_\0m\0e\0n\0u\0B\0_\0_\0B\0u\0t\0t\0o\0_\0_\01\06\0C\0E\06\02\09\06\0!C4\0\0\0\0\0\0\0xV4\0\0\0\0\0s\0y\0s\0_\0o\0r\0g\0a\0n\0i\0z\0e\0\0\0\0\0\0\0\0\0\0\0\0\0\0\0\0\0\0\0\0\0\0\0\0\0\0\0\0\0\0\0\0\0\0\0\0\0\0\0\0\0\0\0\0\0\0\0\0\0\0\0\0\0\0\0\0\0\0\0\0\0\0\0\0\0\0\0\0\0\0\0\0\0\0\0\0\0\0\0\0\0\0\0\0\0\0\0\0\0\0\0\0\0\0\0\0\0\0\0\0\0\0\0\0\0\0\0\0\0\0\0\0\0\0\0\0\0\0\0\0\0\0\0\0\0\0\0\0\0\0\0\0\0\0\0\0\0\0\0\0\0\0\0\0\0\0\0\0\0\0\0\0\0\0\0\0\0\0\0\0\0\0\0\0\0\0\0\0\0\0\0\0\0\0\0\0\0\0\0\0\0\0\0\0\0\0\0\0\0\0\0\0\0\0\0\0\0\0\0\0\0\0\0\0\0\0\0\0\0\0\0\0\0\0\0\0\0\0\0\0\0\0\0\0\0\0\0\0\0\0\0T\0\0\0,\0\0\0,\0\0\0,\0\0\04\0\0\0\0\0\0\0\0\0\0\0$\0\0»\0\0\0\0\0\0-\0\0\0\0\0\0\0\0\0\0\0\0\0¼\0\0T\0\0\à\0\0X\0\0¤\0\08\0\0\0\0\0\0\0\0t\0\0\0\0\0\0\0\0\0\0\0\0\0\0\0\0\0\0\0	\0\0\0	\0\0\0\0\0\0\0\0\0\0\0P\0\0\0\0\0\0\0\0\0\Ç\0\0ÿ\0\0\0\0\0\0\0\0\0\0\0\0\0\0\0\0\0\0\0\0¼\0\0\0\0\0\0\0\0\0\Ç\0\0\í\0\0\0\0\0\0\0\0\0\0\0\0\0\0\0\0\0\0\0\0\0\0¼\0\0\0\0\0\0\0\0\0\0,\0\0\Þ \0\0\0\0\0\0\0\0\0\0\r\0\0\0\0\0\0\0\0\0\0\0¼\0\0$	\0\0 \0\0xV4\0\0\0b\0\0\0\0\0\0\0\0\0\0\0\0\0\0\0\0\0\0\0\0\0\0\0\0\0\0\0\0\0\0\0\0\0\0\0\0\0\0\0\0	\0\0\0\n\0\0\0\0\0\0d\0b\0o\0\0\0\r\0\0\0s\0y\0s\0_\0o\0r\0g\0a\0n\0i\0z\0e\0\0\0!C4\0\0\0\Ø\0\0;\r\0\0xV4\0\0\0\0\0s\0y\0s\0_\0o\0r\0g\0a\0n\0i\0z\0e\0R\0o\0l\0e\0M\0a\0p\0\0\0\0\0\0\0\0\0\0\0\0\0\0\0\0\0\0\0\0\0\0\0\0\0\0\0\0\0\0\0\0\0\0\0\0\0\0\0\0\0\0\0\0\0\0\0\0\0\0\0\0\0\0\0\0\0\0\0\0\0\0\0\0\0\0\0\0\0\0\0\0\0\0\0\0\0\0\0\0\0\0\0\0\0\0\0\0\0\0\0\0\0\0\0\0\0\0\0\0\0\0\0\0\0\0\0\0\0\0\0\0\0\0\0\0\0\0\0\0\0\0\0\0\0\0\0\0\0\0\0\0\0\0\0\0\0\0\0\0\0\0\0\0\0\0\0\0\0\0\0\0\0\0\0\0\0\0\0\0\0\0\0\0\0\0\0\0\0\0\0\0\0\0\0\0\0\0\0\0\0\0\0\0\0\0\0\0\0\0\0\0\0\0\0\0\0\0\0\0\0\0\0\0\0\0\0\0\0\0\0\0\0\0\0\0\0T\0\0\0,\0\0\0,\0\0\0,\0\0\04\0\0\0\0\0\0\0\0\0\0\0$\0\0w\0\0\0\0\0\0-\0\0\0\0\0\0\0\0\0\0\0\0\0¼\0\0T\0\0\à\0\0X\0\0¤\0\08\0\0\0\0\0\0\0\0t\0\0\0\0\0\0\0\0\0\0\0\Ø\0\0;\r\0\0\0\0\0\0\0\0\0\0\0\0\0\0\0\0\0\0\0\0`	\0\0\0\0\0\0\0\0\0\Ç\0\0!\n\0\0\0\0\0\0\0\0\0\0\0\0\0\0\0\0\0\0\0\0¼\0\0\0\0\0\0\0\0\0\Ç\0\0\í\0\0\0\0\0\0\0\0\0\0\0\0\0\0\0\0\0\0\0\0\0\0¼\0\0\0\0\0\0\0\0\0\0,\0\0\Þ \0\0\0\0\0\0\0\0\0\0\r\0\0\0\0\0\0\0\0\0\0\0¼\0\0$	\0\0 \0\0xV4\0\0\0p\0\0\0\0\0\0\0\0\0\0\0\0\0\0\0\0\0\0\0\0\0\0\0\0\0\0\0\0\0\0\0\0\0\0\0\0\0\0\0\0	\0\0\0\n\0\0\0\0\0\0d\0b\0o\0\0\0\0\0\0s\0y\0s\0_\0o\0r\0g\0a\0n\0i\0z\0e\0R\0o\0l\0e\0M\0a\0p\0\0\0\0\0B\Üÿÿ\Z\0\0B\Üÿÿ\í\0\0\0\0\0\0\0\0\0\0ððð\0\0\0\0\0\0\0\0\0\0\0\0\0\0\0\0\0\0\0\0\0\0\0\0\0\0\0ñ\Üÿÿ\ä\0\0´\0\0>\0\02\0\0\0\0\0\0\0´\0\0>\0\0\0\0\0\0\0\0\0\0\0\0\0\0\0\0\0_\0\Ë\Î\Ì\å\0R\0_\03\08\0!C4\0\0\0 \0\0\ß\Z\0\0xV4\0\0\0\0\0s\0y\0s\0_\0p\0a\0r\0a\0m\0e\0t\0e\0r\0\0\0\0\0\0\0\0\0\0\0\0\0\0\0\0\0\0\0\0\0\0\0\0\0\0\0\0\0\0\0\0\0\0\0\0\0\0\0\0\0\0\0\0\0\0\0\0\0\0\0\0\0\0\0\0\0\0\0\0\0\0\0\0\0\0\0\0\0\0\0\0\0\0\0\0\0\0\0\0\0\0\0\0\0\0\0\0\0\0\0\0\0\0\0\0\0\0\0\0\0\0\0\0\0\0\0\0\0\0\0\0\0\0\0\0\0\0\0\0\0\0\0\0\0\0\0\0\0\0\0\0\0\0\0\0\0\0\0\0\0\0\0\0\0\0\0\0\0\0\0\0\0\0\0\0\0\0\0\0\0\0\0\0\0\0\0\0\0\0\0\0\0\0\0\0\0\0\0\0\0\0\0\0\0\0\0\0\0\0\0\0\0\0\0\0\0\0\0\0\0\0\0\0\0\0\0\0\0\0\0\0\0\0\0\0\0\0\0\0\0\0\0\0\0\0\0\0\0T\0\0\0,\0\0\0,\0\0\0,\0\0\04\0\0\0\0\0\0\0\0\0\0\0$\0\0ª\Z\0\0\0\0\0\0-\0\0\n\0\0\0\0\0\0\0\0\0\0\0¼\0\0T\0\0\à\0\0X\0\0¤\0\08\0\0\0\0\0\0\0\0t\0\0\0\0\0\0\0\0\0\0\0 \0\0\ß\Z\0\0\0\0\0\0\0\0\0\0\0\0\0\0\0\0\0\0\0\0P\0\0\0\0\0\0\0\0\0\Ç\0\0ÿ\0\0\0\0\0\0\0\0\0\0\0\0\0\0\0\0\0\0\0\0¼\0\0\0\0\0\0\0\0\0\Ç\0\0\í\0\0\0\0\0\0\0\0\0\0\0\0\0\0\0\0\0\0\0\0\0\0¼\0\0\0\0\0\0\0\0\0\0,\0\0\Þ \0\0\0\0\0\0\0\0\0\0\r\0\0\0\0\0\0\0\0\0\0\0¼\0\0$	\0\0 \0\0xV4\0\0\0d\0\0\0\0\0\0\0\0\0\0\0\0\0\0\0\0\0\0\0\0\0\0\0\0\0\0\0\0\0\0\0\0\0\0\0\0\0\0\0\0	\0\0\0\n\0\0\0\0\0\0d\0b\0o\0\0\0\0\0\0s\0y\0s\0_\0p\0a\0r\0a\0m\0e\0t\0e\0r\0\0\0!C4\0\0\0\0\0/\0\0xV4\0\0\0\0\0s\0y\0s\0_\0p\0e\0r\0m\0i\0s\0s\0i\0o\0n\0\0\0\0\0\0\0\0\0\0\0\0\0\0\0\0\0\0\0\0\0\0\0\0\0\0\0\0\0\0\0\0\0\0\0\0\0\0\0\0\0\0\0\0\0\0\0\0\0\0\0\0\0\0\0\0\0\0\0\0\0\0\0\0\0\0\0\0\0\0\0\0\0\0\0\0\0\0\0\0\0\0\0\0\0\0\0\0\0\0\0\0\0\0\0\0\0\0\0\0ÿP\0\0-\0\0-\08\0ÿ8\0ÿ\0À\Z	\0@$\0\0\0\0\0\0\0\0\0\0\0\0\0\0\0\0\0\0\0\0\0\0\0\0\0\0\0\0\0\0\0\0\0\0\0\0\0\0\0\0\0\0\0\0\0\0\0\0\0\0\0\0\0\0\0\0\0\0\0\0\0\0\0\0\0\0\0\0\0\0\0\0\0\0\0\0\0\0\0\0\0\0\0\0\0\0\0\0\0\0\0\0\0\0\0\0\0\0\0T\0\0\0,\0\0\0,\0\0\0,\0\0\04\0\0\0\0\0\0\0\0\0\0\0$\0\0\0\0\0\0\0\0-\0\0	\0\0\0\0\0\0\0\0\0\0\0¼\0\0T\0\0\à\0\0X\0\0¤\0\08\0\0\0\0\0\0\0\0t\0\0\0\0\0\0\0\0\0\0\0\0\0/\0\0\0\0\0\0\0\0\0\0\0\0\0\0\0\0\0\0\0\0P\0\0\0\0\0\0\0\0\0\Ç\0\0ÿ\0\0\0\0\0\0\0\0\0\0\0\0\0\0\0\0\0\0\0\0¼\0\0\0\0\0\0\0\0\0\Ç\0\0\í\0\0\0\0\0\0\0\0\0\0\0\0\0\0\0\0\0\0\0\0\0\0¼\0\0\0\0\0\0\0\0\0\0,\0\0\Þ \0\0\0\0\0\0\0\0\0\0\r\0\0\0\0\0\0\0\0\0\0\0¼\0\0$	\0\0 \0\0xV4\0\0\0f\0\0\0\0\0\0\0\0\0\0\0\0\0\0\0\0\0\0\0\0\0\0\0\0\0\0\0\0\0\0\0\0\0\0\0\0\0\0\0\0	\0\0\0\n\0\0\0\0\0\0d\0b\0o\0\0\0\0\0\0s\0y\0s\0_\0p\0e\0r\0m\0i\0s\0s\0i\0o\0n\0\0\0!C4\0\0\0\0\0ª\Z\0\0xV4\0\0\0\0\0s\0y\0s\0_\0r\0o\0l\0e\0\0\0\0\0\0\0\0\0\0\0\0\0\0\0\0\0\0\0\0\0\0\0\0\0\0\0\0\0\0\0\0\0\0\0\0\0\0\0\0\0\0\0\0\0\0\0\0\0\0\0\0\0\0\0\0\0\0\0\0\0\0\0\0\0\0\0\0\0\0\0\0\0\0\0\0\0\0\0\0\0\0\0\0\0\0\0\0\0\0\0\0\0\0\0\0\0\0\0\0\0\0\0\0\0\0\0\0\0\0\0\0\0\0\0\0\0\0\0\0\0\0\0\0\0\0\0\0\0\0\0\0\0\0\0\0\0\0\0\0\0\0\0\0\0\0\0\0\0\0\0\0\0\0\0\0\0\0\0\0\0\0\0\0\0\0\0\0\0\0\0\0\0\0\0\0\0\0\0\0\0\0\0\0\0\0\0\0\0\0\0\0\0\0\0\0\0\0\0\0\0\0\0\0\0\0\0\0\0\0\0\0\0\0\0\0\0\0\0\0\0\0\0\0\0\0\0\0\0\0\0\0\0\0\0\0\0\0\0T\0\0\0,\0\0\0,\0\0\0,\0\0\04\0\0\0\0\0\0\0\0\0\0\0$\0\0ª\Z\0\0\0\0\0\0-\0\0\n\0\0\0\0\0\0\0\0\0\0\0¼\0\0T\0\0\à\0\0X\0\0¤\0\08\0\0\0\0\0\0\0\0t\0\0\0\0\0\0\0\0\0\0\0\0\0ª\Z\0\0\0\0\0\0\0\0\0\0\0\0\0\0\0\0\0\0\0\08\0\0\0\0\0\0\0\0\0\Ç\0\0ÿ\0\0\0\0\0\0\0\0\0\0\0\0\0\0\0\0\0\0\0\0¼\0\0\0\0\0\0\0\0\0\Ç\0\0\í\0\0\0\0\0\0\0\0\0\0\0\0\0\0\0\0\0\0\0\0\0\0¼\0\0\0\0\0\0\0\0\0\0,\0\0\Þ \0\0\0\0\0\0\0\0\0\0\r\0\0\0\0\0\0\0\0\0\0\0¼\0\0$	\0\0 \0\0xV4\0\0\0Z\0\0\0\0\0\0\0\0\0\0\0\0\0\0\0\0\0\0\0\0\0\0\0\0\0\0\0\0\0\0\0\0\0\0\0\0\0\0\0\0	\0\0\0\n\0\0\0\0\0\0d\0b\0o\0\0\0	\0\0\0s\0y\0s\0_\0r\0o\0l\0e\0\0\0\0\0ðñÿÿ\nöÿÿX\îÿÿ\nöÿÿ\0\0\0\0\0\0\0ððð\0\0\0\0\0\0\0\0\0\0\0\0\0\0\0\0\0\0\0\0\0\0\0\0\0\0\0\ä\îÿÿôÿÿ´\0\0>\0\0\'\0\0\0\0\0\0\0´\0\0>\0\0\0\0\0\0\0ÿÿÿ\0\0\0\0\0\0\0\0\0_\0\Ë\Î\Ì\å\0R\0_\03\09\0!C4\0\0\0\0\0\Î\0\0xV4\0\0\0\0\0s\0y\0s\0_\0r\0o\0l\0e\0M\0e\0n\0u\0B\0u\0t\0t\0o\0n\0M\0a\0p\0\0\0i\0d\0 \0l\0e\0f\0t\0 \0o\0u\0t\0e\0r\0 \0j\0o\0i\0n\0 \0s\0y\0s\0.\0d\0a\0t\0a\0_\0s\0p\0a\0c\0e\0s\0 \0d\0s\0p\0 \0o\0n\0 \0d\0s\0p\0.\0d\0a\0t\0a\0_\0s\0p\0a\0c\0e\0_\0i\0d\0 \0=\0 \0i\0n\0d\0.\0d\0a\0t\0a\0_\0s\0p\0a\0c\0e\0_\0i\0d\0 \0 \0w\0h\0e\0r\0e\0 \0i\0n\0d\0.\0o\0b\0j\0e\0c\0t\0\0\0\0\0\0\0\0\0\0\0\0\0\0\0\0\0T\0\0\0,\0\0\0,\0\0\0,\0\0\04\0\0\0\0\0\0\0\0\0\0\0$\0\0w\0\0\0\0\0\0-\0\0\0\0\0\0\0\0\0\0\0\0\0¼\0\0T\0\0\à\0\0X\0\0¤\0\08\0\0\0\0\0\0\0\0t\0\0\0\0\0\0\0\0\0\0\0\0\0\Î\0\0\0\0\0\0\0\0\0\0\0\0\0\0\0\0\0\0\0\0°\n\0\0\0\0\0\0\0\0\0\Ç\0\02\0\0\0\0\0\0\0\0\0\0\0\0\0\0\0\0\0\0\0\0¼\0\0\0\0\0\0\0\0\0\Ç\0\0\í\0\0\0\0\0\0\0\0\0\0\0\0\0\0\0\0\0\0\0\0\0\0¼\0\0\0\0\0\0\0\0\0\0,\0\0\Þ \0\0\0\0\0\0\0\0\0\0\r\0\0\0\0\0\0\0\0\0\0\0¼\0\0$	\0\0 \0\0xV4\0\0\0t\0\0\0\0\0\0\0\0\0\0\0\0\0\0\0\0\0\0\0\0\0\0\0\0\0\0\0\0\0\0\0\0\0\0\0\0\0\0\0\0	\0\0\0\n\0\0\0\0\0\0d\0b\0o\0\0\0\0\0\0s\0y\0s\0_\0r\0o\0l\0e\0M\0e\0n\0u\0B\0u\0t\0t\0o\0n\0M\0a\0p\0\0\0\0\0\Ë\ëÿÿ\Ø\'\0\0g\íÿÿ\Ø\'\0\0g\íÿÿ%\0\0\Äðÿÿ%\0\0\0\0\0\0\0\0\0ððð\0\0\0\0\0\0\0\0\0\0\0\0\0\0\0\0\0\0\0\0\0\0\0\0\0\0\0\îÿÿ{&\0\0G\0\0>\0\02\0\0\0\0\0\0\0G\0\0>\0\0\0\0\0\0\0ÿÿÿ\0\0\0\0\0\0\0\0\0_\0\Ë\Î\Ì\å\0F\0K\0_\0_\0s\0y\0s\0_\0r\0o\0l\0e\0M\0_\0_\0B\0u\0t\0t\0o\0_\0_\02\07\0F\08\0E\0E\09\08\0\0\0¸\0\0x\0\0\â\0\0x\0\0\0\0\0\0\0\0\0ððð\0\0\0\0\0\0\0\0\0\0\0\0\0\0\0\0\0\0\0\0\0\0\0\0\0\0\0\'ÿÿÿ\0\0G\0\0>\0\02\0\0\0\0\0\0\0G\0\0>\0\0\0\0\0\0\0ÿÿÿ\0\0\0\0\0\0\0\0\0_\0\Ë\Î\Ì\å\0F\0K\0_\0_\0s\0y\0s\0_\0r\0o\0l\0e\0M\0_\0_\0M\0e\0n\0u\0C\0_\0_\02\08\0E\0D\01\02\0D\01\0\0\0óÿÿ\0\0óÿÿV\0\0\0\0\0\0\0\0\0ððð\0\0\0\0\0\0\0\0\0\0\0\0\0\0\0\0\0\0\0\0\0\0\0\0\0\0\0\Ëóÿÿ\0\0G\0\0>\0\02\0\0\0\0\0\0\0G\0\0>\0\0\0\0\0\0\0ÿÿÿ\0\0\0\0\0\0\0\0\0_\0\Ë\Î\Ì\å\0F\0K\0_\0_\0s\0y\0s\0_\0r\0o\0l\0e\0M\0_\0_\0R\0o\0l\0e\0C\0_\0_\02\09\0E\01\03\07\00\0A\0!C4\0\0\0ñ\0\0f\0\0xV4\0\0\0\0\0s\0y\0s\0_\0r\0o\0l\0e\0M\0e\0n\0u\0C\0o\0l\0u\0m\0n\0M\0a\0p\0\0\0ÿÿÿÿÿÿÿÿÿÿÿÿÿÿÿÿÿÿÿÿÿÿÿÿÿÿÿÿÿÿÿÿÿÿÿÿÿÿÿÿÿÿÿÿÿÿÿÿÿÿÿÿÿÿÿÿÿÿÿÿÿÿÿÿÿÿÿÿÿÿÿÿÿÿÿÿÿÿÿÿÿÿÿÿÿÿÿÿÿÿÿÿÿÿÿÿÿÿÿÿÿÿÿÿÿÿÿÿÿÿÿÿÿÿÿÿÿÿÿÿÿÿÿÿÿÿÿÿÿÿÿÿÿÿÿÿÿÿÿÿÿÿÿÿÿÿÿÿÿÿÿÿÿÿÿÿÿÿÿÿÿÿÿÿÿÿÿÿÿÿÿÿÿÿÿÿÿÿÿÿÿÿÿÿÿÿÿÿÿÿÿÿÿÿ\0\0\0\0\0\0\0\0\0\0\0\0\0\0\0\0T\0\0\0,\0\0\0,\0\0\0,\0\0\04\0\0\0\0\0\0\0\0\0\0\0$\0\0w\0\0\0\0\0\0-\0\0\0\0\0\0\0\0\0\0\0\0\0¼\0\0T\0\0\à\0\0X\0\0¤\0\08\0\0\0\0\0\0\0\0t\0\0\0\0\0\0\0\0\0\0\0ñ\0\0f\0\0\0\0\0\0\0\0\0\0\0\0\0\0\0\0\0\0\0\0(\0\0\0\0\0\0\0\0\0\Ç\0\0!\n\0\0\0\0\0\0\0\0\0\0\0\0\0\0\0\0\0\0\0\0¼\0\0\0\0\0\0\0\0\0\Ç\0\0\í\0\0\0\0\0\0\0\0\0\0\0\0\0\0\0\0\0\0\0\0\0\0¼\0\0\0\0\0\0\0\0\0\0,\0\0\Þ \0\0\0\0\0\0\0\0\0\0\r\0\0\0\0\0\0\0\0\0\0\0¼\0\0$	\0\0 \0\0xV4\0\0\0t\0\0\0\0\0\0\0\0\0\0\0\0\0\0\0\0\0\0\0\0\0\0\0\0\0\0\0\0\0\0\0\0\0\0\0\0\0\0\0\0	\0\0\0\n\0\0\0\0\0\0d\0b\0o\0\0\0\0\0\0s\0y\0s\0_\0r\0o\0l\0e\0M\0e\0n\0u\0C\0o\0l\0u\0m\0n\0M\0a\0p\0\0\0\0\0\0\0$úÿÿF\0\0$úÿÿ\0\0\0\0\0\0\0ððð\0\0\0\0\0\0\0\0\0\0\0\0\0\0\0\0\0\0\0\0\"\0\0\0\0\0\0\0ùÿÿ7øÿÿG\0\0>\0\02\0\0\0\0\0\0\0G\0\0>\0\0\0\0\0\0\0ÿÿÿ\0\0\0\0\0\0\0\0\0_\0\Ë\Î\Ì\å\0F\0K\0_\0_\0s\0y\0s\0_\0r\0o\0l\0e\0C\0_\0_\0R\0o\0l\0e\0C\0_\0_\03\05\05\02\0E\09\0B\06\0\0\0\Ò\0\0þ\0\0\Ò\0\0p\0\0\0\0\0\0\0\0\0ððð\0\0\0\0\0\0\0\0\0\0\0\0\0\0\0\0\0\0\0\0$\0\0\0\0\0\0\0\0\0\0\0G\0\0>\0\02\0\0\0\0\0\0\0G\0\0>\0\0\0\0\0\0\0ÿÿÿ\0\0\0\0\0\0\0\0\0_\0\Ë\Î\Ì\å\0F\0K\0_\0_\0s\0y\0s\0_\0r\0o\0l\0e\0C\0_\0_\0M\0e\0n\0u\0C\0_\0_\03\06\04\07\00\0D\0E\0F\0\0\0\0\0\0\0\0\0\0\0\0\0\0\0\0\0\0\0\0\0\0\0\0\0\0\0\0\0\0\0\0\0\0\0\0\0\0\0\0\0\0\0\0\0\0\0\0\0\0\0\0\0\0\0\0\0\0\0\0\0\0\0\0\0\0\0\0\0\0\0\0\0\0\0\0\0\0\0\0\0\0\0\0\0\0\0\0\0\0\0\0\0\0\0\0\0\0\0\0\0\0\0\0\0\0\0\0\0\0\0\0\0\0\0\0\0\0\0\0\0\0\0\0\0\0\0\0\0\0\0\0\0\0\0\0\0\0\0\0\0\0\0\0\0\0\0\0\0\0\0\0\0\0\0\0\0\0\0\0\0\0\0\0\0\0\0\0\0\0\0\0\0\0\0\0\0\0\0\0\0\0\0\0\0\0\0\0\0\0\0\0\0\0\0\0\0\0\0\0\0\0\0\0\0\0\0\0\0\0\0\0\0\0\0\0\0\0\0\0\0\0\0\0\0\0\0\0\0\0\0\0\0\0\0\0\0\0\0\0\0\0\0\0\0\0\0\0\0\0\0\0\0\0\0\0\0\0\0\0\0\0\0\0\0\0\0\0\0\0\0\0\0\0\0\0\0\0\0\0\0\0\0\0\0\0\0\0\0\0\0\0\0\0\0\0\0\0\0\0\0\0\0\0\0\0\0\0\0\0\0\0\0\0\0\0\0\0\0\0\0\0\0\0\0\0\0\0\0\0\0\0\0\0\0\0\0\0\0\0\0\0\0\0\0\0\0\0\0\0\0\0\0\0\0\0\0\0\0\0\0\0\0\0\0\0\0\0\0\0\0\0D\0d\0s\0S\0t\0r\0e\0a\0m\0\0\0\0\0\0\0\0\0\0\0\0\0\0\0\0\0\0\0\0\0\0\0\0\0\0\0\0\0\0\0\0\0\0\0\0\0\0\0\0\0\0\0\0\0\0\0\0\0\0\0\0\0ÿÿÿÿ\0\0\0\0\0\0\0\0\0\0\0\0\0\0\0\0\0\0\0\0\0\0\0\0\0\0\0\0\0\0\0\0\0\0\0\0\"\0\0\0p#\0\0\0\0\0\0S\0c\0h\0e\0m\0a\0 \0U\0D\0V\0 \0D\0e\0f\0a\0u\0l\0t\0\0\0\0\0\0\0\0\0\0\0\0\0\0\0\0\0\0\0\0\0\0\0\0\0\0\0\0\0&\0\0ÿÿÿÿÿÿÿÿÿÿÿÿ\0\0\0\0\0\0\0\0\0\0\0\0\0\0\0\0\0\0\0\0\0\0\0\0\0\0\0\0\0\0\0\0\0\0\0\06\0\0\0\0\0\0\0\0\0\0D\0S\0R\0E\0F\0-\0S\0C\0H\0E\0M\0A\0-\0C\0O\0N\0T\0E\0N\0T\0S\0\0\0\0\0\0\0\0\0\0\0\0\0\0\0\0\0\0\0\0\0\0\0,\0\0\0\0\0\0\0ÿÿÿÿ\0\0\0\0\0\0\0\0\0\0\0\0\0\0\0\0\0\0\0\0\0\0\0\0\0\0\0\0\0\0\0\0\0\0\0\07\0\0\0N\0\0\0\0\0\0S\0c\0h\0e\0m\0a\0 \0U\0D\0V\0 \0D\0e\0f\0a\0u\0l\0t\0 \0P\0o\0s\0t\0 \0V\06\0\0\0\0\0\0\0\0\0\0\0\0\06\0\0ÿÿÿÿÿÿÿÿÿÿÿÿ\0\0\0\0\0\0\0\0\0\0\0\0\0\0\0\0\0\0\0\0\0\0\0\0\0\0\0\0\0\0\0\0\0\0\0\0M\0\0\0\0\0\0\0\0\0\0\0\0\0b\ÆÿÿÀ\Ñÿÿ\0&\0\0\0s\0c\0h\0_\0l\0a\0b\0e\0l\0s\0_\0v\0i\0s\0i\0b\0l\0e\0\0\0\0\0\0\0\0\0\0\0\0\0\0\0\0\0\0\0\0\0\0\0\0\0\0\0\0d\0\0\0\0\0\0\0\0\0\0\0\0\0\0\0\0\0\0\0\0\0\0\0\0\0\0\0\0\0\0\0\0\0\0\0\0\0\0\0\0\0\0\0\0\0\0\0\Ð\0\0\0(\0\0\0A\0c\0t\0i\0v\0e\0T\0a\0b\0l\0e\0V\0i\0e\0w\0M\0o\0d\0e\0\0\0\0\0\0\0\0\0\01\0\0\0 \0\0\0T\0a\0b\0l\0e\0V\0i\0e\0w\0M\0o\0d\0e\0:\00\0\0\0\0\0\0\0:\0\0\04\0,\00\0,\02\08\04\0,\00\0,\01\09\08\00\0,\01\0,\01\06\02\00\0,\05\0,\01\00\08\00\0\0\0 \0\0\0T\0a\0b\0l\0e\0V\0i\0e\0w\0M\0o\0d\0e\0:\01\0\0\0\0\0\0\0\0\0\02\0,\00\0,\02\08\04\0,\00\0,\01\08\07\02\0\0\0 \0\0\0T\0a\0b\0l\0e\0V\0i\0e\0w\0M\0o\0d\0e\0:\02\0\0\0\0\0\0\0\0\0\02\0,\00\0,\02\08\04\0,\00\0,\01\09\08\00\0\0\0 \0\0\0T\0a\0b\0l\0e\0V\0i\0e\0w\0M\0o\0d\0e\0:\03\0\0\0\0\0\0\0\0\0\02\0,\00\0,\02\08\04\0,\00\0,\01\09\08\00\0\0\0 \0\0\0T\0a\0b\0l\0e\0V\0i\0e\0w\0M\0o\0d\0e\0:\04\0\0\0\0\0\0\0>\0\0\04\0,\00\0,\02\08\04\0,\00\0,\01\09\08\00\0,\01\02\0,\02\03\04\00\0,\01\01\0,\01\04\04\00\0\0\0\0\0\0\0\0\0\0\0\0\0\0\0\0\0\0\0\0\0\0\0\0\0\Ð\0\0\0(\0\0\0A\0c\0t\0i\0v\0e\0T\0a\0b\0l\0e\0V\0i\0e\0w\0M\0o\0d\0e\0\0\0\0\0\0\0\0\0\01\0\0\0 \0\0\0T\0a\0b\0l\0e\0V\0i\0e\0w\0M\0o\0d\0e\0:\00\0\0\0\0\0\0\0:\0\0\04\0,\00\0,\02\08\04\0,\00\0,\01\09\08\00\0,\01\0,\01\06\02\00\0,\05\0,\01\00\08\00\0\0\0 \0\0\0T\0a\0b\0l\0e\0V\0i\0e\0w\0M\0o\0d\0e\0:\01\0\0\0\0\0\0\0\0\0\02\0,\00\0,\02\08\04\0,\00\0,\01\08\04\08\0\0\0 \0\0\0T\0a\0b\0l\0e\0V\0i\0e\0w\0M\0o\0d\0e\0:\02\0\0\0\0\0\0\0\0\0\02\0,\00\0,\02\08\04\0,\00\0,\01\09\08\00\0\0\0 \0\0\0T\0a\0b\0l\0e\0V\0i\0e\0w\0M\0o\0d\0e\0:\03\0\0\0\0\0\0\0\0\0\02\0,\00\0,\02\08\04\0,\00\0,\01\09\08\00\0\0\0 \0\0\0T\0a\0b\0l\0e\0V\0i\0e\0w\0M\0o\0d\0e\0:\04\0\0\0\0\0\0\0>\0\0\04\0,\00\0,\02\08\04\0,\00\0,\01\09\08\00\0,\01\02\0,\02\03\04\00\0,\01\01\0,\01\04\04\00\0\0\0\0\0\0\0\0\0\0\0\0\0\0\0\0\0\0\0\0\0\0\0\0\0\Ð\0\0\0(\0\0\0A\0c\0t\0i\0v\0e\0T\0a\0b\0l\0e\0V\0i\0e\0w\0M\0o\0d\0e\0\0\0\0\0\0\0\0\0\01\0\0\0 \0\0\0T\0a\0b\0l\0e\0V\0i\0e\0w\0M\0o\0d\0e\0:\00\0\0\0\0\0\0\0:\0\0\04\0,\00\0,\02\08\04\0,\00\0,\01\09\08\00\0,\01\0,\01\06\02\00\0,\05\0,\01\00\08\00\0\0\0 \0\0\0T\0a\0b\0l\0e\0V\0i\0e\0w\0M\0o\0d\0e\0:\01\0\0\0\0\0\0\0\0\0\02\0,\00\0,\02\08\04\0,\00\0,\01\08\07\02\0\0\0 \0\0\0T\0a\0b\0l\0e\0V\0i\0e\0w\0M\0o\0d\0e\0:\02\0\0\0\0\0\0\0\0\0\02\0,\00\0,\02\08\04\0,\00\0,\01\09\08\00\0\0\0 \0\0\0T\0a\0b\0l\0e\0V\0i\0e\0w\0M\0o\0d\0e\0:\03\0\0\0\0\0\0\0\0\0\02\0,\00\0,\02\08\04\0,\00\0,\01\09\08\00\0\0\0 \0\0\0T\0a\0b\0l\0e\0V\0i\0e\0w\0M\0o\0d\0e\0:\04\0\0\0\0\0\0\0>\0\0\04\0,\00\0,\02\08\04\0,\00\0,\01\09\08\00\0,\01\02\0,\02\03\04\00\0,\01\01\0,\01\04\04\00\0\0\0\0\0\0\0\0\0\0\0\0\0N\0\0\0 ;\'\0\0\0d\0b\0o\0\0\0F\0K\0_\0_\0S\0y\0s\0C\0o\0d\0e\0_\0_\0T\0y\0p\0e\0C\0o\0d\0_\0_\05\0C\0A\01\0C\01\00\01\0\0\0\0\0\0\0\0\0\0\0\Ä\0\0\0\0\0\0\0\0\0\0\0\0\0\0\0\0>;\'À>;\'\0\0\0\0\0\0\0\0­\0\0\0\0\0\0\0\0\0\0\0\0\0\0\0\0\0\0\0\0\0\0\0\0\0\0\0\Ð\0\0\0(\0\0\0A\0c\0t\0i\0v\0e\0T\0a\0b\0l\0e\0V\0i\0e\0w\0M\0o\0d\0e\0\0\0\0\0\0\0\0\0\01\0\0\0 \0\0\0T\0a\0b\0l\0e\0V\0i\0e\0w\0M\0o\0d\0e\0:\00\0\0\0\0\0\0\0:\0\0\04\0,\00\0,\02\08\04\0,\00\0,\01\09\08\00\0,\01\0,\01\06\02\00\0,\05\0,\01\00\08\00\0\0\0 \0\0\0T\0a\0b\0l\0e\0V\0i\0e\0w\0M\0o\0d\0e\0:\01\0\0\0\0\0\0\0\0\0\02\0,\00\0,\02\08\04\0,\00\0,\01\08\04\08\0\0\0 \0\0\0T\0a\0b\0l\0e\0V\0i\0e\0w\0M\0o\0d\0e\0:\02\0\0\0\0\0\0\0\0\0\02\0,\00\0,\02\08\04\0,\00\0,\01\09\08\00\0\0\0 \0\0\0T\0a\0b\0l\0e\0V\0i\0e\0w\0M\0o\0d\0e\0:\03\0\0\0\0\0\0\0\0\0\02\0,\00\0,\02\08\04\0,\00\0,\01\09\08\00\0\0\0 \0\0\0T\0a\0b\0l\0e\0V\0i\0e\0w\0M\0o\0d\0e\0:\04\0\0\0\0\0\0\0>\0\0\04\0,\00\0,\02\08\04\0,\00\0,\01\09\08\00\0,\01\02\0,\02\03\04\00\0,\01\01\0,\01\04\04\00\0\0\0\0\0\0\0\0\0\0\0\0\0\0\0\0\0\0\0\0\0\0\0\0\0\Ð\0\0\0(\0\0\0A\0c\0t\0i\0v\0e\0T\0a\0b\0l\0e\0V\0i\0e\0w\0M\0o\0d\0e\0\0\0\0\0\0\0\0\0\01\0\0\0 \0\0\0T\0a\0b\0l\0e\0V\0i\0e\0w\0M\0o\0d\0e\0:\00\0\0\0\0\0\0\0:\0\0\04\0,\00\0,\02\08\04\0,\00\0,\01\09\08\00\0,\01\0,\01\06\02\00\0,\05\0,\01\00\08\00\0\0\0 \0\0\0T\0a\0b\0l\0e\0V\0i\0e\0w\0M\0o\0d\0e\0:\01\0\0\0\0\0\0\0\0\0\02\0,\00\0,\02\08\04\0,\00\0,\01\08\04\08\0\0\0 \0\0\0T\0a\0b\0l\0e\0V\0i\0e\0w\0M\0o\0d\0e\0:\02\0\0\0\0\0\0\0\0\0\02\0,\00\0,\02\08\04\0,\00\0,\01\09\08\00\0\0\0 \0\0\0T\0a\0b\0l\0e\0V\0i\0e\0w\0M\0o\0d\0e\0:\03\0\0\0\0\0\0\0\0\0\02\0,\00\0,\02\08\04\0,\00\0,\01\09\08\00\0\0\0 \0\0\0T\0a\0b\0l\0e\0V\0i\0e\0w\0M\0o\0d\0e\0:\04\0\0\0\0\0\0\0>\0\0\04\0,\00\0,\02\08\04\0,\00\0,\01\09\08\00\0,\01\02\0,\02\03\04\00\0,\01\01\0,\01\04\04\00\0\0\0\0\0\0\0\0\0\0\0\0\0\0\0\0\0\0\0\0\0\0\0\0\0\Ð\0\0\0(\0\0\0A\0c\0t\0i\0v\0e\0T\0a\0b\0l\0e\0V\0i\0e\0w\0M\0o\0d\0e\0\0\0\0\0\0\0\0\0\01\0\0\0 \0\0\0T\0a\0b\0l\0e\0V\0i\0e\0w\0M\0o\0d\0e\0:\00\0\0\0\0\0\0\0:\0\0\04\0,\00\0,\02\08\04\0,\00\0,\01\09\08\00\0,\01\0,\01\06\02\00\0,\05\0,\01\00\08\00\0\0\0 \0\0\0T\0a\0b\0l\0e\0V\0i\0e\0w\0M\0o\0d\0e\0:\01\0\0\0\0\0\0\0\0\0\02\0,\00\0,\02\08\04\0,\00\0,\01\08\04\08\0\0\0 \0\0\0T\0a\0b\0l\0e\0V\0i\0e\0w\0M\0o\0d\0e\0:\02\0\0\0\0\0\0\0\0\0\02\0,\00\0,\02\08\04\0,\00\0,\01\09\08\00\0\0\0 \0\0\0T\0a\0b\0l\0e\0V\0i\0e\0w\0M\0o\0d\0e\0:\03\0\0\0\0\0\0\0\0\0\02\0,\00\0,\02\08\04\0,\00\0,\01\09\08\00\0\0\0 \0\0\0T\0a\0b\0l\0e\0V\0i\0e\0w\0M\0o\0d\0e\0:\04\0\0\0\0\0\0\0>\0\0\04\0,\00\0,\02\08\04\0,\00\0,\01\09\08\00\0,\01\02\0,\02\03\04\00\0,\01\01\0,\01\04\04\00\0\0\0	\0\0\0	\0\0\0\0\0\0\0\0\0\0\0\0\0\0\0\0\0\0\0\Ð\0\0\0(\0\0\0A\0c\0t\0i\0v\0e\0T\0a\0b\0l\0e\0V\0i\0e\0w\0M\0o\0d\0e\0\0\0\0\0\0\0\0\0\01\0\0\0 \0\0\0T\0a\0b\0l\0e\0V\0i\0e\0w\0M\0o\0d\0e\0:\00\0\0\0\0\0\0\0:\0\0\04\0,\00\0,\02\08\04\0,\00\0,\01\09\08\00\0,\01\0,\01\06\02\00\0,\05\0,\01\00\08\00\0\0\0 \0\0\0T\0a\0b\0l\0e\0V\0i\0e\0w\0M\0o\0d\0e\0:\01\0\0\0\0\0\0\0\0\0\02\0,\00\0,\02\08\04\0,\00\0,\02\03\00\04\0\0\0 \0\0\0T\0a\0b\0l\0e\0V\0i\0e\0w\0M\0o\0d\0e\0:\02\0\0\0\0\0\0\0\0\0\02\0,\00\0,\02\08\04\0,\00\0,\01\09\08\00\0\0\0 \0\0\0T\0a\0b\0l\0e\0V\0i\0e\0w\0M\0o\0d\0e\0:\03\0\0\0\0\0\0\0\0\0\02\0,\00\0,\02\08\04\0,\00\0,\01\09\08\00\0\0\0 \0\0\0T\0a\0b\0l\0e\0V\0i\0e\0w\0M\0o\0d\0e\0:\04\0\0\0\0\0\0\0>\0\0\04\0,\00\0,\02\08\04\0,\00\0,\01\09\08\00\0,\01\02\0,\02\03\04\00\0,\01\01\0,\01\04\04\00\0\0\0\n\0\0\0\n\0\0\0\0\0\0\0N\0\0\0 ;\'\0\0\0d\0b\0o\0\0\0F\0K\0_\0_\0s\0y\0s\0_\0m\0e\0n\0u\0B\0_\0_\0M\0e\0n\0u\0C\0_\0_\01\02\0F\0D\0D\01\0B\02\0\0\0\0\0\0\0\0\0\0\0\Ä\0\0\0\0\0\0\0\0\0\0\n\0\0\0\0\0\0<;\'<;\'\0\0\0\0\0\0\0\0­\0\0\0\0\0\0\0\0\0\0\0\0\0\0\0N\0\0\0 ;\'\0\0\0d\0b\0o\0\0\0F\0K\0_\0_\0s\0y\0s\0_\0m\0e\0n\0u\0B\0_\0_\0B\0u\0t\0t\0o\0_\0_\01\06\0C\0E\06\02\09\06\0\0\0\0\0\0\0\0\0\0\0\Ä\0\0\0\0\r\0\0\0\r\0\0\0\0\0\0\0\0\0<;\'@<;\'\0\0\0\0\0\0\0\0­\0\0\0\0\0\0\0\0\0\0\0\0\0\0\0\0\0\0\0\0\0\0\0\0\0\0\0\Ð\0\0\0(\0\0\0A\0c\0t\0i\0v\0e\0T\0a\0b\0l\0e\0V\0i\0e\0w\0M\0o\0d\0e\0\0\0\0\0\0\0\0\0\01\0\0\0 \0\0\0T\0a\0b\0l\0e\0V\0i\0e\0w\0M\0o\0d\0e\0:\00\0\0\0\0\0\0\0:\0\0\04\0,\00\0,\02\08\04\0,\00\0,\01\09\08\00\0,\01\0,\01\06\02\00\0,\05\0,\01\00\08\00\0\0\0 \0\0\0T\0a\0b\0l\0e\0V\0i\0e\0w\0M\0o\0d\0e\0:\01\0\0\0\0\0\0\0\0\0\02\0,\00\0,\02\08\04\0,\00\0,\01\08\07\02\0\0\0 \0\0\0T\0a\0b\0l\0e\0V\0i\0e\0w\0M\0o\0d\0e\0:\02\0\0\0\0\0\0\0\0\0\02\0,\00\0,\02\08\04\0,\00\0,\01\09\08\00\0\0\0 \0\0\0T\0a\0b\0l\0e\0V\0i\0e\0w\0M\0o\0d\0e\0:\03\0\0\0\0\0\0\0\0\0\02\0,\00\0,\02\08\04\0,\00\0,\01\09\08\00\0\0\0 \0\0\0T\0a\0b\0l\0e\0V\0i\0e\0w\0M\0o\0d\0e\0:\04\0\0\0\0\0\0\0>\0\0\04\0,\00\0,\02\08\04\0,\00\0,\01\09\08\00\0,\01\02\0,\02\03\04\00\0,\01\01\0,\01\04\04\00\0\0\0\0\0\0\0\0\0\0\0\0\0\0\0\0\0\0\0\0\0\0\0\0\0\Ð\0\0\0(\0\0\0A\0c\0t\0i\0v\0e\0T\0a\0b\0l\0e\0V\0i\0e\0w\0M\0o\0d\0e\0\0\0\0\0\0\0\0\0\01\0\0\0 \0\0\0T\0a\0b\0l\0e\0V\0i\0e\0w\0M\0o\0d\0e\0:\00\0\0\0\0\0\0\0:\0\0\04\0,\00\0,\02\08\04\0,\00\0,\01\09\08\00\0,\01\0,\01\06\02\00\0,\05\0,\01\00\08\00\0\0\0 \0\0\0T\0a\0b\0l\0e\0V\0i\0e\0w\0M\0o\0d\0e\0:\01\0\0\0\0\0\0\0\0\0\02\0,\00\0,\02\08\04\0,\00\0,\02\04\00\00\0\0\0 \0\0\0T\0a\0b\0l\0e\0V\0i\0e\0w\0M\0o\0d\0e\0:\02\0\0\0\0\0\0\0\0\0\02\0,\00\0,\02\08\04\0,\00\0,\01\09\08\00\0\0\0 \0\0\0T\0a\0b\0l\0e\0V\0i\0e\0w\0M\0o\0d\0e\0:\03\0\0\0\0\0\0\0\0\0\02\0,\00\0,\02\08\04\0,\00\0,\01\09\08\00\0\0\0 \0\0\0T\0a\0b\0l\0e\0V\0i\0e\0w\0M\0o\0d\0e\0:\04\0\0\0\0\0\0\0>\0\0\04\0,\00\0,\02\08\04\0,\00\0,\01\09\08\00\0,\01\02\0,\02\03\04\00\0,\01\01\0,\01\04\04\00\0\0\0\0\0\0\0\0\0\0\0\0\0\Z\0\0\0Oùw\0\0\0d\0b\0o\0\0\0R\0_\03\08\0\0\0\0\0\0\0\0\0\0\0\Ä\0\0\0\0\0\0\0\0\0\0\0\0\0\0\0\0;;\'@;;\'\0\0\0\0\0\0\0\0­\0\0\0\0\0\0\0\0\0\0\0\0\0\0\0\0\0\0\0\0\0\0\0\0\0\0\0\Ð\0\0\0(\0\0\0A\0c\0t\0i\0v\0e\0T\0a\0b\0l\0e\0V\0i\0e\0w\0M\0o\0d\0e\0\0\0\0\0\0\0\0\0\01\0\0\0 \0\0\0T\0a\0b\0l\0e\0V\0i\0e\0w\0M\0o\0d\0e\0:\00\0\0\0\0\0\0\0:\0\0\04\0,\00\0,\02\08\04\0,\00\0,\01\09\08\00\0,\01\0,\01\06\02\00\0,\05\0,\01\00\08\00\0\0\0 \0\0\0T\0a\0b\0l\0e\0V\0i\0e\0w\0M\0o\0d\0e\0:\01\0\0\0\0\0\0\0\0\0\02\0,\00\0,\02\08\04\0,\00\0,\01\08\07\02\0\0\0 \0\0\0T\0a\0b\0l\0e\0V\0i\0e\0w\0M\0o\0d\0e\0:\02\0\0\0\0\0\0\0\0\0\02\0,\00\0,\02\08\04\0,\00\0,\01\09\08\00\0\0\0 \0\0\0T\0a\0b\0l\0e\0V\0i\0e\0w\0M\0o\0d\0e\0:\03\0\0\0\0\0\0\0\0\0\02\0,\00\0,\02\08\04\0,\00\0,\01\09\08\00\0\0\0 \0\0\0T\0a\0b\0l\0e\0V\0i\0e\0w\0M\0o\0d\0e\0:\04\0\0\0\0\0\0\0>\0\0\04\0,\00\0,\02\08\04\0,\00\0,\01\09\08\00\0,\01\02\0,\02\03\04\00\0,\01\01\0,\01\04\04\00\0\0\0\0\0\0\0\0\0\0\0\0\0\0\0\0\0\0\0\0\0\0\0\0\0\Ð\0\0\0(\0\0\0A\0c\0t\0i\0v\0e\0T\0a\0b\0l\0e\0V\0i\0e\0w\0M\0o\0d\0e\0\0\0\0\0\0\0\0\0\01\0\0\0 \0\0\0T\0a\0b\0l\0e\0V\0i\0e\0w\0M\0o\0d\0e\0:\00\0\0\0\0\0\0\0:\0\0\04\0,\00\0,\02\08\04\0,\00\0,\01\09\08\00\0,\01\0,\01\06\02\00\0,\05\0,\01\00\08\00\0\0\0 \0\0\0T\0a\0b\0l\0e\0V\0i\0e\0w\0M\0o\0d\0e\0:\01\0\0\0\0\0\0\0\0\0\02\0,\00\0,\02\08\04\0,\00\0,\01\08\07\02\0\0\0 \0\0\0T\0a\0b\0l\0e\0V\0i\0e\0w\0M\0o\0d\0e\0:\02\0\0\0\0\0\0\0\0\0\02\0,\00\0,\02\08\04\0,\00\0,\01\09\08\00\0\0\0 \0\0\0T\0a\0b\0l\0e\0V\0i\0e\0w\0M\0o\0d\0e\0:\03\0\0\0\0\0\0\0\0\0\02\0,\00\0,\02\08\04\0,\00\0,\01\09\08\00\0\0\0 \0\0\0T\0a\0b\0l\0e\0V\0i\0e\0w\0M\0o\0d\0e\0:\04\0\0\0\0\0\0\0>\0\0\04\0,\00\0,\02\08\04\0,\00\0,\01\09\08\00\0,\01\02\0,\02\03\04\00\0,\01\01\0,\01\04\04\00\0\0\0\0\0\0\0\0\0\0\0\0\0\0\0\0\0\0\0\0\0\0\0\0\0\Ð\0\0\0(\0\0\0A\0c\0t\0i\0v\0e\0T\0a\0b\0l\0e\0V\0i\0e\0w\0M\0o\0d\0e\0\0\0\0\0\0\0\0\0\01\0\0\0 \0\0\0T\0a\0b\0l\0e\0V\0i\0e\0w\0M\0o\0d\0e\0:\00\0\0\0\0\0\0\0:\0\0\04\0,\00\0,\02\08\04\0,\00\0,\01\09\08\00\0,\01\0,\01\06\02\00\0,\05\0,\01\00\08\00\0\0\0 \0\0\0T\0a\0b\0l\0e\0V\0i\0e\0w\0M\0o\0d\0e\0:\01\0\0\0\0\0\0\0\0\0\02\0,\00\0,\02\08\04\0,\00\0,\01\08\04\08\0\0\0 \0\0\0T\0a\0b\0l\0e\0V\0i\0e\0w\0M\0o\0d\0e\0:\02\0\0\0\0\0\0\0\0\0\02\0,\00\0,\02\08\04\0,\00\0,\01\09\08\00\0\0\0 \0\0\0T\0a\0b\0l\0e\0V\0i\0e\0w\0M\0o\0d\0e\0:\03\0\0\0\0\0\0\0\0\0\02\0,\00\0,\02\08\04\0,\00\0,\01\09\08\00\0\0\0 \0\0\0T\0a\0b\0l\0e\0V\0i\0e\0w\0M\0o\0d\0e\0:\04\0\0\0\0\0\0\0>\0\0\04\0,\00\0,\02\08\04\0,\00\0,\01\09\08\00\0,\01\02\0,\02\03\04\00\0,\01\01\0,\01\04\04\00\0\0\0\0\0\0\0\0\0\0\0\0\0\Z\0\0\0\0\0\0\0\0\0d\0b\0o\0\0\0R\0_\03\09\0\0\0\0\0\0\0\0\0\0\0\Ä\0\0\0\0\0\0\0\0\0\0\0\0\0\0\0\0;;\'\0;;\'\0\0\0\0\0\0\0\0­\0\0\0\0\0\0\0\0\0\0\0\0\0\0\0\0\0\0\0\0\0\0\0\0\0\0\0\Ð\0\0\0(\0\0\0A\0c\0t\0i\0v\0e\0T\0a\0b\0l\0e\0V\0i\0e\0w\0M\0o\0d\0e\0\0\0\0\0\0\0\0\0\01\0\0\0 \0\0\0T\0a\0b\0l\0e\0V\0i\0e\0w\0M\0o\0d\0e\0:\00\0\0\0\0\0\0\0:\0\0\04\0,\00\0,\02\08\04\0,\00\0,\01\09\08\00\0,\01\0,\01\06\02\00\0,\05\0,\01\00\08\00\0\0\0 \0\0\0T\0a\0b\0l\0e\0V\0i\0e\0w\0M\0o\0d\0e\0:\01\0\0\0\0\0\0\0\0\0\02\0,\00\0,\02\08\04\0,\00\0,\02\07\03\06\0\0\0 \0\0\0T\0a\0b\0l\0e\0V\0i\0e\0w\0M\0o\0d\0e\0:\02\0\0\0\0\0\0\0\0\0\02\0,\00\0,\02\08\04\0,\00\0,\01\09\08\00\0\0\0 \0\0\0T\0a\0b\0l\0e\0V\0i\0e\0w\0M\0o\0d\0e\0:\03\0\0\0\0\0\0\0\0\0\02\0,\00\0,\02\08\04\0,\00\0,\01\09\08\00\0\0\0 \0\0\0T\0a\0b\0l\0e\0V\0i\0e\0w\0M\0o\0d\0e\0:\04\0\0\0\0\0\0\0>\0\0\04\0,\00\0,\02\08\04\0,\00\0,\01\09\08\00\0,\01\02\0,\02\03\04\00\0,\01\01\0,\01\04\04\00\0\0\0\Z\0\0\0\Z\0\0\0\0\0\0\0N\0\0\0 ;\'\0\0\0d\0b\0o\0\0\0F\0K\0_\0_\0s\0y\0s\0_\0r\0o\0l\0e\0M\0_\0_\0B\0u\0t\0t\0o\0_\0_\02\07\0F\08\0E\0E\09\08\0\0\0\0\0\0\0\0\0\0\0\Ä\0\0\0\0\0\0\0\0\0\0\Z\0\0\0\0\0\0:;\':;\'\0\0\0\0\0\0\0\0­\0\0\0\0\0\0\0\0\0\0\0\0\0\0\0N\0\0\0 ;\'\0\0\0d\0b\0o\0\0\0F\0K\0_\0_\0s\0y\0s\0_\0r\0o\0l\0e\0M\0_\0_\0M\0e\0n\0u\0C\0_\0_\02\08\0E\0D\01\02\0D\01\0\0\0\0\0\0\0\0\0\0\0\Ä\0\0\0\0\0\0\0\0\0\0\0\0\0\0\0\0:;\'À:;\'\0\0\0\0\0\0\0\0­\0\0\0\0\0\0\0\0\0\0\0\0\0\0\0N\0\0\0¥9\'\0\0\0d\0b\0o\0\0\0F\0K\0_\0_\0s\0y\0s\0_\0r\0o\0l\0e\0M\0_\0_\0R\0o\0l\0e\0C\0_\0_\02\09\0E\01\03\07\00\0A\0\0\0\0\0\0\0\0\0\0\0\Ä\0\0\0\0\0\0\0\0\0\0\0\0\0\0\0\09;\'@9;\'\0\0\0\0\0\0\0\0­\0\0\0\0\0 \0\0\0 \0\0\0\0\0\0\0\0\0\0\0\0\0\0\0\0\0\0\0\Ð\0\0\0(\0\0\0A\0c\0t\0i\0v\0e\0T\0a\0b\0l\0e\0V\0i\0e\0w\0M\0o\0d\0e\0\0\0\0\0\0\0\0\0\01\0\0\0 \0\0\0T\0a\0b\0l\0e\0V\0i\0e\0w\0M\0o\0d\0e\0:\00\0\0\0\0\0\0\0:\0\0\04\0,\00\0,\02\08\04\0,\00\0,\01\09\08\00\0,\01\0,\01\06\02\00\0,\05\0,\01\00\08\00\0\0\0 \0\0\0T\0a\0b\0l\0e\0V\0i\0e\0w\0M\0o\0d\0e\0:\01\0\0\0\0\0\0\0\0\0\02\0,\00\0,\02\08\04\0,\00\0,\02\08\05\06\0\0\0 \0\0\0T\0a\0b\0l\0e\0V\0i\0e\0w\0M\0o\0d\0e\0:\02\0\0\0\0\0\0\0\0\0\02\0,\00\0,\02\08\04\0,\00\0,\01\09\08\00\0\0\0 \0\0\0T\0a\0b\0l\0e\0V\0i\0e\0w\0M\0o\0d\0e\0:\03\0\0\0\0\0\0\0\0\0\02\0,\00\0,\02\08\04\0,\00\0,\01\09\08\00\0\0\0 \0\0\0T\0a\0b\0l\0e\0V\0i\0e\0w\0M\0o\0d\0e\0:\04\0\0\0\0\0\0\0>\0\0\04\0,\00\0,\02\08\04\0,\00\0,\01\09\08\00\0,\01\02\0,\02\03\04\00\0,\01\01\0,\01\04\04\00\0\0\0!\0\0\0!\0\0\0\0\0\0\0N\0\0\0\05\0\0\0\0d\0b\0o\0\0\0F\0K\0_\0_\0s\0y\0s\0_\0r\0o\0l\0e\0C\0_\0_\0R\0o\0l\0e\0C\0_\0_\03\05\05\02\0E\09\0B\06\0\0\0\0\0\0\0\0\0\0\0\Ä\0\0\0\0\"\0\0\0\"\0\0\0!\0\0\0\0\0\05;\'\05;\'\0\0\0\0\0\0\0\0­\0\0\0\0\0#\0\0\0#\0\0\0\0\0\0\0N\0\0\0\05\0\0\0\0d\0b\0o\0\0\0F\0K\0_\0_\0s\0y\0s\0_\0r\0o\0l\0e\0C\0_\0_\0M\0e\0n\0u\0C\0_\0_\03\06\04\07\00\0D\0E\0F\0\0\0\0\0\0\0\0\0\0\0\Ä\0\0\0\0$\0\0\0$\0\0\0#\0\0\0\0\0\08;\'À8;\'\0\0\0\0\0\0\0\0­\0\0\0\0\02\0\0\0\0\0\0\0\0\0	\0\0\0s\0\0\0d\0\0\0\Z\0\0\0\0\0\0\0\0\0?\0\0\0\0\0\0\0\0\0\0\0\0\0\0\0-\0\0\0*\0\0\0\n\0\0\0\0\0\0	\0\0\0\0\0\0A\0\0\0\0\0\0\0\0\0\0\0\0`\0\0\0o\0\0\0#\0\0\0\0\0\0 \0\0\0\0\0\0#\0\0\0\0\0\0\0\0\0\0\0\0\0\0\0\0\0\0\0\0\0\0\0\0\0\0\0\04\0\0\0I\0\0\0\0\0\0\0\0\0\0\0\0\0\0\0\0\0\0!\0\0\0\0\0\0 \0\0\0C\0\0\0X\0\0\0\0\0\0\0\0\0\0\0\0\0\0\0\0\0\0\0\0\0\0\0\0\0\0\0\0\0\0\0\0\0\0\0\0\0\0\0\0\0\0\0\0\0\0\0\0\0\0\0\0\0\0\0\0\0\0\0\0\0\0\0\0\0\0\0\0\0\0\0\0\0\0\0\0\0\0\0\0\0\0\0\0\0\0\0\0\0\0\0\0\0\0\0\0\0\0\0\0\0\0\0\0\0\0\0\0\0\0\0\0\0\0\0\0\0\0\0\0\0\0\0\0\0\0\0\0\0\0\0\0\0\0\0\0\0\0\0\0\0\0\0\0\0\0\0 \0S\0o\0u\0r\0c\0e\0=\0L\0A\0P\0T\0O\0P\0-\0M\0O\01\0F\03\0R\0J\0M\0;\0I\0n\0i\0t\0i\0a\0l\0 \0C\0a\0t\0a\0l\0o\0g\0=\0R\0D\0A\0S\0_\0E\0n\0g\0;\0P\0e\0r\0s\0i\0s\0t\0 \0S\0e\0c\0u\0r\0i\0t\0y\0 \0I\0n\0f\0o\0=\0T\0r\0u\0e\0;\0U\0s\0e\0r\0 \0I\0D\0=\0s\0a\0;\0M\0u\0l\0t\0i\0p\0l\0e\0A\0c\0t\0i\0v\0e\0R\0e\0s\0u\0l\0t\0S\0e\0t\0s\0=\0F\0a\0l\0s\0e\0;\0C\0o\0n\0n\0e\0c\0t\0 \0T\0i\0m\0e\0o\0u\0t\0=\03\00\0;\0T\0r\0u\0s\0t\0S\0e\0r\0v\0e\0r\0C\0e\0r\0t\0i\0f\0i\0c\0a\0t\0e\0=\0F\0a\0l\0s\0e\0;\0P\0a\0c\0k\0e\0t\0 \0S\0i\0z\0e\0=\04\00\09\06\0;\0A\0p\0p\0l\0i\0c\0a\0t\0i\0o\0n\0 \0N\0a\0m\0e\0=\0\"\0M\0i\0c\0r\0o\0s\0o\0f\0t\0 \0S\0Q\0L\0 \0S\0e\0r\0v\0e\0r\0 \0M\0a\0n\0a\0g\0e\0m\0e\0n\0t\0 \0S\0t\0u\0d\0i\0o\0\"\0\0\0\0\0\0\0\0D\0i\0a\0g\0r\0a\0m\0_\00\0\0\0\0&\0,\0\0\0s\0y\0s\0_\0r\0o\0l\0e\0M\0e\0n\0u\0C\0o\0l\0u\0m\0n\0M\0a\0p\0\0\0\0\0\0d\0b\0o\0\0\0\0&\0,\0\0\0s\0y\0s\0_\0r\0o\0l\0e\0M\0e\0n\0u\0B\0u\0t\0t\0o\0n\0M\0a\0p\0\0\0\0\0\0d\0b\0o\0\0\0\0&\0\0\0\0s\0y\0s\0_\0r\0o\0l\0e\0\0\0\0\0\0d\0b\0o\0\0\0\0&\0\0\0\0s\0y\0s\0_\0p\0e\0r\0m\0i\0s\0s\0i\0o\0n\0\0\0\0\0\0d\0b\0o\0\0\0\0&\0\0\0\0s\0y\0s\0_\0p\0a\0r\0a\0m\0e\0t\0e\0r\0\0\0\0\0\0d\0b\0o\0\0\0\0&\0(\0\0\0s\0y\0s\0_\0o\0r\0g\0a\0n\0i\0z\0e\0R\0o\0l\0e\0M\0a\0p\0\0\0\0\0\0d\0b\0o\0\0\0\0&\0\Z\0\0\0s\0y\0s\0_\0o\0r\0g\0a\0n\0i\0z\0e\0\0\0\0\0\0d\0b\0o\0\0\0\0&\0$\0\0\0s\0y\0s\0_\0m\0e\0n\0u\0B\0u\0t\0t\0o\0n\0M\0a\0p\0\0\0\0\0\0d\0b\0o\0\0\0\0&\0\0\0\0s\0y\0s\0_\0m\0e\0n\0u\0\0\0\0\0\0d\0b\0o\0\0\0\0&\0\"\0\0\0s\0y\0s\0_\0l\0o\0g\0i\0n\0H\0i\0s\0t\0o\0r\0y\0\0\0\0\0\0d\0b\0o\0\0\0\0&\0\0\0\0s\0y\0s\0_\0l\0o\0g\0\0\0\0\0\0d\0b\0o\0\0\0\0&\0\Z\0\0\0s\0y\0s\0_\0c\0o\0d\0e\0T\0y\0p\0e\0\0\0\0\0\0d\0b\0o\0\0\0\0&\0\0\0\0s\0y\0s\0_\0c\0o\0d\0e\0\0\0\0\0\0d\0b\0o\0\0\0\0$\0\0\0\0s\0y\0s\0_\0b\0u\0t\0t\0o\0n\0\0\0\0\0\0d\0b\0o\0\0\0\0\0\0Ö	³»kòE¸7dð2p\0N\0\0\0{\01\06\03\04\0C\0D\0D\07\0-\00\08\08\08\0-\04\02\0E\03\0-\09\0F\0A\02\0-\0B\06\0D\03\02\05\06\03\0B\09\01\0D\0}\0\0\0\0\0\0\0\0\0\0\0\0\0\0\0\0\0\0\0\0\0\0\0\0\0\0\0\0\0\0\0\0\0\0\0\0\0\0\0\0\0\0\0\0\0\0\0\0\0\0\0\0\0\0\0\0\0\0\0\0\0\0\0\0\0\0\0\0\0\0\0\0\0\0\0\0\0\0\0\0\0\0\0\0\0\0\0\0\0\0\0\0\0\0\0\0\0\0\0\0\0\0\0\0\0\0\0\0\0\0\0\0\0\0\0\0\0\0\0\0\0\0\0\0\0\0\0\0\0\0\0\0\0\0\0\0\0\0\0\0\0\0\0\0\0\0\0\0\0\0\0\0\0\0\0\0\0\0\0\0\0\0\0\0\0\0\0\0\0\0\0\0\0\0\0\0\0\0\0\0\0\0\0\0\0\0\0\0\0\0\0\0\0\0\0\0\0\0\0\0\0\0\0\0\0\0\0\0\0\0\0\0\0\0\0\0\0\0\0\0\0\0\0\0\0\0\0\0\0\0\0\0\0\0\0\0\0\0\0\0\0bR'),('Diagram_1',1,2,1,_binary '\Ð\Ïà¡±\Z\á\0\0\0\0\0\0\0\0\0\0\0\0\0\0\0\0>\0\0þÿ	\0\0\0\0\0\0\0\0\0\0\0\0\0\0\0\0\0\0\0\0\0\0\0\0\0%\0\0\0\0\0\0þÿÿÿ\0\0\0\0\0\0\0\0ÿÿÿÿÿÿÿÿÿÿÿÿÿÿÿÿÿÿÿÿÿÿÿÿÿÿÿÿÿÿÿÿÿÿÿÿÿÿÿÿÿÿÿÿÿÿÿÿÿÿÿÿÿÿÿÿÿÿÿÿÿÿÿÿÿÿÿÿÿÿÿÿÿÿÿÿÿÿÿÿÿÿÿÿÿÿÿÿÿÿÿÿÿÿÿÿÿÿÿÿÿÿÿÿÿÿÿÿÿÿÿÿÿÿÿÿÿÿÿÿÿÿÿÿÿÿÿÿÿÿÿÿÿÿÿÿÿÿÿÿÿÿÿÿÿÿÿÿÿÿÿÿÿÿÿÿÿÿÿÿÿÿÿÿÿÿÿÿÿÿÿÿÿÿÿÿÿÿÿÿÿÿÿÿÿÿÿÿÿÿÿÿÿÿÿÿÿÿÿÿÿÿÿÿÿÿÿÿÿÿÿÿÿÿÿÿÿÿÿÿÿÿÿÿÿÿÿÿÿÿÿÿÿÿÿÿÿÿÿÿÿÿÿÿÿÿÿÿÿÿÿÿÿÿÿÿÿÿÿÿÿÿÿÿÿÿÿÿÿÿÿÿÿÿÿÿÿÿÿÿÿÿÿÿÿÿÿÿÿÿÿÿÿÿÿÿÿÿÿÿÿÿÿÿÿÿÿÿÿÿÿÿÿÿÿÿÿÿÿÿÿÿÿÿÿÿÿÿÿÿÿÿÿÿÿÿÿÿÿÿÿÿÿÿÿÿÿÿÿÿÿÿÿÿÿÿÿÿÿÿÿÿÿÿÿÿÿÿÿÿÿÿÿÿÿÿÿÿÿÿÿÿÿÿÿÿÿÿÿÿÿÿÿÿÿÿÿÿÿÿÿÿÿÿÿÿÿÿÿÿÿÿÿÿÿÿÿÿÿÿÿÿÿÿÿÿÿÿÿÿÿÿýÿÿÿ(\0\0\0\0\0\0\0\0\0\0\0\0\0\0\0\0\0\0\0\0\0	\0\0\0\n\0\0\0\0\0\0\0\0\0\r\0\0\0\0\0\0\0\0\0\0\0\0\0\0\0\0\0\0\0\0\0\0\0\0\0\0\0\0\0\0\0\0\0\0\0\0\0\0\0\Z\0\0\0\0\0\0\0\0\0\0\0\0\0\0\0\0\0\0 \0\0\0!\0\0\0\"\0\0\0#\0\0\0$\0\0\0þÿÿÿþÿÿÿ\'\0\0\0)\0\0\0þÿÿÿþÿÿÿÿÿÿÿÿÿÿÿÿÿÿÿÿÿÿÿÿÿÿÿÿÿÿÿÿÿÿÿÿÿÿÿÿÿÿÿÿÿÿÿÿÿÿÿÿÿÿÿÿÿÿÿÿÿÿÿÿÿÿÿÿÿÿÿÿÿÿÿÿÿÿÿÿÿÿÿÿÿÿÿÿÿÿÿÿÿÿÿÿÿÿÿÿÿÿÿÿÿÿÿÿÿÿÿÿÿÿÿÿÿÿÿÿÿÿÿÿÿÿÿÿÿÿÿÿÿÿÿÿÿÿÿÿÿÿÿÿÿÿÿÿÿÿÿÿÿÿÿÿÿÿÿÿÿÿÿÿÿÿÿÿÿÿÿÿÿÿÿÿÿÿÿÿÿÿÿÿÿÿÿÿÿÿÿÿÿÿÿÿÿÿÿÿÿÿÿÿÿÿÿÿÿÿÿÿÿÿÿÿÿÿÿÿÿÿÿÿÿÿÿÿÿÿÿÿÿÿÿÿÿÿÿÿÿÿÿÿÿÿÿÿÿÿÿÿÿÿÿÿÿÿÿÿÿÿÿÿÿÿÿÿÿÿÿÿÿÿÿÿÿÿÿÿÿÿÿÿÿÿÿÿÿÿÿÿÿÿÿÿÿÿÿÿÿÿÿÿÿÿÿÿÿÿÿÿÿÿÿÿÿÿÿÿÿÿÿÿÿÿÿÿÿÿÿÿÿÿÿÿÿÿÿÿÿÿÿÿÿÿÿÿÿÿÿR\0o\0o\0t\0 \0E\0n\0t\0r\0y\0\0\0\0\0\0\0\0\0\0\0\0\0\0\0\0\0\0\0\0\0\0\0\0\0\0\0\0\0\0\0\0\0\0\0\0\0\0\0\0\0\0\0\0\0\0\0ÿÿÿÿÿÿÿÿ\0\0\0\0\0\0\0\0\0\0\0\0\0\0\0\0\0\0\0\0\0\0\0\0\0\0\0\0\0\0\0\É\î~S\×&\0\0\0@\0\0\0\0\0\0D\0d\0s\0X\0M\0L\0S\0t\0r\0e\0a\0m\0\0\0\0\0\0\0\0\0\0\0\0\0\0\0\0\0\0\0\0\0\0\0\0\0\0\0\0\0\0\0\0\0\0\0\0\0\0\0\0\0\Z\0ÿÿÿÿÿÿÿÿÿÿÿÿ\0\0\0\0\0\0\0\0\0\0\0\0\0\0\0\0\0\0\0\0\0\0\0\0\0\0\0\0\0\0\0\0\0\0\0\0\0\0\0tD\0\0\0\0\0\0S\0c\0h\0e\0m\0a\0 \0U\0D\0V\0 \0D\0e\0f\0a\0u\0l\0t\0\0\0\0\0\0\0\0\0\0\0\0\0\0\0\0\0\0\0\0\0\0\0\0\0\0\0\0\0&\0\0\0\0\0\0\0ÿÿÿÿ\0\0\0\0\0\0\0\0\0\0\0\0\0\0\0\0\0\0\0\0\0\0\0\0\0\0\0\0\0\0\0\0\0\0\0\0\0\0\0\0\0\0\0\0\0\0\0D\0S\0R\0E\0F\0-\0S\0C\0H\0E\0M\0A\0-\0C\0O\0N\0T\0E\0N\0T\0S\0\0\0\0\0\0\0\0\0\0\0\0\0\0\0\0\0\0\0\0\0\0\0,\0ÿÿÿÿ\0\0\0ÿÿÿÿ\0\0\0\0\0\0\0\0\0\0\0\0\0\0\0\0\0\0\0\0\0\0\0\0\0\0\0\0\0\0\0\0\0\0\0\0\0\0\0\0\0\0\0\0\0<dds><diagram fontclsid=\"{77D2C92D-7779-11D8-9070-00065B840D9C}\" mouseiconclsid=\"{0BE35204-8F91-11CE-9DE3-00AA004BB851}\" defaultlayout=\"MSDDS.Rectilinear\" defaultlineroute=\"MSDDS.Rectilinear\" version=\"7\" nextobject=\"11\" scale=\"100\" pagebreakanchorx=\"0\" pagebreakanchory=\"0\" pagebreaksizex=\"0\" pagebreaksizey=\"0\" scrollleft=\"0\" scrolltop=\"9672\" gridx=\"150\" gridy=\"150\" marginx=\"5000\" marginy=\"5000\" zoom=\"100\" x=\"33189\" y=\"17547\" backcolor=\"-2147483643\" defaultpersistence=\"3\" PrintPageNumbersMode=\"3\" PrintMarginTop=\"0\" PrintMarginBottom=\"635\" PrintMarginLeft=\"0\" PrintMarginRight=\"0\" marqueeselectionmode=\"1\" mousepointer=\"0\" snaptogrid=\"1\" autotypeannotation=\"1\" showscrollbars=\"1\" viewpagebreaks=\"0\" donotforceconnectorsbehindshapes=\"1\"><font><ddsxmlobjectstreamwrapper binary=\"00001800b300000006000080010000408622bc0253797374656dd103\"/></font><mouseicon><ddsxmlobjectstreamwrapper binary=\"6c74000000000000\"/></mouseicon></diagram><layoutmanager><ddsxmlobj><property name=\"sch_labels_visible\" value=\"0\" vartype=\"11\"/></ddsxmlobj></layoutmanager><ddscontrol controlprogid=\"{623AC075-2C77-4873-883D-930B4364B4BC}\" tooltip=\"equ_AlarmRecord\" left=\"1350\" top=\"0\" logicalid=\"1\" controlid=\"1\" masterid=\"0\" hint1=\"0\" hint2=\"0\" width=\"6287\" height=\"7408\" noresize=\"0\" nomove=\"0\" nodefaultattachpoints=\"0\" autodrag=\"0\" usedefaultiddshape=\"0\" selectable=\"1\" showselectionhandles=\"0\" allownudging=\"1\" isannotation=\"0\" dontautolayout=\"0\" groupcollapsed=\"0\" tabstop=\"1\" visible=\"1\" snaptogrid=\"1\"><control><ddsxmlobjectstreaminitwrapper binary=\"21433412080000008f180000f01c00007856341207000000140100006500710075005f0041006c00610072006d005200650063006f0072006400000002000000000000000400000000000000040000000000000004000000000000008400000045003a005c004d006900630072006f0073006f00660074002000530051004c00200053006500720076006500720020004d0061006e006100670065006d0065006e0074002000530074007500640069006f002000310038005c0043006f006d006d006f006e0037005c004900440045005c00530073006d0073002e0065007800650000005c000000570069006e0064006f007700730046006f0072006d007300310030002e0043004f00000000000000000000000100000005000000540000002c0000002c0000002c000000340000000000000000000000382e000026220000000000002d0100000d0000000c000000070000001c010000500a000070080000c0030000b004000048030000a0050000080700003804000008070000e80800001806000000000000010000008f180000f01c0000000000000b0000000b00000002000000020000001c0100003c0c00000000000001000000401500009709000000000000030000000300000002000000020000001c010000500a0000010000000000000040150000e502000000000000000000000000000002000000020000001c010000500a00000000000000000000243800002622000000000000000000000d00000004000000040000001c010000500a0000300c00008007000078563412040000006800000001000000010000000b000000000000000100000002000000030000000400000005000000060000000700000008000000090000000a00000004000000640062006f000000100000006500710075005f0041006c00610072006d005200650063006f00720064000000\"/></control><layoutobject><ddsxmlobj><property name=\"ActiveTableViewMode\" value=\"1\" vartype=\"8\"/><property name=\"TableViewMode:0\" value=\"4,0,284,0,2640,1,2160,5,1440\" vartype=\"8\"/><property name=\"TableViewMode:1\" value=\"2,0,284,0,3132\" vartype=\"8\"/><property name=\"TableViewMode:2\" value=\"2,0,284,0,2640\" vartype=\"8\"/><property name=\"TableViewMode:3\" value=\"2,0,284,0,2640\" vartype=\"8\"/><property name=\"TableViewMode:4\" value=\"4,0,284,0,2640,12,3120,11,1920\" vartype=\"8\"/></ddsxmlobj></layoutobject><shape groupshapeid=\"0\" groupnode=\"0\"/></ddscontrol><ddscontrol controlprogid=\"{623AC075-2C77-4873-883D-930B4364B4BC}\" tooltip=\"equ_Command\" left=\"10050\" top=\"13200\" logicalid=\"2\" controlid=\"2\" masterid=\"0\" hint1=\"0\" hint2=\"0\" width=\"6287\" height=\"9694\" noresize=\"0\" nomove=\"0\" nodefaultattachpoints=\"0\" autodrag=\"0\" usedefaultiddshape=\"0\" selectable=\"1\" showselectionhandles=\"0\" allownudging=\"1\" isannotation=\"0\" dontautolayout=\"0\" groupcollapsed=\"0\" tabstop=\"1\" visible=\"1\" snaptogrid=\"1\"><control><ddsxmlobjectstreaminitwrapper binary=\"21433412080000008f180000de2500007856341207000000140100006500710075005f0043006f006d006d0061006e006400000004000000a000000002000000000053000400000000000000040000000000000004000000000000008400000045003a005c004d006900630072006f0073006f00660074002000530051004c00200053006500720076006500720020004d0061006e006100670065006d0065006e0074002000530074007500640069006f002000310038005c0043006f006d006d006f006e0037005c004900440045005c00530073006d0073002e0065007800650000005c000000570069006e0064006f007700730046006f0072006d007300310030002e0043004f00000000000000000000000100000005000000540000002c0000002c0000002c000000340000000000000000000000382e000026220000000000002d0100000d0000000c000000070000001c010000500a000070080000c0030000b004000048030000a0050000080700003804000008070000e80800001806000000000000010000008f180000de250000000000000f0000000c00000002000000020000001c0100003c0c00000000000001000000401500005c07000000000000020000000200000002000000020000001c010000500a0000010000000000000040150000e502000000000000000000000000000002000000020000001c010000500a00000000000000000000243800002622000000000000000000000d00000004000000040000001c010000500a0000300c00008007000078563412040000006000000001000000010000000b000000000000000100000002000000030000000400000005000000060000000700000008000000090000000a00000004000000640062006f0000000c0000006500710075005f0043006f006d006d0061006e0064000000\"/></control><layoutobject><ddsxmlobj><property name=\"ActiveTableViewMode\" value=\"1\" vartype=\"8\"/><property name=\"TableViewMode:0\" value=\"4,0,284,0,2640,1,2160,5,1440\" vartype=\"8\"/><property name=\"TableViewMode:1\" value=\"2,0,284,0,3132\" vartype=\"8\"/><property name=\"TableViewMode:2\" value=\"2,0,284,0,2640\" vartype=\"8\"/><property name=\"TableViewMode:3\" value=\"2,0,284,0,2640\" vartype=\"8\"/><property name=\"TableViewMode:4\" value=\"4,0,284,0,2640,12,3120,11,1920\" vartype=\"8\"/></ddsxmlobj></layoutobject><shape groupshapeid=\"0\" groupnode=\"0\"/></ddscontrol><ddscontrol controlprogid=\"{623AC075-2C77-4873-883D-930B4364B4BC}\" tooltip=\"equ_Equipment\" left=\"1350\" top=\"9750\" logicalid=\"3\" controlid=\"3\" masterid=\"0\" hint1=\"0\" hint2=\"0\" width=\"6287\" height=\"16552\" noresize=\"0\" nomove=\"0\" nodefaultattachpoints=\"0\" autodrag=\"0\" usedefaultiddshape=\"0\" selectable=\"1\" showselectionhandles=\"0\" allownudging=\"1\" isannotation=\"0\" dontautolayout=\"0\" groupcollapsed=\"0\" tabstop=\"1\" visible=\"1\" snaptogrid=\"1\"><control><ddsxmlobjectstreaminitwrapper binary=\"21433412080000008f180000a84000007856341207000000140100006500710075005f00450071007500690070006d0065006e007400000000000000e5e4e43e9a99993e000000000000000000000000a9a8a83e0000003f000000000000000000000000adac2c3e3333333f000000000000000000000000e1e0603d6666663f000000000000000000000000c1c0403c0000803f000000000000000000000000e66be093001700800000000000000000000000000000000000000000000000000000000000000000000000000000000000000000000000000000000000000000000000000000000000000000000000000000000000000000000000000000000000000000000000000000000000000000000000000100000005000000540000002c0000002c0000002c000000340000000000000000000000382e000026220000000000002d0100000d0000000c000000070000001c010000500a000070080000c0030000b004000048030000a0050000080700003804000008070000e80800001806000000000000010000008f180000a8400000000000001b0000000c00000002000000020000001c0100003c0c00000000000001000000401500002005000000000000010000000100000002000000020000001c010000500a0000010000000000000040150000e502000000000000000000000000000002000000020000001c010000500a00000000000000000000243800002622000000000000000000000d00000004000000040000001c010000500a0000300c00008007000078563412040000006400000001000000010000000b000000000000000100000002000000030000000400000005000000060000000700000008000000090000000a00000004000000640062006f0000000e0000006500710075005f00450071007500690070006d0065006e0074000000\"/></control><layoutobject><ddsxmlobj><property name=\"ActiveTableViewMode\" value=\"1\" vartype=\"8\"/><property name=\"TableViewMode:0\" value=\"4,0,284,0,2640,1,2160,5,1440\" vartype=\"8\"/><property name=\"TableViewMode:1\" value=\"2,0,284,0,3132\" vartype=\"8\"/><property name=\"TableViewMode:2\" value=\"2,0,284,0,2640\" vartype=\"8\"/><property name=\"TableViewMode:3\" value=\"2,0,284,0,2640\" vartype=\"8\"/><property name=\"TableViewMode:4\" value=\"4,0,284,0,2640,12,3120,11,1920\" vartype=\"8\"/></ddsxmlobj></layoutobject><shape groupshapeid=\"0\" groupnode=\"0\"/></ddscontrol><ddscontrol semanticcookie=\"0120466501000000640062006f00000046004b005f006500710075005f0041006c00610072006d005200650063006f00720064005f006500710075005f00450071007500690070006d0065006e0074000000\" controlprogid=\"MSDDS.Polyline.080.1\" tooltip=\"âequ_Equipmentâä¸âequ_AlarmRecordâä¹é´çå³ç³»âFK_equ_AlarmRecord_equ_Equipmentâ\" left=\"4093\" top=\"6709\" logicalid=\"4\" controlid=\"4\" masterid=\"0\" hint1=\"0\" hint2=\"0\" width=\"815\" height=\"3737\" noresize=\"0\" nomove=\"0\" nodefaultattachpoints=\"1\" autodrag=\"0\" usedefaultiddshape=\"0\" selectable=\"1\" showselectionhandles=\"0\" allownudging=\"1\" isannotation=\"0\" dontautolayout=\"0\" groupcollapsed=\"0\" tabstop=\"1\" visible=\"1\" snaptogrid=\"0\"><control><ddsxmlobj><polyline endtypedst=\"0\" endtypesrc=\"2\" usercolor=\"15790320\" linestyle=\"0\" linerender=\"0\" customendtypedstid=\"0\" customendtypesrcid=\"0\" adornsvisible=\"1\"><adornment percentpos=\"50\" controlid=\"5\" width=\"5906\" height=\"318\" side=\"0\" behavior=\"3\" himetric=\"1171\" distfromline=\"175\" startobj=\"0\" x=\"4675\" y=\"8420\" visible=\"0\" allowoverlap=\"1\" usepercent=\"1\"/></polyline></ddsxmlobj></control><layoutobject><ddsxmlobj/></layoutobject><connector sourceid=\"3\" destid=\"1\" sourceattachpoint=\"40\" destattachpoint=\"41\" segmenteditmode=\"0\" bendpointeditmode=\"0\" bendpointvisibility=\"0\" relatedid=\"0\" virtual=\"0\"><point x=\"4500\" y=\"9750\"/><point x=\"4500\" y=\"7408\"/></connector></ddscontrol><ddscontrol semanticcookie=\"01503b2780503b27\" controlprogid=\"MSDDS.Text.080.1\" left=\"4675\" top=\"8420\" logicalid=\"5\" controlid=\"5\" masterid=\"4\" hint1=\"0\" hint2=\"0\" width=\"5906\" height=\"318\" noresize=\"1\" nomove=\"0\" nodefaultattachpoints=\"1\" autodrag=\"1\" usedefaultiddshape=\"1\" selectable=\"1\" showselectionhandles=\"1\" allownudging=\"1\" isannotation=\"0\" dontautolayout=\"1\" groupcollapsed=\"0\" tabstop=\"0\" visible=\"0\" snaptogrid=\"0\"><control><ddsxmlobjectstreaminitwrapper binary=\"00020000121700003e0100000300000000000500008008000080010000001500018600009001905f010004cbcecce5200046004b005f006500710075005f0041006c00610072006d005200650063006f00720064005f006500710075005f00450071007500690070006d0065006e00740000000000\"/></control><layoutobject><ddsxmlobj/></layoutobject><shape groupshapeid=\"0\" groupnode=\"0\"/></ddscontrol><ddscontrol semanticcookie=\"0100350001000000640062006f00000046004b005f006500710075005f0043006f006d006d0061006e0064005f006500710075005f00450071007500690070006d0065006e0074000000\" controlprogid=\"MSDDS.Polyline.080.1\" tooltip=\"âequ_Equipmentâä¸âequ_Commandâä¹é´çå³ç³»âFK_equ_Command_equ_Equipmentâ\" left=\"7337\" top=\"17593\" logicalid=\"6\" controlid=\"6\" masterid=\"0\" hint1=\"0\" hint2=\"0\" width=\"3013\" height=\"815\" noresize=\"0\" nomove=\"0\" nodefaultattachpoints=\"1\" autodrag=\"0\" usedefaultiddshape=\"0\" selectable=\"1\" showselectionhandles=\"0\" allownudging=\"1\" isannotation=\"0\" dontautolayout=\"0\" groupcollapsed=\"0\" tabstop=\"1\" visible=\"1\" snaptogrid=\"0\"><control><ddsxmlobj><polyline endtypedst=\"0\" endtypesrc=\"2\" usercolor=\"15790320\" linestyle=\"0\" linerender=\"0\" customendtypedstid=\"0\" customendtypesrcid=\"0\" adornsvisible=\"1\"><adornment percentpos=\"49.0315082644628\" controlid=\"7\" width=\"5167\" height=\"318\" side=\"0\" behavior=\"3\" himetric=\"1183\" distfromline=\"175\" startobj=\"0\" x=\"6286\" y=\"18175\" visible=\"0\" allowoverlap=\"1\" usepercent=\"1\"/></polyline></ddsxmlobj></control><layoutobject><ddsxmlobj/></layoutobject><connector sourceid=\"3\" destid=\"2\" sourceattachpoint=\"191\" destattachpoint=\"144\" segmenteditmode=\"0\" bendpointeditmode=\"0\" bendpointvisibility=\"0\" relatedid=\"0\" virtual=\"0\"><point x=\"7637\" y=\"18000\"/><point x=\"10050\" y=\"18000\"/></connector></ddscontrol><ddscontrol semanticcookie=\"014f3b27804f3b27\" controlprogid=\"MSDDS.Text.080.1\" left=\"6286\" top=\"18175\" logicalid=\"7\" controlid=\"7\" masterid=\"6\" hint1=\"0\" hint2=\"0\" width=\"5167\" height=\"318\" noresize=\"1\" nomove=\"0\" nodefaultattachpoints=\"1\" autodrag=\"1\" usedefaultiddshape=\"1\" selectable=\"1\" showselectionhandles=\"1\" allownudging=\"1\" isannotation=\"0\" dontautolayout=\"1\" groupcollapsed=\"0\" tabstop=\"0\" visible=\"0\" snaptogrid=\"0\"><control><ddsxmlobjectstreaminitwrapper binary=\"000200002f1400003e010000030000000000ffffff0008000080010000001500018600009001905f010004cbcecce51c0046004b005f006500710075005f0043006f006d006d0061006e0064005f006500710075005f00450071007500690070006d0065006e00740000000000\"/></control><layoutobject><ddsxmlobj/></layoutobject><shape groupshapeid=\"0\" groupnode=\"0\"/></ddscontrol><ddscontrol controlprogid=\"{623AC075-2C77-4873-883D-930B4364B4BC}\" tooltip=\"equ_EquipmentGroup_Equipment_Map\" left=\"0\" top=\"28800\" logicalid=\"8\" controlid=\"8\" masterid=\"0\" hint1=\"0\" hint2=\"0\" width=\"8911\" height=\"2265\" noresize=\"0\" nomove=\"0\" nodefaultattachpoints=\"0\" autodrag=\"0\" usedefaultiddshape=\"0\" selectable=\"1\" showselectionhandles=\"0\" allownudging=\"1\" isannotation=\"0\" dontautolayout=\"0\" groupcollapsed=\"0\" tabstop=\"1\" visible=\"1\" snaptogrid=\"1\"><control><ddsxmlobjectstreaminitwrapper binary=\"2143341208000000cf220000d90800007856341207000000140100006500710075005f00450071007500690070006d0065006e007400470072006f00750070005f00450071007500690070006d0065006e0074005f004d00610070000000000045003a005c004d006900630072006f0073006f00660074002000530051004c00200053006500720076006500720020004d0061006e006100670065006d0065006e0074002000530074007500640069006f002000310038005c0043006f006d006d006f006e0037005c004900440045005c00530073006d0073002e0065007800650000005c000000570069006e0064006f007700730046006f0072006d007300310030002e0043004f00000000000000000000000100000005000000540000002c0000002c0000002c000000340000000000000000000000382e0000c1140000000000002d010000070000000c000000070000001c010000500a000070080000c0030000b004000048030000a0050000080700003804000008070000e8080000180600000000000001000000cf220000d908000000000000020000000200000002000000020000001c0100000c1200000000000001000000401500005c07000000000000020000000200000002000000020000001c010000500a0000010000000000000040150000e502000000000000000000000000000002000000020000001c010000500a00000000000000000000243800002622000000000000000000000d00000004000000040000001c010000500a0000300c00008007000078563412040000008a00000001000000010000000b000000000000000100000002000000030000000400000005000000060000000700000008000000090000000a00000004000000640062006f000000210000006500710075005f00450071007500690070006d0065006e007400470072006f00750070005f00450071007500690070006d0065006e0074005f004d00610070000000\"/></control><layoutobject><ddsxmlobj><property name=\"ActiveTableViewMode\" value=\"1\" vartype=\"8\"/><property name=\"TableViewMode:0\" value=\"4,0,284,0,2640,1,2160,5,1440\" vartype=\"8\"/><property name=\"TableViewMode:1\" value=\"2,0,284,0,4620\" vartype=\"8\"/><property name=\"TableViewMode:2\" value=\"2,0,284,0,2640\" vartype=\"8\"/><property name=\"TableViewMode:3\" value=\"2,0,284,0,2640\" vartype=\"8\"/><property name=\"TableViewMode:4\" value=\"4,0,284,0,2640,12,3120,11,1920\" vartype=\"8\"/></ddsxmlobj></layoutobject><shape groupshapeid=\"0\" groupnode=\"0\"/></ddscontrol><ddscontrol semanticcookie=\"0100000001000000640062006f00000046004b005f006500710075005f00450071007500690070006d0065006e007400470072006f00750070005f00450071007500690070006d0065006e0074005f004d00610070005f006500710075005f00450071007500690070006d0065006e0074000000\" controlprogid=\"MSDDS.Polyline.080.1\" tooltip=\"âequ_Equipmentâä¸âequ_EquipmentGroup_Equipment_Mapâä¹é´çå³ç³»âFK_equ_EquipmentGroup_Equipment_Map_equ_Equipmentâ\" left=\"4093\" top=\"25607\" logicalid=\"9\" controlid=\"9\" masterid=\"0\" hint1=\"0\" hint2=\"0\" width=\"815\" height=\"3893\" noresize=\"0\" nomove=\"0\" nodefaultattachpoints=\"1\" autodrag=\"0\" usedefaultiddshape=\"0\" selectable=\"1\" showselectionhandles=\"0\" allownudging=\"1\" isannotation=\"0\" dontautolayout=\"0\" groupcollapsed=\"0\" tabstop=\"1\" visible=\"1\" snaptogrid=\"0\"><control><ddsxmlobj><polyline endtypedst=\"0\" endtypesrc=\"2\" usercolor=\"15790320\" linestyle=\"0\" linerender=\"0\" customendtypedstid=\"0\" customendtypesrcid=\"0\" adornsvisible=\"1\"><adornment percentpos=\"50\" controlid=\"10\" width=\"9043\" height=\"318\" side=\"0\" behavior=\"3\" himetric=\"1249\" distfromline=\"175\" startobj=\"0\" x=\"-4718\" y=\"27392\" visible=\"0\" allowoverlap=\"1\" usepercent=\"1\"/></polyline></ddsxmlobj></control><layoutobject><ddsxmlobj/></layoutobject><connector sourceid=\"3\" destid=\"8\" sourceattachpoint=\"41\" destattachpoint=\"58\" segmenteditmode=\"0\" bendpointeditmode=\"0\" bendpointvisibility=\"0\" relatedid=\"0\" virtual=\"0\"><point x=\"4500\" y=\"26302\"/><point x=\"4500\" y=\"28800\"/></connector></ddscontrol><ddscontrol semanticcookie=\"01523b2740523b27\" controlprogid=\"MSDDS.Text.080.1\" left=\"-4718\" top=\"27392\" logicalid=\"10\" controlid=\"10\" masterid=\"9\" hint1=\"0\" hint2=\"0\" width=\"9043\" height=\"318\" noresize=\"1\" nomove=\"0\" nodefaultattachpoints=\"1\" autodrag=\"1\" usedefaultiddshape=\"1\" selectable=\"1\" showselectionhandles=\"1\" allownudging=\"1\" isannotation=\"0\" dontautolayout=\"1\" groupcollapsed=\"0\" tabstop=\"0\" visible=\"0\" snaptogrid=\"0\"><control><ddsxmlobjectstreaminitwrapper binary=\"00020000532300003e010000030000000000ffffff0008000080010000001500018600009001905f010004cbcecce5310046004b005f006500710075005f00450071007500690070006d0065006e007400470072006f00750070005f00450071007500690070006d0065006e0074005f004d00610070005f006500710075005f00450071007500690070006d0065006e00740000000000\"/></control><layoutobject><ddsxmlobj/></layoutobject><shape groupshapeid=\"0\" groupnode=\"0\"/></ddscontrol></dds>\r\n\0\0\0\0\0\0\0\0\0\0\0\0\0\0\0\0\0\0\0\0\0\0\0\0\0\0\0\0\0\0\0\0\0\0\0\0\0\0\0\0\0\0\0\0\0\0\0\0\0\0\0\0\0\0\0\0\0\0\0\0\0\0\0\0\0\0\0\0\0\0\0\0\0\0\0\0\0\0\0\0\0\0\0\0\0\0\0\0\0\0\0\0\0\0\0\0\0\0\0\0\0\0\0\0\0\0\0\0\0\0\0\0\0\0\0\0\0\0\0\0\0\0\0\0\0\0\0\0\0\0\0\0\0\0\0\0\0\0\0\0\0\0\0\0\0\0\0\0\0\0\0\0\0\0\0\0\0\0\0\0\0\0\0\0\0\0\0\0\0\0\0\0\0\0\0\0\0\0\0\0\0\0\0\0\0\0\0\0\0\0\0\0\0\0\0\0\0\0\0\0\0\0\0\0\0\0\0\0\0\0\0\0\0\0\0\0\0\0\0\0\0\0\0\0\0\0\0\0\0\0\0\0\0\0\0\0\0\0\0\0\0\0\0\0\0\0\0\0\0\0\0\0\0\0\0\0\0\0\0\0\0\0\0\0\0\0\0\0\0\0\0\0\0\0\0\0\0\0\0\0\0\0\0\0\0\0\0\0\0\0\0\0\0\0\0\0\0\0\0\0\0\0\0\0\0\0\0\0\0\0\0\0\0\0\0\0\0\0\0\0\0\0\0\0\0\0\0\0\0\0\0\0\0\0\0\0\0\0\0\0\0\0\0\0\0\0\0\0\0\0\0\0\0\0\0\0\0\0\0\0\0\0\0\0\0\0\0\0\0\0\0\0\0\0\0\0\0\0\0\0\0\0\0\0\0\0\0\0\0\0\0\0\0\0\0\0þÿÿÿ\0\0\0\0\0\0\0\0\0\0\0\0\0\0\0\0\0\0\0\0\0	\0\0\0\n\0\0\0\0\0\0\0\0\0\r\0\0\0\0\0\0\0\0\0þÿÿÿþÿÿÿÿÿÿÿÿÿÿÿÿÿÿÿÿÿÿÿÿÿÿÿÿÿÿÿÿÿÿÿÿÿÿÿÿÿÿÿÿÿÿÿÿÿÿÿÿÿÿÿÿÿÿÿÿÿÿÿÿÿÿÿÿÿÿÿÿÿÿÿÿÿÿÿÿÿÿÿÿÿÿÿÿÿÿÿÿÿÿÿÿÿÿÿÿÿÿÿÿÿÿÿÿÿÿÿÿÿÿÿÿÿÿÿÿÿÿÿÿÿÿÿÿÿÿÿÿÿÿÿÿÿÿÿÿÿÿÿÿÿÿÿÿÿÿÿÿÿÿÿÿÿÿÿÿÿÿÿÿÿÿÿÿÿÿÿÿÿÿÿÿÿÿÿÿÿÿÿÿÿÿÿÿÿÿÿÿÿÿÿÿÿÿÿÿÿÿÿÿÿÿÿÿÿÿÿÿÿÿÿÿÿÿÿÿÿÿÿÿÿÿÿÿÿÿÿÿÿÿÿÿÿÿÿÿÿÿÿÿÿÿÿÿÿÿÿÿÿÿÿÿÿÿÿÿÿÿÿÿÿÿÿÿÿÿÿÿÿÿÿÿÿÿÿÿÿÿÿÿÿÿÿÿÿÿÿÿÿÿÿÿÿÿÿÿÿÿÿÿÿÿÿÿÿÿÿÿÿÿÿÿÿÿÿÿÿÿÿÿÿÿÿÿÿÿÿÿÿÿÿÿÿÿÿÿÿÿÿÿÿÿÿÿÿÿÿÿÿÿÿÿÿÿÿÿÿÿÿÿÿÿÿÿÿÿÿÿÿÿÿÿÿÿÿÿÿÿÿÿÿÿÿÿÿÿÿÿÿÿÿÿÿÿÿÿÿÿÿÿÿÿÿÿÿÿÿÿÿÿÿÿÿÿÿÿÿÿÿÿÿÿÿÿÿÿÿÿÿÿÿÿÿÿÿÿÿÿÿÿÿÿÿÿÿÿÿ\0\0\0\0\0\0\0\0\0\0\0\0\0\0Na¼\0\0\0\0\0\0\0\0\0\0\0\0\0\0\0\0\0\0\0\0\0\0\0\0\0\0\0\0\0\0\0\0\0\0\0\0\0\0\0\0\0\0\0\Û\æ°\é\Ð­Q\0 \ÉW9\0\0\0\0\î~S\×\0\0HE\0\0\0\0\0\0\0\0\0\0\0\0\0\0\0\0\0\ê\0\0D\0a\0t\0a\0 \0S\0o\0u\0r\0c\0e\0=\0L\0A\0P\0T\0O\0P\0-\0M\0O\01\0F\03\0R\0J\0M\0;\0I\0n\0i\0t\0i\0a\0l\0 \0C\0a\0t\0a\0l\0o\0g\0=\0R\0D\0A\0S\0_\0E\0n\0g\0;\0P\0e\0r\0s\0i\0s\0t\0 \0S\0e\0c\0u\0r\0i\0t\0y\0 \0I\0n\0f\0o\0=\0T\0r\0u\0e\0;\0U\0s\0e\0r\0 \0I\0D\0=\0s\0a\0;\0M\0u\0l\0t\0i\0p\0l\0e\0A\0c\0t\0i\0v\0e\0R\0e\0s\0u\0l\0t\0S\0e\0t\0s\0=\0F\0a\0l\0s\0e\0;\0C\0o\0n\0n\0e\0c\0t\0 \0T\0i\0m\0e\0o\0u\0t\0=\03\00\0;\0T\0r\0u\0s\0t\0S\0e\0r\0v\0e\0r\0C\0e\0r\0t\0i\0f\0i\0c\0a\0t\0e\0=\0F\0a\0l\0s\0e\0;\0P\0a\0c\0k\0e\0t\0 \0S\0i\0z\0e\0=\04\00\09\06\0;\0A\0p\0p\0l\0i\0c\0a\0t\0i\0o\0n\0 \0N\0a\0m\0e\0=\0\"\0M\0i\0c\0r\0o\0s\0o\0f\0t\0 \0S\0Q\0L\0 \0S\0e\0r\0v\0e\0r\0 \0M\0a\0n\0a\0g\0e\0m\0e\0n\0t\0 \0S\0t\0u\0d\0i\0o\0\"\0\0\0\0\0\0\0\0D\0i\0a\0g\0r\0a\0m\0_\01\0\0\0\0&\0 \0\0\0e\0q\0u\0_\0A\0l\0a\0r\0m\0R\0e\0c\0o\0r\0d\0\0\0\0\0\0d\0b\0o\0\0\0\0&\0\0\0\0e\0q\0u\0_\0C\0o\0m\0m\0a\0n\0d\0\0\0\0\0\0d\0b\0o\0\0\0\0&\0\0\0\0e\0q\0u\0_\0E\0q\0u\0i\0p\0m\0e\0n\0t\0\0\0\0\0\0d\0b\0o\0\0\0\0$\0B\0\0\0e\0q\0u\0_\0E\0q\0u\0i\0p\0m\0e\0n\0t\0G\0r\0o\0u\0p\0_\0E\0q\0u\0i\0p\0m\0e\0n\0t\0_\0M\0a\0p\0\0\0\0\0\0d\0b\0o\0\0\0\0\0\0Ö	³»kòE¸7dð2p\0N\0\0\0{\01\06\03\04\0C\0D\0D\07\0-\00\08\08\08\0-\04\02\0E\03\0-\09\0F\0A\02\0-\0B\06\0D\03\02\05\06\03\0B\09\01\0D\0}\0\0\0\0\0\0\0\0\0\0\0\0\0\0\0\0\0\0\0\0\0\0\0\0\0\0\0\0\0\0\0\0\0\0\0\0\0\0\0\0\0\0\0\0\0\0\0\0\0\0\0\0\0\0\0S\0c\0h\0e\0m\0a\0 \0U\0D\0V\0 \0D\0e\0f\0a\0u\0l\0t\0 \0P\0o\0s\0t\0 \0V\06\0\0\0\0\0\0\0\0\0\0\0\0\06\0\0ÿÿÿÿÿÿÿÿÿÿÿÿ\0\0\0\0\0\0\0\0\0\0\0\0\0\0\0\0\0\0\0\0\0\0\0\0\0\0\0\0\0\0\0\0\0\0\0\0\0\0\0\0\0\0\0\0\0\0\0\0\0\0\0\0\0\0\0\0\0\0\0\0\0\0\0\0\0\0\0\0\0\0\0\0\0\0\0\0\0\0\0\0\0\0\0\0\0\0\0\0\0\0\0\0\0\0\0\0\0\0\0\0\0\0\0\0\0\0\0\0\0\0\0\0\0\0ÿÿÿÿÿÿÿÿÿÿÿÿ\0\0\0\0\0\0\0\0\0\0\0\0\0\0\0\0\0\0\0\0\0\0\0\0\0\0\0\0\0\0\0\0\0\0\0\0\0\0\0\0\0\0\0\0\0\0\0\0\0\0\0\0\0\0\0\0\0\0\0\0\0\0\0\0\0\0\0\0\0\0\0\0\0\0\0\0\0\0\0\0\0\0\0\0\0\0\0\0\0\0\0\0\0\0\0\0\0\0\0\0\0\0\0\0\0\0\0\0\0\0\0\0\0\0\0\0ÿÿÿÿÿÿÿÿÿÿÿÿ\0\0\0\0\0\0\0\0\0\0\0\0\0\0\0\0\0\0\0\0\0\0\0\0\0\0\0\0\0\0\0\0\0\0\0\0\0\0\0\0\0\0\0\0\0\0\0\0\0\0\0\0\0\0\0\0\0\0\0\0\0\0\0\0\0\0\0\0\0\0\0\0\0\0\0\0\0\0\0\0\0\0\0\0\0\0\0\0\0\0\0\0\0\0\0\0\0\0\0\0\0\0\0\0\0\0\0\0\0\0\0\0\0\0\0\0ÿÿÿÿÿÿÿÿÿÿÿÿ\0\0\0\0\0\0\0\0\0\0\0\0\0\0\0\0\0\0\0\0\0\0\0\0\0\0\0\0\0\0\0\0\0\0\0\0\0\0\0\0\0\0\0\0\0\0\0\0\0\0\0\0\0\0\0\0\0\0\0\0\0\0\0\0\0\0\0\0\0\0\0\0\0\0\0\0\0\0\0\0\0\0\0\0\0\0\0\0\0\0\0\0\0\0\0\0\0\0\0\0\0\0\0\0\0\0\0\0\0\0\0\0\0\0\0\0\0\0\0\0\0\0\0\0\0\0\0\0\0\0\0\0\0\0\0\0\0\0\0\0\0\0\0\0\0\0\0\0\0\0\0\0\0\0\0\0\0\0\0\0\0\0\0\0\0\0\0\0\0\0\0\0\0\0\0\0\0\0\0\0\0\0\0\0\0\0\0\0\0\0\0\0\0\0\0\0\0\0\0\0\0\0\0\0\0\0\0\0\0\0\0\0\0\0\0\0\0\0\0\0\0\0\0\0\0\0\0\0\0\0\0\0\0\0\0\0\0\0\0\0\0\0\0\0\0\0\0\0\0\0\0\0\0\0\0\0\0\0\0\0\0\0\0\0\0\0\0\0\0\0\0\0\0\0\0\0\0\0\0\0\0\0\0\0\0\0\0\0\0\0\0\0\0\0\0\0\0\0\0\0\0\0\0\0\0\0\0\0\0\0\0\0\0\0\0\0\0\0\0\0\0\0\0\0\0\0\0\0\0\0\0\0\0\0\0\0\0\0\0\0\0\0\0\0\0\0\0\0\0\0\0\0\0\0\0\0\0\0\0\0\0\0\0\0\0\0\0\0\0\0\0\0\0\0\0\0\0\0\0\0\0\0\0\0\0\0\0\0\0\0\0\0\0\0\0\0\0\0\0\0\0\0\0\0\0\0\0\0\0\0\0\0\0\0\0\0\0\0\0\0\0\0\0\0\0\0\0\0\0\0\0\0\0\0\0\0\0\0\0\0\0\0\0\0\0\0\0\0\0\0\0\0\0\0\0\0\0\0\0\0\0\0\0\0\0\0\0\0\0\0\0\0\0\0\0\0\0\0\0\0\0\0\0\0\0\0\0\0\0\0\0\0\0\0\0\0\0\0\0\0\0\0\0\0\0\0\0\0\0\0\0\0\0\0\0\0\0\0\0\0\0\0\0\0\0\0\0\0\0\0\0\0\0\0\0\0\0\0\0\0\0\0\0\0\0\0\0\0\0\0\0\0\0\0\0\0bR'),('Diagram_2',1,3,1,_binary '\Ð\Ïà¡±\Z\á\0\0\0\0\0\0\0\0\0\0\0\0\0\0\0\0>\0\0þÿ	\0\0\0\0\0\0\0\0\0\0\0\0\0\0\0\0\0\0\0\0\0\0\0\0\0>\0\0\0\0\0þÿÿÿ\0\0\0\0\0\0\0\0\0\0\0\0\0\0\0\0\0\0\0\0ÿÿÿÿÿÿÿÿÿÿÿÿÿÿÿÿÿÿÿÿÿÿÿÿÿÿÿÿÿÿÿÿÿÿÿÿÿÿÿÿÿÿÿÿÿÿÿÿÿÿÿÿÿÿÿÿÿÿÿÿÿÿÿÿÿÿÿÿÿÿÿÿÿÿÿÿÿÿÿÿÿÿÿÿÿÿÿÿÿÿÿÿÿÿÿÿÿÿÿÿÿÿÿÿÿÿÿÿÿÿÿÿÿÿÿÿÿÿÿÿÿÿÿÿÿÿÿÿÿÿÿÿÿÿÿÿÿÿÿÿÿÿÿÿÿÿÿÿÿÿÿÿÿÿÿÿÿÿÿÿÿÿÿÿÿÿÿÿÿÿÿÿÿÿÿÿÿÿÿÿÿÿÿÿÿÿÿÿÿÿÿÿÿÿÿÿÿÿÿÿÿÿÿÿÿÿÿÿÿÿÿÿÿÿÿÿÿÿÿÿÿÿÿÿÿÿÿÿÿÿÿÿÿÿÿÿÿÿÿÿÿÿÿÿÿÿÿÿÿÿÿÿÿÿÿÿÿÿÿÿÿÿÿÿÿÿÿÿÿÿÿÿÿÿÿÿÿÿÿÿÿÿÿÿÿÿÿÿÿÿÿÿÿÿÿÿÿÿÿÿÿÿÿÿÿÿÿÿÿÿÿÿÿÿÿÿÿÿÿÿÿÿÿÿÿÿÿÿÿÿÿÿÿÿÿÿÿÿÿÿÿÿÿÿÿÿÿÿÿÿÿÿÿÿÿÿÿÿÿÿÿÿÿÿÿÿÿÿÿÿÿÿÿÿÿÿÿÿÿÿÿÿÿÿÿÿÿÿÿÿÿÿÿÿÿÿÿÿÿÿÿÿÿÿÿÿÿÿÿÿÿÿÿÿÿÿýÿÿÿI\0\0ýÿÿÿýÿÿÿýÿÿÿýÿÿÿ\0\0\0\0\0\0	\0\0\0\n\0\0\0\0\0\0\0\0\0\r\0\0\0\0\0\0\0\0\0\0\0\0\0\0\0\0\0\0\0\0\0\0\0\0\0\0\0\0\0\0\0\0\0\0\0\0\0\0\0\Z\0\0\0\0\0\0\0\0\0\0\0\0\0\0\0\0\0\0 \0\0\0!\0\0\0\"\0\0\0#\0\0\0$\0\0\0%\0\0\0&\0\0\0\'\0\0\0(\0\0\0)\0\0\0*\0\0\0+\0\0\0,\0\0\0-\0\0\0.\0\0\0/\0\0\00\0\0\01\0\0\02\0\0\03\0\0\04\0\0\05\0\0\06\0\0\07\0\0\08\0\0\09\0\0\0:\0\0\0;\0\0\0<\0\0\0=\0\0\0>\0\0\0?\0\0\0@\0\0\0A\0\0\0B\0\0\0C\0\0\0D\0\0\0E\0\0\0F\0\0\0G\0\0\0H\0\0\0I\0\0\0J\0\0\0K\0\0\0L\0\0\0M\0\0\0N\0\0\0O\0\0\0P\0\0\0Q\0\0\0R\0\0\0S\0\0\0T\0\0\0U\0\0\0V\0\0\0W\0\0\0X\0\0\0Y\0\0\0Z\0\0\0[\0\0\0\\\0\0\0]\0\0\0^\0\0\0_\0\0\0`\0\0\0a\0\0\0b\0\0\0c\0\0\0d\0\0\0e\0\0\0f\0\0\0g\0\0\0h\0\0\0i\0\0\0j\0\0\0k\0\0\0l\0\0\0m\0\0\0n\0\0\0o\0\0\0p\0\0\0q\0\0\0r\0\0\0s\0\0\0t\0\0\0u\0\0\0v\0\0\0w\0\0\0x\0\0\0y\0\0\0z\0\0\0{\0\0\0|\0\0\0}\0\0\0~\0\0\0\0\0\0\0\0\0R\0o\0o\0t\0 \0E\0n\0t\0r\0y\0\0\0\0\0\0\0\0\0\0\0\0\0\0\0\0\0\0\0\0\0\0\0\0\0\0\0\0\0\0\0\0\0\0\0\0\0\0\0\0\0\0\0\0\0\0\0ÿÿÿÿÿÿÿÿ\0\0\0\0\0\0\0\0\0\0\0\0\0\0\0\0\0\0\0\0\0\0\0\0\0\0\0\0\0\0\0@\"\nS\×?\0\0\0\0\0\0\0\0\0D\0d\0s\0X\0M\0L\0S\0t\0r\0e\0a\0m\0\0\0\0\0\0\0\0\0\0\0\0\0\0\0\0\0\0\0\0\0\0\0\0\0\0\0\0\0\0\0\0\0\0\0\0\0\0\0\0\0\Z\0ÿÿÿÿÿÿÿÿÿÿÿÿ\0\0\0\0\0\0\0\0\0\0\0\0\0\0\0\0\0\0\0\0\0\0\0\0\0\0\0\0\0\0\0\0\0\0\0\0\0\0\0yo\0\0\0\0\0S\0c\0h\0e\0m\0a\0 \0U\0D\0V\0 \0D\0e\0f\0a\0u\0l\0t\0\0\0\0\0\0\0\0\0\0\0\0\0\0\0\0\0\0\0\0\0\0\0\0\0\0\0\0\0&\0\0\0\0\0\0\0ÿÿÿÿ\0\0\0\0\0\0\0\0\0\0\0\0\0\0\0\0\0\0\0\0\0\0\0\0\0\0\0\0\0\0\0\0\0\0\0\0\0\0\0\0\0\0\0\0\0\0\0D\0S\0R\0E\0F\0-\0S\0C\0H\0E\0M\0A\0-\0C\0O\0N\0T\0E\0N\0T\0S\0\0\0\0\0\0\0\0\0\0\0\0\0\0\0\0\0\0\0\0\0\0\0,\0ÿÿÿÿ\0\0\0ÿÿÿÿ\0\0\0\0\0\0\0\0\0\0\0\0\0\0\0\0\0\0\0\0\0\0\0\0\0\0\0\0\0\0\0\0\0\0\0\0@\0\02\0\0\0\0\0\0\0\0\0\0\0\0\0\0\0\0\0\0\0\0\0\0\0\0\0\0\0\0\0\0\0\0\0\0\0\0\0\0\0\0\0\0\0\0\0\0\0\0\0\0\0\0\0\0\0\0\0\0\0\0\0\0\0\0\0\0\0\0\0\0\0\0\0\0\0\0\0\0\0\0\0\0\0\0\0\0\0\0\0\0\0\0\0\0\0\0\0\0\0 \0\0\0¡\0\0\0¢\0\0\0£\0\0\0¤\0\0\0¥\0\0\0¦\0\0\0§\0\0\0¨\0\0\0©\0\0\0ª\0\0\0«\0\0\0¬\0\0\0­\0\0\0®\0\0\0¯\0\0\0°\0\0\0±\0\0\0²\0\0\0³\0\0\0´\0\0\0µ\0\0\0¶\0\0\0·\0\0\0¸\0\0\0¹\0\0\0º\0\0\0»\0\0\0¼\0\0\0½\0\0\0¾\0\0\0¿\0\0\0À\0\0\0Á\0\0\0\Â\0\0\0\Ã\0\0\0\Ä\0\0\0\Å\0\0\0\Æ\0\0\0\Ç\0\0\0\È\0\0\0\É\0\0\0\Ê\0\0\0\Ë\0\0\0\Ì\0\0\0\Í\0\0\0\Î\0\0\0\Ï\0\0\0\Ð\0\0\0\Ñ\0\0\0\Ò\0\0\0\Ó\0\0\0\Ô\0\0\0\Õ\0\0\0\Ö\0\0\0\×\0\0\0\Ø\0\0\0\Ù\0\0\0\Ú\0\0\0\Û\0\0\0\Ü\0\0\0\Ý\0\0\0\Þ\0\0\0\ß\0\0\0\à\0\0\0\á\0\0\0\â\0\0\0\ã\0\0\0\ä\0\0\0\å\0\0\0\æ\0\0\0\ç\0\0\0\è\0\0\0\é\0\0\0\ê\0\0\0\ë\0\0\0\ì\0\0\0\í\0\0\0\î\0\0\0\ï\0\0\0ð\0\0\0ñ\0\0\0ò\0\0\0ó\0\0\0ô\0\0\0õ\0\0\0ö\0\0\0÷\0\0\0ø\0\0\0ù\0\0\0ú\0\0\0û\0\0\0ü\0\0\0ý\0\0\0þ\0\0\0ÿ\0\0\0\0\0\0\0\0\0\0\0\0\0\0\0\0\0\0\0\0\0\0	\0\0\n\0\0\0\0\0\0\r\0\0\0\0\0\0\0\0\0\0\0\0\0\0\0\0\0\0\0\0\0\0\0\0\0\0\Z\0\0\0\0\0\0\0\0\0\0\0\0 \0\0!\0\0\"\0\0#\0\0$\0\0%\0\0&\0\0\'\0\0(\0\0)\0\0*\0\0+\0\0,\0\0-\0\0.\0\0/\0\00\0\01\0\02\0\03\0\04\0\05\0\06\0\07\0\08\0\09\0\0:\0\0;\0\0<\0\0=\0\0>\0\0?\0\0@\0\0A\0\0B\0\0C\0\0D\0\0E\0\0F\0\0G\0\0H\0\0I\0\0J\0\0K\0\0L\0\0M\0\0N\0\0O\0\0P\0\0Q\0\0R\0\0S\0\0T\0\0U\0\0V\0\0W\0\0X\0\0Y\0\0Z\0\0[\0\0\\\0\0]\0\0^\0\0_\0\0`\0\0a\0\0b\0\0c\0\0d\0\0e\0\0f\0\0g\0\0h\0\0i\0\0j\0\0k\0\0l\0\0m\0\0n\0\0o\0\0p\0\0q\0\0r\0\0s\0\0t\0\0u\0\0v\0\0w\0\0x\0\0y\0\0z\0\0{\0\0|\0\0}\0\0~\0\0\0\0\0\0\0\0\0\0\0\0\0\0\0\0\0\0\0\0\0\0\0\0\0\0\0\0\0\0\0\0\0\0\0\0\0\0\0\0\0\0\0\0\0\0\0\0\0\0\0\0\0\0\0\0\0\0\0\0\0\0\0\0\0\0\0\0 \0\0¡\0\0¢\0\0£\0\0¤\0\0¥\0\0¦\0\0§\0\0¨\0\0©\0\0ª\0\0«\0\0¬\0\0­\0\0®\0\0¯\0\0°\0\0±\0\0²\0\0³\0\0´\0\0µ\0\0¶\0\0·\0\0¸\0\0¹\0\0º\0\0»\0\0¼\0\0½\0\0¾\0\0¿\0\0À\0\0Á\0\0\Â\0\0\Ã\0\0\Ä\0\0\Å\0\0\Æ\0\0\Ç\0\0\È\0\0\É\0\0\Ê\0\0\Ë\0\0\Ì\0\0\Í\0\0\Î\0\0\Ï\0\0\Ð\0\0\Ñ\0\0\Ò\0\0\Ó\0\0\Ô\0\0\Õ\0\0\Ö\0\0\×\0\0\Ø\0\0\Ù\0\0\Ú\0\0\Û\0\0\Ü\0\0\Ý\0\0\Þ\0\0\ß\0\0\à\0\0\á\0\0\â\0\0\ã\0\0\ä\0\0\å\0\0\æ\0\0\ç\0\0\è\0\0\é\0\0\ê\0\0\ë\0\0\ì\0\0\í\0\0\î\0\0\ï\0\0ð\0\0ñ\0\0ò\0\0ó\0\0ô\0\0õ\0\0ö\0\0÷\0\0ø\0\0ù\0\0ú\0\0û\0\0ü\0\0ý\0\0þ\0\0ÿ\0\0\0\0\0\0\0\0\0\0\0\0\0\0\0\0\0\0\0\0\0	\0\0\n\0\0\0\0\0\0\r\0\0\0\0\0\0\0\0\0\0\0\0\0\0\0\0\0\0\0\0\0\0\0\0\0\0\Z\0\0\0\0\0\0\0\0\0\0\0\0 \0\0!\0\0\"\0\0#\0\0$\0\0%\0\0&\0\0\'\0\0(\0\0)\0\0*\0\0+\0\0,\0\0-\0\0.\0\0/\0\00\0\01\0\02\0\03\0\04\0\05\0\06\0\07\0\08\0\09\0\0:\0\0;\0\0<\0\0=\0\0þÿÿÿþÿÿÿþÿÿÿA\0\0B\0\0C\0\0D\0\0E\0\0F\0\0G\0\0H\0\0þÿÿÿþÿÿÿÿÿÿÿÿÿÿÿÿÿÿÿÿÿÿÿÿÿÿÿÿÿÿÿÿÿÿÿÿÿÿÿÿÿÿÿÿÿÿÿÿÿÿÿÿÿÿÿÿÿÿÿÿÿÿÿÿÿÿÿÿÿÿÿÿÿÿÿÿÿÿÿÿÿÿÿÿÿÿÿÿÿÿÿÿÿÿÿÿÿÿÿÿÿÿÿÿÿÿÿÿÿÿÿÿÿÿÿÿÿÿÿÿÿÿÿÿÿÿÿÿÿÿÿÿÿÿÿÿÿÿÿÿÿÿÿÿÿÿÿÿÿÿÿÿÿÿÿÿÿÿÿÿÿÿÿÿÿÿÿÿÿÿÿÿÿÿÿÿÿÿÿÿÿÿÿÿÿÿÿÿÿÿÿÿÿÿÿÿÿÿÿÿÿÿÿÿÿÿÿÿÿÿÿÿÿÿÿÿÿÿÿÿÿÿÿ<dds><diagram fontclsid=\"{77D2C92D-7779-11D8-9070-00065B840D9C}\" mouseiconclsid=\"{0BE35204-8F91-11CE-9DE3-00AA004BB851}\" defaultlayout=\"MSDDS.Rectilinear\" defaultlineroute=\"MSDDS.Rectilinear\" version=\"7\" nextobject=\"182\" scale=\"100\" pagebreakanchorx=\"0\" pagebreakanchory=\"0\" pagebreaksizex=\"0\" pagebreaksizey=\"0\" scrollleft=\"48\" scrolltop=\"-5000\" gridx=\"150\" gridy=\"150\" marginx=\"5000\" marginy=\"5000\" zoom=\"30\" x=\"29210\" y=\"17547\" backcolor=\"-2147483643\" defaultpersistence=\"3\" PrintPageNumbersMode=\"3\" PrintMarginTop=\"0\" PrintMarginBottom=\"635\" PrintMarginLeft=\"0\" PrintMarginRight=\"0\" marqueeselectionmode=\"1\" mousepointer=\"0\" snaptogrid=\"1\" autotypeannotation=\"1\" showscrollbars=\"1\" viewpagebreaks=\"0\" donotforceconnectorsbehindshapes=\"1\"><font><ddsxmlobjectstreamwrapper binary=\"00001800b300000006000080010000408622bc0253797374656d00c0\"/></font><mouseicon><ddsxmlobjectstreamwrapper binary=\"6c74000000000000\"/></mouseicon></diagram><layoutmanager><ddsxmlobj><property name=\"sch_labels_visible\" value=\"0\" vartype=\"11\"/></ddsxmlobj></layoutmanager><ddscontrol controlprogid=\"{623AC075-2C77-4873-883D-930B4364B4BC}\" tooltip=\"equ_AlarmRecord\" left=\"70050\" top=\"142200\" logicalid=\"1\" controlid=\"1\" masterid=\"0\" hint1=\"0\" hint2=\"0\" width=\"6287\" height=\"7408\" noresize=\"0\" nomove=\"0\" nodefaultattachpoints=\"0\" autodrag=\"0\" usedefaultiddshape=\"0\" selectable=\"1\" showselectionhandles=\"0\" allownudging=\"1\" isannotation=\"0\" dontautolayout=\"0\" groupcollapsed=\"0\" tabstop=\"1\" visible=\"1\" snaptogrid=\"1\"><control><ddsxmlobjectstreaminitwrapper binary=\"21433412080000008f180000f01c00007856341207000000140100006500710075005f0041006c00610072006d005200650063006f007200640000000000000000000000010000001d010000000000001d000000520000000100000000000000060000001d01000000000000950000009d0000000300000000000000000000001d0100000000000052000000de000000020000000300000005000000d4ffffff000000001d000000de000000050000000300000005000000dcffffff000000001d000000f2000000000000000300000005000000d8ffffff00000000010100000a010000050000000300000005000000dcffffff000000000a0100001301000000000000030000000500000000000000000000000100000005000000540000002c0000002c0000002c000000340000000000000000000000382e000026220000000000002d0100000d0000000c000000070000001c010000500a000070080000600000007800000054000000a0050000b40000006c000000b4000000e40000009c00000000000000010000008f180000f01c0000000000000b0000000b00000002000000020000001c010000d80900000000000001000000401500009709000000000000030000000300000002000000020000001c010000500a0000010000000000000040150000e502000000000000000000000000000002000000020000001c010000500a00000000000000000000243800002622000000000000000000000d00000004000000040000001c010000500a0000300c00008007000078563412040000006800000001000000010000000b000000000000000100000002000000030000000400000005000000060000000700000008000000090000000a00000004000000640062006f000000100000006500710075005f0041006c00610072006d005200650063006f00720064000000\"/></control><layoutobject><ddsxmlobj><property name=\"ActiveTableViewMode\" value=\"1\" vartype=\"8\"/><property name=\"TableViewMode:0\" value=\"4,0,284,0,2640,1,2160,5,1440\" vartype=\"8\"/><property name=\"TableViewMode:1\" value=\"2,0,284,0,2520\" vartype=\"8\"/><property name=\"TableViewMode:2\" value=\"2,0,284,0,2640\" vartype=\"8\"/><property name=\"TableViewMode:3\" value=\"2,0,284,0,2640\" vartype=\"8\"/><property name=\"TableViewMode:4\" value=\"4,0,284,0,2640,12,3120,11,1920\" vartype=\"8\"/></ddsxmlobj></layoutobject><shape groupshapeid=\"0\" groupnode=\"0\"/></ddscontrol><ddscontrol controlprogid=\"{623AC075-2C77-4873-883D-930B4364B4BC}\" tooltip=\"equ_Command\" left=\"52350\" top=\"84600\" logicalid=\"2\" controlid=\"2\" masterid=\"0\" hint1=\"0\" hint2=\"0\" width=\"6287\" height=\"9694\" noresize=\"0\" nomove=\"0\" nodefaultattachpoints=\"0\" autodrag=\"0\" usedefaultiddshape=\"0\" selectable=\"1\" showselectionhandles=\"0\" allownudging=\"1\" isannotation=\"0\" dontautolayout=\"0\" groupcollapsed=\"0\" tabstop=\"1\" visible=\"1\" snaptogrid=\"1\"><control><ddsxmlobjectstreaminitwrapper binary=\"21433412080000008f180000de2500007856341207000000140100006500710075005f0043006f006d006d0061006e0064000000d7d6563fe6e5653f0000803f0000803fd0cf4f3fd7d6563fe6e5653f0000803fccb46d71ccb46d71d4b46d71d4b46d71dcb46d71dcb46d71e4b46d71e4b46d71ecb46d71ecb46d71fcb46d71fcb46d7104b56d7104b56d710cb56d710cb56d7114b56d7114b56d711cb56d711cb56d7124b56d7124b56d712cb56d712cb56d7134b56d7134b56d713cb56d713cb56d7144b56d7144b56d714cb56d714cb56d7154b56d7154b56d715cb56d715cb56d7164b56d7164b56d716cb56d716cb56d7174b56d7174b56d717cb56d717cb56d7184b56d7184b5000000000000000000000100000005000000540000002c0000002c0000002c000000340000000000000000000000382e000026220000000000002d0100000d0000000c000000070000001c010000500a0000700800002001000068010000fc000000a00500001c020000440100001c020000ac020000d401000000000000010000008f180000de250000000000000f0000000c00000002000000020000001c010000700800000000000001000000401500005c07000000000000020000000200000002000000020000001c010000500a0000010000000000000040150000e502000000000000000000000000000002000000020000001c010000500a00000000000000000000243800002622000000000000000000000d00000004000000040000001c010000500a0000300c00008007000078563412040000006000000001000000010000000b000000000000000100000002000000030000000400000005000000060000000700000008000000090000000a00000004000000640062006f0000000c0000006500710075005f0043006f006d006d0061006e0064000000\"/></control><layoutobject><ddsxmlobj><property name=\"ActiveTableViewMode\" value=\"1\" vartype=\"8\"/><property name=\"TableViewMode:0\" value=\"4,0,284,0,2640,1,2160,5,1440\" vartype=\"8\"/><property name=\"TableViewMode:1\" value=\"2,0,284,0,2160\" vartype=\"8\"/><property name=\"TableViewMode:2\" value=\"2,0,284,0,2640\" vartype=\"8\"/><property name=\"TableViewMode:3\" value=\"2,0,284,0,2640\" vartype=\"8\"/><property name=\"TableViewMode:4\" value=\"4,0,284,0,2640,12,3120,11,1920\" vartype=\"8\"/></ddsxmlobj></layoutobject><shape groupshapeid=\"0\" groupnode=\"0\"/></ddscontrol><ddscontrol controlprogid=\"{623AC075-2C77-4873-883D-930B4364B4BC}\" tooltip=\"equ_Equipment\" left=\"43650\" top=\"109950\" logicalid=\"3\" controlid=\"3\" masterid=\"0\" hint1=\"0\" hint2=\"0\" width=\"6287\" height=\"16552\" noresize=\"0\" nomove=\"0\" nodefaultattachpoints=\"0\" autodrag=\"0\" usedefaultiddshape=\"0\" selectable=\"1\" showselectionhandles=\"0\" allownudging=\"1\" isannotation=\"0\" dontautolayout=\"0\" groupcollapsed=\"0\" tabstop=\"1\" visible=\"1\" snaptogrid=\"1\"><control><ddsxmlobjectstreaminitwrapper binary=\"21433412080000008f180000a84000007856341207000000140100006500710075005f00450071007500690070006d0065006e00740000009e9d1d3f0000803f0000003f0000803ff3f2723f9e9d1d3f0000803f0000803f0000803ff3f2723f9e9d1d3f0000803f3333333f000000000000000000000000e1e0603d6666663f000000000000000000000000c1c0403c0000803f00000000000000000000000000000000102d09000100080000000020000000002300000000000020000000000000000000000000002000000000110000000000002078200e280b0002000a00000000200000000012000000000000200000000000000000000000000020582f0f2d3500000000000020000000000000000000000100000005000000540000002c0000002c0000002c000000340000000000000000000000382e000026220000000000002d0100000d0000000c000000070000001c010000500a000070080000c0000000f0000000a8000000a005000068010000d800000068010000c80100003801000000000000010000008f180000a8400000000000001b0000000c00000002000000020000001c0100007c0b00000000000001000000401500002005000000000000010000000100000002000000020000001c010000500a0000010000000000000040150000e502000000000000000000000000000002000000020000001c010000500a00000000000000000000243800002622000000000000000000000d00000004000000040000001c010000500a0000300c00008007000078563412040000006400000001000000010000000b000000000000000100000002000000030000000400000005000000060000000700000008000000090000000a00000004000000640062006f0000000e0000006500710075005f00450071007500690070006d0065006e0074000000\"/></control><layoutobject><ddsxmlobj><property name=\"ActiveTableViewMode\" value=\"1\" vartype=\"8\"/><property name=\"TableViewMode:0\" value=\"4,0,284,0,2640,1,2160,5,1440\" vartype=\"8\"/><property name=\"TableViewMode:1\" value=\"2,0,284,0,2940\" vartype=\"8\"/><property name=\"TableViewMode:2\" value=\"2,0,284,0,2640\" vartype=\"8\"/><property name=\"TableViewMode:3\" value=\"2,0,284,0,2640\" vartype=\"8\"/><property name=\"TableViewMode:4\" value=\"4,0,284,0,2640,12,3120,11,1920\" vartype=\"8\"/></ddsxmlobj></layoutobject><shape groupshapeid=\"0\" groupnode=\"0\"/></ddscontrol><ddscontrol semanticcookie=\"0120466501000000640062006f00000046004b005f006500710075005f0041006c00610072006d005200650063006f00720064005f006500710075005f00450071007500690070006d0065006e0074000000\" controlprogid=\"MSDDS.Polyline.080.1\" tooltip=\"âequ_Equipmentâä¸âequ_AlarmRecordâä¹é´çå³ç³»âFK_equ_AlarmRecord_equ_Equipmentâ\" left=\"46543\" top=\"125807\" logicalid=\"4\" controlid=\"4\" masterid=\"0\" hint1=\"0\" hint2=\"0\" width=\"27037\" height=\"17093\" noresize=\"0\" nomove=\"0\" nodefaultattachpoints=\"1\" autodrag=\"0\" usedefaultiddshape=\"0\" selectable=\"1\" showselectionhandles=\"0\" allownudging=\"1\" isannotation=\"0\" dontautolayout=\"0\" groupcollapsed=\"0\" tabstop=\"1\" visible=\"1\" snaptogrid=\"0\"><control><ddsxmlobj><polyline endtypedst=\"0\" endtypesrc=\"2\" usercolor=\"15790320\" linestyle=\"0\" linerender=\"0\" customendtypedstid=\"0\" customendtypesrcid=\"0\" adornsvisible=\"1\"><adornment percentpos=\"50\" controlid=\"5\" width=\"5906\" height=\"318\" side=\"0\" behavior=\"3\" himetric=\"20974\" distfromline=\"175\" startobj=\"0\" x=\"46874\" y=\"141646\" visible=\"0\" allowoverlap=\"1\" usepercent=\"1\"/></polyline></ddsxmlobj></control><layoutobject><ddsxmlobj/></layoutobject><connector sourceid=\"3\" destid=\"1\" sourceattachpoint=\"43\" destattachpoint=\"40\" segmenteditmode=\"0\" bendpointeditmode=\"0\" bendpointvisibility=\"0\" relatedid=\"0\" virtual=\"0\"><point x=\"46950\" y=\"126502\"/><point x=\"46950\" y=\"141471\"/><point x=\"73200\" y=\"141471\"/><point x=\"73200\" y=\"142200\"/></connector></ddscontrol><ddscontrol semanticcookie=\"0121fc276021fc27\" controlprogid=\"MSDDS.Text.080.1\" left=\"46874\" top=\"141646\" logicalid=\"5\" controlid=\"5\" masterid=\"4\" hint1=\"0\" hint2=\"0\" width=\"5906\" height=\"318\" noresize=\"1\" nomove=\"0\" nodefaultattachpoints=\"1\" autodrag=\"1\" usedefaultiddshape=\"1\" selectable=\"1\" showselectionhandles=\"1\" allownudging=\"1\" isannotation=\"0\" dontautolayout=\"1\" groupcollapsed=\"0\" tabstop=\"0\" visible=\"0\" snaptogrid=\"0\"><control><ddsxmlobjectstreaminitwrapper binary=\"00020000121700003e0100000300000000000500008008000080010000001500018600009001905f010004cbcecce5200046004b005f006500710075005f0041006c00610072006d005200650063006f00720064005f006500710075005f00450071007500690070006d0065006e00740000000000\"/></control><layoutobject><ddsxmlobj/></layoutobject><shape groupshapeid=\"0\" groupnode=\"0\"/></ddscontrol><ddscontrol semanticcookie=\"0100780001000000640062006f00000046004b005f006500710075005f0043006f006d006d0061006e0064005f006500710075005f00450071007500690070006d0065006e0074000000\" controlprogid=\"MSDDS.Polyline.080.1\" tooltip=\"âequ_Equipmentâä¸âequ_Commandâä¹é´çå³ç³»âFK_equ_Command_equ_Equipmentâ\" left=\"46543\" top=\"93595\" logicalid=\"6\" controlid=\"6\" masterid=\"0\" hint1=\"0\" hint2=\"0\" width=\"9337\" height=\"17051\" noresize=\"0\" nomove=\"0\" nodefaultattachpoints=\"1\" autodrag=\"0\" usedefaultiddshape=\"0\" selectable=\"1\" showselectionhandles=\"0\" allownudging=\"1\" isannotation=\"0\" dontautolayout=\"0\" groupcollapsed=\"0\" tabstop=\"1\" visible=\"1\" snaptogrid=\"0\"><control><ddsxmlobj><polyline endtypedst=\"0\" endtypesrc=\"2\" usercolor=\"15790320\" linestyle=\"0\" linerender=\"0\" customendtypedstid=\"0\" customendtypesrcid=\"0\" adornsvisible=\"1\"><adornment percentpos=\"49.0315082644628\" controlid=\"7\" width=\"5167\" height=\"318\" side=\"0\" behavior=\"3\" himetric=\"11868\" distfromline=\"175\" startobj=\"0\" x=\"47125\" y=\"98154\" visible=\"0\" allowoverlap=\"1\" usepercent=\"1\"/></polyline></ddsxmlobj></control><layoutobject><ddsxmlobj/></layoutobject><connector sourceid=\"3\" destid=\"2\" sourceattachpoint=\"42\" destattachpoint=\"41\" segmenteditmode=\"0\" bendpointeditmode=\"0\" bendpointvisibility=\"0\" relatedid=\"0\" virtual=\"0\"><point x=\"46950\" y=\"109950\"/><point x=\"46950\" y=\"94981\"/><point x=\"55500\" y=\"94981\"/><point x=\"55500\" y=\"94294\"/></connector></ddscontrol><ddscontrol semanticcookie=\"0125fc27a025fc27\" controlprogid=\"MSDDS.Text.080.1\" left=\"47125\" top=\"98154\" logicalid=\"7\" controlid=\"7\" masterid=\"6\" hint1=\"0\" hint2=\"0\" width=\"5167\" height=\"318\" noresize=\"1\" nomove=\"0\" nodefaultattachpoints=\"1\" autodrag=\"1\" usedefaultiddshape=\"1\" selectable=\"1\" showselectionhandles=\"1\" allownudging=\"1\" isannotation=\"0\" dontautolayout=\"1\" groupcollapsed=\"0\" tabstop=\"0\" visible=\"0\" snaptogrid=\"0\"><control><ddsxmlobjectstreaminitwrapper binary=\"000200002f1400003e0100000300000000000500008008000080010000001500018600009001905f010004cbcecce51c0046004b005f006500710075005f0043006f006d006d0061006e0064005f006500710075005f00450071007500690070006d0065006e00740000000000\"/></control><layoutobject><ddsxmlobj/></layoutobject><shape groupshapeid=\"0\" groupnode=\"0\"/></ddscontrol><ddscontrol controlprogid=\"{623AC075-2C77-4873-883D-930B4364B4BC}\" tooltip=\"equ_EquipmentGroup_Equipment_Map\" left=\"58650\" top=\"157500\" logicalid=\"8\" controlid=\"8\" masterid=\"0\" hint1=\"0\" hint2=\"0\" width=\"8911\" height=\"2265\" noresize=\"0\" nomove=\"0\" nodefaultattachpoints=\"0\" autodrag=\"0\" usedefaultiddshape=\"0\" selectable=\"1\" showselectionhandles=\"0\" allownudging=\"1\" isannotation=\"0\" dontautolayout=\"0\" groupcollapsed=\"0\" tabstop=\"1\" visible=\"1\" snaptogrid=\"1\"><control><ddsxmlobjectstreaminitwrapper binary=\"2143341208000000cf220000d90800007856341207000000140100006500710075005f00450071007500690070006d0065006e007400470072006f00750070005f00450071007500690070006d0065006e0074005f004d006100700000006d71d4b46d71dcb46d71dcb46d71e4b46d71e4b46d71ecb46d71ecb46d71fcb46d71fcb46d7104b56d7104b56d710cb56d710cb56d7114b56d7114b56d711cb56d711cb56d7124b56d7124b56d712cb56d712cb56d7134b56d7134b56d713cb56d713cb56d7144b56d7144b56d714cb56d714cb56d7154b56d7154b56d715cb56d715cb56d7164b56d7164b56d716cb56d716cb56d7174b56d7174b56d717cb56d717cb56d7184b56d7184b5000000000000000000000100000005000000540000002c0000002c0000002c000000340000000000000000000000382e0000c1140000000000002d010000070000000c000000070000001c010000500a000070080000600000007800000054000000a0050000b40000006c000000b4000000e40000009c0000000000000001000000cf220000d908000000000000020000000200000002000000020000001c010000780f00000000000001000000401500005c07000000000000020000000200000002000000020000001c010000500a0000010000000000000040150000e502000000000000000000000000000002000000020000001c010000500a00000000000000000000243800002622000000000000000000000d00000004000000040000001c010000500a0000300c00008007000078563412040000008a00000001000000010000000b000000000000000100000002000000030000000400000005000000060000000700000008000000090000000a00000004000000640062006f000000210000006500710075005f00450071007500690070006d0065006e007400470072006f00750070005f00450071007500690070006d0065006e0074005f004d00610070000000\"/></control><layoutobject><ddsxmlobj><property name=\"ActiveTableViewMode\" value=\"1\" vartype=\"8\"/><property name=\"TableViewMode:0\" value=\"4,0,284,0,2640,1,2160,5,1440\" vartype=\"8\"/><property name=\"TableViewMode:1\" value=\"2,0,284,0,3960\" vartype=\"8\"/><property name=\"TableViewMode:2\" value=\"2,0,284,0,2640\" vartype=\"8\"/><property name=\"TableViewMode:3\" value=\"2,0,284,0,2640\" vartype=\"8\"/><property name=\"TableViewMode:4\" value=\"4,0,284,0,2640,12,3120,11,1920\" vartype=\"8\"/></ddsxmlobj></layoutobject><shape groupshapeid=\"0\" groupnode=\"0\"/></ddscontrol><ddscontrol semanticcookie=\"0100000001000000640062006f00000046004b005f006500710075005f00450071007500690070006d0065006e007400470072006f00750070005f00450071007500690070006d0065006e0074005f004d00610070005f006500710075005f00450071007500690070006d0065006e0074000000\" controlprogid=\"MSDDS.Polyline.080.1\" tooltip=\"âequ_Equipmentâä¸âequ_EquipmentGroup_Equipment_Mapâä¹é´çå³ç³»âFK_equ_EquipmentGroup_Equipment_Map_equ_Equipmentâ\" left=\"46093\" top=\"125807\" logicalid=\"9\" controlid=\"9\" masterid=\"0\" hint1=\"0\" hint2=\"0\" width=\"17437\" height=\"32393\" noresize=\"0\" nomove=\"0\" nodefaultattachpoints=\"1\" autodrag=\"0\" usedefaultiddshape=\"0\" selectable=\"1\" showselectionhandles=\"0\" allownudging=\"1\" isannotation=\"0\" dontautolayout=\"0\" groupcollapsed=\"0\" tabstop=\"1\" visible=\"1\" snaptogrid=\"0\"><control><ddsxmlobj><polyline endtypedst=\"0\" endtypesrc=\"2\" usercolor=\"15790320\" linestyle=\"0\" linerender=\"0\" customendtypedstid=\"0\" customendtypesrcid=\"0\" adornsvisible=\"1\"><adornment percentpos=\"50\" controlid=\"10\" width=\"9043\" height=\"318\" side=\"0\" behavior=\"3\" himetric=\"23824\" distfromline=\"175\" startobj=\"0\" x=\"45957\" y=\"141826\" visible=\"0\" allowoverlap=\"1\" usepercent=\"1\"/></polyline></ddsxmlobj></control><layoutobject><ddsxmlobj/></layoutobject><connector sourceid=\"3\" destid=\"8\" sourceattachpoint=\"37\" destattachpoint=\"58\" segmenteditmode=\"0\" bendpointeditmode=\"0\" bendpointvisibility=\"0\" relatedid=\"0\" virtual=\"0\"><point x=\"46500\" y=\"126502\"/><point x=\"46500\" y=\"141651\"/><point x=\"63150\" y=\"141651\"/><point x=\"63150\" y=\"157500\"/></connector></ddscontrol><ddscontrol semanticcookie=\"0127fc27e027fc27\" controlprogid=\"MSDDS.Text.080.1\" left=\"45957\" top=\"141826\" logicalid=\"10\" controlid=\"10\" masterid=\"9\" hint1=\"0\" hint2=\"0\" width=\"9043\" height=\"318\" noresize=\"1\" nomove=\"0\" nodefaultattachpoints=\"1\" autodrag=\"1\" usedefaultiddshape=\"1\" selectable=\"1\" showselectionhandles=\"1\" allownudging=\"1\" isannotation=\"0\" dontautolayout=\"1\" groupcollapsed=\"0\" tabstop=\"0\" visible=\"0\" snaptogrid=\"0\"><control><ddsxmlobjectstreaminitwrapper binary=\"00020000532300003e0100000300000000000500008008000080010000001500018600009001905f010004cbcecce5310046004b005f006500710075005f00450071007500690070006d0065006e007400470072006f00750070005f00450071007500690070006d0065006e0074005f004d00610070005f006500710075005f00450071007500690070006d0065006e00740000000000\"/></control><layoutobject><ddsxmlobj/></layoutobject><shape groupshapeid=\"0\" groupnode=\"0\"/></ddscontrol><ddscontrol controlprogid=\"{623AC075-2C77-4873-883D-930B4364B4BC}\" tooltip=\"equ_EquipmentParaSettingRecord\" left=\"39150\" top=\"146850\" logicalid=\"11\" controlid=\"11\" masterid=\"0\" hint1=\"0\" hint2=\"0\" width=\"7895\" height=\"7980\" noresize=\"0\" nomove=\"0\" nodefaultattachpoints=\"0\" autodrag=\"0\" usedefaultiddshape=\"0\" selectable=\"1\" showselectionhandles=\"0\" allownudging=\"1\" isannotation=\"0\" dontautolayout=\"0\" groupcollapsed=\"0\" tabstop=\"1\" visible=\"1\" snaptogrid=\"1\"><control><ddsxmlobjectstreaminitwrapper binary=\"2143341208000000d71e00002c1f00007856341207000000140100006500710075005f00450071007500690070006d0065006e0074005000610072006100530065007400740069006e0067005200650063006f0072006400000000000000000000000000adac2c3e3333333f000000000000000000000000e1e0603d6666663f000000000000000000000000c1c0403c0000803f0000000000000000000000000000000036363833003c0009000400efbe00000000000000002e000000000000000000000000000000000000000000000000000000000031003600360038003300000014006c003100000000004252a46011203344204f626a656374730000520009000400efbe4252a4000000000000000000000100000005000000540000002c0000002c0000002c000000340000000000000000000000382e000026220000000000002d0100000d0000000c000000070000001c010000500a000070080000600000007800000054000000a0050000b40000006c000000b4000000e40000009c0000000000000001000000d71e00002c1f0000000000000c0000000c00000002000000020000001c010000200d00000000000001000000401500009709000000000000030000000300000002000000020000001c010000500a0000010000000000000040150000e502000000000000000000000000000002000000020000001c010000500a00000000000000000000243800002622000000000000000000000d00000004000000040000001c010000500a0000300c00008007000078563412040000008600000001000000010000000b000000000000000100000002000000030000000400000005000000060000000700000008000000090000000a00000004000000640062006f0000001f0000006500710075005f00450071007500690070006d0065006e0074005000610072006100530065007400740069006e0067005200650063006f00720064000000\"/></control><layoutobject><ddsxmlobj><property name=\"ActiveTableViewMode\" value=\"1\" vartype=\"8\"/><property name=\"TableViewMode:0\" value=\"4,0,284,0,2640,1,2160,5,1440\" vartype=\"8\"/><property name=\"TableViewMode:1\" value=\"2,0,284,0,3360\" vartype=\"8\"/><property name=\"TableViewMode:2\" value=\"2,0,284,0,2640\" vartype=\"8\"/><property name=\"TableViewMode:3\" value=\"2,0,284,0,2640\" vartype=\"8\"/><property name=\"TableViewMode:4\" value=\"4,0,284,0,2640,12,3120,11,1920\" vartype=\"8\"/></ddsxmlobj></layoutobject><shape groupshapeid=\"0\" groupnode=\"0\"/></ddscontrol><ddscontrol semanticcookie=\"01182d6001000000640062006f00000046004b005f006500710075005f00450071007500690070006d0065006e0074005000610072006100530065007400740069006e0067005200650063006f00720064005f006500710075005f00450071007500690070006d0065006e0074000000\" controlprogid=\"MSDDS.Polyline.080.1\" tooltip=\"âequ_Equipmentâä¸âequ_EquipmentParaSettingRecordâä¹é´çå³ç³»âFK_equ_EquipmentParaSettingRecord_equ_Equipmentâ\" left=\"42671\" top=\"125807\" logicalid=\"12\" controlid=\"12\" masterid=\"0\" hint1=\"0\" hint2=\"0\" width=\"3787\" height=\"21743\" noresize=\"0\" nomove=\"0\" nodefaultattachpoints=\"1\" autodrag=\"0\" usedefaultiddshape=\"0\" selectable=\"1\" showselectionhandles=\"0\" allownudging=\"1\" isannotation=\"0\" dontautolayout=\"0\" groupcollapsed=\"0\" tabstop=\"1\" visible=\"1\" snaptogrid=\"0\"><control><ddsxmlobj><polyline endtypedst=\"0\" endtypesrc=\"2\" usercolor=\"15790320\" linestyle=\"0\" linerender=\"0\" customendtypedstid=\"0\" customendtypesrcid=\"0\" adornsvisible=\"1\"><adornment percentpos=\"50\" controlid=\"13\" width=\"8675\" height=\"318\" side=\"0\" behavior=\"3\" himetric=\"11674\" distfromline=\"175\" startobj=\"0\" x=\"37200\" y=\"137796\" visible=\"0\" allowoverlap=\"1\" usepercent=\"1\"/></polyline></ddsxmlobj></control><layoutobject><ddsxmlobj/></layoutobject><connector sourceid=\"3\" destid=\"11\" sourceattachpoint=\"31\" destattachpoint=\"50\" segmenteditmode=\"0\" bendpointeditmode=\"0\" bendpointvisibility=\"0\" relatedid=\"0\" virtual=\"0\"><point x=\"46050\" y=\"126502\"/><point x=\"46050\" y=\"141651\"/><point x=\"43050\" y=\"141651\"/><point x=\"43050\" y=\"146850\"/></connector></ddscontrol><ddscontrol semanticcookie=\"0126fc27a026fc27\" controlprogid=\"MSDDS.Text.080.1\" left=\"37200\" top=\"137796\" logicalid=\"13\" controlid=\"13\" masterid=\"12\" hint1=\"0\" hint2=\"0\" width=\"8675\" height=\"318\" noresize=\"1\" nomove=\"0\" nodefaultattachpoints=\"1\" autodrag=\"1\" usedefaultiddshape=\"1\" selectable=\"1\" showselectionhandles=\"1\" allownudging=\"1\" isannotation=\"0\" dontautolayout=\"1\" groupcollapsed=\"0\" tabstop=\"0\" visible=\"0\" snaptogrid=\"0\"><control><ddsxmlobjectstreaminitwrapper binary=\"00020000e32100003e0100000300000000000500008008000080010000001500018600009001905f010004cbcecce52f0046004b005f006500710075005f00450071007500690070006d0065006e0074005000610072006100530065007400740069006e0067005200650063006f00720064005f006500710075005f00450071007500690070006d0065006e00740000000000\"/></control><layoutobject><ddsxmlobj/></layoutobject><shape groupshapeid=\"0\" groupnode=\"0\"/></ddscontrol><ddscontrol controlprogid=\"{623AC075-2C77-4873-883D-930B4364B4BC}\" tooltip=\"equ_EquipmentRealData\" left=\"34950\" top=\"115800\" logicalid=\"14\" controlid=\"14\" masterid=\"0\" hint1=\"0\" hint2=\"0\" width=\"6287\" height=\"7980\" noresize=\"0\" nomove=\"0\" nodefaultattachpoints=\"0\" autodrag=\"0\" usedefaultiddshape=\"0\" selectable=\"1\" showselectionhandles=\"0\" allownudging=\"1\" isannotation=\"0\" dontautolayout=\"0\" groupcollapsed=\"0\" tabstop=\"1\" visible=\"1\" snaptogrid=\"1\"><control><ddsxmlobjectstreaminitwrapper binary=\"21433412080000008f1800002c1f00007856341207000000140100006500710075005f00450071007500690070006d0065006e0074005200650061006c0044006100740061000000f3f2723f9e9d1d3f0000803f0000803f0000803ff3f2723f9e9d1d3f0000803f3333333f000000000000000000000000e1e0603d6666663f000000000000000000000000c1c0403c0000803f0000000000000000000000000000000036363833003c0009000400efbe00000000000000002e000000000000000000000000000000000000000000000000000000000031003600360038003300000014006600310000000000b852347110004465736b746f7000500009000400efbe42524d5fbc52e7000000000000000000000100000005000000540000002c0000002c0000002c000000340000000000000000000000382e000026220000000000002d0100000d0000000c000000070000001c010000500a000070080000c0000000f0000000a8000000a005000068010000d800000068010000c80100003801000000000000010000008f1800002c1f0000000000000c0000000c00000002000000020000001c0100007c0b00000000000001000000401500005c07000000000000020000000200000002000000020000001c010000500a0000010000000000000040150000e502000000000000000000000000000002000000020000001c010000500a00000000000000000000243800002622000000000000000000000d00000004000000040000001c010000500a0000300c00008007000078563412040000007400000001000000010000000b000000000000000100000002000000030000000400000005000000060000000700000008000000090000000a00000004000000640062006f000000160000006500710075005f00450071007500690070006d0065006e0074005200650061006c0044006100740061000000\"/></control><layoutobject><ddsxmlobj><property name=\"ActiveTableViewMode\" value=\"1\" vartype=\"8\"/><property name=\"TableViewMode:0\" value=\"4,0,284,0,2640,1,2160,5,1440\" vartype=\"8\"/><property name=\"TableViewMode:1\" value=\"2,0,284,0,2940\" vartype=\"8\"/><property name=\"TableViewMode:2\" value=\"2,0,284,0,2640\" vartype=\"8\"/><property name=\"TableViewMode:3\" value=\"2,0,284,0,2640\" vartype=\"8\"/><property name=\"TableViewMode:4\" value=\"4,0,284,0,2640,12,3120,11,1920\" vartype=\"8\"/></ddsxmlobj></layoutobject><shape groupshapeid=\"0\" groupnode=\"0\"/></ddscontrol><ddscontrol semanticcookie=\"01162d6001000000640062006f00000046004b005f006500710075005f00450071007500690070006d0065006e0074005200650061006c0044006100740061005f006500710075005f00450071007500690070006d0065006e0074000000\" controlprogid=\"MSDDS.Polyline.080.1\" tooltip=\"âequ_Equipmentâä¸âequ_EquipmentRealDataâä¹é´çå³ç³»âFK_equ_EquipmentRealData_equ_Equipmentâ\" left=\"40937\" top=\"117943\" logicalid=\"15\" controlid=\"15\" masterid=\"0\" hint1=\"0\" hint2=\"0\" width=\"3013\" height=\"2287\" noresize=\"0\" nomove=\"0\" nodefaultattachpoints=\"1\" autodrag=\"0\" usedefaultiddshape=\"0\" selectable=\"1\" showselectionhandles=\"0\" allownudging=\"1\" isannotation=\"0\" dontautolayout=\"0\" groupcollapsed=\"0\" tabstop=\"1\" visible=\"1\" snaptogrid=\"0\"><control><ddsxmlobj><polyline endtypedst=\"0\" endtypesrc=\"2\" usercolor=\"15790320\" linestyle=\"0\" linerender=\"0\" customendtypedstid=\"0\" customendtypesrcid=\"0\" adornsvisible=\"1\"><adornment percentpos=\"50\" controlid=\"16\" width=\"7014\" height=\"318\" side=\"0\" behavior=\"3\" himetric=\"1956\" distfromline=\"175\" startobj=\"0\" x=\"34641\" y=\"117993\" visible=\"0\" allowoverlap=\"1\" usepercent=\"1\"/></polyline></ddsxmlobj></control><layoutobject><ddsxmlobj/></layoutobject><connector sourceid=\"3\" destid=\"14\" sourceattachpoint=\"192\" destattachpoint=\"135\" segmenteditmode=\"0\" bendpointeditmode=\"0\" bendpointvisibility=\"0\" relatedid=\"0\" virtual=\"0\"><point x=\"43650\" y=\"118350\"/><point x=\"41830\" y=\"118350\"/><point x=\"41830\" y=\"119850\"/><point x=\"41237\" y=\"119850\"/></connector></ddscontrol><ddscontrol semanticcookie=\"0134fc27a034fc27\" controlprogid=\"MSDDS.Text.080.1\" left=\"34641\" top=\"117993\" logicalid=\"16\" controlid=\"16\" masterid=\"15\" hint1=\"0\" hint2=\"0\" width=\"7014\" height=\"318\" noresize=\"1\" nomove=\"0\" nodefaultattachpoints=\"1\" autodrag=\"1\" usedefaultiddshape=\"1\" selectable=\"1\" showselectionhandles=\"1\" allownudging=\"1\" isannotation=\"0\" dontautolayout=\"1\" groupcollapsed=\"0\" tabstop=\"0\" visible=\"0\" snaptogrid=\"0\"><control><ddsxmlobjectstreaminitwrapper binary=\"00020000661b00003e0100000300000000000500008008000080010000001500018600009001905f010004cbcecce5260046004b005f006500710075005f00450071007500690070006d0065006e0074005200650061006c0044006100740061005f006500710075005f00450071007500690070006d0065006e00740000000000\"/></control><layoutobject><ddsxmlobj/></layoutobject><shape groupshapeid=\"0\" groupnode=\"0\"/></ddscontrol><ddscontrol controlprogid=\"{623AC075-2C77-4873-883D-930B4364B4BC}\" tooltip=\"equ_EquipmentType\" left=\"64950\" top=\"0\" logicalid=\"17\" controlid=\"17\" masterid=\"0\" hint1=\"0\" hint2=\"0\" width=\"6287\" height=\"2836\" noresize=\"0\" nomove=\"0\" nodefaultattachpoints=\"0\" autodrag=\"0\" usedefaultiddshape=\"0\" selectable=\"1\" showselectionhandles=\"0\" allownudging=\"1\" isannotation=\"0\" dontautolayout=\"0\" groupcollapsed=\"0\" tabstop=\"1\" visible=\"1\" snaptogrid=\"1\"><control><ddsxmlobjectstreaminitwrapper binary=\"21433412080000008f180000140b00007856341207000000140100006500710075005f00450071007500690070006d0065006e007400540079007000650000000000803fd7d6563fdcdb5b3feae9693f0000803f0a0000000300000003000000040000000800000000000000000000000a0000000400000003000000040000000400000000000000000000000a00000000000000000000000100000004000000000000000a0000001e00000000000000000000000700000004000000000000000a0000004000000002000000000000000300000004000000000000000a000000430000000300000003000000050000000c000000000000000a0000006e00000004000000030000000500000000000000000000000100000005000000540000002c0000002c0000002c000000340000000000000000000000382e0000c1140000000000002d010000070000000c000000070000001c010000500a0000700800002001000068010000fc000000a00500001c020000440100001c020000ac020000d401000000000000010000008f180000140b000000000000030000000300000002000000020000001c010000700800000000000001000000401500002005000000000000010000000100000002000000020000001c010000500a0000010000000000000040150000e502000000000000000000000000000002000000020000001c010000500a00000000000000000000243800002622000000000000000000000d00000004000000040000001c010000500a0000300c00008007000078563412040000006c00000001000000010000000b000000000000000100000002000000030000000400000005000000060000000700000008000000090000000a00000004000000640062006f000000120000006500710075005f00450071007500690070006d0065006e00740054007900700065000000\"/></control><layoutobject><ddsxmlobj><property name=\"ActiveTableViewMode\" value=\"1\" vartype=\"8\"/><property name=\"TableViewMode:0\" value=\"4,0,284,0,2640,1,2160,5,1440\" vartype=\"8\"/><property name=\"TableViewMode:1\" value=\"2,0,284,0,2160\" vartype=\"8\"/><property name=\"TableViewMode:2\" value=\"2,0,284,0,2640\" vartype=\"8\"/><property name=\"TableViewMode:3\" value=\"2,0,284,0,2640\" vartype=\"8\"/><property name=\"TableViewMode:4\" value=\"4,0,284,0,2640,12,3120,11,1920\" vartype=\"8\"/></ddsxmlobj></layoutobject><shape groupshapeid=\"0\" groupnode=\"0\"/></ddscontrol><ddscontrol controlprogid=\"{623AC075-2C77-4873-883D-930B4364B4BC}\" tooltip=\"equ_Manufacturer\" left=\"55650\" top=\"0\" logicalid=\"18\" controlid=\"18\" masterid=\"0\" hint1=\"0\" hint2=\"0\" width=\"6287\" height=\"4551\" noresize=\"0\" nomove=\"0\" nodefaultattachpoints=\"0\" autodrag=\"0\" usedefaultiddshape=\"0\" selectable=\"1\" showselectionhandles=\"0\" allownudging=\"1\" isannotation=\"0\" dontautolayout=\"0\" groupcollapsed=\"0\" tabstop=\"1\" visible=\"1\" snaptogrid=\"1\"><control><ddsxmlobjectstreaminitwrapper binary=\"21433412080000008f180000c71100007856341207000000140100006500710075005f004d0061006e0075006600610063007400750072006500720000000000000000000050003100000000000000000010005573657273003c0009000400efbe00000000000000002e0000000000000000000000000000000000000000000000000000000000550073006500720073000000140050003100000000000000000010003136363833003c0009000400efbe00000000000000002e000000000000000000000000000000000000000000000000000000000031003600360038003300000014006c003100000000004252e06031044f6e6544726976650000540009000400efbe4252ce6042000000000000000000000100000005000000540000002c0000002c0000002c000000340000000000000000000000382e0000fc160000000000002d010000080000000c000000070000001c010000500a0000700800002001000068010000fc000000a00500001c020000440100001c020000ac020000d401000000000000010000008f180000c711000000000000060000000600000002000000020000001c010000700800000000000001000000401500002005000000000000010000000100000002000000020000001c010000500a0000010000000000000040150000e502000000000000000000000000000002000000020000001c010000500a00000000000000000000243800002622000000000000000000000d00000004000000040000001c010000500a0000300c00008007000078563412040000006a00000001000000010000000b000000000000000100000002000000030000000400000005000000060000000700000008000000090000000a00000004000000640062006f000000110000006500710075005f004d0061006e007500660061006300740075007200650072000000\"/></control><layoutobject><ddsxmlobj><property name=\"ActiveTableViewMode\" value=\"1\" vartype=\"8\"/><property name=\"TableViewMode:0\" value=\"4,0,284,0,2640,1,2160,5,1440\" vartype=\"8\"/><property name=\"TableViewMode:1\" value=\"2,0,284,0,2160\" vartype=\"8\"/><property name=\"TableViewMode:2\" value=\"2,0,284,0,2640\" vartype=\"8\"/><property name=\"TableViewMode:3\" value=\"2,0,284,0,2640\" vartype=\"8\"/><property name=\"TableViewMode:4\" value=\"4,0,284,0,2640,12,3120,11,1920\" vartype=\"8\"/></ddsxmlobj></layoutobject><shape groupshapeid=\"0\" groupnode=\"0\"/></ddscontrol><ddscontrol controlprogid=\"{623AC075-2C77-4873-883D-930B4364B4BC}\" tooltip=\"equ_Para\" left=\"26400\" top=\"104250\" logicalid=\"19\" controlid=\"19\" masterid=\"0\" hint1=\"0\" hint2=\"0\" width=\"6287\" height=\"3979\" noresize=\"0\" nomove=\"0\" nodefaultattachpoints=\"0\" autodrag=\"0\" usedefaultiddshape=\"0\" selectable=\"1\" showselectionhandles=\"0\" allownudging=\"1\" isannotation=\"0\" dontautolayout=\"0\" groupcollapsed=\"0\" tabstop=\"1\" visible=\"1\" snaptogrid=\"1\"><control><ddsxmlobjectstreaminitwrapper binary=\"21433412080000008f1800008b0f00007856341207000000140100006500710075005f0050006100720061000000000000000000000000001000000002000000030000000400000008000000000000000000000010000000030000000300000004000000040000000000000000000000100000000000000000000000010000000400000000000000100000001f00000000000000000000000600000004000000000000001200000032000000040000000000000003000000040000000000000010000000320000000200000003000000050000000c000000000000002e000000390000000500000000000000010000000c00000000000000100000003900000001000000000000000700000000000000000000000100000005000000540000002c0000002c0000002c000000340000000000000000000000382e0000c1140000000000002d010000070000000c000000070000001c010000500a0000700800002001000068010000fc000000a00500001c020000440100001c020000ac020000d401000000000000010000008f1800008b0f000000000000050000000500000002000000020000001c010000700800000000000001000000401500005c07000000000000020000000200000002000000020000001c010000500a0000010000000000000040150000e502000000000000000000000000000002000000020000001c010000500a00000000000000000000243800002622000000000000000000000d00000004000000040000001c010000500a0000300c00008007000078563412040000005a00000001000000010000000b000000000000000100000002000000030000000400000005000000060000000700000008000000090000000a00000004000000640062006f000000090000006500710075005f0050006100720061000000\"/></control><layoutobject><ddsxmlobj><property name=\"ActiveTableViewMode\" value=\"1\" vartype=\"8\"/><property name=\"TableViewMode:0\" value=\"4,0,284,0,2640,1,2160,5,1440\" vartype=\"8\"/><property name=\"TableViewMode:1\" value=\"2,0,284,0,2160\" vartype=\"8\"/><property name=\"TableViewMode:2\" value=\"2,0,284,0,2640\" vartype=\"8\"/><property name=\"TableViewMode:3\" value=\"2,0,284,0,2640\" vartype=\"8\"/><property name=\"TableViewMode:4\" value=\"4,0,284,0,2640,12,3120,11,1920\" vartype=\"8\"/></ddsxmlobj></layoutobject><shape groupshapeid=\"0\" groupnode=\"0\"/></ddscontrol><ddscontrol controlprogid=\"{623AC075-2C77-4873-883D-930B4364B4BC}\" tooltip=\"equ_ParaGroup\" left=\"34950\" top=\"105000\" logicalid=\"20\" controlid=\"20\" masterid=\"0\" hint1=\"0\" hint2=\"0\" width=\"6287\" height=\"2265\" noresize=\"0\" nomove=\"0\" nodefaultattachpoints=\"0\" autodrag=\"0\" usedefaultiddshape=\"0\" selectable=\"1\" showselectionhandles=\"0\" allownudging=\"1\" isannotation=\"0\" dontautolayout=\"0\" groupcollapsed=\"0\" tabstop=\"1\" visible=\"1\" snaptogrid=\"1\"><control><ddsxmlobjectstreaminitwrapper binary=\"21433412080000008f180000d90800007856341207000000140100006500710075005f005000610072006100470072006f00750070000000e6e5653f0000803f0000803fd0cf4f3fd7d6563fe6e5653f0000803f0000003f000000000000000000000000adac2c3e3333333f000000000000000000000000e1e0603d6666663f000000000000000000000000c1c0403c0000803f0000000000000000000000000000000010000000c60000004900000002000000d30000005000000002000000d70000005300000002000000d90000005400000010000000df0000005900000002000000e20000005a00000002000000e4000000fdffffff02000000eb000000ffffffff02000000f400000000000000000000000100000005000000540000002c0000002c0000002c000000340000000000000000000000382e0000c1140000000000002d010000070000000c000000070000001c010000500a0000700800002001000068010000fc000000a00500001c020000440100001c020000ac020000d401000000000000010000008f180000d908000000000000020000000200000002000000020000001c010000700800000000000001000000401500002005000000000000010000000100000002000000020000001c010000500a0000010000000000000040150000e502000000000000000000000000000002000000020000001c010000500a00000000000000000000243800002622000000000000000000000d00000004000000040000001c010000500a0000300c00008007000078563412040000006400000001000000010000000b000000000000000100000002000000030000000400000005000000060000000700000008000000090000000a00000004000000640062006f0000000e0000006500710075005f005000610072006100470072006f00750070000000\"/></control><layoutobject><ddsxmlobj><property name=\"ActiveTableViewMode\" value=\"1\" vartype=\"8\"/><property name=\"TableViewMode:0\" value=\"4,0,284,0,2640,1,2160,5,1440\" vartype=\"8\"/><property name=\"TableViewMode:1\" value=\"2,0,284,0,2160\" vartype=\"8\"/><property name=\"TableViewMode:2\" value=\"2,0,284,0,2640\" vartype=\"8\"/><property name=\"TableViewMode:3\" value=\"2,0,284,0,2640\" vartype=\"8\"/><property name=\"TableViewMode:4\" value=\"4,0,284,0,2640,12,3120,11,1920\" vartype=\"8\"/></ddsxmlobj></layoutobject><shape groupshapeid=\"0\" groupnode=\"0\"/></ddscontrol><ddscontrol semanticcookie=\"0148e07301000000640062006f00000046004b005f006500710075005f0050006100720061005f006500710075005f005000610072006100470072006f00750070000000\" controlprogid=\"MSDDS.Polyline.080.1\" tooltip=\"âequ_ParaGroupâä¸âequ_Paraâä¹é´çå³ç³»âFK_equ_Para_equ_ParaGroupâ\" left=\"32387\" top=\"105793\" logicalid=\"21\" controlid=\"21\" masterid=\"0\" hint1=\"0\" hint2=\"0\" width=\"2863\" height=\"815\" noresize=\"0\" nomove=\"0\" nodefaultattachpoints=\"1\" autodrag=\"0\" usedefaultiddshape=\"0\" selectable=\"1\" showselectionhandles=\"0\" allownudging=\"1\" isannotation=\"0\" dontautolayout=\"0\" groupcollapsed=\"0\" tabstop=\"1\" visible=\"1\" snaptogrid=\"0\"><control><ddsxmlobj><polyline endtypedst=\"0\" endtypesrc=\"2\" usercolor=\"15790320\" linestyle=\"0\" linerender=\"0\" customendtypedstid=\"0\" customendtypesrcid=\"0\" adornsvisible=\"1\"><adornment percentpos=\"50.3573899008531\" controlid=\"22\" width=\"4613\" height=\"318\" side=\"1\" behavior=\"3\" himetric=\"1139\" distfromline=\"175\" startobj=\"0\" x=\"31519\" y=\"106375\" visible=\"0\" allowoverlap=\"1\" usepercent=\"1\"/></polyline></ddsxmlobj></control><layoutobject><ddsxmlobj/></layoutobject><connector sourceid=\"20\" destid=\"19\" sourceattachpoint=\"96\" destattachpoint=\"107\" segmenteditmode=\"0\" bendpointeditmode=\"0\" bendpointvisibility=\"0\" relatedid=\"0\" virtual=\"0\"><point x=\"34950\" y=\"106200\"/><point x=\"32687\" y=\"106200\"/></connector></ddscontrol><ddscontrol semanticcookie=\"013afc27a03afc27\" controlprogid=\"MSDDS.Text.080.1\" left=\"31519\" top=\"106375\" logicalid=\"22\" controlid=\"22\" masterid=\"21\" hint1=\"0\" hint2=\"0\" width=\"4613\" height=\"318\" noresize=\"1\" nomove=\"0\" nodefaultattachpoints=\"1\" autodrag=\"1\" usedefaultiddshape=\"1\" selectable=\"1\" showselectionhandles=\"1\" allownudging=\"1\" isannotation=\"0\" dontautolayout=\"1\" groupcollapsed=\"0\" tabstop=\"0\" visible=\"0\" snaptogrid=\"0\"><control><ddsxmlobjectstreaminitwrapper binary=\"00020000051200003e0100000300000000000500008008000080010000001500018600009001905f010004cbcecce5190046004b005f006500710075005f0050006100720061005f006500710075005f005000610072006100470072006f007500700000000000\"/></control><layoutobject><ddsxmlobj/></layoutobject><shape groupshapeid=\"0\" groupnode=\"0\"/></ddscontrol><ddscontrol controlprogid=\"{623AC075-2C77-4873-883D-930B4364B4BC}\" tooltip=\"equ_ParaValue\" left=\"21450\" top=\"110550\" logicalid=\"23\" controlid=\"23\" masterid=\"0\" hint1=\"0\" hint2=\"0\" width=\"6287\" height=\"2836\" noresize=\"0\" nomove=\"0\" nodefaultattachpoints=\"0\" autodrag=\"0\" usedefaultiddshape=\"0\" selectable=\"1\" showselectionhandles=\"0\" allownudging=\"1\" isannotation=\"0\" dontautolayout=\"0\" groupcollapsed=\"0\" tabstop=\"1\" visible=\"1\" snaptogrid=\"1\"><control><ddsxmlobjectstreaminitwrapper binary=\"21433412080000008f180000140b00007856341207000000140100006500710075005f005000610072006100560061006c0075006500000000000000e5e4e43e9a99993e000000000000000000000000a9a8a83e0000003f000000000000000000000000adac2c3e3333333f000000000000000000000000e1e0603d6666663f000000000000000000000000c1c0403c0000803f0000000000000000000000000000000036363833003c0009000400efbe00000000000000002e000000000000000000000000000000000000000000000000000000000031003600360038003300000014006c003100000000004252a46011203344204f626a656374730000520009000400efbe4252a4000000000000000000000100000005000000540000002c0000002c0000002c000000340000000000000000000000382e0000c1140000000000002d010000070000000c000000070000001c010000500a000070080000c0000000f0000000a8000000a005000068010000d800000068010000c80100003801000000000000010000008f180000140b000000000000030000000300000002000000020000001c010000400b00000000000001000000401500005c07000000000000020000000200000002000000020000001c010000500a0000010000000000000040150000e502000000000000000000000000000002000000020000001c010000500a00000000000000000000243800002622000000000000000000000d00000004000000040000001c010000500a0000300c00008007000078563412040000006400000001000000010000000b000000000000000100000002000000030000000400000005000000060000000700000008000000090000000a00000004000000640062006f0000000e0000006500710075005f005000610072006100560061006c00750065000000\"/></control><layoutobject><ddsxmlobj><property name=\"ActiveTableViewMode\" value=\"1\" vartype=\"8\"/><property name=\"TableViewMode:0\" value=\"4,0,284,0,2640,1,2160,5,1440\" vartype=\"8\"/><property name=\"TableViewMode:1\" value=\"2,0,284,0,2880\" vartype=\"8\"/><property name=\"TableViewMode:2\" value=\"2,0,284,0,2640\" vartype=\"8\"/><property name=\"TableViewMode:3\" value=\"2,0,284,0,2640\" vartype=\"8\"/><property name=\"TableViewMode:4\" value=\"4,0,284,0,2640,12,3120,11,1920\" vartype=\"8\"/></ddsxmlobj></layoutobject><shape groupshapeid=\"0\" groupnode=\"0\"/></ddscontrol><ddscontrol semanticcookie=\"0148e07301000000640062006f00000046004b005f006500710075005f005000610072006100560061006c00750065005f006500710075005f0050006100720061000000\" controlprogid=\"MSDDS.Polyline.080.1\" tooltip=\"âequ_Paraâä¸âequ_ParaValueâä¹é´çå³ç³»âFK_equ_ParaValue_equ_Paraâ\" left=\"24221\" top=\"107534\" logicalid=\"24\" controlid=\"24\" masterid=\"0\" hint1=\"0\" hint2=\"0\" width=\"5437\" height=\"3716\" noresize=\"0\" nomove=\"0\" nodefaultattachpoints=\"1\" autodrag=\"0\" usedefaultiddshape=\"0\" selectable=\"1\" showselectionhandles=\"0\" allownudging=\"1\" isannotation=\"0\" dontautolayout=\"0\" groupcollapsed=\"0\" tabstop=\"1\" visible=\"1\" snaptogrid=\"0\"><control><ddsxmlobj><polyline endtypedst=\"0\" endtypesrc=\"2\" usercolor=\"15790320\" linestyle=\"0\" linerender=\"0\" customendtypedstid=\"0\" customendtypesrcid=\"0\" adornsvisible=\"1\"><adornment percentpos=\"26.163007071083\" controlid=\"25\" width=\"4613\" height=\"318\" side=\"1\" behavior=\"3\" himetric=\"1823\" distfromline=\"175\" startobj=\"0\" x=\"29421\" y=\"110223\" visible=\"0\" allowoverlap=\"1\" usepercent=\"1\"/></polyline></ddsxmlobj></control><layoutobject><ddsxmlobj/></layoutobject><connector sourceid=\"19\" destid=\"23\" sourceattachpoint=\"37\" destattachpoint=\"40\" segmenteditmode=\"0\" bendpointeditmode=\"0\" bendpointvisibility=\"0\" relatedid=\"0\" virtual=\"0\"><point x=\"29250\" y=\"108229\"/><point x=\"29250\" y=\"110048\"/><point x=\"24600\" y=\"110048\"/><point x=\"24600\" y=\"110550\"/></connector></ddscontrol><ddscontrol semanticcookie=\"013cfc27a03cfc27\" controlprogid=\"MSDDS.Text.080.1\" left=\"29421\" top=\"110223\" logicalid=\"25\" controlid=\"25\" masterid=\"24\" hint1=\"0\" hint2=\"0\" width=\"4613\" height=\"318\" noresize=\"1\" nomove=\"0\" nodefaultattachpoints=\"1\" autodrag=\"1\" usedefaultiddshape=\"1\" selectable=\"1\" showselectionhandles=\"1\" allownudging=\"1\" isannotation=\"0\" dontautolayout=\"1\" groupcollapsed=\"0\" tabstop=\"0\" visible=\"0\" snaptogrid=\"0\"><control><ddsxmlobjectstreaminitwrapper binary=\"00020000051200003e0100000300000000000500008008000080010000001500018600009001905f010004cbcecce5190046004b005f006500710075005f005000610072006100560061006c00750065005f006500710075005f00500061007200610000000000\"/></control><layoutobject><ddsxmlobj/></layoutobject><shape groupshapeid=\"0\" groupnode=\"0\"/></ddscontrol><ddscontrol controlprogid=\"{623AC075-2C77-4873-883D-930B4364B4BC}\" tooltip=\"equ_Battery\" left=\"46500\" top=\"0\" logicalid=\"26\" controlid=\"26\" masterid=\"0\" hint1=\"0\" hint2=\"0\" width=\"6287\" height=\"9123\" noresize=\"0\" nomove=\"0\" nodefaultattachpoints=\"0\" autodrag=\"0\" usedefaultiddshape=\"0\" selectable=\"1\" showselectionhandles=\"0\" allownudging=\"1\" isannotation=\"0\" dontautolayout=\"0\" groupcollapsed=\"0\" tabstop=\"1\" visible=\"1\" snaptogrid=\"1\"><control><ddsxmlobjectstreaminitwrapper binary=\"21433412080000008f180000a32300007856341207000000140100006500710075005f0042006100740074006500720079000000dcdb5b3feae9693f0000803f0000803fd7d6563fdcdb5b3feae9693f0000803f0000003f000000000000000000000000adac2c3e3333333f000000000000000000000000e1e0603d6666663f000000000000000000000000c1c0403c0000803f000000000000000000000000000000000c000000c83d12280c000000b83812280c000000c0a7fe270c000000f8620d280c00000028e4b2080c000000f8cefd270c0000005096fe270c000000003eb7270c0000004858f4270c00000030bc08280c000100e033192801000000a02d192801000000c030000000000000000000000100000005000000540000002c0000002c0000002c000000340000000000000000000000382e000026220000000000002d0100000d0000000c000000070000001c010000500a0000700800002001000068010000fc000000a00500001c020000440100001c020000ac020000d401000000000000010000008f180000a3230000000000000e0000000c00000002000000020000001c010000700800000000000001000000401500002005000000000000010000000100000002000000020000001c010000500a0000010000000000000040150000e502000000000000000000000000000002000000020000001c010000500a00000000000000000000243800002622000000000000000000000d00000004000000040000001c010000500a0000300c00008007000078563412040000006000000001000000010000000b000000000000000100000002000000030000000400000005000000060000000700000008000000090000000a00000004000000640062006f0000000c0000006500710075005f0042006100740074006500720079000000\"/></control><layoutobject><ddsxmlobj><property name=\"ActiveTableViewMode\" value=\"1\" vartype=\"8\"/><property name=\"TableViewMode:0\" value=\"4,0,284,0,2640,1,2160,5,1440\" vartype=\"8\"/><property name=\"TableViewMode:1\" value=\"2,0,284,0,2160\" vartype=\"8\"/><property name=\"TableViewMode:2\" value=\"2,0,284,0,2640\" vartype=\"8\"/><property name=\"TableViewMode:3\" value=\"2,0,284,0,2640\" vartype=\"8\"/><property name=\"TableViewMode:4\" value=\"4,0,284,0,2640,12,3120,11,1920\" vartype=\"8\"/></ddsxmlobj></layoutobject><shape groupshapeid=\"0\" groupnode=\"0\"/></ddscontrol><ddscontrol controlprogid=\"{623AC075-2C77-4873-883D-930B4364B4BC}\" tooltip=\"equ_DataType\" left=\"37500\" top=\"450\" logicalid=\"27\" controlid=\"27\" masterid=\"0\" hint1=\"0\" hint2=\"0\" width=\"6287\" height=\"3408\" noresize=\"0\" nomove=\"0\" nodefaultattachpoints=\"0\" autodrag=\"0\" usedefaultiddshape=\"0\" selectable=\"1\" showselectionhandles=\"0\" allownudging=\"1\" isannotation=\"0\" dontautolayout=\"0\" groupcollapsed=\"0\" tabstop=\"1\" visible=\"1\" snaptogrid=\"1\"><control><ddsxmlobjectstreaminitwrapper binary=\"21433412080000008f180000500d00007856341207000000140100006500710075005f00440061007400610054007900700065000000000000000000e5e4e43e9a99993e000000000000000000000000a9a8a83e0000003f000000000000000000000000adac2c3e3333333f000000000000000000000000e1e0603d6666663f000000000000000000000000c1c0403c0000803f00000000000000000000000000000000ba52e9322e00000076160500000001000000000000000000000000000000bb63a5006e00610074006100700070005f00770069006e0064006f00770073005f0061006d006400360034005f0032005f0033005f00390000002a00000000110000001900000000000000000000000000000100000005000000540000002c0000002c0000002c000000340000000000000000000000382e0000c1140000000000002d010000070000000c000000070000001c010000500a0000700800002001000068010000fc000000a00500001c020000440100001c020000ac020000d401000000000000010000008f180000500d000000000000040000000400000002000000020000001c010000700800000000000001000000401500002005000000000000010000000100000002000000020000001c010000500a0000010000000000000040150000e502000000000000000000000000000002000000020000001c010000500a00000000000000000000243800002622000000000000000000000d00000004000000040000001c010000500a0000300c00008007000078563412040000006200000001000000010000000b000000000000000100000002000000030000000400000005000000060000000700000008000000090000000a00000004000000640062006f0000000d0000006500710075005f00440061007400610054007900700065000000\"/></control><layoutobject><ddsxmlobj><property name=\"ActiveTableViewMode\" value=\"1\" vartype=\"8\"/><property name=\"TableViewMode:0\" value=\"4,0,284,0,2640,1,2160,5,1440\" vartype=\"8\"/><property name=\"TableViewMode:1\" value=\"2,0,284,0,2160\" vartype=\"8\"/><property name=\"TableViewMode:2\" value=\"2,0,284,0,2640\" vartype=\"8\"/><property name=\"TableViewMode:3\" value=\"2,0,284,0,2640\" vartype=\"8\"/><property name=\"TableViewMode:4\" value=\"4,0,284,0,2640,12,3120,11,1920\" vartype=\"8\"/></ddsxmlobj></layoutobject><shape groupshapeid=\"0\" groupnode=\"0\"/></ddscontrol><ddscontrol controlprogid=\"{623AC075-2C77-4873-883D-930B4364B4BC}\" tooltip=\"equ_EquipmentGroup\" left=\"50100\" top=\"157200\" logicalid=\"28\" controlid=\"28\" masterid=\"0\" hint1=\"0\" hint2=\"0\" width=\"6287\" height=\"2836\" noresize=\"0\" nomove=\"0\" nodefaultattachpoints=\"0\" autodrag=\"0\" usedefaultiddshape=\"0\" selectable=\"1\" showselectionhandles=\"0\" allownudging=\"1\" isannotation=\"0\" dontautolayout=\"0\" groupcollapsed=\"0\" tabstop=\"1\" visible=\"1\" snaptogrid=\"1\"><control><ddsxmlobjectstreaminitwrapper binary=\"21433412080000008f180000140b00007856341207000000140100006500710075005f00450071007500690070006d0065006e007400470072006f007500700000001600000000a0000000002a00000000000020c04a102d2c0000002b0000000020000000000c0000000000002040fa0b286d0000006c0000000020000000001c00000000000020000000006d0000006c00000000200000000012000000000000200000000000000000000000000020000000002300000000000020000000000000000000000000002000000000140000000000002000000000000000000000000000203c330f2d250000000000002000000000000000000000000000a0000000003b00000000000020000000000000000000000100000005000000540000002c0000002c0000002c000000340000000000000000000000382e0000c1140000000000002d010000070000000c000000070000001c010000500a000070080000600000007800000054000000a0050000b40000006c000000b4000000e40000009c00000000000000010000008f180000140b000000000000030000000300000002000000020000001c010000600900000000000001000000401500002005000000000000010000000100000002000000020000001c010000500a0000010000000000000040150000e502000000000000000000000000000002000000020000001c010000500a00000000000000000000243800002622000000000000000000000d00000004000000040000001c010000500a0000300c00008007000078563412040000006e00000001000000010000000b000000000000000100000002000000030000000400000005000000060000000700000008000000090000000a00000004000000640062006f000000130000006500710075005f00450071007500690070006d0065006e007400470072006f00750070000000\"/></control><layoutobject><ddsxmlobj><property name=\"ActiveTableViewMode\" value=\"1\" vartype=\"8\"/><property name=\"TableViewMode:0\" value=\"4,0,284,0,2640,1,2160,5,1440\" vartype=\"8\"/><property name=\"TableViewMode:1\" value=\"2,0,284,0,2400\" vartype=\"8\"/><property name=\"TableViewMode:2\" value=\"2,0,284,0,2640\" vartype=\"8\"/><property name=\"TableViewMode:3\" value=\"2,0,284,0,2640\" vartype=\"8\"/><property name=\"TableViewMode:4\" value=\"4,0,284,0,2640,12,3120,11,1920\" vartype=\"8\"/></ddsxmlobj></layoutobject><shape groupshapeid=\"0\" groupnode=\"0\"/></ddscontrol><ddscontrol semanticcookie=\"0100000001000000640062006f00000046004b005f006500710075005f00450071007500690070006d0065006e007400470072006f00750070005f00450071007500690070006d0065006e0074005f004d00610070005f006500710075005f00450071007500690070006d0065006e007400470072006f00750070000000\" controlprogid=\"MSDDS.Polyline.080.1\" tooltip=\"âequ_EquipmentGroupâä¸âequ_EquipmentGroup_Equipment_Mapâä¹é´çå³ç³»âFK_equ_EquipmentGroup_Equipment_Map_equ_EquipmentGroupâ\" left=\"56087\" top=\"158143\" logicalid=\"29\" controlid=\"29\" masterid=\"0\" hint1=\"0\" hint2=\"0\" width=\"2863\" height=\"815\" noresize=\"0\" nomove=\"0\" nodefaultattachpoints=\"1\" autodrag=\"0\" usedefaultiddshape=\"0\" selectable=\"1\" showselectionhandles=\"0\" allownudging=\"1\" isannotation=\"0\" dontautolayout=\"0\" groupcollapsed=\"0\" tabstop=\"1\" visible=\"1\" snaptogrid=\"0\"><control><ddsxmlobj><polyline endtypedst=\"0\" endtypesrc=\"2\" usercolor=\"15790320\" linestyle=\"0\" linerender=\"0\" customendtypedstid=\"0\" customendtypesrcid=\"0\" adornsvisible=\"1\"><adornment percentpos=\"64.2771187897542\" controlid=\"30\" width=\"9966\" height=\"318\" side=\"0\" behavior=\"3\" himetric=\"1454\" distfromline=\"175\" startobj=\"0\" x=\"51437\" y=\"158725\" visible=\"0\" allowoverlap=\"1\" usepercent=\"1\"/></polyline></ddsxmlobj></control><layoutobject><ddsxmlobj/></layoutobject><connector sourceid=\"28\" destid=\"8\" sourceattachpoint=\"99\" destattachpoint=\"128\" segmenteditmode=\"0\" bendpointeditmode=\"0\" bendpointvisibility=\"0\" relatedid=\"0\" virtual=\"0\"><point x=\"56387\" y=\"158550\"/><point x=\"58650\" y=\"158550\"/></connector></ddscontrol><ddscontrol semanticcookie=\"013ffc27e03ffc27\" controlprogid=\"MSDDS.Text.080.1\" left=\"51437\" top=\"158725\" logicalid=\"30\" controlid=\"30\" masterid=\"29\" hint1=\"0\" hint2=\"0\" width=\"9966\" height=\"318\" noresize=\"1\" nomove=\"0\" nodefaultattachpoints=\"1\" autodrag=\"1\" usedefaultiddshape=\"1\" selectable=\"1\" showselectionhandles=\"1\" allownudging=\"1\" isannotation=\"0\" dontautolayout=\"1\" groupcollapsed=\"0\" tabstop=\"0\" visible=\"0\" snaptogrid=\"0\"><control><ddsxmlobjectstreaminitwrapper binary=\"00020000ee2600003e0100000300000000000500008008000080010000001500018600009001905f010004cbcecce5360046004b005f006500710075005f00450071007500690070006d0065006e007400470072006f00750070005f00450071007500690070006d0065006e0074005f004d00610070005f006500710075005f00450071007500690070006d0065006e007400470072006f007500700000000000\"/></control><layoutobject><ddsxmlobj/></layoutobject><shape groupshapeid=\"0\" groupnode=\"0\"/></ddscontrol><ddscontrol controlprogid=\"{623AC075-2C77-4873-883D-930B4364B4BC}\" tooltip=\"equ_EquipmentPara\" left=\"26400\" top=\"96600\" logicalid=\"31\" controlid=\"31\" masterid=\"0\" hint1=\"0\" hint2=\"0\" width=\"6287\" height=\"5122\" noresize=\"0\" nomove=\"0\" nodefaultattachpoints=\"0\" autodrag=\"0\" usedefaultiddshape=\"0\" selectable=\"1\" showselectionhandles=\"0\" allownudging=\"1\" isannotation=\"0\" dontautolayout=\"0\" groupcollapsed=\"0\" tabstop=\"1\" visible=\"1\" snaptogrid=\"1\"><control><ddsxmlobjectstreaminitwrapper binary=\"21433412080000008f180000021400007856341207000000140100006500710075005f00450071007500690070006d0065006e00740050006100720061000000000000000050003100000000000000000010005573657273003c0009000400efbe00000000000000002e0000000000000000000000000000000000000000000000000000000000550073006500720073000000140050003100000000000000000010003136363833003c0009000400efbe00000000000000002e000000000000000000000000000000000000000000000000000000000031003600360038003300000014006200310000000000b552923a1100446f63756d656e7473004a0009000400efbe42524d5fbc000000000000000000000100000005000000540000002c0000002c0000002c000000340000000000000000000000382e000038190000000000002d010000090000000c000000070000001c010000500a0000700800002001000068010000fc000000a00500001c020000440100001c020000ac020000d401000000000000010000008f1800000214000000000000070000000700000002000000020000001c010000700800000000000001000000401500005c07000000000000020000000200000002000000020000001c010000500a0000010000000000000040150000e502000000000000000000000000000002000000020000001c010000500a00000000000000000000243800002622000000000000000000000d00000004000000040000001c010000500a0000300c00008007000078563412040000006c00000001000000010000000b000000000000000100000002000000030000000400000005000000060000000700000008000000090000000a00000004000000640062006f000000120000006500710075005f00450071007500690070006d0065006e00740050006100720061000000\"/></control><layoutobject><ddsxmlobj><property name=\"ActiveTableViewMode\" value=\"1\" vartype=\"8\"/><property name=\"TableViewMode:0\" value=\"4,0,284,0,2640,1,2160,5,1440\" vartype=\"8\"/><property name=\"TableViewMode:1\" value=\"2,0,284,0,2160\" vartype=\"8\"/><property name=\"TableViewMode:2\" value=\"2,0,284,0,2640\" vartype=\"8\"/><property name=\"TableViewMode:3\" value=\"2,0,284,0,2640\" vartype=\"8\"/><property name=\"TableViewMode:4\" value=\"4,0,284,0,2640,12,3120,11,1920\" vartype=\"8\"/></ddsxmlobj></layoutobject><shape groupshapeid=\"0\" groupnode=\"0\"/></ddscontrol><ddscontrol semanticcookie=\"0168327601000000640062006f00000046004b005f006500710075005f00450071007500690070006d0065006e00740050006100720061005f006500710075005f00450071007500690070006d0065006e0074000000\" controlprogid=\"MSDDS.Polyline.080.1\" tooltip=\"âequ_Equipmentâä¸âequ_EquipmentParaâä¹é´çå³ç³»âFK_equ_EquipmentPara_equ_Equipmentâ\" left=\"32387\" top=\"98771\" logicalid=\"32\" controlid=\"32\" masterid=\"0\" hint1=\"0\" hint2=\"0\" width=\"11563\" height=\"19087\" noresize=\"0\" nomove=\"0\" nodefaultattachpoints=\"1\" autodrag=\"0\" usedefaultiddshape=\"0\" selectable=\"1\" showselectionhandles=\"0\" allownudging=\"1\" isannotation=\"0\" dontautolayout=\"0\" groupcollapsed=\"0\" tabstop=\"1\" visible=\"1\" snaptogrid=\"0\"><control><ddsxmlobj><polyline endtypedst=\"0\" endtypesrc=\"2\" usercolor=\"15790320\" linestyle=\"0\" linerender=\"0\" customendtypedstid=\"0\" customendtypesrcid=\"0\" adornsvisible=\"1\"><adornment percentpos=\"49.9980402147925\" controlid=\"33\" width=\"6275\" height=\"318\" side=\"0\" behavior=\"3\" himetric=\"14630\" distfromline=\"175\" startobj=\"0\" x=\"42185\" y=\"103967\" visible=\"0\" allowoverlap=\"1\" usepercent=\"1\"/></polyline></ddsxmlobj></control><layoutobject><ddsxmlobj/></layoutobject><connector sourceid=\"3\" destid=\"31\" sourceattachpoint=\"180\" destattachpoint=\"115\" segmenteditmode=\"0\" bendpointeditmode=\"0\" bendpointvisibility=\"0\" relatedid=\"0\" virtual=\"0\"><point x=\"43650\" y=\"117450\"/><point x=\"42010\" y=\"117450\"/><point x=\"42010\" y=\"99150\"/><point x=\"32687\" y=\"99150\"/></connector></ddscontrol><ddscontrol semanticcookie=\"013ffc27a03ffc27\" controlprogid=\"MSDDS.Text.080.1\" left=\"42185\" top=\"103967\" logicalid=\"33\" controlid=\"33\" masterid=\"32\" hint1=\"0\" hint2=\"0\" width=\"6275\" height=\"318\" noresize=\"1\" nomove=\"0\" nodefaultattachpoints=\"1\" autodrag=\"1\" usedefaultiddshape=\"1\" selectable=\"1\" showselectionhandles=\"1\" allownudging=\"1\" isannotation=\"0\" dontautolayout=\"1\" groupcollapsed=\"0\" tabstop=\"0\" visible=\"0\" snaptogrid=\"0\"><control><ddsxmlobjectstreaminitwrapper binary=\"00020000831800003e0100000300000000000500008008000080010000001500018600009001905f010004cbcecce5220046004b005f006500710075005f00450071007500690070006d0065006e00740050006100720061005f006500710075005f00450071007500690070006d0065006e00740000000000\"/></control><layoutobject><ddsxmlobj/></layoutobject><shape groupshapeid=\"0\" groupnode=\"0\"/></ddscontrol><ddscontrol semanticcookie=\"014ff97701000000640062006f00000046004b005f006500710075005f00450071007500690070006d0065006e00740050006100720061005f006500710075005f0050006100720061000000\" controlprogid=\"MSDDS.Polyline.080.1\" tooltip=\"âequ_Paraâä¸âequ_EquipmentParaâä¹é´çå³ç³»âFK_equ_EquipmentPara_equ_Paraâ\" left=\"29143\" top=\"101023\" logicalid=\"34\" controlid=\"34\" masterid=\"0\" hint1=\"0\" hint2=\"0\" width=\"815\" height=\"3923\" noresize=\"0\" nomove=\"0\" nodefaultattachpoints=\"1\" autodrag=\"0\" usedefaultiddshape=\"0\" selectable=\"1\" showselectionhandles=\"0\" allownudging=\"1\" isannotation=\"0\" dontautolayout=\"0\" groupcollapsed=\"0\" tabstop=\"1\" visible=\"1\" snaptogrid=\"0\"><control><ddsxmlobj><polyline endtypedst=\"0\" endtypesrc=\"2\" usercolor=\"15790320\" linestyle=\"0\" linerender=\"0\" customendtypedstid=\"0\" customendtypesrcid=\"0\" adornsvisible=\"1\"><adornment percentpos=\"63.155267099351\" controlid=\"35\" width=\"5352\" height=\"318\" side=\"0\" behavior=\"3\" himetric=\"1596\" distfromline=\"175\" startobj=\"0\" x=\"29725\" y=\"102536\" visible=\"0\" allowoverlap=\"1\" usepercent=\"1\"/></polyline></ddsxmlobj></control><layoutobject><ddsxmlobj/></layoutobject><connector sourceid=\"19\" destid=\"31\" sourceattachpoint=\"40\" destattachpoint=\"41\" segmenteditmode=\"0\" bendpointeditmode=\"0\" bendpointvisibility=\"0\" relatedid=\"0\" virtual=\"0\"><point x=\"29550\" y=\"104250\"/><point x=\"29550\" y=\"101722\"/></connector></ddscontrol><ddscontrol semanticcookie=\"0144fc276044fc27\" controlprogid=\"MSDDS.Text.080.1\" left=\"29725\" top=\"102536\" logicalid=\"35\" controlid=\"35\" masterid=\"34\" hint1=\"0\" hint2=\"0\" width=\"5352\" height=\"318\" noresize=\"1\" nomove=\"0\" nodefaultattachpoints=\"1\" autodrag=\"1\" usedefaultiddshape=\"1\" selectable=\"1\" showselectionhandles=\"1\" allownudging=\"1\" isannotation=\"0\" dontautolayout=\"1\" groupcollapsed=\"0\" tabstop=\"0\" visible=\"0\" snaptogrid=\"0\"><control><ddsxmlobjectstreaminitwrapper binary=\"00020000e81400003e0100000300000000000500008008000080010000001500018600009001905f010004cbcecce51d0046004b005f006500710075005f00450071007500690070006d0065006e00740050006100720061005f006500710075005f00500061007200610000000000\"/></control><layoutobject><ddsxmlobj/></layoutobject><shape groupshapeid=\"0\" groupnode=\"0\"/></ddscontrol><ddscontrol controlprogid=\"{623AC075-2C77-4873-883D-930B4364B4BC}\" tooltip=\"equ_EquipmentParaValueRange\" left=\"30150\" top=\"110550\" logicalid=\"36\" controlid=\"36\" masterid=\"0\" hint1=\"0\" hint2=\"0\" width=\"7451\" height=\"2836\" noresize=\"0\" nomove=\"0\" nodefaultattachpoints=\"0\" autodrag=\"0\" usedefaultiddshape=\"0\" selectable=\"1\" showselectionhandles=\"0\" allownudging=\"1\" isannotation=\"0\" dontautolayout=\"0\" groupcollapsed=\"0\" tabstop=\"1\" visible=\"1\" snaptogrid=\"1\"><control><ddsxmlobjectstreaminitwrapper binary=\"21433412080000001b1d0000140b00007856341207000000140100006500710075005f00450071007500690070006d0065006e0074005000610072006100560061006c0075006500520061006e006700650000000000003f000000000000000000000000adac2c3e3333333f000000000000000000000000e1e0603d6666663f000000000000000000000000c1c0403c0000803f0000000000000000000000000000000036363833003c0009000400efbe00000000000000002e000000000000000000000000000000000000000000000000000000000031003600360038003300000014006c003100000000004252e06031044f6e6544726976650000540009000400efbe4252ce6042000000000000000000000100000005000000540000002c0000002c0000002c000000340000000000000000000000382e0000c1140000000000002d010000070000000c000000070000001c010000500a000070080000c0000000f0000000a8000000a005000068010000d800000068010000c80100003801000000000000010000001b1d0000140b000000000000030000000300000002000000020000001c010000d40d00000000000001000000401500009709000000000000030000000300000002000000020000001c010000500a0000010000000000000040150000e502000000000000000000000000000002000000020000001c010000500a00000000000000000000243800002622000000000000000000000d00000004000000040000001c010000500a0000300c00008007000078563412040000008000000001000000010000000b000000000000000100000002000000030000000400000005000000060000000700000008000000090000000a00000004000000640062006f0000001c0000006500710075005f00450071007500690070006d0065006e0074005000610072006100560061006c0075006500520061006e00670065000000\"/></control><layoutobject><ddsxmlobj><property name=\"ActiveTableViewMode\" value=\"1\" vartype=\"8\"/><property name=\"TableViewMode:0\" value=\"4,0,284,0,2640,1,2160,5,1440\" vartype=\"8\"/><property name=\"TableViewMode:1\" value=\"2,0,284,0,3540\" vartype=\"8\"/><property name=\"TableViewMode:2\" value=\"2,0,284,0,2640\" vartype=\"8\"/><property name=\"TableViewMode:3\" value=\"2,0,284,0,2640\" vartype=\"8\"/><property name=\"TableViewMode:4\" value=\"4,0,284,0,2640,12,3120,11,1920\" vartype=\"8\"/></ddsxmlobj></layoutobject><shape groupshapeid=\"0\" groupnode=\"0\"/></ddscontrol><ddscontrol semanticcookie=\"01182d6001000000640062006f00000046004b005f006500710075005f00450071007500690070006d0065006e0074005000610072006100560061006c0075006500520061006e00670065005f006500710075005f00450071007500690070006d0065006e0074000000\" controlprogid=\"MSDDS.Polyline.080.1\" tooltip=\"âequ_Equipmentâä¸âequ_EquipmentParaValueRangeâä¹é´çå³ç³»âFK_equ_EquipmentParaValueRange_equ_Equipmentâ\" left=\"37301\" top=\"111521\" logicalid=\"37\" controlid=\"37\" masterid=\"0\" hint1=\"0\" hint2=\"0\" width=\"6649\" height=\"6787\" noresize=\"0\" nomove=\"0\" nodefaultattachpoints=\"1\" autodrag=\"0\" usedefaultiddshape=\"0\" selectable=\"1\" showselectionhandles=\"0\" allownudging=\"1\" isannotation=\"0\" dontautolayout=\"0\" groupcollapsed=\"0\" tabstop=\"1\" visible=\"1\" snaptogrid=\"0\"><control><ddsxmlobj><polyline endtypedst=\"0\" endtypesrc=\"2\" usercolor=\"15790320\" linestyle=\"0\" linerender=\"0\" customendtypedstid=\"0\" customendtypesrcid=\"0\" adornsvisible=\"1\"><adornment percentpos=\"49.9983086966817\" controlid=\"38\" width=\"8121\" height=\"318\" side=\"1\" behavior=\"3\" himetric=\"6024\" distfromline=\"175\" startobj=\"0\" x=\"33534\" y=\"113871\" visible=\"0\" allowoverlap=\"1\" usepercent=\"1\"/></polyline></ddsxmlobj></control><layoutobject><ddsxmlobj/></layoutobject><connector sourceid=\"3\" destid=\"36\" sourceattachpoint=\"186\" destattachpoint=\"113\" segmenteditmode=\"0\" bendpointeditmode=\"0\" bendpointvisibility=\"0\" relatedid=\"0\" virtual=\"0\"><point x=\"43650\" y=\"117900\"/><point x=\"41830\" y=\"117900\"/><point x=\"41830\" y=\"111900\"/><point x=\"37601\" y=\"111900\"/></connector></ddscontrol><ddscontrol semanticcookie=\"0142fc27e042fc27\" controlprogid=\"MSDDS.Text.080.1\" left=\"33534\" top=\"113871\" logicalid=\"38\" controlid=\"38\" masterid=\"37\" hint1=\"0\" hint2=\"0\" width=\"8121\" height=\"318\" noresize=\"1\" nomove=\"0\" nodefaultattachpoints=\"1\" autodrag=\"1\" usedefaultiddshape=\"1\" selectable=\"1\" showselectionhandles=\"1\" allownudging=\"1\" isannotation=\"0\" dontautolayout=\"1\" groupcollapsed=\"0\" tabstop=\"0\" visible=\"0\" snaptogrid=\"0\"><control><ddsxmlobjectstreaminitwrapper binary=\"00020000b91f00003e0100000300000000000500008008000080010000001500018600009001905f010004cbcecce52c0046004b005f006500710075005f00450071007500690070006d0065006e0074005000610072006100560061006c0075006500520061006e00670065005f006500710075005f00450071007500690070006d0065006e00740000000000\"/></control><layoutobject><ddsxmlobj/></layoutobject><shape groupshapeid=\"0\" groupnode=\"0\"/></ddscontrol><ddscontrol semanticcookie=\"01162d6001000000640062006f00000046004b005f006500710075005f00450071007500690070006d0065006e0074005000610072006100560061006c0075006500520061006e00670065005f006500710075005f0050006100720061000000\" controlprogid=\"MSDDS.Polyline.080.1\" tooltip=\"âequ_Paraâä¸âequ_EquipmentParaValueRangeâä¹é´çå³ç³»âFK_equ_EquipmentParaValueRange_equ_Paraâ\" left=\"29293\" top=\"107534\" logicalid=\"39\" controlid=\"39\" masterid=\"0\" hint1=\"0\" hint2=\"0\" width=\"4987\" height=\"3716\" noresize=\"0\" nomove=\"0\" nodefaultattachpoints=\"1\" autodrag=\"0\" usedefaultiddshape=\"0\" selectable=\"1\" showselectionhandles=\"0\" allownudging=\"1\" isannotation=\"0\" dontautolayout=\"0\" groupcollapsed=\"0\" tabstop=\"1\" visible=\"1\" snaptogrid=\"0\"><control><ddsxmlobj><polyline endtypedst=\"0\" endtypesrc=\"2\" usercolor=\"15790320\" linestyle=\"0\" linerender=\"0\" customendtypedstid=\"0\" customendtypesrcid=\"0\" adornsvisible=\"1\"><adornment percentpos=\"65.3145924409275\" controlid=\"40\" width=\"7198\" height=\"318\" side=\"0\" behavior=\"3\" himetric=\"4259\" distfromline=\"175\" startobj=\"0\" x=\"24767\" y=\"110223\" visible=\"0\" allowoverlap=\"1\" usepercent=\"1\"/></polyline></ddsxmlobj></control><layoutobject><ddsxmlobj/></layoutobject><connector sourceid=\"19\" destid=\"36\" sourceattachpoint=\"43\" destattachpoint=\"48\" segmenteditmode=\"0\" bendpointeditmode=\"0\" bendpointvisibility=\"0\" relatedid=\"0\" virtual=\"0\"><point x=\"29700\" y=\"108229\"/><point x=\"29700\" y=\"110048\"/><point x=\"33900\" y=\"110048\"/><point x=\"33900\" y=\"110550\"/></connector></ddscontrol><ddscontrol semanticcookie=\"013ffc27603ffc27\" controlprogid=\"MSDDS.Text.080.1\" left=\"24767\" top=\"110223\" logicalid=\"40\" controlid=\"40\" masterid=\"39\" hint1=\"0\" hint2=\"0\" width=\"7198\" height=\"318\" noresize=\"1\" nomove=\"0\" nodefaultattachpoints=\"1\" autodrag=\"1\" usedefaultiddshape=\"1\" selectable=\"1\" showselectionhandles=\"1\" allownudging=\"1\" isannotation=\"0\" dontautolayout=\"1\" groupcollapsed=\"0\" tabstop=\"0\" visible=\"0\" snaptogrid=\"0\"><control><ddsxmlobjectstreaminitwrapper binary=\"000200001e1c00003e0100000300000000000500008008000080010000001500018600009001905f010004cbcecce5270046004b005f006500710075005f00450071007500690070006d0065006e0074005000610072006100560061006c0075006500520061006e00670065005f006500710075005f00500061007200610000000000\"/></control><layoutobject><ddsxmlobj/></layoutobject><shape groupshapeid=\"0\" groupnode=\"0\"/></ddscontrol><ddscontrol controlprogid=\"{623AC075-2C77-4873-883D-930B4364B4BC}\" tooltip=\"equ_ResponseRecord\" left=\"52350\" top=\"116100\" logicalid=\"41\" controlid=\"41\" masterid=\"0\" hint1=\"0\" hint2=\"0\" width=\"6287\" height=\"5122\" noresize=\"0\" nomove=\"0\" nodefaultattachpoints=\"0\" autodrag=\"0\" usedefaultiddshape=\"0\" selectable=\"1\" showselectionhandles=\"0\" allownudging=\"1\" isannotation=\"0\" dontautolayout=\"0\" groupcollapsed=\"0\" tabstop=\"1\" visible=\"1\" snaptogrid=\"1\"><control><ddsxmlobjectstreaminitwrapper binary=\"21433412080000008f180000021400007856341207000000140100006500710075005f0052006500730070006f006e00730065005200650063006f007200640000000000000024400000000000001440000000c0cc8c6f40000000000000f03f0000000000000000000000000100000001000000000000000000000000000000000000000000000000000000000000000000000000000000000000000000f03f00000000000000000000000000000000f8162d600000000000000000f4172d6020b32d6018aed82718aed8270200000002000000000000000000000000000000000000000200000066668a430000204166e68c430000204166668a430000704100000000000000000000000000000000000000000100000005000000540000002c0000002c0000002c000000340000000000000000000000382e000038190000000000002d010000090000000c000000070000001c010000500a000070080000c0000000f0000000a8000000a005000068010000d800000068010000c80100003801000000000000010000008f1800000214000000000000070000000700000002000000020000001c010000400b00000000000001000000401500009709000000000000030000000300000002000000020000001c010000500a0000010000000000000040150000e502000000000000000000000000000002000000020000001c010000500a00000000000000000000243800002622000000000000000000000d00000004000000040000001c010000500a0000300c00008007000078563412040000006e00000001000000010000000b000000000000000100000002000000030000000400000005000000060000000700000008000000090000000a00000004000000640062006f000000130000006500710075005f0052006500730070006f006e00730065005200650063006f00720064000000\"/></control><layoutobject><ddsxmlobj><property name=\"ActiveTableViewMode\" value=\"1\" vartype=\"8\"/><property name=\"TableViewMode:0\" value=\"4,0,284,0,2640,1,2160,5,1440\" vartype=\"8\"/><property name=\"TableViewMode:1\" value=\"2,0,284,0,2880\" vartype=\"8\"/><property name=\"TableViewMode:2\" value=\"2,0,284,0,2640\" vartype=\"8\"/><property name=\"TableViewMode:3\" value=\"2,0,284,0,2640\" vartype=\"8\"/><property name=\"TableViewMode:4\" value=\"4,0,284,0,2640,12,3120,11,1920\" vartype=\"8\"/></ddsxmlobj></layoutobject><shape groupshapeid=\"0\" groupnode=\"0\"/></ddscontrol><ddscontrol semanticcookie=\"0120466501000000640062006f00000046004b005f006500710075005f0052006500730070006f006e00730065005200650063006f00720064005f006500710075005f00450071007500690070006d0065006e0074000000\" controlprogid=\"MSDDS.Polyline.080.1\" tooltip=\"âequ_Equipmentâä¸âequ_ResponseRecordâä¹é´çå³ç³»âFK_equ_ResponseRecord_equ_Equipmentâ\" left=\"49637\" top=\"117793\" logicalid=\"42\" controlid=\"42\" masterid=\"0\" hint1=\"0\" hint2=\"0\" width=\"3013\" height=\"1237\" noresize=\"0\" nomove=\"0\" nodefaultattachpoints=\"1\" autodrag=\"0\" usedefaultiddshape=\"0\" selectable=\"1\" showselectionhandles=\"0\" allownudging=\"1\" isannotation=\"0\" dontautolayout=\"0\" groupcollapsed=\"0\" tabstop=\"1\" visible=\"1\" snaptogrid=\"0\"><control><ddsxmlobj><polyline endtypedst=\"0\" endtypesrc=\"2\" usercolor=\"15790320\" linestyle=\"0\" linerender=\"0\" customendtypedstid=\"0\" customendtypesrcid=\"0\" adornsvisible=\"1\"><adornment percentpos=\"49.9985124802904\" controlid=\"43\" width=\"6460\" height=\"318\" side=\"1\" behavior=\"3\" himetric=\"1431\" distfromline=\"175\" startobj=\"0\" x=\"51505\" y=\"117707\" visible=\"0\" allowoverlap=\"1\" usepercent=\"1\"/></polyline></ddsxmlobj></control><layoutobject><ddsxmlobj/></layoutobject><connector sourceid=\"3\" destid=\"41\" sourceattachpoint=\"191\" destattachpoint=\"114\" segmenteditmode=\"0\" bendpointeditmode=\"0\" bendpointvisibility=\"0\" relatedid=\"0\" virtual=\"0\"><point x=\"49937\" y=\"118200\"/><point x=\"51757\" y=\"118200\"/><point x=\"51757\" y=\"118650\"/><point x=\"52350\" y=\"118650\"/></connector></ddscontrol><ddscontrol semanticcookie=\"0140fc27e040fc27\" controlprogid=\"MSDDS.Text.080.1\" left=\"51505\" top=\"117707\" logicalid=\"43\" controlid=\"43\" masterid=\"42\" hint1=\"0\" hint2=\"0\" width=\"6460\" height=\"318\" noresize=\"1\" nomove=\"0\" nodefaultattachpoints=\"1\" autodrag=\"1\" usedefaultiddshape=\"1\" selectable=\"1\" showselectionhandles=\"1\" allownudging=\"1\" isannotation=\"0\" dontautolayout=\"1\" groupcollapsed=\"0\" tabstop=\"0\" visible=\"0\" snaptogrid=\"0\"><control><ddsxmlobjectstreaminitwrapper binary=\"000200003c1900003e0100000300000000000500008008000080010000001500018600009001905f010004cbcecce5230046004b005f006500710075005f0052006500730070006f006e00730065005200650063006f00720064005f006500710075005f00450071007500690070006d0065006e00740000000000\"/></control><layoutobject><ddsxmlobj/></layoutobject><shape groupshapeid=\"0\" groupnode=\"0\"/></ddscontrol><ddscontrol controlprogid=\"{623AC075-2C77-4873-883D-930B4364B4BC}\" tooltip=\"equ_Server\" left=\"52500\" top=\"103800\" logicalid=\"44\" controlid=\"44\" masterid=\"0\" hint1=\"0\" hint2=\"0\" width=\"6287\" height=\"3979\" noresize=\"0\" nomove=\"0\" nodefaultattachpoints=\"0\" autodrag=\"0\" usedefaultiddshape=\"0\" selectable=\"1\" showselectionhandles=\"0\" allownudging=\"1\" isannotation=\"0\" dontautolayout=\"0\" groupcollapsed=\"0\" tabstop=\"1\" visible=\"1\" snaptogrid=\"1\"><control><ddsxmlobjectstreaminitwrapper binary=\"21433412080000008f1800008b0f00007856341207000000140100006500710075005f005300650072007600650072000000d827000000000000000000000000000000a09999f93f00000000004070400000000000003440000000000000f03f00000000000000000000000001000000010000000000000000000000000000000000000000000000000000000000000000000000000000000000000000000000000000000000f03f0000000000000000f8162d600000000000000000f4172d6020b32d60c0bed827c0bed8270200000002000000000000000000000000000000000000000200000000000000cdcccc3f00000000cdccac410000a0c1cdcccc3f00000000000000000000000000000000000000000100000005000000540000002c0000002c0000002c000000340000000000000000000000382e0000c1140000000000002d010000070000000c000000070000001c010000500a0000700800002001000068010000fc000000a00500001c020000440100001c020000ac020000d401000000000000010000008f1800008b0f000000000000050000000500000002000000020000001c010000700800000000000001000000401500002005000000000000010000000100000002000000020000001c010000500a0000010000000000000040150000e502000000000000000000000000000002000000020000001c010000500a00000000000000000000243800002622000000000000000000000d00000004000000040000001c010000500a0000300c00008007000078563412040000005e00000001000000010000000b000000000000000100000002000000030000000400000005000000060000000700000008000000090000000a00000004000000640062006f0000000b0000006500710075005f005300650072007600650072000000\"/></control><layoutobject><ddsxmlobj><property name=\"ActiveTableViewMode\" value=\"1\" vartype=\"8\"/><property name=\"TableViewMode:0\" value=\"4,0,284,0,2640,1,2160,5,1440\" vartype=\"8\"/><property name=\"TableViewMode:1\" value=\"2,0,284,0,2160\" vartype=\"8\"/><property name=\"TableViewMode:2\" value=\"2,0,284,0,2640\" vartype=\"8\"/><property name=\"TableViewMode:3\" value=\"2,0,284,0,2640\" vartype=\"8\"/><property name=\"TableViewMode:4\" value=\"4,0,284,0,2640,12,3120,11,1920\" vartype=\"8\"/></ddsxmlobj></layoutobject><shape groupshapeid=\"0\" groupnode=\"0\"/></ddscontrol><ddscontrol controlprogid=\"{623AC075-2C77-4873-883D-930B4364B4BC}\" tooltip=\"equ_Server_Equipment_Map\" left=\"52350\" top=\"110250\" logicalid=\"45\" controlid=\"45\" masterid=\"0\" hint1=\"0\" hint2=\"0\" width=\"6647\" height=\"3408\" noresize=\"0\" nomove=\"0\" nodefaultattachpoints=\"0\" autodrag=\"0\" usedefaultiddshape=\"0\" selectable=\"1\" showselectionhandles=\"0\" allownudging=\"1\" isannotation=\"0\" dontautolayout=\"0\" groupcollapsed=\"0\" tabstop=\"1\" visible=\"1\" snaptogrid=\"1\"><control><ddsxmlobjectstreaminitwrapper binary=\"2143341208000000f7190000500d00007856341207000000140100006500710075005f005300650072007600650072005f00450071007500690070006d0065006e0074005f004d0061007000000078400000000000003440000000000000f03f00000000000000000000000001000000010000000000000000000000000000000000000000000000000000000000000000000000000000000000000000000000000000000000f03f0000000000000000f8162d600000000000000000f4172d6020b32d60b0a7d827b0a7d8270200000002000000000000000000000000000000000000000200000000000000cdcccc3f00000000cdccac410000a0c1cdcccc3f00000000000000000000000000000000000000000100000005000000540000002c0000002c0000002c000000340000000000000000000000382e0000c1140000000000002d010000070000000c000000070000001c010000500a000070080000c0000000f0000000a8000000a005000068010000d800000068010000c8010000380100000000000001000000f7190000500d000000000000040000000400000002000000020000001c010000f40b00000000000001000000401500005c07000000000000020000000200000002000000020000001c010000500a0000010000000000000040150000e502000000000000000000000000000002000000020000001c010000500a00000000000000000000243800002622000000000000000000000d00000004000000040000001c010000500a0000300c00008007000078563412040000007a00000001000000010000000b000000000000000100000002000000030000000400000005000000060000000700000008000000090000000a00000004000000640062006f000000190000006500710075005f005300650072007600650072005f00450071007500690070006d0065006e0074005f004d00610070000000\"/></control><layoutobject><ddsxmlobj><property name=\"ActiveTableViewMode\" value=\"1\" vartype=\"8\"/><property name=\"TableViewMode:0\" value=\"4,0,284,0,2640,1,2160,5,1440\" vartype=\"8\"/><property name=\"TableViewMode:1\" value=\"2,0,284,0,3060\" vartype=\"8\"/><property name=\"TableViewMode:2\" value=\"2,0,284,0,2640\" vartype=\"8\"/><property name=\"TableViewMode:3\" value=\"2,0,284,0,2640\" vartype=\"8\"/><property name=\"TableViewMode:4\" value=\"4,0,284,0,2640,12,3120,11,1920\" vartype=\"8\"/></ddsxmlobj></layoutobject><shape groupshapeid=\"0\" groupnode=\"0\"/></ddscontrol><ddscontrol semanticcookie=\"0100270001000000640062006f00000046004b005f006500710075005f005300650072007600650072005f00450071007500690070006d0065006e0074005f004d00610070005f006500710075005f00450071007500690070006d0065006e0074000000\" controlprogid=\"MSDDS.Polyline.080.1\" tooltip=\"âequ_Equipmentâä¸âequ_Server_Equipment_Mapâä¹é´çå³ç³»âFK_equ_Server_Equipment_Map_equ_Equipmentâ\" left=\"49637\" top=\"111521\" logicalid=\"46\" controlid=\"46\" masterid=\"0\" hint1=\"0\" hint2=\"0\" width=\"3013\" height=\"6637\" noresize=\"0\" nomove=\"0\" nodefaultattachpoints=\"1\" autodrag=\"0\" usedefaultiddshape=\"0\" selectable=\"1\" showselectionhandles=\"0\" allownudging=\"1\" isannotation=\"0\" dontautolayout=\"0\" groupcollapsed=\"0\" tabstop=\"1\" visible=\"1\" snaptogrid=\"0\"><control><ddsxmlobj><polyline endtypedst=\"0\" endtypesrc=\"2\" usercolor=\"15790320\" linestyle=\"0\" linerender=\"0\" customendtypedstid=\"0\" customendtypesrcid=\"0\" adornsvisible=\"1\"><adornment percentpos=\"49.9988056278814\" controlid=\"47\" width=\"7567\" height=\"318\" side=\"0\" behavior=\"3\" himetric=\"4131\" distfromline=\"175\" startobj=\"0\" x=\"51932\" y=\"115614\" visible=\"0\" allowoverlap=\"1\" usepercent=\"1\"/></polyline></ddsxmlobj></control><layoutobject><ddsxmlobj/></layoutobject><connector sourceid=\"3\" destid=\"45\" sourceattachpoint=\"185\" destattachpoint=\"106\" segmenteditmode=\"0\" bendpointeditmode=\"0\" bendpointvisibility=\"0\" relatedid=\"0\" virtual=\"0\"><point x=\"49937\" y=\"117750\"/><point x=\"51757\" y=\"117750\"/><point x=\"51757\" y=\"111900\"/><point x=\"52350\" y=\"111900\"/></connector></ddscontrol><ddscontrol semanticcookie=\"014bfc27a04bfc27\" controlprogid=\"MSDDS.Text.080.1\" left=\"51932\" top=\"115614\" logicalid=\"47\" controlid=\"47\" masterid=\"46\" hint1=\"0\" hint2=\"0\" width=\"7567\" height=\"318\" noresize=\"1\" nomove=\"0\" nodefaultattachpoints=\"1\" autodrag=\"1\" usedefaultiddshape=\"1\" selectable=\"1\" showselectionhandles=\"1\" allownudging=\"1\" isannotation=\"0\" dontautolayout=\"1\" groupcollapsed=\"0\" tabstop=\"0\" visible=\"0\" snaptogrid=\"0\"><control><ddsxmlobjectstreaminitwrapper binary=\"000200008f1d00003e0100000300000000000500008008000080010000001500018600009001905f010004cbcecce5290046004b005f006500710075005f005300650072007600650072005f00450071007500690070006d0065006e0074005f004d00610070005f006500710075005f00450071007500690070006d0065006e00740000000000\"/></control><layoutobject><ddsxmlobj/></layoutobject><shape groupshapeid=\"0\" groupnode=\"0\"/></ddscontrol><ddscontrol semanticcookie=\"01162d6001000000640062006f00000046004b005f006500710075005f005300650072007600650072005f00450071007500690070006d0065006e0074005f004d00610070005f006500710075005f005300650072007600650072000000\" controlprogid=\"MSDDS.Polyline.080.1\" tooltip=\"âequ_Serverâä¸âequ_Server_Equipment_Mapâä¹é´çå³ç³»âFK_equ_Server_Equipment_Map_equ_Serverâ\" left=\"55243\" top=\"107084\" logicalid=\"48\" controlid=\"48\" masterid=\"0\" hint1=\"0\" hint2=\"0\" width=\"815\" height=\"3866\" noresize=\"0\" nomove=\"0\" nodefaultattachpoints=\"1\" autodrag=\"0\" usedefaultiddshape=\"0\" selectable=\"1\" showselectionhandles=\"0\" allownudging=\"1\" isannotation=\"0\" dontautolayout=\"0\" groupcollapsed=\"0\" tabstop=\"1\" visible=\"1\" snaptogrid=\"0\"><control><ddsxmlobj><polyline endtypedst=\"0\" endtypesrc=\"2\" usercolor=\"15790320\" linestyle=\"0\" linerender=\"0\" customendtypedstid=\"0\" customendtypesrcid=\"0\" adornsvisible=\"1\"><adornment percentpos=\"77.4236683753064\" controlid=\"49\" width=\"7014\" height=\"318\" side=\"0\" behavior=\"3\" himetric=\"1913\" distfromline=\"175\" startobj=\"0\" x=\"48461\" y=\"109445\" visible=\"0\" allowoverlap=\"1\" usepercent=\"1\"/></polyline></ddsxmlobj></control><layoutobject><ddsxmlobj/></layoutobject><connector sourceid=\"44\" destid=\"45\" sourceattachpoint=\"41\" destattachpoint=\"42\" segmenteditmode=\"0\" bendpointeditmode=\"0\" bendpointvisibility=\"0\" relatedid=\"0\" virtual=\"0\"><point x=\"55650\" y=\"107779\"/><point x=\"55650\" y=\"110250\"/></connector></ddscontrol><ddscontrol semanticcookie=\"0146fc27a046fc27\" controlprogid=\"MSDDS.Text.080.1\" left=\"48461\" top=\"109445\" logicalid=\"49\" controlid=\"49\" masterid=\"48\" hint1=\"0\" hint2=\"0\" width=\"7014\" height=\"318\" noresize=\"1\" nomove=\"0\" nodefaultattachpoints=\"1\" autodrag=\"1\" usedefaultiddshape=\"1\" selectable=\"1\" showselectionhandles=\"1\" allownudging=\"1\" isannotation=\"0\" dontautolayout=\"1\" groupcollapsed=\"0\" tabstop=\"0\" visible=\"0\" snaptogrid=\"0\"><control><ddsxmlobjectstreaminitwrapper binary=\"00020000661b00003e0100000300000000000500008008000080010000001500018600009001905f010004cbcecce5260046004b005f006500710075005f005300650072007600650072005f00450071007500690070006d0065006e0074005f004d00610070005f006500710075005f0053006500720076006500720000000000\"/></control><layoutobject><ddsxmlobj/></layoutobject><shape groupshapeid=\"0\" groupnode=\"0\"/></ddscontrol><ddscontrol controlprogid=\"{623AC075-2C77-4873-883D-930B4364B4BC}\" tooltip=\"equ_SIM\" left=\"96750\" top=\"18900\" logicalid=\"50\" controlid=\"50\" masterid=\"0\" hint1=\"0\" hint2=\"0\" width=\"6287\" height=\"10266\" noresize=\"0\" nomove=\"0\" nodefaultattachpoints=\"0\" autodrag=\"0\" usedefaultiddshape=\"0\" selectable=\"1\" showselectionhandles=\"0\" allownudging=\"1\" isannotation=\"0\" dontautolayout=\"0\" groupcollapsed=\"0\" tabstop=\"1\" visible=\"1\" snaptogrid=\"1\"><control><ddsxmlobjectstreaminitwrapper binary=\"21433412080000008f1800001a2800007856341207000000140100006500710075005f00530049004d000000cdcccc3d000000000000000000000000e5e4e43e9a99993e000000000000000000000000a9a8a83e0000003f000000000000000000000000adac2c3e3333333f000000000000000000000000e1e0603d6666663f000000000000000000000000c1c0403c0000803f0000000000000000000000000000000000000000000000000000002008300f2d120000000000002000000000000000000000000000203c330f2d250000000000002000000000000000000000000000203c330f2d140000000000002000000000000000000000000000203c330f2d5200000000000020000000000000000000000100000005000000540000002c0000002c0000002c000000340000000000000000000000382e000026220000000000002d0100000d0000000c000000070000001c010000500a000070080000c0000000f0000000a8000000a005000068010000d800000068010000c80100003801000000000000010000008f1800001a28000000000000100000000c00000002000000020000001c0100007c0b00000000000001000000401500009709000000000000030000000300000002000000020000001c010000500a0000010000000000000040150000e502000000000000000000000000000002000000020000001c010000500a00000000000000000000243800002622000000000000000000000d00000004000000040000001c010000500a0000300c00008007000078563412040000005800000001000000010000000b000000000000000100000002000000030000000400000005000000060000000700000008000000090000000a00000004000000640062006f000000080000006500710075005f00530049004d000000\"/></control><layoutobject><ddsxmlobj><property name=\"ActiveTableViewMode\" value=\"1\" vartype=\"8\"/><property name=\"TableViewMode:0\" value=\"4,0,284,0,2640,1,2160,5,1440\" vartype=\"8\"/><property name=\"TableViewMode:1\" value=\"2,0,284,0,2940\" vartype=\"8\"/><property name=\"TableViewMode:2\" value=\"2,0,284,0,2640\" vartype=\"8\"/><property name=\"TableViewMode:3\" value=\"2,0,284,0,2640\" vartype=\"8\"/><property name=\"TableViewMode:4\" value=\"4,0,284,0,2640,12,3120,11,1920\" vartype=\"8\"/></ddsxmlobj></layoutobject><shape groupshapeid=\"0\" groupnode=\"0\"/></ddscontrol><ddscontrol controlprogid=\"{623AC075-2C77-4873-883D-930B4364B4BC}\" tooltip=\"equ_SIMAPP\" left=\"96750\" top=\"13050\" logicalid=\"51\" controlid=\"51\" masterid=\"0\" hint1=\"0\" hint2=\"0\" width=\"6287\" height=\"3408\" noresize=\"0\" nomove=\"0\" nodefaultattachpoints=\"0\" autodrag=\"0\" usedefaultiddshape=\"0\" selectable=\"1\" showselectionhandles=\"0\" allownudging=\"1\" isannotation=\"0\" dontautolayout=\"0\" groupcollapsed=\"0\" tabstop=\"1\" visible=\"1\" snaptogrid=\"1\"><control><ddsxmlobjectstreaminitwrapper binary=\"21433412080000008f180000500d00007856341207000000140100006500710075005f00530049004d004100500050000000d8270000000000000000000024400000000000001440000000c0ccac70400000000000001440000000000000f03f00000000000000000000000001000000010000000000000000000000000000000000000000000000000000000000f03f0000000000000000000000000000000000000000000000000000000000000000f8162d600000000000000000f4172d6020b32d60a067d827a067d827020000000200000000000000000000000000000000000000020000000000204100002041000020410000a040000070410000204100000000000000000000000000000000000000000100000005000000540000002c0000002c0000002c000000340000000000000000000000382e0000c1140000000000002d010000070000000c000000070000001c010000500a000070080000c0000000f0000000a8000000a005000068010000d800000068010000c80100003801000000000000010000008f180000500d000000000000040000000400000002000000020000001c0100007c0b00000000000001000000401500002005000000000000010000000100000002000000020000001c010000500a0000010000000000000040150000e502000000000000000000000000000002000000020000001c010000500a00000000000000000000243800002622000000000000000000000d00000004000000040000001c010000500a0000300c00008007000078563412040000005e00000001000000010000000b000000000000000100000002000000030000000400000005000000060000000700000008000000090000000a00000004000000640062006f0000000b0000006500710075005f00530049004d004100500050000000\"/></control><layoutobject><ddsxmlobj><property name=\"ActiveTableViewMode\" value=\"1\" vartype=\"8\"/><property name=\"TableViewMode:0\" value=\"4,0,284,0,2640,1,2160,5,1440\" vartype=\"8\"/><property name=\"TableViewMode:1\" value=\"2,0,284,0,2940\" vartype=\"8\"/><property name=\"TableViewMode:2\" value=\"2,0,284,0,2640\" vartype=\"8\"/><property name=\"TableViewMode:3\" value=\"2,0,284,0,2640\" vartype=\"8\"/><property name=\"TableViewMode:4\" value=\"4,0,284,0,2640,12,3120,11,1920\" vartype=\"8\"/></ddsxmlobj></layoutobject><shape groupshapeid=\"0\" groupnode=\"0\"/></ddscontrol><ddscontrol semanticcookie=\"0100000001000000640062006f00000046004b005f006500710075005f00530049004d005f006500710075005f00530049004d004100500050000000\" controlprogid=\"MSDDS.Polyline.080.1\" tooltip=\"âequ_SIMAPPâä¸âequ_SIMâä¹é´çå³ç³»âFK_equ_SIM_equ_SIMAPPâ\" left=\"99493\" top=\"15763\" logicalid=\"52\" controlid=\"52\" masterid=\"0\" hint1=\"0\" hint2=\"0\" width=\"815\" height=\"3837\" noresize=\"0\" nomove=\"0\" nodefaultattachpoints=\"1\" autodrag=\"0\" usedefaultiddshape=\"0\" selectable=\"1\" showselectionhandles=\"0\" allownudging=\"1\" isannotation=\"0\" dontautolayout=\"0\" groupcollapsed=\"0\" tabstop=\"1\" visible=\"1\" snaptogrid=\"0\"><control><ddsxmlobj><polyline endtypedst=\"0\" endtypesrc=\"2\" usercolor=\"15790320\" linestyle=\"0\" linerender=\"0\" customendtypedstid=\"0\" customendtypesrcid=\"0\" adornsvisible=\"1\"><adornment percentpos=\"50\" controlid=\"53\" width=\"3876\" height=\"318\" side=\"0\" behavior=\"3\" himetric=\"1221\" distfromline=\"175\" startobj=\"0\" x=\"95849\" y=\"17520\" visible=\"0\" allowoverlap=\"1\" usepercent=\"1\"/></polyline></ddsxmlobj></control><layoutobject><ddsxmlobj/></layoutobject><connector sourceid=\"51\" destid=\"50\" sourceattachpoint=\"41\" destattachpoint=\"40\" segmenteditmode=\"0\" bendpointeditmode=\"0\" bendpointvisibility=\"0\" relatedid=\"0\" virtual=\"0\"><point x=\"99900\" y=\"16458\"/><point x=\"99900\" y=\"18900\"/></connector></ddscontrol><ddscontrol semanticcookie=\"014bfc27204bfc27\" controlprogid=\"MSDDS.Text.080.1\" left=\"95849\" top=\"17520\" logicalid=\"53\" controlid=\"53\" masterid=\"52\" hint1=\"0\" hint2=\"0\" width=\"3876\" height=\"318\" noresize=\"1\" nomove=\"0\" nodefaultattachpoints=\"1\" autodrag=\"1\" usedefaultiddshape=\"1\" selectable=\"1\" showselectionhandles=\"1\" allownudging=\"1\" isannotation=\"0\" dontautolayout=\"1\" groupcollapsed=\"0\" tabstop=\"0\" visible=\"0\" snaptogrid=\"0\"><control><ddsxmlobjectstreaminitwrapper binary=\"00020000240f00003e0100000300000000000500008008000080010000001500018600009001905f010004cbcecce5150046004b005f006500710075005f00530049004d005f006500710075005f00530049004d0041005000500000000000\"/></control><layoutobject><ddsxmlobj/></layoutobject><shape groupshapeid=\"0\" groupnode=\"0\"/></ddscontrol><ddscontrol controlprogid=\"{623AC075-2C77-4873-883D-930B4364B4BC}\" tooltip=\"equ_SIMBalanceHistoryRecord\" left=\"105300\" top=\"22350\" logicalid=\"54\" controlid=\"54\" masterid=\"0\" hint1=\"0\" hint2=\"0\" width=\"7155\" height=\"3408\" noresize=\"0\" nomove=\"0\" nodefaultattachpoints=\"0\" autodrag=\"0\" usedefaultiddshape=\"0\" selectable=\"1\" showselectionhandles=\"0\" allownudging=\"1\" isannotation=\"0\" dontautolayout=\"0\" groupcollapsed=\"0\" tabstop=\"1\" visible=\"1\" snaptogrid=\"1\"><control><ddsxmlobjectstreaminitwrapper binary=\"2143341208000000f31b0000500d00007856341207000000140100006500710075005f00530049004d00420061006c0061006e006300650048006900730074006f00720079005200650063006f0072006400000000003440000000000000f03f00000000000000000000000001000000010000000000000000000000000000000000000000000000000000000000000000000000000000000000000000000000000000000000f03f0000000000000000f8162d600000000000000000f4172d6020b32d60e891d827e891d8270200000002000000000000000000000000000000000000000200000000000000cdcccc3f00000000cdccac410000a0c1cdcccc3f00000000000000000000000000000000000000000100000005000000540000002c0000002c0000002c000000340000000000000000000000382e0000c1140000000000002d010000070000000c000000070000001c010000500a000070080000c0000000f0000000a8000000a005000068010000d800000068010000c8010000380100000000000001000000f31b0000500d000000000000040000000400000002000000020000001c0100005c0d00000000000001000000401500005c07000000000000020000000200000002000000020000001c010000500a0000010000000000000040150000e502000000000000000000000000000002000000020000001c010000500a00000000000000000000243800002622000000000000000000000d00000004000000040000001c010000500a0000300c00008007000078563412040000008000000001000000010000000b000000000000000100000002000000030000000400000005000000060000000700000008000000090000000a00000004000000640062006f0000001c0000006500710075005f00530049004d00420061006c0061006e006300650048006900730074006f00720079005200650063006f00720064000000\"/></control><layoutobject><ddsxmlobj><property name=\"ActiveTableViewMode\" value=\"1\" vartype=\"8\"/><property name=\"TableViewMode:0\" value=\"4,0,284,0,2640,1,2160,5,1440\" vartype=\"8\"/><property name=\"TableViewMode:1\" value=\"2,0,284,0,3420\" vartype=\"8\"/><property name=\"TableViewMode:2\" value=\"2,0,284,0,2640\" vartype=\"8\"/><property name=\"TableViewMode:3\" value=\"2,0,284,0,2640\" vartype=\"8\"/><property name=\"TableViewMode:4\" value=\"4,0,284,0,2640,12,3120,11,1920\" vartype=\"8\"/></ddsxmlobj></layoutobject><shape groupshapeid=\"0\" groupnode=\"0\"/></ddscontrol><ddscontrol semanticcookie=\"01162d6001000000640062006f00000046004b005f006500710075005f00530049004d00420061006c0061006e006300650048006900730074006f00720079005200650063006f00720064005f006500710075005f00530049004d000000\" controlprogid=\"MSDDS.Polyline.080.1\" tooltip=\"âequ_SIMâä¸âequ_SIMBalanceHistoryRecordâä¹é´çå³ç³»âFK_equ_SIMBalanceHistoryRecord_equ_SIMâ\" left=\"102737\" top=\"23593\" logicalid=\"55\" controlid=\"55\" masterid=\"0\" hint1=\"0\" hint2=\"0\" width=\"2863\" height=\"815\" noresize=\"0\" nomove=\"0\" nodefaultattachpoints=\"1\" autodrag=\"0\" usedefaultiddshape=\"0\" selectable=\"1\" showselectionhandles=\"0\" allownudging=\"1\" isannotation=\"0\" dontautolayout=\"0\" groupcollapsed=\"0\" tabstop=\"1\" visible=\"1\" snaptogrid=\"0\"><control><ddsxmlobj><polyline endtypedst=\"0\" endtypesrc=\"2\" usercolor=\"15790320\" linestyle=\"0\" linerender=\"0\" customendtypedstid=\"0\" customendtypesrcid=\"0\" adornsvisible=\"1\"><adornment percentpos=\"50\" controlid=\"56\" width=\"7014\" height=\"318\" side=\"0\" behavior=\"3\" himetric=\"1131\" distfromline=\"175\" startobj=\"0\" x=\"100662\" y=\"24175\" visible=\"0\" allowoverlap=\"1\" usepercent=\"1\"/></polyline></ddsxmlobj></control><layoutobject><ddsxmlobj/></layoutobject><connector sourceid=\"50\" destid=\"54\" sourceattachpoint=\"149\" destattachpoint=\"112\" segmenteditmode=\"0\" bendpointeditmode=\"0\" bendpointvisibility=\"0\" relatedid=\"0\" virtual=\"0\"><point x=\"103037\" y=\"24000\"/><point x=\"105300\" y=\"24000\"/></connector></ddscontrol><ddscontrol semanticcookie=\"0146fc27e046fc27\" controlprogid=\"MSDDS.Text.080.1\" left=\"100662\" top=\"24175\" logicalid=\"56\" controlid=\"56\" masterid=\"55\" hint1=\"0\" hint2=\"0\" width=\"7014\" height=\"318\" noresize=\"1\" nomove=\"0\" nodefaultattachpoints=\"1\" autodrag=\"1\" usedefaultiddshape=\"1\" selectable=\"1\" showselectionhandles=\"1\" allownudging=\"1\" isannotation=\"0\" dontautolayout=\"1\" groupcollapsed=\"0\" tabstop=\"0\" visible=\"0\" snaptogrid=\"0\"><control><ddsxmlobjectstreaminitwrapper binary=\"00020000661b00003e0100000300000000000500008008000080010000001500018600009001905f010004cbcecce5260046004b005f006500710075005f00530049004d00420061006c0061006e006300650048006900730074006f00720079005200650063006f00720064005f006500710075005f00530049004d0000000000\"/></control><layoutobject><ddsxmlobj/></layoutobject><shape groupshapeid=\"0\" groupnode=\"0\"/></ddscontrol><ddscontrol controlprogid=\"{623AC075-2C77-4873-883D-930B4364B4BC}\" tooltip=\"equ_SIMPackage\" left=\"96750\" top=\"31650\" logicalid=\"57\" controlid=\"57\" masterid=\"0\" hint1=\"0\" hint2=\"0\" width=\"6287\" height=\"6837\" noresize=\"0\" nomove=\"0\" nodefaultattachpoints=\"0\" autodrag=\"0\" usedefaultiddshape=\"0\" selectable=\"1\" showselectionhandles=\"0\" allownudging=\"1\" isannotation=\"0\" dontautolayout=\"0\" groupcollapsed=\"0\" tabstop=\"1\" visible=\"1\" snaptogrid=\"1\"><control><ddsxmlobjectstreaminitwrapper binary=\"21433412080000008f180000b51a00007856341207000000140100006500710075005f00530049004d005000610063006b0061006700650000005c00500052004f004700520041004d002000460049004c00450053002000280058003800360029005c0043004f004d004d004f004e002000460049004c00450053005c004d004900430052004f0053004f00460054005c0045005800540045004e00530049004f004e004d0041004e0041004700450052005c0045005800540045004e00530049004f004e0053005c004d006900630072006f0073006f00660074005c00570069006e0064006f007700730020004b006900740073005c00310030005c00530044004b00200041005200000000000000000000000100000005000000540000002c0000002c0000002c000000340000000000000000000000382e0000ea1f0000000000002d0100000c0000000c000000070000001c010000500a000070080000c0000000f0000000a8000000a005000068010000d800000068010000c80100003801000000000000010000008f180000b51a0000000000000a0000000a00000002000000020000001c0100007c0b00000000000001000000401500002005000000000000010000000100000002000000020000001c010000500a0000010000000000000040150000e502000000000000000000000000000002000000020000001c010000500a00000000000000000000243800002622000000000000000000000d00000004000000040000001c010000500a0000300c00008007000078563412040000006600000001000000010000000b000000000000000100000002000000030000000400000005000000060000000700000008000000090000000a00000004000000640062006f0000000f0000006500710075005f00530049004d005000610063006b006100670065000000\"/></control><layoutobject><ddsxmlobj><property name=\"ActiveTableViewMode\" value=\"1\" vartype=\"8\"/><property name=\"TableViewMode:0\" value=\"4,0,284,0,2640,1,2160,5,1440\" vartype=\"8\"/><property name=\"TableViewMode:1\" value=\"2,0,284,0,2940\" vartype=\"8\"/><property name=\"TableViewMode:2\" value=\"2,0,284,0,2640\" vartype=\"8\"/><property name=\"TableViewMode:3\" value=\"2,0,284,0,2640\" vartype=\"8\"/><property name=\"TableViewMode:4\" value=\"4,0,284,0,2640,12,3120,11,1920\" vartype=\"8\"/></ddsxmlobj></layoutobject><shape groupshapeid=\"0\" groupnode=\"0\"/></ddscontrol><ddscontrol semanticcookie=\"0148e07301000000640062006f00000046004b005f006500710075005f00530049004d005f006500710075005f00530049004d005000610063006b006100670065000000\" controlprogid=\"MSDDS.Polyline.080.1\" tooltip=\"âequ_SIMPackageâä¸âequ_SIMâä¹é´çå³ç³»âFK_equ_SIM_equ_SIMPackageâ\" left=\"99493\" top=\"28467\" logicalid=\"58\" controlid=\"58\" masterid=\"0\" hint1=\"0\" hint2=\"0\" width=\"815\" height=\"3879\" noresize=\"0\" nomove=\"0\" nodefaultattachpoints=\"1\" autodrag=\"0\" usedefaultiddshape=\"0\" selectable=\"1\" showselectionhandles=\"0\" allownudging=\"1\" isannotation=\"0\" dontautolayout=\"0\" groupcollapsed=\"0\" tabstop=\"1\" visible=\"1\" snaptogrid=\"0\"><control><ddsxmlobj><polyline endtypedst=\"0\" endtypesrc=\"2\" usercolor=\"15790320\" linestyle=\"0\" linerender=\"0\" customendtypedstid=\"0\" customendtypesrcid=\"0\" adornsvisible=\"1\"><adornment percentpos=\"50\" controlid=\"59\" width=\"4613\" height=\"318\" side=\"0\" behavior=\"3\" himetric=\"1242\" distfromline=\"175\" startobj=\"0\" x=\"100075\" y=\"30249\" visible=\"0\" allowoverlap=\"1\" usepercent=\"1\"/></polyline></ddsxmlobj></control><layoutobject><ddsxmlobj/></layoutobject><connector sourceid=\"57\" destid=\"50\" sourceattachpoint=\"40\" destattachpoint=\"41\" segmenteditmode=\"0\" bendpointeditmode=\"0\" bendpointvisibility=\"0\" relatedid=\"0\" virtual=\"0\"><point x=\"99900\" y=\"31650\"/><point x=\"99900\" y=\"29166\"/></connector></ddscontrol><ddscontrol semanticcookie=\"0149fc27a049fc27\" controlprogid=\"MSDDS.Text.080.1\" left=\"100075\" top=\"30249\" logicalid=\"59\" controlid=\"59\" masterid=\"58\" hint1=\"0\" hint2=\"0\" width=\"4613\" height=\"318\" noresize=\"1\" nomove=\"0\" nodefaultattachpoints=\"1\" autodrag=\"1\" usedefaultiddshape=\"1\" selectable=\"1\" showselectionhandles=\"1\" allownudging=\"1\" isannotation=\"0\" dontautolayout=\"1\" groupcollapsed=\"0\" tabstop=\"0\" visible=\"0\" snaptogrid=\"0\"><control><ddsxmlobjectstreaminitwrapper binary=\"00020000051200003e0100000300000000000500008008000080010000001500018600009001905f010004cbcecce5190046004b005f006500710075005f00530049004d005f006500710075005f00530049004d005000610063006b0061006700650000000000\"/></control><layoutobject><ddsxmlobj/></layoutobject><shape groupshapeid=\"0\" groupnode=\"0\"/></ddscontrol><ddscontrol controlprogid=\"{623AC075-2C77-4873-883D-930B4364B4BC}\" tooltip=\"equ_Unit\" left=\"74250\" top=\"0\" logicalid=\"60\" controlid=\"60\" masterid=\"0\" hint1=\"0\" hint2=\"0\" width=\"6287\" height=\"2265\" noresize=\"0\" nomove=\"0\" nodefaultattachpoints=\"0\" autodrag=\"0\" usedefaultiddshape=\"0\" selectable=\"1\" showselectionhandles=\"0\" allownudging=\"1\" isannotation=\"0\" dontautolayout=\"0\" groupcollapsed=\"0\" tabstop=\"1\" visible=\"1\" snaptogrid=\"1\"><control><ddsxmlobjectstreaminitwrapper binary=\"21433412080000008f180000d90800007856341207000000140100006500710075005f0055006e006900740000006d006900630072006f0073006f00660074002000730071006c00200073006500720076006500720020006d0061006e006100670065006d0065006e0074002000730074007500640069006f002000310038005c0063006f006d006d006f006e0037005c006900640065005c0063006f006d006d006f006e0065007800740065006e00730069006f006e0073005c006d006900630072006f0073006f00660074005c0074007900700065007300630072006900700074005c004d006900630072006f0073006f00660074002e0043006f006400650041006e0061006c00000000000000000000000100000005000000540000002c0000002c0000002c000000340000000000000000000000382e0000c1140000000000002d010000070000000c000000070000001c010000500a0000700800002001000068010000fc000000a00500001c020000440100001c020000ac020000d401000000000000010000008f180000d908000000000000020000000200000002000000020000001c010000700800000000000001000000401500002005000000000000010000000100000002000000020000001c010000500a0000010000000000000040150000e502000000000000000000000000000002000000020000001c010000500a00000000000000000000243800002622000000000000000000000d00000004000000040000001c010000500a0000300c00008007000078563412040000005a00000001000000010000000b000000000000000100000002000000030000000400000005000000060000000700000008000000090000000a00000004000000640062006f000000090000006500710075005f0055006e00690074000000\"/></control><layoutobject><ddsxmlobj><property name=\"ActiveTableViewMode\" value=\"1\" vartype=\"8\"/><property name=\"TableViewMode:0\" value=\"4,0,284,0,2640,1,2160,5,1440\" vartype=\"8\"/><property name=\"TableViewMode:1\" value=\"2,0,284,0,2160\" vartype=\"8\"/><property name=\"TableViewMode:2\" value=\"2,0,284,0,2640\" vartype=\"8\"/><property name=\"TableViewMode:3\" value=\"2,0,284,0,2640\" vartype=\"8\"/><property name=\"TableViewMode:4\" value=\"4,0,284,0,2640,12,3120,11,1920\" vartype=\"8\"/></ddsxmlobj></layoutobject><shape groupshapeid=\"0\" groupnode=\"0\"/></ddscontrol><ddscontrol controlprogid=\"{623AC075-2C77-4873-883D-930B4364B4BC}\" tooltip=\"equ_UpdateProgramRecord\" left=\"30150\" top=\"142200\" logicalid=\"61\" controlid=\"61\" masterid=\"0\" hint1=\"0\" hint2=\"0\" width=\"6520\" height=\"6265\" noresize=\"0\" nomove=\"0\" nodefaultattachpoints=\"0\" autodrag=\"0\" usedefaultiddshape=\"0\" selectable=\"1\" showselectionhandles=\"0\" allownudging=\"1\" isannotation=\"0\" dontautolayout=\"0\" groupcollapsed=\"0\" tabstop=\"1\" visible=\"1\" snaptogrid=\"1\"><control><ddsxmlobjectstreaminitwrapper binary=\"214334120800000078190000791800007856341207000000140100006500710075005f00550070006400610074006500500072006f006700720061006d005200650063006f007200640000004500520056004500520020004d0041004e004100470045004d0045004e0054002000530054005500440049004f002000310038005c0043004f004d004d004f004e0037005c004900440045005c0043004f004d004d004f004e0045005800540045004e00530049004f004e0053005c004d004900430052004f0053004f00460054005c004f00500045004e0046004f004c004400450052005c004d006900630072006f0073006f00660074002e00560069007300750061006c0053007400000000000000000000000100000005000000540000002c0000002c0000002c000000340000000000000000000000382e0000af1d0000000000002d0100000b0000000c000000070000001c010000500a000070080000600000007800000054000000a0050000b40000006c000000b4000000e40000009c0000000000000001000000781900007918000000000000090000000900000002000000020000001c010000500a00000000000001000000401500009709000000000000030000000300000002000000020000001c010000500a0000010000000000000040150000e502000000000000000000000000000002000000020000001c010000500a00000000000000000000243800002622000000000000000000000d00000004000000040000001c010000500a0000300c00008007000078563412040000007800000001000000010000000b000000000000000100000002000000030000000400000005000000060000000700000008000000090000000a00000004000000640062006f000000180000006500710075005f00550070006400610074006500500072006f006700720061006d005200650063006f00720064000000\"/></control><layoutobject><ddsxmlobj><property name=\"ActiveTableViewMode\" value=\"1\" vartype=\"8\"/><property name=\"TableViewMode:0\" value=\"4,0,284,0,2640,1,2160,5,1440\" vartype=\"8\"/><property name=\"TableViewMode:1\" value=\"2,0,284,0,2640\" vartype=\"8\"/><property name=\"TableViewMode:2\" value=\"2,0,284,0,2640\" vartype=\"8\"/><property name=\"TableViewMode:3\" value=\"2,0,284,0,2640\" vartype=\"8\"/><property name=\"TableViewMode:4\" value=\"4,0,284,0,2640,12,3120,11,1920\" vartype=\"8\"/></ddsxmlobj></layoutobject><shape groupshapeid=\"0\" groupnode=\"0\"/></ddscontrol><ddscontrol semanticcookie=\"01162d6001000000640062006f00000046004b005f006500710075005f00550070006400610074006500500072006f006700720061006d005200650063006f00720064005f006500710075005f00450071007500690070006d0065006e0074000000\" controlprogid=\"MSDDS.Polyline.080.1\" tooltip=\"âequ_Equipmentâä¸âequ_UpdateProgramRecordâä¹é´çå³ç³»âFK_equ_UpdateProgramRecord_equ_Equipmentâ\" left=\"33071\" top=\"125807\" logicalid=\"62\" controlid=\"62\" masterid=\"0\" hint1=\"0\" hint2=\"0\" width=\"12937\" height=\"17093\" noresize=\"0\" nomove=\"0\" nodefaultattachpoints=\"1\" autodrag=\"0\" usedefaultiddshape=\"0\" selectable=\"1\" showselectionhandles=\"0\" allownudging=\"1\" isannotation=\"0\" dontautolayout=\"0\" groupcollapsed=\"0\" tabstop=\"1\" visible=\"1\" snaptogrid=\"0\"><control><ddsxmlobj><polyline endtypedst=\"0\" endtypesrc=\"2\" usercolor=\"15790320\" linestyle=\"0\" linerender=\"0\" customendtypedstid=\"0\" customendtypesrcid=\"0\" adornsvisible=\"1\"><adornment percentpos=\"49.9992425734325\" controlid=\"63\" width=\"7382\" height=\"318\" side=\"0\" behavior=\"3\" himetric=\"13923\" distfromline=\"175\" startobj=\"0\" x=\"38043\" y=\"139966\" visible=\"0\" allowoverlap=\"1\" usepercent=\"1\"/></polyline></ddsxmlobj></control><layoutobject><ddsxmlobj/></layoutobject><connector sourceid=\"3\" destid=\"61\" sourceattachpoint=\"25\" destattachpoint=\"42\" segmenteditmode=\"0\" bendpointeditmode=\"0\" bendpointvisibility=\"0\" relatedid=\"0\" virtual=\"0\"><point x=\"45600\" y=\"126502\"/><point x=\"45600\" y=\"141471\"/><point x=\"33450\" y=\"141471\"/><point x=\"33450\" y=\"142200\"/></connector></ddscontrol><ddscontrol semanticcookie=\"0152fc272052fc27\" controlprogid=\"MSDDS.Text.080.1\" left=\"38043\" top=\"139966\" logicalid=\"63\" controlid=\"63\" masterid=\"62\" hint1=\"0\" hint2=\"0\" width=\"7382\" height=\"318\" noresize=\"1\" nomove=\"0\" nodefaultattachpoints=\"1\" autodrag=\"1\" usedefaultiddshape=\"1\" selectable=\"1\" showselectionhandles=\"1\" allownudging=\"1\" isannotation=\"0\" dontautolayout=\"1\" groupcollapsed=\"0\" tabstop=\"0\" visible=\"0\" snaptogrid=\"0\"><control><ddsxmlobjectstreaminitwrapper binary=\"00020000d61c00003e0100000300000000000500008008000080010000001500018600009001905f010004cbcecce5280046004b005f006500710075005f00550070006400610074006500500072006f006700720061006d005200650063006f00720064005f006500710075005f00450071007500690070006d0065006e00740000000000\"/></control><layoutobject><ddsxmlobj/></layoutobject><shape groupshapeid=\"0\" groupnode=\"0\"/></ddscontrol><ddscontrol controlprogid=\"{623AC075-2C77-4873-883D-930B4364B4BC}\" tooltip=\"equ_User_EquipmentGroup_Map\" left=\"49350\" top=\"162450\" logicalid=\"64\" controlid=\"64\" masterid=\"0\" hint1=\"0\" hint2=\"0\" width=\"7578\" height=\"2265\" noresize=\"0\" nomove=\"0\" nodefaultattachpoints=\"0\" autodrag=\"0\" usedefaultiddshape=\"0\" selectable=\"1\" showselectionhandles=\"0\" allownudging=\"1\" isannotation=\"0\" dontautolayout=\"0\" groupcollapsed=\"0\" tabstop=\"1\" visible=\"1\" snaptogrid=\"1\"><control><ddsxmlobjectstreaminitwrapper binary=\"21433412080000009a1d0000d90800007856341207000000140100006500710075005f0055007300650072005f00450071007500690070006d0065006e007400470072006f00750070005f004d0061007000000030006d0061006e006100670065006d0065006e007400250032003000730074007500640069006f00250032003000310038002f0063006f006d006d006f006e0037002f006900640065002f0063006f006d006d006f006e0065007800740065006e00730069006f006e0073002f006d006900630072006f0073006f00660074002f0073007300690073002f004d006900630072006f0073006f00660074002e0044006100740061005400720061006e00730066006f00000000000000000000000100000005000000540000002c0000002c0000002c000000340000000000000000000000382e0000c1140000000000002d010000070000000c000000070000001c010000500a000070080000600000007800000054000000a0050000b40000006c000000b4000000e40000009c00000000000000010000009a1d0000d908000000000000020000000200000002000000020000001c010000a80c00000000000001000000401500005c07000000000000020000000200000002000000020000001c010000500a0000010000000000000040150000e502000000000000000000000000000002000000020000001c010000500a00000000000000000000243800002622000000000000000000000d00000004000000040000001c010000500a0000300c00008007000078563412040000008000000001000000010000000b000000000000000100000002000000030000000400000005000000060000000700000008000000090000000a00000004000000640062006f0000001c0000006500710075005f0055007300650072005f00450071007500690070006d0065006e007400470072006f00750070005f004d00610070000000\"/></control><layoutobject><ddsxmlobj><property name=\"ActiveTableViewMode\" value=\"1\" vartype=\"8\"/><property name=\"TableViewMode:0\" value=\"4,0,284,0,2640,1,2160,5,1440\" vartype=\"8\"/><property name=\"TableViewMode:1\" value=\"2,0,284,0,3240\" vartype=\"8\"/><property name=\"TableViewMode:2\" value=\"2,0,284,0,2640\" vartype=\"8\"/><property name=\"TableViewMode:3\" value=\"2,0,284,0,2640\" vartype=\"8\"/><property name=\"TableViewMode:4\" value=\"4,0,284,0,2640,12,3120,11,1920\" vartype=\"8\"/></ddsxmlobj></layoutobject><shape groupshapeid=\"0\" groupnode=\"0\"/></ddscontrol><ddscontrol semanticcookie=\"019eea7301000000640062006f00000046004b005f006500710075005f0055007300650072005f00450071007500690070006d0065006e007400470072006f00750070005f004d00610070005f006500710075005f00450071007500690070006d0065006e007400470072006f00750070000000\" controlprogid=\"MSDDS.Polyline.080.1\" tooltip=\"âequ_EquipmentGroupâä¸âequ_User_EquipmentGroup_Mapâä¹é´çå³ç³»âFK_equ_User_EquipmentGroup_Map_equ_EquipmentGroupâ\" left=\"52843\" top=\"159341\" logicalid=\"65\" controlid=\"65\" masterid=\"0\" hint1=\"0\" hint2=\"0\" width=\"815\" height=\"3809\" noresize=\"0\" nomove=\"0\" nodefaultattachpoints=\"1\" autodrag=\"0\" usedefaultiddshape=\"0\" selectable=\"1\" showselectionhandles=\"0\" allownudging=\"1\" isannotation=\"0\" dontautolayout=\"0\" groupcollapsed=\"0\" tabstop=\"1\" visible=\"1\" snaptogrid=\"0\"><control><ddsxmlobj><polyline endtypedst=\"0\" endtypesrc=\"2\" usercolor=\"15790320\" linestyle=\"0\" linerender=\"0\" customendtypedstid=\"0\" customendtypesrcid=\"0\" adornsvisible=\"1\"><adornment percentpos=\"59.4244714533755\" controlid=\"66\" width=\"9043\" height=\"318\" side=\"0\" behavior=\"3\" himetric=\"1434\" distfromline=\"175\" startobj=\"0\" x=\"44032\" y=\"161281\" visible=\"0\" allowoverlap=\"1\" usepercent=\"1\"/></polyline></ddsxmlobj></control><layoutobject><ddsxmlobj/></layoutobject><connector sourceid=\"28\" destid=\"64\" sourceattachpoint=\"41\" destattachpoint=\"50\" segmenteditmode=\"0\" bendpointeditmode=\"0\" bendpointvisibility=\"0\" relatedid=\"0\" virtual=\"0\"><point x=\"53250\" y=\"160036\"/><point x=\"53250\" y=\"162450\"/></connector></ddscontrol><ddscontrol semanticcookie=\"014efc27204efc27\" controlprogid=\"MSDDS.Text.080.1\" left=\"44032\" top=\"161281\" logicalid=\"66\" controlid=\"66\" masterid=\"65\" hint1=\"0\" hint2=\"0\" width=\"9043\" height=\"318\" noresize=\"1\" nomove=\"0\" nodefaultattachpoints=\"1\" autodrag=\"1\" usedefaultiddshape=\"1\" selectable=\"1\" showselectionhandles=\"1\" allownudging=\"1\" isannotation=\"0\" dontautolayout=\"1\" groupcollapsed=\"0\" tabstop=\"0\" visible=\"0\" snaptogrid=\"0\"><control><ddsxmlobjectstreaminitwrapper binary=\"00020000532300003e0100000300000000000500008008000080010000001500018600009001905f010004cbcecce5310046004b005f006500710075005f0055007300650072005f00450071007500690070006d0065006e007400470072006f00750070005f004d00610070005f006500710075005f00450071007500690070006d0065006e007400470072006f007500700000000000\"/></control><layoutobject><ddsxmlobj/></layoutobject><shape groupshapeid=\"0\" groupnode=\"0\"/></ddscontrol><ddscontrol controlprogid=\"{623AC075-2C77-4873-883D-930B4364B4BC}\" tooltip=\"sys_Advertisement\" left=\"83550\" top=\"0\" logicalid=\"67\" controlid=\"67\" masterid=\"0\" hint1=\"0\" hint2=\"0\" width=\"6287\" height=\"5694\" noresize=\"0\" nomove=\"0\" nodefaultattachpoints=\"0\" autodrag=\"0\" usedefaultiddshape=\"0\" selectable=\"1\" showselectionhandles=\"0\" allownudging=\"1\" isannotation=\"0\" dontautolayout=\"0\" groupcollapsed=\"0\" tabstop=\"1\" visible=\"1\" snaptogrid=\"1\"><control><ddsxmlobjectstreaminitwrapper binary=\"21433412080000008f1800003e1600007856341207000000140100007300790073005f004100640076006500720074006900730065006d0065006e0074000000fc706820b470682030a8991ed4a7991e8c24950248249502884e9103404e910314b61520ccb51520000000001b00000000000000010000007025950224259502b4ead20560ead205cc650807ec640807cc3495029034950278ac991e2cac991e4cebd20510ebd205f8de9502bcde9502b8ae152074ae152014d31520c8d21520dc16cd1f9416cd1f54de152010de1520dc229502982295029435950260359502445daf1ffc5caf1fc015cd1f7015cd1fe095991f9895991f8c5caf1f3c5caf1f78e715203ce7152000e8000000000000000000000100000005000000540000002c0000002c0000002c000000340000000000000000000000382e0000731b0000000000002d0100000a0000000c000000070000001c010000500a0000700800002001000068010000fc000000a00500001c020000440100001c020000ac020000d401000000000000010000008f1800003e16000000000000080000000800000002000000020000001c010000700800000000000001000000401500002005000000000000010000000100000002000000020000001c010000500a0000010000000000000040150000e502000000000000000000000000000002000000020000001c010000500a00000000000000000000243800002622000000000000000000000d00000004000000040000001c010000500a0000300c00008007000078563412040000006c00000001000000010000000b000000000000000100000002000000030000000400000005000000060000000700000008000000090000000a00000004000000640062006f000000120000007300790073005f004100640076006500720074006900730065006d0065006e0074000000\"/></control><layoutobject><ddsxmlobj><property name=\"ActiveTableViewMode\" value=\"1\" vartype=\"8\"/><property name=\"TableViewMode:0\" value=\"4,0,284,0,2640,1,2160,5,1440\" vartype=\"8\"/><property name=\"TableViewMode:1\" value=\"2,0,284,0,2160\" vartype=\"8\"/><property name=\"TableViewMode:2\" value=\"2,0,284,0,2640\" vartype=\"8\"/><property name=\"TableViewMode:3\" value=\"2,0,284,0,2640\" vartype=\"8\"/><property name=\"TableViewMode:4\" value=\"4,0,284,0,2640,12,3120,11,1920\" vartype=\"8\"/></ddsxmlobj></layoutobject><shape groupshapeid=\"0\" groupnode=\"0\"/></ddscontrol><ddscontrol controlprogid=\"{623AC075-2C77-4873-883D-930B4364B4BC}\" tooltip=\"sys_AppApi\" left=\"21750\" top=\"156450\" logicalid=\"68\" controlid=\"68\" masterid=\"0\" hint1=\"0\" hint2=\"0\" width=\"6287\" height=\"3408\" noresize=\"0\" nomove=\"0\" nodefaultattachpoints=\"0\" autodrag=\"0\" usedefaultiddshape=\"0\" selectable=\"1\" showselectionhandles=\"0\" allownudging=\"1\" isannotation=\"0\" dontautolayout=\"0\" groupcollapsed=\"0\" tabstop=\"1\" visible=\"1\" snaptogrid=\"1\"><control><ddsxmlobjectstreaminitwrapper binary=\"21433412080000008f180000500d00007856341207000000140100007300790073005f00410070007000410070006900000074002000530051004c00200053006500720076006500720020004d0061006e006100670065006d0065006e0074002000530074007500640069006f002000310038005c0043006f006d006d006f006e0037005c004900440045005c0045007800740065006e00730069006f006e0073005c004100700070006c00690063006100740069006f006e005c007a0068002d00480061006e0073005c004d006900630072006f0073006f00660074002e00530071006c005300650072007600650072002e004d0061006e006100670065006d0065006e0074002e00000000000000000000000100000005000000540000002c0000002c0000002c000000340000000000000000000000382e0000c1140000000000002d010000070000000c000000070000001c010000500a000070080000600000007800000054000000a0050000b40000006c000000b4000000e40000009c00000000000000010000008f180000500d000000000000040000000400000002000000020000001c010000600900000000000001000000401500002005000000000000010000000100000002000000020000001c010000500a0000010000000000000040150000e502000000000000000000000000000002000000020000001c010000500a00000000000000000000243800002622000000000000000000000d00000004000000040000001c010000500a0000300c00008007000078563412040000005e00000001000000010000000b000000000000000100000002000000030000000400000005000000060000000700000008000000090000000a00000004000000640062006f0000000b0000007300790073005f004100700070004100700069000000\"/></control><layoutobject><ddsxmlobj><property name=\"ActiveTableViewMode\" value=\"1\" vartype=\"8\"/><property name=\"TableViewMode:0\" value=\"4,0,284,0,2640,1,2160,5,1440\" vartype=\"8\"/><property name=\"TableViewMode:1\" value=\"2,0,284,0,2400\" vartype=\"8\"/><property name=\"TableViewMode:2\" value=\"2,0,284,0,2640\" vartype=\"8\"/><property name=\"TableViewMode:3\" value=\"2,0,284,0,2640\" vartype=\"8\"/><property name=\"TableViewMode:4\" value=\"4,0,284,0,2640,12,3120,11,1920\" vartype=\"8\"/></ddsxmlobj></layoutobject><shape groupshapeid=\"0\" groupnode=\"0\"/></ddscontrol><ddscontrol controlprogid=\"{623AC075-2C77-4873-883D-930B4364B4BC}\" tooltip=\"sys_button\" left=\"0\" top=\"192600\" logicalid=\"69\" controlid=\"69\" masterid=\"0\" hint1=\"0\" hint2=\"0\" width=\"6287\" height=\"6265\" noresize=\"0\" nomove=\"0\" nodefaultattachpoints=\"0\" autodrag=\"0\" usedefaultiddshape=\"0\" selectable=\"1\" showselectionhandles=\"0\" allownudging=\"1\" isannotation=\"0\" dontautolayout=\"0\" groupcollapsed=\"0\" tabstop=\"1\" visible=\"1\" snaptogrid=\"1\"><control><ddsxmlobjectstreaminitwrapper binary=\"21433412080000008f180000791800007856341207000000140100007300790073005f0062007500740074006f006e000000630072006f0073006f00660074002e004e00650074005c0061007300730065006d0062006c0079005c004700410043005f004d00530049004c005c00530079007300740065006d002e0043006f006d0070006f006e0065006e0074004d006f00640065006c002e00440061007400610041006e006e006f0074006100740069006f006e0073005c00760034002e0030005f0034002e0030002e0030002e0030005f005f0033003100620066003300380035003600610064003300360034006500330035005c00530079007300740065006d002e0043006f00000000000000000000000100000005000000540000002c0000002c0000002c000000340000000000000000000000382e0000af1d0000000000002d0100000b0000000c000000070000001c010000500a000070080000600000007800000054000000a0050000b40000006c000000b4000000e40000009c00000000000000010000008f1800007918000000000000090000000900000002000000020000001c010000d80900000000000001000000401500002005000000000000010000000100000002000000020000001c010000500a0000010000000000000040150000e502000000000000000000000000000002000000020000001c010000500a00000000000000000000243800002622000000000000000000000d00000004000000040000001c010000500a0000300c00008007000078563412040000005e00000001000000010000000b000000000000000100000002000000030000000400000005000000060000000700000008000000090000000a00000004000000640062006f0000000b0000007300790073005f0062007500740074006f006e000000\"/></control><layoutobject><ddsxmlobj><property name=\"ActiveTableViewMode\" value=\"1\" vartype=\"8\"/><property name=\"TableViewMode:0\" value=\"4,0,284,0,2640,1,2160,5,1440\" vartype=\"8\"/><property name=\"TableViewMode:1\" value=\"2,0,284,0,2520\" vartype=\"8\"/><property name=\"TableViewMode:2\" value=\"2,0,284,0,2640\" vartype=\"8\"/><property name=\"TableViewMode:3\" value=\"2,0,284,0,2640\" vartype=\"8\"/><property name=\"TableViewMode:4\" value=\"4,0,284,0,2640,12,3120,11,1920\" vartype=\"8\"/></ddsxmlobj></layoutobject><shape groupshapeid=\"0\" groupnode=\"0\"/></ddscontrol><ddscontrol controlprogid=\"{623AC075-2C77-4873-883D-930B4364B4BC}\" tooltip=\"sys_code\" left=\"115500\" top=\"21150\" logicalid=\"70\" controlid=\"70\" masterid=\"0\" hint1=\"0\" hint2=\"0\" width=\"6287\" height=\"9123\" noresize=\"0\" nomove=\"0\" nodefaultattachpoints=\"0\" autodrag=\"0\" usedefaultiddshape=\"0\" selectable=\"1\" showselectionhandles=\"0\" allownudging=\"1\" isannotation=\"0\" dontautolayout=\"0\" groupcollapsed=\"0\" tabstop=\"1\" visible=\"1\" snaptogrid=\"1\"><control><ddsxmlobjectstreaminitwrapper binary=\"21433412080000008f180000a32300007856341207000000140100007300790073005f0063006f00640065000000eafffff0eaff00000000fef4f2fffef4f2fffef4f2fffef4f2fffef4f2fffef4f2fffef4f2fffef4f2fffef4f2fffef4f2fffef4f2fffef4f2fffef4f2fffef4f2fffef4f2fffef4f2fffdf3f0ff9d9d9dff878787fffef3f2fffef4f2fffef4f2fffef4f2fffef4f2fffef4f2fffef4f2fffef4f2fffef4f2fffef4f2fffef4f2fffef4f2fffef4f2fffef4f2fffef4f2fffef4f2fffff0eafffff0eafffff0eafffff0eafffff0eafffff0eafffff0eafffff0eafffff0eafffff0eafffff0eafffff0eaffc2efe9fe3d286afe3e291bff3e291bff3e291bff3e29000000000000000000000100000005000000540000002c0000002c0000002c000000340000000000000000000000382e000026220000000000002d0100000d0000000c000000070000001c010000500a000070080000c0000000f0000000a8000000a005000068010000d800000068010000c80100003801000000000000010000008f180000a3230000000000000e0000000c00000002000000020000001c0100007c0b00000000000001000000401500005c07000000000000020000000200000002000000020000001c010000500a0000010000000000000040150000e502000000000000000000000000000002000000020000001c010000500a00000000000000000000243800002622000000000000000000000d00000004000000040000001c010000500a0000300c00008007000078563412040000005a00000001000000010000000b000000000000000100000002000000030000000400000005000000060000000700000008000000090000000a00000004000000640062006f000000090000007300790073005f0063006f00640065000000\"/></control><layoutobject><ddsxmlobj><property name=\"ActiveTableViewMode\" value=\"1\" vartype=\"8\"/><property name=\"TableViewMode:0\" value=\"4,0,284,0,2640,1,2160,5,1440\" vartype=\"8\"/><property name=\"TableViewMode:1\" value=\"2,0,284,0,2940\" vartype=\"8\"/><property name=\"TableViewMode:2\" value=\"2,0,284,0,2640\" vartype=\"8\"/><property name=\"TableViewMode:3\" value=\"2,0,284,0,2640\" vartype=\"8\"/><property name=\"TableViewMode:4\" value=\"4,0,284,0,2640,12,3120,11,1920\" vartype=\"8\"/></ddsxmlobj></layoutobject><shape groupshapeid=\"0\" groupnode=\"0\"/></ddscontrol><ddscontrol controlprogid=\"{623AC075-2C77-4873-883D-930B4364B4BC}\" tooltip=\"sys_codeType\" left=\"115500\" top=\"13050\" logicalid=\"71\" controlid=\"71\" masterid=\"0\" hint1=\"0\" hint2=\"0\" width=\"6287\" height=\"5694\" noresize=\"0\" nomove=\"0\" nodefaultattachpoints=\"0\" autodrag=\"0\" usedefaultiddshape=\"0\" selectable=\"1\" showselectionhandles=\"0\" allownudging=\"1\" isannotation=\"0\" dontautolayout=\"0\" groupcollapsed=\"0\" tabstop=\"1\" visible=\"1\" snaptogrid=\"1\"><control><ddsxmlobjectstreaminitwrapper binary=\"21433412080000008f1800003e1600007856341207000000140100007300790073005f0063006f006400650054007900700065000000eafffff0eafffff0eafffff0eafffff0eafffff0eafffff0eafffff0eafffff0eafffff0eafffff0eafffff0eafffff0eafffff0eafffff0eafffff0eafffff0eafffff0eafffff0eafffff0eafffff0eafffff0eafffff0eafffff0eafffff0eaff00000000fef4f2fffef4f2fffef4f2fffef4f2fffef4f2fffef4f2fffef4f2fffef4f2fffef4f2fffef4f2fffef4f2fffef4f2fffef4f2fffef4f2fffef4f2fffef3f2ffb3b3b3ffd7c1bdfff1d5d0ff9d9d9dfffef3f2fffef4f2fffdf2f1fffef3f2ffd0bebaff9d9d9dffb1b1b1fff9e4000000000000000000000100000005000000540000002c0000002c0000002c000000340000000000000000000000382e0000731b0000000000002d0100000a0000000c000000070000001c010000500a000070080000c0000000f0000000a8000000a005000068010000d800000068010000c80100003801000000000000010000008f1800003e16000000000000080000000800000002000000020000001c0100007c0b00000000000001000000401500002005000000000000010000000100000002000000020000001c010000500a0000010000000000000040150000e502000000000000000000000000000002000000020000001c010000500a00000000000000000000243800002622000000000000000000000d00000004000000040000001c010000500a0000300c00008007000078563412040000006200000001000000010000000b000000000000000100000002000000030000000400000005000000060000000700000008000000090000000a00000004000000640062006f0000000d0000007300790073005f0063006f006400650054007900700065000000\"/></control><layoutobject><ddsxmlobj><property name=\"ActiveTableViewMode\" value=\"1\" vartype=\"8\"/><property name=\"TableViewMode:0\" value=\"4,0,284,0,2640,1,2160,5,1440\" vartype=\"8\"/><property name=\"TableViewMode:1\" value=\"2,0,284,0,2940\" vartype=\"8\"/><property name=\"TableViewMode:2\" value=\"2,0,284,0,2640\" vartype=\"8\"/><property name=\"TableViewMode:3\" value=\"2,0,284,0,2640\" vartype=\"8\"/><property name=\"TableViewMode:4\" value=\"4,0,284,0,2640,12,3120,11,1920\" vartype=\"8\"/></ddsxmlobj></layoutobject><shape groupshapeid=\"0\" groupnode=\"0\"/></ddscontrol><ddscontrol semanticcookie=\"014ff97701000000640062006f00000046004b005f005f0053007900730043006f00640065005f005f00540079007000650043006f0064005f005f00350043004100310043003100300031000000\" controlprogid=\"MSDDS.Polyline.080.1\" tooltip=\"âsys_codeTypeâä¸âsys_codeâä¹é´çå³ç³»âFK__SysCode__TypeCod__5CA1C101â\" left=\"118243\" top=\"18049\" logicalid=\"72\" controlid=\"72\" masterid=\"0\" hint1=\"0\" hint2=\"0\" width=\"815\" height=\"3801\" noresize=\"0\" nomove=\"0\" nodefaultattachpoints=\"1\" autodrag=\"0\" usedefaultiddshape=\"0\" selectable=\"1\" showselectionhandles=\"0\" allownudging=\"1\" isannotation=\"0\" dontautolayout=\"0\" groupcollapsed=\"0\" tabstop=\"1\" visible=\"1\" snaptogrid=\"0\"><control><ddsxmlobj><polyline endtypedst=\"0\" endtypesrc=\"2\" usercolor=\"15790320\" linestyle=\"0\" linerender=\"0\" customendtypedstid=\"0\" customendtypesrcid=\"0\" adornsvisible=\"1\"><adornment percentpos=\"49.9790882475952\" controlid=\"73\" width=\"5537\" height=\"318\" side=\"0\" behavior=\"3\" himetric=\"1202\" distfromline=\"175\" startobj=\"0\" x=\"112938\" y=\"19787\" visible=\"0\" allowoverlap=\"1\" usepercent=\"1\"/></polyline></ddsxmlobj></control><layoutobject><ddsxmlobj/></layoutobject><connector sourceid=\"71\" destid=\"70\" sourceattachpoint=\"41\" destattachpoint=\"40\" segmenteditmode=\"0\" bendpointeditmode=\"0\" bendpointvisibility=\"0\" relatedid=\"0\" virtual=\"0\"><point x=\"118650\" y=\"18744\"/><point x=\"118650\" y=\"21150\"/></connector></ddscontrol><ddscontrol semanticcookie=\"0151fc276051fc27\" controlprogid=\"MSDDS.Text.080.1\" left=\"112938\" top=\"19787\" logicalid=\"73\" controlid=\"73\" masterid=\"72\" hint1=\"0\" hint2=\"0\" width=\"5537\" height=\"318\" noresize=\"1\" nomove=\"0\" nodefaultattachpoints=\"1\" autodrag=\"1\" usedefaultiddshape=\"1\" selectable=\"1\" showselectionhandles=\"1\" allownudging=\"1\" isannotation=\"0\" dontautolayout=\"1\" groupcollapsed=\"0\" tabstop=\"0\" visible=\"0\" snaptogrid=\"0\"><control><ddsxmlobjectstreaminitwrapper binary=\"00020000a11500003e0100000300000000000500008008000080010000001500018600009001905f010004cbcecce51e0046004b005f005f0053007900730043006f00640065005f005f00540079007000650043006f0064005f005f003500430041003100430031003000310000000000\"/></control><layoutobject><ddsxmlobj/></layoutobject><shape groupshapeid=\"0\" groupnode=\"0\"/></ddscontrol><ddscontrol controlprogid=\"{623AC075-2C77-4873-883D-930B4364B4BC}\" tooltip=\"sys_log\" left=\"102150\" top=\"0\" logicalid=\"74\" controlid=\"74\" masterid=\"0\" hint1=\"0\" hint2=\"0\" width=\"6287\" height=\"5694\" noresize=\"0\" nomove=\"0\" nodefaultattachpoints=\"0\" autodrag=\"0\" usedefaultiddshape=\"0\" selectable=\"1\" showselectionhandles=\"0\" allownudging=\"1\" isannotation=\"0\" dontautolayout=\"0\" groupcollapsed=\"0\" tabstop=\"1\" visible=\"1\" snaptogrid=\"1\"><control><ddsxmlobjectstreaminitwrapper binary=\"21433412080000008f1800003e1600007856341207000000140100007300790073005f006c006f0067000000fff0eafffff0eafffff0eafffff0eaff3d73abfee09344fefff0eaffe0efe9fe844f8bfefeefabfe84b2e9fe3e291bffe09344fefff0eafffff0eaff6193cafefeb26afefff0eafffff0eafffff0eaffc2efe9fe3d286afefeb26afefff0eafffff0eaff6193cafe84281afefeefabfefff0eafffff0eafffff0eafffff0eafffff0eaff84b2e9fe84281afefeefabfefff0eafffff0eafffff0eafffff0eafffff0eafffff0eafffff0eafffff0eafffff0eafffff0eafffff0eafffff0eafffff0eafffff0eafffff0eafffff0eafffff0eafffff0eafffff0eafffff0000000000000000000000100000005000000540000002c0000002c0000002c000000340000000000000000000000382e0000731b0000000000002d0100000a0000000c000000070000001c010000500a000070080000c0000000f0000000a8000000a005000068010000d800000068010000c80100003801000000000000010000008f1800003e16000000000000080000000800000002000000020000001c0100007c0b00000000000001000000401500002005000000000000010000000100000002000000020000001c010000500a0000010000000000000040150000e502000000000000000000000000000002000000020000001c010000500a00000000000000000000243800002622000000000000000000000d00000004000000040000001c010000500a0000300c00008007000078563412040000005800000001000000010000000b000000000000000100000002000000030000000400000005000000060000000700000008000000090000000a00000004000000640062006f000000080000007300790073005f006c006f0067000000\"/></control><layoutobject><ddsxmlobj><property name=\"ActiveTableViewMode\" value=\"1\" vartype=\"8\"/><property name=\"TableViewMode:0\" value=\"4,0,284,0,2640,1,2160,5,1440\" vartype=\"8\"/><property name=\"TableViewMode:1\" value=\"2,0,284,0,2940\" vartype=\"8\"/><property name=\"TableViewMode:2\" value=\"2,0,284,0,2640\" vartype=\"8\"/><property name=\"TableViewMode:3\" value=\"2,0,284,0,2640\" vartype=\"8\"/><property name=\"TableViewMode:4\" value=\"4,0,284,0,2640,12,3120,11,1920\" vartype=\"8\"/></ddsxmlobj></layoutobject><shape groupshapeid=\"0\" groupnode=\"0\"/></ddscontrol><ddscontrol controlprogid=\"{623AC075-2C77-4873-883D-930B4364B4BC}\" tooltip=\"sys_loginHistory\" left=\"92850\" top=\"0\" logicalid=\"75\" controlid=\"75\" masterid=\"0\" hint1=\"0\" hint2=\"0\" width=\"6287\" height=\"5694\" noresize=\"0\" nomove=\"0\" nodefaultattachpoints=\"0\" autodrag=\"0\" usedefaultiddshape=\"0\" selectable=\"1\" showselectionhandles=\"0\" allownudging=\"1\" isannotation=\"0\" dontautolayout=\"0\" groupcollapsed=\"0\" tabstop=\"1\" visible=\"1\" snaptogrid=\"1\"><control><ddsxmlobjectstreaminitwrapper binary=\"21433412080000008f1800003e1600007856341207000000140100007300790073005f006c006f00670069006e0048006900730074006f007200790000001afefed18bfefff0eafffff0eafffff0eafffff0eafffff0eafffff0eafffff0eafffff0eafffff0eafffff0eafffff0eafffff0eafffff0eafffff0eafffff0eafffff0eafffff0eafffff0eafffff0eafffff0eaff6193cafea34f1afefeefcafefff0eaffc2efe9fe3d286afefeb26afefff0eafffff0eafffff0eafffff0eafffff0eafffff0eafffff0eafffff0eaffe0efe9fe3d4f8bfe61281afefed18bfefff0eafffff0eafffff0eafffff0eafffff0eafffff0eafffff0eaff3d73abfe3e291bff3e291bff3e29000000000000000000000100000005000000540000002c0000002c0000002c000000340000000000000000000000382e0000731b0000000000002d0100000a0000000c000000070000001c010000500a0000700800002001000068010000fc000000a00500001c020000440100001c020000ac020000d401000000000000010000008f1800003e16000000000000080000000800000002000000020000001c010000700800000000000001000000401500002005000000000000010000000100000002000000020000001c010000500a0000010000000000000040150000e502000000000000000000000000000002000000020000001c010000500a00000000000000000000243800002622000000000000000000000d00000004000000040000001c010000500a0000300c00008007000078563412040000006a00000001000000010000000b000000000000000100000002000000030000000400000005000000060000000700000008000000090000000a00000004000000640062006f000000110000007300790073005f006c006f00670069006e0048006900730074006f00720079000000\"/></control><layoutobject><ddsxmlobj><property name=\"ActiveTableViewMode\" value=\"1\" vartype=\"8\"/><property name=\"TableViewMode:0\" value=\"4,0,284,0,2640,1,2160,5,1440\" vartype=\"8\"/><property name=\"TableViewMode:1\" value=\"2,0,284,0,2160\" vartype=\"8\"/><property name=\"TableViewMode:2\" value=\"2,0,284,0,2640\" vartype=\"8\"/><property name=\"TableViewMode:3\" value=\"2,0,284,0,2640\" vartype=\"8\"/><property name=\"TableViewMode:4\" value=\"4,0,284,0,2640,12,3120,11,1920\" vartype=\"8\"/></ddsxmlobj></layoutobject><shape groupshapeid=\"0\" groupnode=\"0\"/></ddscontrol><ddscontrol controlprogid=\"{623AC075-2C77-4873-883D-930B4364B4BC}\" tooltip=\"sys_loginPageRecord\" left=\"52050\" top=\"183750\" logicalid=\"76\" controlid=\"76\" masterid=\"0\" hint1=\"0\" hint2=\"0\" width=\"6287\" height=\"3408\" noresize=\"0\" nomove=\"0\" nodefaultattachpoints=\"0\" autodrag=\"0\" usedefaultiddshape=\"0\" selectable=\"1\" showselectionhandles=\"0\" allownudging=\"1\" isannotation=\"0\" dontautolayout=\"0\" groupcollapsed=\"0\" tabstop=\"1\" visible=\"1\" snaptogrid=\"1\"><control><ddsxmlobjectstreaminitwrapper binary=\"21433412080000008f180000500d00007856341207000000140100007300790073005f006c006f00670069006e0050006100670065005200650063006f007200640000006193cafe3e291bfffeb26afefff0eafffff0eafffff0eaffa3d1e9fe612844fee0b26afefff0eafffff0eafffff0eafffff0eaff3d73abfe3e291bff3e291bff3e291bff3e291bff3e291bff3e291bff3e291bff61281afefed18bfefff0eafffff0eafffff0eafffff0eafffff0eafffff0eaff6193cafec2731afefff0eafffff0eafffff0eafffff0eafffff0eafffff0eafffff0eafffff0eafffff0eafffff0eafffff0eafffff0eaffa3d1e9fe3d2844fe3e291bff3e291bff3e291bff3e291bff8428000000000000000000000100000005000000540000002c0000002c0000002c000000340000000000000000000000382e0000c1140000000000002d010000070000000c000000070000001c010000500a000070080000600000007800000054000000a0050000b40000006c000000b4000000e40000009c00000000000000010000008f180000500d000000000000040000000400000002000000020000001c010000d80900000000000001000000401500005c07000000000000020000000200000002000000020000001c010000500a0000010000000000000040150000e502000000000000000000000000000002000000020000001c010000500a00000000000000000000243800002622000000000000000000000d00000004000000040000001c010000500a0000300c00008007000078563412040000007000000001000000010000000b000000000000000100000002000000030000000400000005000000060000000700000008000000090000000a00000004000000640062006f000000140000007300790073005f006c006f00670069006e0050006100670065005200650063006f00720064000000\"/></control><layoutobject><ddsxmlobj><property name=\"ActiveTableViewMode\" value=\"1\" vartype=\"8\"/><property name=\"TableViewMode:0\" value=\"4,0,284,0,2640,1,2160,5,1440\" vartype=\"8\"/><property name=\"TableViewMode:1\" value=\"2,0,284,0,2520\" vartype=\"8\"/><property name=\"TableViewMode:2\" value=\"2,0,284,0,2640\" vartype=\"8\"/><property name=\"TableViewMode:3\" value=\"2,0,284,0,2640\" vartype=\"8\"/><property name=\"TableViewMode:4\" value=\"4,0,284,0,2640,12,3120,11,1920\" vartype=\"8\"/></ddsxmlobj></layoutobject><shape groupshapeid=\"0\" groupnode=\"0\"/></ddscontrol><ddscontrol controlprogid=\"{623AC075-2C77-4873-883D-930B4364B4BC}\" tooltip=\"sys_menu\" left=\"43500\" top=\"180900\" logicalid=\"77\" controlid=\"77\" masterid=\"0\" hint1=\"0\" hint2=\"0\" width=\"6287\" height=\"9123\" noresize=\"0\" nomove=\"0\" nodefaultattachpoints=\"0\" autodrag=\"0\" usedefaultiddshape=\"0\" selectable=\"1\" showselectionhandles=\"0\" allownudging=\"1\" isannotation=\"0\" dontautolayout=\"0\" groupcollapsed=\"0\" tabstop=\"1\" visible=\"1\" snaptogrid=\"1\"><control><ddsxmlobjectstreaminitwrapper binary=\"21433412080000008f180000a32300007856341207000000140100007300790073005f006d0065006e0075000000eafffff0eaff6193cafea34f1afefeefcafefff0eaff6193cafe84281afefeefabfefff0eafffff0eafffff0eafffff0eaffe0efe9fe3d4f8bfee09344fefff0eafffff0eafffff0eafffff0eafffff0eafffff0eafffff0eafffff0eafffff0eafffff0eafffff0eafffff0eafffff0eafffff0eafffff0eafffff0eafffff0eafffff0eafffff0eafffff0eafffff0eafffff0eafffff0eafffff0eafffff0eafffff0eafffff0eafffff0eafffff0eafffff0eafffff0eafffff0eafffff0eafffff0eafffff0eafffff0eafffff0eafffff0eafffff0eafffff0000000000000000000000100000005000000540000002c0000002c0000002c000000340000000000000000000000382e000026220000000000002d0100000d0000000c000000070000001c010000500a000070080000600000007800000054000000a0050000b40000006c000000b4000000e40000009c00000000000000010000008f180000a3230000000000000e0000000c00000002000000020000001c010000600900000000000001000000401500002005000000000000010000000100000002000000020000001c010000500a0000010000000000000040150000e502000000000000000000000000000002000000020000001c010000500a00000000000000000000243800002622000000000000000000000d00000004000000040000001c010000500a0000300c00008007000078563412040000005a00000001000000010000000b000000000000000100000002000000030000000400000005000000060000000700000008000000090000000a00000004000000640062006f000000090000007300790073005f006d0065006e0075000000\"/></control><layoutobject><ddsxmlobj><property name=\"ActiveTableViewMode\" value=\"1\" vartype=\"8\"/><property name=\"TableViewMode:0\" value=\"4,0,284,0,2640,1,2160,5,1440\" vartype=\"8\"/><property name=\"TableViewMode:1\" value=\"2,0,284,0,2400\" vartype=\"8\"/><property name=\"TableViewMode:2\" value=\"2,0,284,0,2640\" vartype=\"8\"/><property name=\"TableViewMode:3\" value=\"2,0,284,0,2640\" vartype=\"8\"/><property name=\"TableViewMode:4\" value=\"4,0,284,0,2640,12,3120,11,1920\" vartype=\"8\"/></ddsxmlobj></layoutobject><shape groupshapeid=\"0\" groupnode=\"0\"/></ddscontrol><ddscontrol semanticcookie=\"014ff97701000000640062006f00000046004b005f007300790073005f006c006f00670069006e0050006100670065005200650063006f00720064005f007300790073005f006d0065006e0075000000\" controlprogid=\"MSDDS.Polyline.080.1\" tooltip=\"âsys_menuâä¸âsys_loginPageRecordâä¹é´çå³ç³»âFK_sys_loginPageRecord_sys_menuâ\" left=\"49487\" top=\"184993\" logicalid=\"78\" controlid=\"78\" masterid=\"0\" hint1=\"0\" hint2=\"0\" width=\"2863\" height=\"815\" noresize=\"0\" nomove=\"0\" nodefaultattachpoints=\"1\" autodrag=\"0\" usedefaultiddshape=\"0\" selectable=\"1\" showselectionhandles=\"0\" allownudging=\"1\" isannotation=\"0\" dontautolayout=\"0\" groupcollapsed=\"0\" tabstop=\"1\" visible=\"1\" snaptogrid=\"0\"><control><ddsxmlobj><polyline endtypedst=\"0\" endtypesrc=\"2\" usercolor=\"15790320\" linestyle=\"0\" linerender=\"0\" customendtypedstid=\"0\" customendtypesrcid=\"0\" adornsvisible=\"1\"><adornment percentpos=\"50.0576435323957\" controlid=\"79\" width=\"5721\" height=\"318\" side=\"1\" behavior=\"3\" himetric=\"1132\" distfromline=\"175\" startobj=\"0\" x=\"48057\" y=\"184907\" visible=\"0\" allowoverlap=\"1\" usepercent=\"1\"/></polyline></ddsxmlobj></control><layoutobject><ddsxmlobj/></layoutobject><connector sourceid=\"77\" destid=\"76\" sourceattachpoint=\"141\" destattachpoint=\"102\" segmenteditmode=\"0\" bendpointeditmode=\"0\" bendpointvisibility=\"0\" relatedid=\"0\" virtual=\"0\"><point x=\"49787\" y=\"185400\"/><point x=\"52050\" y=\"185400\"/></connector></ddscontrol><ddscontrol semanticcookie=\"0153fc27a053fc27\" controlprogid=\"MSDDS.Text.080.1\" left=\"48057\" top=\"184907\" logicalid=\"79\" controlid=\"79\" masterid=\"78\" hint1=\"0\" hint2=\"0\" width=\"5721\" height=\"318\" noresize=\"1\" nomove=\"0\" nodefaultattachpoints=\"1\" autodrag=\"1\" usedefaultiddshape=\"1\" selectable=\"1\" showselectionhandles=\"1\" allownudging=\"1\" isannotation=\"0\" dontautolayout=\"1\" groupcollapsed=\"0\" tabstop=\"0\" visible=\"0\" snaptogrid=\"0\"><control><ddsxmlobjectstreaminitwrapper binary=\"00020000591600003e0100000300000000000500008008000080010000001500018600009001905f010004cbcecce51f0046004b005f007300790073005f006c006f00670069006e0050006100670065005200650063006f00720064005f007300790073005f006d0065006e00750000000000\"/></control><layoutobject><ddsxmlobj/></layoutobject><shape groupshapeid=\"0\" groupnode=\"0\"/></ddscontrol><ddscontrol controlprogid=\"{623AC075-2C77-4873-883D-930B4364B4BC}\" tooltip=\"sys_menuButtonMap\" left=\"0\" top=\"201300\" logicalid=\"80\" controlid=\"80\" masterid=\"0\" hint1=\"0\" hint2=\"0\" width=\"6287\" height=\"2836\" noresize=\"0\" nomove=\"0\" nodefaultattachpoints=\"0\" autodrag=\"0\" usedefaultiddshape=\"0\" selectable=\"1\" showselectionhandles=\"0\" allownudging=\"1\" isannotation=\"0\" dontautolayout=\"0\" groupcollapsed=\"0\" tabstop=\"1\" visible=\"1\" snaptogrid=\"1\"><control><ddsxmlobjectstreaminitwrapper binary=\"21433412080000008f180000140b00007856341207000000140100007300790073005f006d0065006e00750042007500740074006f006e004d00610070000000fff0eafffff0eafffff0eafffff0eafffff0eafffff0eafffff0eafffff0eafffff0eafffff0eafffff0eafffff0eafffff0eafffff0eafffff0eafffff0eafffff0eafffff0eafffff0eafffff0eafffff0eafffff0eafffff0eafffff0eafffff0eafffff0eafffff0eafffff0eafffff0eafffff0eafffff0eafffff0eafffff0eafffff0eafffff0eafffff0eafffff0eafffff0eafffff0eafffff0eafffff0eafffff0eafffff0eafffff0eafffff0eafffff0eafffff0eafffff0eafffff0eafffff0eafffff0000000000000000000000100000005000000540000002c0000002c0000002c000000340000000000000000000000382e0000c1140000000000002d010000070000000c000000070000001c010000500a000070080000600000007800000054000000a0050000b40000006c000000b4000000e40000009c00000000000000010000008f180000140b000000000000030000000300000002000000020000001c010000d80900000000000001000000401500009709000000000000030000000300000002000000020000001c010000500a0000010000000000000040150000e502000000000000000000000000000002000000020000001c010000500a00000000000000000000243800002622000000000000000000000d00000004000000040000001c010000500a0000300c00008007000078563412040000006c00000001000000010000000b000000000000000100000002000000030000000400000005000000060000000700000008000000090000000a00000004000000640062006f000000120000007300790073005f006d0065006e00750042007500740074006f006e004d00610070000000\"/></control><layoutobject><ddsxmlobj><property name=\"ActiveTableViewMode\" value=\"1\" vartype=\"8\"/><property name=\"TableViewMode:0\" value=\"4,0,284,0,2640,1,2160,5,1440\" vartype=\"8\"/><property name=\"TableViewMode:1\" value=\"2,0,284,0,2520\" vartype=\"8\"/><property name=\"TableViewMode:2\" value=\"2,0,284,0,2640\" vartype=\"8\"/><property name=\"TableViewMode:3\" value=\"2,0,284,0,2640\" vartype=\"8\"/><property name=\"TableViewMode:4\" value=\"4,0,284,0,2640,12,3120,11,1920\" vartype=\"8\"/></ddsxmlobj></layoutobject><shape groupshapeid=\"0\" groupnode=\"0\"/></ddscontrol><ddscontrol semanticcookie=\"014ff97701000000640062006f00000046004b005f005f007300790073005f006d0065006e00750042005f005f0042007500740074006f005f005f00310036004300450036003200390036000000\" controlprogid=\"MSDDS.Polyline.080.1\" tooltip=\"âsys_buttonâä¸âsys_menuButtonMapâä¹é´çå³ç³»âFK__sys_menuB__Butto__16CE6296â\" left=\"2743\" top=\"198170\" logicalid=\"81\" controlid=\"81\" masterid=\"0\" hint1=\"0\" hint2=\"0\" width=\"815\" height=\"3830\" noresize=\"0\" nomove=\"0\" nodefaultattachpoints=\"1\" autodrag=\"0\" usedefaultiddshape=\"0\" selectable=\"1\" showselectionhandles=\"0\" allownudging=\"1\" isannotation=\"0\" dontautolayout=\"0\" groupcollapsed=\"0\" tabstop=\"1\" visible=\"1\" snaptogrid=\"0\"><control><ddsxmlobj><polyline endtypedst=\"0\" endtypesrc=\"2\" usercolor=\"15790320\" linestyle=\"0\" linerender=\"0\" customendtypedstid=\"0\" customendtypesrcid=\"0\" adornsvisible=\"1\"><adornment percentpos=\"62.1587700031377\" controlid=\"82\" width=\"5537\" height=\"318\" side=\"0\" behavior=\"3\" himetric=\"1513\" distfromline=\"175\" startobj=\"0\" x=\"-2562\" y=\"200180\" visible=\"0\" allowoverlap=\"1\" usepercent=\"1\"/></polyline></ddsxmlobj></control><layoutobject><ddsxmlobj/></layoutobject><connector sourceid=\"69\" destid=\"80\" sourceattachpoint=\"41\" destattachpoint=\"40\" segmenteditmode=\"0\" bendpointeditmode=\"0\" bendpointvisibility=\"0\" relatedid=\"0\" virtual=\"0\"><point x=\"3150\" y=\"198865\"/><point x=\"3150\" y=\"201300\"/></connector></ddscontrol><ddscontrol semanticcookie=\"0155fc27e055fc27\" controlprogid=\"MSDDS.Text.080.1\" left=\"-2562\" top=\"200180\" logicalid=\"82\" controlid=\"82\" masterid=\"81\" hint1=\"0\" hint2=\"0\" width=\"5537\" height=\"318\" noresize=\"1\" nomove=\"0\" nodefaultattachpoints=\"1\" autodrag=\"1\" usedefaultiddshape=\"1\" selectable=\"1\" showselectionhandles=\"1\" allownudging=\"1\" isannotation=\"0\" dontautolayout=\"1\" groupcollapsed=\"0\" tabstop=\"0\" visible=\"0\" snaptogrid=\"0\"><control><ddsxmlobjectstreaminitwrapper binary=\"00020000a11500003e0100000300000000000500008008000080010000001500018600009001905f010004cbcecce51e0046004b005f005f007300790073005f006d0065006e00750042005f005f0042007500740074006f005f005f003100360043004500360032003900360000000000\"/></control><layoutobject><ddsxmlobj/></layoutobject><shape groupshapeid=\"0\" groupnode=\"0\"/></ddscontrol><ddscontrol semanticcookie=\"014ff97701000000640062006f00000046004b005f005f007300790073005f006d0065006e00750042005f005f004d0065006e00750043005f005f00310032004600440044003100420032000000\" controlprogid=\"MSDDS.Polyline.080.1\" tooltip=\"âsys_menuâä¸âsys_menuButtonMapâä¹é´çå³ç³»âFK__sys_menuB__MenuC__12FDD1B2â\" left=\"5987\" top=\"185743\" logicalid=\"83\" controlid=\"83\" masterid=\"0\" hint1=\"0\" hint2=\"0\" width=\"37813\" height=\"17287\" noresize=\"0\" nomove=\"0\" nodefaultattachpoints=\"1\" autodrag=\"0\" usedefaultiddshape=\"0\" selectable=\"1\" showselectionhandles=\"0\" allownudging=\"1\" isannotation=\"0\" dontautolayout=\"0\" groupcollapsed=\"0\" tabstop=\"1\" visible=\"1\" snaptogrid=\"0\"><control><ddsxmlobj><polyline endtypedst=\"0\" endtypesrc=\"2\" usercolor=\"15790320\" linestyle=\"0\" linerender=\"0\" customendtypedstid=\"0\" customendtypesrcid=\"0\" adornsvisible=\"1\"><adornment percentpos=\"48.9474417956225\" controlid=\"84\" width=\"5537\" height=\"318\" side=\"0\" behavior=\"3\" himetric=\"26291\" distfromline=\"175\" startobj=\"0\" x=\"29327\" y=\"202157\" visible=\"0\" allowoverlap=\"1\" usepercent=\"1\"/></polyline></ddsxmlobj></control><layoutobject><ddsxmlobj/></layoutobject><connector sourceid=\"77\" destid=\"80\" sourceattachpoint=\"150\" destattachpoint=\"99\" segmenteditmode=\"0\" bendpointeditmode=\"0\" bendpointvisibility=\"0\" relatedid=\"0\" virtual=\"0\"><point x=\"43500\" y=\"186150\"/><point x=\"42040\" y=\"186150\"/><point x=\"42040\" y=\"202650\"/><point x=\"6287\" y=\"202650\"/></connector></ddscontrol><ddscontrol semanticcookie=\"0157fc27a057fc27\" controlprogid=\"MSDDS.Text.080.1\" left=\"29327\" top=\"202157\" logicalid=\"84\" controlid=\"84\" masterid=\"83\" hint1=\"0\" hint2=\"0\" width=\"5537\" height=\"318\" noresize=\"1\" nomove=\"0\" nodefaultattachpoints=\"1\" autodrag=\"1\" usedefaultiddshape=\"1\" selectable=\"1\" showselectionhandles=\"1\" allownudging=\"1\" isannotation=\"0\" dontautolayout=\"1\" groupcollapsed=\"0\" tabstop=\"0\" visible=\"0\" snaptogrid=\"0\"><control><ddsxmlobjectstreaminitwrapper binary=\"00020000a11500003e0100000300000000000500008008000080010000001500018600009001905f010004cbcecce51e0046004b005f005f007300790073005f006d0065006e00750042005f005f004d0065006e00750043005f005f003100320046004400440031004200320000000000\"/></control><layoutobject><ddsxmlobj/></layoutobject><shape groupshapeid=\"0\" groupnode=\"0\"/></ddscontrol><ddscontrol controlprogid=\"{623AC075-2C77-4873-883D-930B4364B4BC}\" tooltip=\"sys_MenuColumns\" left=\"43500\" top=\"192450\" logicalid=\"85\" controlid=\"85\" masterid=\"0\" hint1=\"0\" hint2=\"0\" width=\"6287\" height=\"9694\" noresize=\"0\" nomove=\"0\" nodefaultattachpoints=\"0\" autodrag=\"0\" usedefaultiddshape=\"0\" selectable=\"1\" showselectionhandles=\"0\" allownudging=\"1\" isannotation=\"0\" dontautolayout=\"0\" groupcollapsed=\"0\" tabstop=\"1\" visible=\"1\" snaptogrid=\"1\"><control><ddsxmlobjectstreaminitwrapper binary=\"21433412080000008f180000de2500007856341207000000140100007300790073005f004d0065006e00750043006f006c0075006d006e0073000000fff0eafffff0eafffff0eafffff0eafffff0eafffff0eafffff0eafffff0eafffff0eafffff0eafffff0eafffff0eafffff0eafffff0eafffff0eafffff0eafffff0eafffff0eafffff0eafffff0eafffff0eafffff0eafffff0eafffff0eafffff0eafffff0eafffff0eafffff0eafffff0eafffff0eafffff0eafffff0eafffff0eafffff0eafffff0eafffff0eafffff0eafffff0eafffff0eafffff0eafffff0eafffff0eafffff0eafffff0eafffff0eafffff0eafffff0eafffff0eafffff0eafffff0eafffff0eafffff0000000000000000000000100000005000000540000002c0000002c0000002c000000340000000000000000000000382e000026220000000000002d0100000d0000000c000000070000001c010000500a000070080000600000007800000054000000a0050000b40000006c000000b4000000e40000009c00000000000000010000008f180000de250000000000000f0000000c00000002000000020000001c010000600900000000000001000000401500002005000000000000010000000100000002000000020000001c010000500a0000010000000000000040150000e502000000000000000000000000000002000000020000001c010000500a00000000000000000000243800002622000000000000000000000d00000004000000040000001c010000500a0000300c00008007000078563412040000006800000001000000010000000b000000000000000100000002000000030000000400000005000000060000000700000008000000090000000a00000004000000640062006f000000100000007300790073005f004d0065006e00750043006f006c0075006d006e0073000000\"/></control><layoutobject><ddsxmlobj><property name=\"ActiveTableViewMode\" value=\"1\" vartype=\"8\"/><property name=\"TableViewMode:0\" value=\"4,0,284,0,2640,1,2160,5,1440\" vartype=\"8\"/><property name=\"TableViewMode:1\" value=\"2,0,284,0,2400\" vartype=\"8\"/><property name=\"TableViewMode:2\" value=\"2,0,284,0,2640\" vartype=\"8\"/><property name=\"TableViewMode:3\" value=\"2,0,284,0,2640\" vartype=\"8\"/><property name=\"TableViewMode:4\" value=\"4,0,284,0,2640,12,3120,11,1920\" vartype=\"8\"/></ddsxmlobj></layoutobject><shape groupshapeid=\"0\" groupnode=\"0\"/></ddscontrol><ddscontrol semanticcookie=\"0148e07301000000640062006f00000046004b005f007300790073005f004d0065006e00750043006f006c0075006d006e0073005f007300790073005f006d0065006e0075000000\" controlprogid=\"MSDDS.Polyline.080.1\" tooltip=\"âsys_menuâä¸âsys_MenuColumnsâä¹é´çå³ç³»âFK_sys_MenuColumns_sys_menuâ\" left=\"46243\" top=\"189328\" logicalid=\"86\" controlid=\"86\" masterid=\"0\" hint1=\"0\" hint2=\"0\" width=\"815\" height=\"3822\" noresize=\"0\" nomove=\"0\" nodefaultattachpoints=\"1\" autodrag=\"0\" usedefaultiddshape=\"0\" selectable=\"1\" showselectionhandles=\"0\" allownudging=\"1\" isannotation=\"0\" dontautolayout=\"0\" groupcollapsed=\"0\" tabstop=\"1\" visible=\"1\" snaptogrid=\"0\"><control><ddsxmlobj><polyline endtypedst=\"0\" endtypesrc=\"2\" usercolor=\"15790320\" linestyle=\"0\" linerender=\"0\" customendtypedstid=\"0\" customendtypesrcid=\"0\" adornsvisible=\"1\"><adornment percentpos=\"50.0098561009265\" controlid=\"87\" width=\"4983\" height=\"318\" side=\"0\" behavior=\"3\" himetric=\"1213\" distfromline=\"175\" startobj=\"0\" x=\"41492\" y=\"191077\" visible=\"0\" allowoverlap=\"1\" usepercent=\"1\"/></polyline></ddsxmlobj></control><layoutobject><ddsxmlobj/></layoutobject><connector sourceid=\"77\" destid=\"85\" sourceattachpoint=\"41\" destattachpoint=\"40\" segmenteditmode=\"0\" bendpointeditmode=\"0\" bendpointvisibility=\"0\" relatedid=\"0\" virtual=\"0\"><point x=\"46650\" y=\"190023\"/><point x=\"46650\" y=\"192450\"/></connector></ddscontrol><ddscontrol semanticcookie=\"015cfc27605cfc27\" controlprogid=\"MSDDS.Text.080.1\" left=\"41492\" top=\"191077\" logicalid=\"87\" controlid=\"87\" masterid=\"86\" hint1=\"0\" hint2=\"0\" width=\"4983\" height=\"318\" noresize=\"1\" nomove=\"0\" nodefaultattachpoints=\"1\" autodrag=\"1\" usedefaultiddshape=\"1\" selectable=\"1\" showselectionhandles=\"1\" allownudging=\"1\" isannotation=\"0\" dontautolayout=\"1\" groupcollapsed=\"0\" tabstop=\"0\" visible=\"0\" snaptogrid=\"0\"><control><ddsxmlobjectstreaminitwrapper binary=\"00020000771300003e0100000300000000000500008008000080010000001500018600009001905f010004cbcecce51b0046004b005f007300790073005f004d0065006e00750043006f006c0075006d006e0073005f007300790073005f006d0065006e00750000000000\"/></control><layoutobject><ddsxmlobj/></layoutobject><shape groupshapeid=\"0\" groupnode=\"0\"/></ddscontrol><ddscontrol controlprogid=\"{623AC075-2C77-4873-883D-930B4364B4BC}\" tooltip=\"sys_organize\" left=\"26100\" top=\"172350\" logicalid=\"88\" controlid=\"88\" masterid=\"0\" hint1=\"0\" hint2=\"0\" width=\"6287\" height=\"6265\" noresize=\"0\" nomove=\"0\" nodefaultattachpoints=\"0\" autodrag=\"0\" usedefaultiddshape=\"0\" selectable=\"1\" showselectionhandles=\"0\" allownudging=\"1\" isannotation=\"0\" dontautolayout=\"0\" groupcollapsed=\"0\" tabstop=\"1\" visible=\"1\" snaptogrid=\"1\"><control><ddsxmlobjectstreaminitwrapper binary=\"21433412080000008f180000791800007856341207000000140100007300790073005f006f007200670061006e0069007a0065000000eafffff0eafffff0eafffff0eafffff0eafffff0eaff00000000fef4f2fffef4f2fffef4f2fffef4f2fffef4f2fffef4f2fffef4f2fffef4f2fffef4f2fffef4f2fffef4f2fffef4f2fffef4f2fffef4f1fffef4f2fffef3f2ff707070ff9d9d9dffd7c1bdff424242fffef3f2fffef3f1fffdf2f0ff959595ff424242ff7f7f7fff4e4d4dff565656fff3d9d3fffdf2f1fffef4f2fffef4f2fffef4f2fffef4f2fffef4f2fffff0eafffff0eafffff0eafffff0eafffff0eafffff0eafffff0eafffff0eafffff0eafffff0eafffff0eafffff0000000000000000000000100000005000000540000002c0000002c0000002c000000340000000000000000000000382e0000af1d0000000000002d0100000b0000000c000000070000001c010000500a000070080000600000007800000054000000a0050000b40000006c000000b4000000e40000009c00000000000000010000008f1800007918000000000000090000000900000002000000020000001c010000d80900000000000001000000401500002005000000000000010000000100000002000000020000001c010000500a0000010000000000000040150000e502000000000000000000000000000002000000020000001c010000500a00000000000000000000243800002622000000000000000000000d00000004000000040000001c010000500a0000300c00008007000078563412040000006200000001000000010000000b000000000000000100000002000000030000000400000005000000060000000700000008000000090000000a00000004000000640062006f0000000d0000007300790073005f006f007200670061006e0069007a0065000000\"/></control><layoutobject><ddsxmlobj><property name=\"ActiveTableViewMode\" value=\"1\" vartype=\"8\"/><property name=\"TableViewMode:0\" value=\"4,0,284,0,2640,1,2160,5,1440\" vartype=\"8\"/><property name=\"TableViewMode:1\" value=\"2,0,284,0,2520\" vartype=\"8\"/><property name=\"TableViewMode:2\" value=\"2,0,284,0,2640\" vartype=\"8\"/><property name=\"TableViewMode:3\" value=\"2,0,284,0,2640\" vartype=\"8\"/><property name=\"TableViewMode:4\" value=\"4,0,284,0,2640,12,3120,11,1920\" vartype=\"8\"/></ddsxmlobj></layoutobject><shape groupshapeid=\"0\" groupnode=\"0\"/></ddscontrol><ddscontrol controlprogid=\"{623AC075-2C77-4873-883D-930B4364B4BC}\" tooltip=\"sys_organizeRoleMap\" left=\"26100\" top=\"181050\" logicalid=\"89\" controlid=\"89\" masterid=\"0\" hint1=\"0\" hint2=\"0\" width=\"6287\" height=\"2836\" noresize=\"0\" nomove=\"0\" nodefaultattachpoints=\"0\" autodrag=\"0\" usedefaultiddshape=\"0\" selectable=\"1\" showselectionhandles=\"0\" allownudging=\"1\" isannotation=\"0\" dontautolayout=\"0\" groupcollapsed=\"0\" tabstop=\"1\" visible=\"1\" snaptogrid=\"1\"><control><ddsxmlobjectstreaminitwrapper binary=\"21433412080000008f180000140b00007856341207000000140100007300790073005f006f007200670061006e0069007a00650052006f006c0065004d00610070000000308d142880971428908e142860931428a0a61428609e1428f0a5142850a7142880a21428588ffc27c892fc2748b9fe2710aa1428a06c212810702128b0792128d07d212890752128606f2128d0722128107b2128c07b2128307f2128a0822128508321280084212810862128c08621288061b027a065b0275066b027f064b0274059b027706ab0276068b027806cb027605db027105eb027306db027b067b027d06bb027f06fb0271074b027906eb0270072b027a070b0275071b02760852128308a2128d05b000000000000000000000100000005000000540000002c0000002c0000002c000000340000000000000000000000382e0000c1140000000000002d010000070000000c000000070000001c010000500a000070080000600000007800000054000000a0050000b40000006c000000b4000000e40000009c00000000000000010000008f180000140b000000000000030000000300000002000000020000001c010000d80900000000000001000000401500009709000000000000030000000300000002000000020000001c010000500a0000010000000000000040150000e502000000000000000000000000000002000000020000001c010000500a00000000000000000000243800002622000000000000000000000d00000004000000040000001c010000500a0000300c00008007000078563412040000007000000001000000010000000b000000000000000100000002000000030000000400000005000000060000000700000008000000090000000a00000004000000640062006f000000140000007300790073005f006f007200670061006e0069007a00650052006f006c0065004d00610070000000\"/></control><layoutobject><ddsxmlobj><property name=\"ActiveTableViewMode\" value=\"1\" vartype=\"8\"/><property name=\"TableViewMode:0\" value=\"4,0,284,0,2640,1,2160,5,1440\" vartype=\"8\"/><property name=\"TableViewMode:1\" value=\"2,0,284,0,2520\" vartype=\"8\"/><property name=\"TableViewMode:2\" value=\"2,0,284,0,2640\" vartype=\"8\"/><property name=\"TableViewMode:3\" value=\"2,0,284,0,2640\" vartype=\"8\"/><property name=\"TableViewMode:4\" value=\"4,0,284,0,2640,12,3120,11,1920\" vartype=\"8\"/></ddsxmlobj></layoutobject><shape groupshapeid=\"0\" groupnode=\"0\"/></ddscontrol><ddscontrol semanticcookie=\"0100000001000000640062006f00000052005f00330038000000\" controlprogid=\"MSDDS.Polyline.080.1\" tooltip=\"âsys_organizeâä¸âsys_organizeRoleMapâä¹é´çå³ç³»âR_38â\" left=\"28843\" top=\"177920\" logicalid=\"90\" controlid=\"90\" masterid=\"0\" hint1=\"0\" hint2=\"0\" width=\"815\" height=\"3830\" noresize=\"0\" nomove=\"0\" nodefaultattachpoints=\"1\" autodrag=\"0\" usedefaultiddshape=\"0\" selectable=\"1\" showselectionhandles=\"0\" allownudging=\"1\" isannotation=\"0\" dontautolayout=\"0\" groupcollapsed=\"0\" tabstop=\"1\" visible=\"1\" snaptogrid=\"0\"><control><ddsxmlobj><polyline endtypedst=\"0\" endtypesrc=\"2\" usercolor=\"15790320\" linestyle=\"0\" linerender=\"0\" customendtypedstid=\"0\" customendtypesrcid=\"0\" adornsvisible=\"1\"><adornment percentpos=\"46.0564191134139\" controlid=\"91\" width=\"737\" height=\"318\" side=\"0\" behavior=\"3\" himetric=\"1121\" distfromline=\"175\" startobj=\"0\" x=\"28338\" y=\"179589\" visible=\"0\" allowoverlap=\"1\" usepercent=\"1\"/></polyline></ddsxmlobj></control><layoutobject><ddsxmlobj/></layoutobject><connector sourceid=\"88\" destid=\"89\" sourceattachpoint=\"41\" destattachpoint=\"40\" segmenteditmode=\"0\" bendpointeditmode=\"0\" bendpointvisibility=\"0\" relatedid=\"0\" virtual=\"0\"><point x=\"29250\" y=\"178615\"/><point x=\"29250\" y=\"181050\"/></connector></ddscontrol><ddscontrol semanticcookie=\"0157fc276057fc27\" controlprogid=\"MSDDS.Text.080.1\" left=\"28338\" top=\"179589\" logicalid=\"91\" controlid=\"91\" masterid=\"90\" hint1=\"0\" hint2=\"0\" width=\"737\" height=\"318\" noresize=\"1\" nomove=\"0\" nodefaultattachpoints=\"1\" autodrag=\"1\" usedefaultiddshape=\"1\" selectable=\"1\" showselectionhandles=\"1\" allownudging=\"1\" isannotation=\"0\" dontautolayout=\"1\" groupcollapsed=\"0\" tabstop=\"0\" visible=\"0\" snaptogrid=\"0\"><control><ddsxmlobjectstreaminitwrapper binary=\"00020000e10200003e0100000300000000000500008008000080010000001500018600009001905f010004cbcecce5040052005f003300380000000000\"/></control><layoutobject><ddsxmlobj/></layoutobject><shape groupshapeid=\"0\" groupnode=\"0\"/></ddscontrol><ddscontrol controlprogid=\"{623AC075-2C77-4873-883D-930B4364B4BC}\" tooltip=\"sys_parameter\" left=\"111450\" top=\"0\" logicalid=\"92\" controlid=\"92\" masterid=\"0\" hint1=\"0\" hint2=\"0\" width=\"6287\" height=\"5694\" noresize=\"0\" nomove=\"0\" nodefaultattachpoints=\"0\" autodrag=\"0\" usedefaultiddshape=\"0\" selectable=\"1\" showselectionhandles=\"0\" allownudging=\"1\" isannotation=\"0\" dontautolayout=\"0\" groupcollapsed=\"0\" tabstop=\"1\" visible=\"1\" snaptogrid=\"1\"><control><ddsxmlobjectstreaminitwrapper binary=\"21433412080000008f1800003e1600007856341207000000140100007300790073005f0070006100720061006d0065007400650072000000fff0eafffff0eafffff0eafffff0eafffff0eafffff0eafffff0eafffff0eafffff0eafffff0eafffff0eafffff0eafffff0eafffff0eafffff0eafffff0eafffff0eafffff0eafffff0eafffff0eafffff0eafffff0eafffff0eafffff0eafffff0eafffff0eafffff0eafffff0eafffff0eafffff0eafffff0eafffff0eafffff0eafffff0eafffff0eafffff0eafffff0eafffff0eafffff0eafffff0eafffff0eafffff0eafffff0eafffff0eafffff0eafffff0eafffff0eafffff0eafffff0eafffff0eafffff0eafffff0eafffff0000000000000000000000100000005000000540000002c0000002c0000002c000000340000000000000000000000382e0000731b0000000000002d0100000a0000000c000000070000001c010000500a000070080000c0000000f0000000a8000000a005000068010000d800000068010000c80100003801000000000000010000008f1800003e16000000000000080000000800000002000000020000001c010000400b00000000000001000000401500002005000000000000010000000100000002000000020000001c010000500a0000010000000000000040150000e502000000000000000000000000000002000000020000001c010000500a00000000000000000000243800002622000000000000000000000d00000004000000040000001c010000500a0000300c00008007000078563412040000006400000001000000010000000b000000000000000100000002000000030000000400000005000000060000000700000008000000090000000a00000004000000640062006f0000000e0000007300790073005f0070006100720061006d0065007400650072000000\"/></control><layoutobject><ddsxmlobj><property name=\"ActiveTableViewMode\" value=\"1\" vartype=\"8\"/><property name=\"TableViewMode:0\" value=\"4,0,284,0,2640,1,2160,5,1440\" vartype=\"8\"/><property name=\"TableViewMode:1\" value=\"2,0,284,0,2880\" vartype=\"8\"/><property name=\"TableViewMode:2\" value=\"2,0,284,0,2640\" vartype=\"8\"/><property name=\"TableViewMode:3\" value=\"2,0,284,0,2640\" vartype=\"8\"/><property name=\"TableViewMode:4\" value=\"4,0,284,0,2640,12,3120,11,1920\" vartype=\"8\"/></ddsxmlobj></layoutobject><shape groupshapeid=\"0\" groupnode=\"0\"/></ddscontrol><ddscontrol controlprogid=\"{623AC075-2C77-4873-883D-930B4364B4BC}\" tooltip=\"sys_permission\" left=\"0\" top=\"175800\" logicalid=\"93\" controlid=\"93\" masterid=\"0\" hint1=\"0\" hint2=\"0\" width=\"6287\" height=\"5122\" noresize=\"0\" nomove=\"0\" nodefaultattachpoints=\"0\" autodrag=\"0\" usedefaultiddshape=\"0\" selectable=\"1\" showselectionhandles=\"0\" allownudging=\"1\" isannotation=\"0\" dontautolayout=\"0\" groupcollapsed=\"0\" tabstop=\"1\" visible=\"1\" snaptogrid=\"1\"><control><ddsxmlobjectstreaminitwrapper binary=\"21433412080000008f180000021400007856341207000000140100007300790073005f007000650072006d0069007300730069006f006e000000eafffff0eafffff0eafffff0eafffff0eafffff0eafffff0eafffff0eafffff0eafffff0eafffff0eafffff0eafffff0eafffff0eafffff0eafffff0eafffff0eafffff0eafffff0eafffff0eafffff0eafffff0eafffff0eafffff0eafffff0eafffff0eafffff0eafffff0eafffff0eafffff0eafffff0eafffff0eafffff0eafffff0eafffff0eafffff0eafffff0eafffff0eafffff0eafffff0eafffff0eafffff0eafffff0eafffff0eafffff0eafffff0eafffff0eafffff0eafffff0eafffff0eafffff0eafffff0eafffff0000000000000000000000100000005000000540000002c0000002c0000002c000000340000000000000000000000382e000038190000000000002d010000090000000c000000070000001c010000500a000070080000600000007800000054000000a0050000b40000006c000000b4000000e40000009c00000000000000010000008f1800000214000000000000070000000700000002000000020000001c010000d80900000000000001000000401500002005000000000000010000000100000002000000020000001c010000500a0000010000000000000040150000e502000000000000000000000000000002000000020000001c010000500a00000000000000000000243800002622000000000000000000000d00000004000000040000001c010000500a0000300c00008007000078563412040000006600000001000000010000000b000000000000000100000002000000030000000400000005000000060000000700000008000000090000000a00000004000000640062006f0000000f0000007300790073005f007000650072006d0069007300730069006f006e000000\"/></control><layoutobject><ddsxmlobj><property name=\"ActiveTableViewMode\" value=\"1\" vartype=\"8\"/><property name=\"TableViewMode:0\" value=\"4,0,284,0,2640,1,2160,5,1440\" vartype=\"8\"/><property name=\"TableViewMode:1\" value=\"2,0,284,0,2520\" vartype=\"8\"/><property name=\"TableViewMode:2\" value=\"2,0,284,0,2640\" vartype=\"8\"/><property name=\"TableViewMode:3\" value=\"2,0,284,0,2640\" vartype=\"8\"/><property name=\"TableViewMode:4\" value=\"4,0,284,0,2640,12,3120,11,1920\" vartype=\"8\"/></ddsxmlobj></layoutobject><shape groupshapeid=\"0\" groupnode=\"0\"/></ddscontrol><ddscontrol controlprogid=\"{623AC075-2C77-4873-883D-930B4364B4BC}\" tooltip=\"sys_role\" left=\"8700\" top=\"172650\" logicalid=\"94\" controlid=\"94\" masterid=\"0\" hint1=\"0\" hint2=\"0\" width=\"6287\" height=\"5694\" noresize=\"0\" nomove=\"0\" nodefaultattachpoints=\"0\" autodrag=\"0\" usedefaultiddshape=\"0\" selectable=\"1\" showselectionhandles=\"0\" allownudging=\"1\" isannotation=\"0\" dontautolayout=\"0\" groupcollapsed=\"0\" tabstop=\"1\" visible=\"1\" snaptogrid=\"1\"><control><ddsxmlobjectstreaminitwrapper binary=\"21433412080000008f1800003e1600007856341207000000140100007300790073005f0072006f006c0065000000eafffff0eafffff0eafffff0eafffff0eafffff0eafffff0eafffff0eafffff0eafffff0eafffff0eafffff0eafffff0eafffff0eafffff0eafffff0eafffff0eafffff0eafffff0eafffff0eafffff0eafffff0eafffff0eafffff0eafffff0eafffff0eafffff0eafffff0eafffff0eafffff0eafffff0eafffff0eafffff0eafffff0eafffff0eafffff0eafffff0eafffff0eafffff0eafffff0eafffff0eafffff0eafffff0eafffff0eafffff0eafffff0eafffff0eafffff0eafffff0eafffff0eafffff0eafffff0eafffff0eafffff0eafffff0eafffff0000000000000000000000100000005000000540000002c0000002c0000002c000000340000000000000000000000382e0000731b0000000000002d0100000a0000000c000000070000001c010000500a000070080000600000007800000054000000a0050000b40000006c000000b4000000e40000009c00000000000000010000008f1800003e16000000000000080000000800000002000000020000001c010000d80900000000000001000000401500002005000000000000010000000100000002000000020000001c010000500a0000010000000000000040150000e502000000000000000000000000000002000000020000001c010000500a00000000000000000000243800002622000000000000000000000d00000004000000040000001c010000500a0000300c00008007000078563412040000005a00000001000000010000000b000000000000000100000002000000030000000400000005000000060000000700000008000000090000000a00000004000000640062006f000000090000007300790073005f0072006f006c0065000000\"/></control><layoutobject><ddsxmlobj><property name=\"ActiveTableViewMode\" value=\"1\" vartype=\"8\"/><property name=\"TableViewMode:0\" value=\"4,0,284,0,2640,1,2160,5,1440\" vartype=\"8\"/><property name=\"TableViewMode:1\" value=\"2,0,284,0,2520\" vartype=\"8\"/><property name=\"TableViewMode:2\" value=\"2,0,284,0,2640\" vartype=\"8\"/><property name=\"TableViewMode:3\" value=\"2,0,284,0,2640\" vartype=\"8\"/><property name=\"TableViewMode:4\" value=\"4,0,284,0,2640,12,3120,11,1920\" vartype=\"8\"/></ddsxmlobj></layoutobject><shape groupshapeid=\"0\" groupnode=\"0\"/></ddscontrol><ddscontrol semanticcookie=\"0100000001000000640062006f00000052005f00330039000000\" controlprogid=\"MSDDS.Polyline.080.1\" tooltip=\"âsys_roleâä¸âsys_organizeRoleMapâä¹é´çå³ç³»âR_39â\" left=\"14687\" top=\"175243\" logicalid=\"95\" controlid=\"95\" masterid=\"0\" hint1=\"0\" hint2=\"0\" width=\"11713\" height=\"7537\" noresize=\"0\" nomove=\"0\" nodefaultattachpoints=\"1\" autodrag=\"0\" usedefaultiddshape=\"0\" selectable=\"1\" showselectionhandles=\"0\" allownudging=\"1\" isannotation=\"0\" dontautolayout=\"0\" groupcollapsed=\"0\" tabstop=\"1\" visible=\"1\" snaptogrid=\"0\"><control><ddsxmlobj><polyline endtypedst=\"0\" endtypesrc=\"2\" usercolor=\"15790320\" linestyle=\"0\" linerender=\"0\" customendtypedstid=\"0\" customendtypesrcid=\"0\" adornsvisible=\"1\"><adornment percentpos=\"50\" controlid=\"96\" width=\"737\" height=\"318\" side=\"0\" behavior=\"3\" himetric=\"8931\" distfromline=\"175\" startobj=\"0\" x=\"16262\" y=\"182575\" visible=\"0\" allowoverlap=\"1\" usepercent=\"1\"/></polyline></ddsxmlobj></control><layoutobject><ddsxmlobj/></layoutobject><connector sourceid=\"94\" destid=\"89\" sourceattachpoint=\"121\" destattachpoint=\"98\" segmenteditmode=\"0\" bendpointeditmode=\"0\" bendpointvisibility=\"0\" relatedid=\"0\" virtual=\"0\"><point x=\"14987\" y=\"175650\"/><point x=\"16807\" y=\"175650\"/><point x=\"16807\" y=\"182400\"/><point x=\"26100\" y=\"182400\"/></connector></ddscontrol><ddscontrol semanticcookie=\"0158fc272058fc27\" controlprogid=\"MSDDS.Text.080.1\" left=\"16262\" top=\"182575\" logicalid=\"96\" controlid=\"96\" masterid=\"95\" hint1=\"0\" hint2=\"0\" width=\"737\" height=\"318\" noresize=\"1\" nomove=\"0\" nodefaultattachpoints=\"1\" autodrag=\"1\" usedefaultiddshape=\"1\" selectable=\"1\" showselectionhandles=\"1\" allownudging=\"1\" isannotation=\"0\" dontautolayout=\"1\" groupcollapsed=\"0\" tabstop=\"0\" visible=\"0\" snaptogrid=\"0\"><control><ddsxmlobjectstreaminitwrapper binary=\"00020000e10200003e0100000300000000000500008008000080010000001500018600009001905f010004cbcecce5040052005f003300390000000000\"/></control><layoutobject><ddsxmlobj/></layoutobject><shape groupshapeid=\"0\" groupnode=\"0\"/></ddscontrol><ddscontrol controlprogid=\"{623AC075-2C77-4873-883D-930B4364B4BC}\" tooltip=\"sys_roleMenuButtonMap\" left=\"8700\" top=\"194100\" logicalid=\"97\" controlid=\"97\" masterid=\"0\" hint1=\"0\" hint2=\"0\" width=\"6287\" height=\"3408\" noresize=\"0\" nomove=\"0\" nodefaultattachpoints=\"0\" autodrag=\"0\" usedefaultiddshape=\"0\" selectable=\"1\" showselectionhandles=\"0\" allownudging=\"1\" isannotation=\"0\" dontautolayout=\"0\" groupcollapsed=\"0\" tabstop=\"1\" visible=\"1\" snaptogrid=\"1\"><control><ddsxmlobjectstreaminitwrapper binary=\"21433412080000008f180000500d00007856341207000000140100007300790073005f0072006f006c0065004d0065006e00750042007500740074006f006e004d00610070000000fff0eafffff0eafffff0eafffff0eafffff0eafffff0eafffff0eafffff0eafffff0eafffff0eafffff0eafffff0eafffff0eafffff0eafffff0eafffff0eafffff0eafffff0eafffff0eafffff0eafffff0eafffff0eafffff0eafffff0eafffff0eafffff0eafffff0eafffff0eafffff0eafffff0eafffff0eafffff0eafffff0eafffff0eafffff0eafffff0eafffff0eafffff0eafffff0eafffff0eafffff0eafffff0eafffff0eafffff0eafffff0eafffff0eafffff0eafffff0eafffff0000000000000000000000100000005000000540000002c0000002c0000002c000000340000000000000000000000382e0000c1140000000000002d010000070000000c000000070000001c010000500a000070080000600000007800000054000000a0050000b40000006c000000b4000000e40000009c00000000000000010000008f180000500d000000000000040000000400000002000000020000001c010000d8090000000000000100000040150000d30b000000000000040000000400000002000000020000001c010000500a0000010000000000000040150000e502000000000000000000000000000002000000020000001c010000500a00000000000000000000243800002622000000000000000000000d00000004000000040000001c010000500a0000300c00008007000078563412040000007400000001000000010000000b000000000000000100000002000000030000000400000005000000060000000700000008000000090000000a00000004000000640062006f000000160000007300790073005f0072006f006c0065004d0065006e00750042007500740074006f006e004d00610070000000\"/></control><layoutobject><ddsxmlobj><property name=\"ActiveTableViewMode\" value=\"1\" vartype=\"8\"/><property name=\"TableViewMode:0\" value=\"4,0,284,0,2640,1,2160,5,1440\" vartype=\"8\"/><property name=\"TableViewMode:1\" value=\"2,0,284,0,2520\" vartype=\"8\"/><property name=\"TableViewMode:2\" value=\"2,0,284,0,2640\" vartype=\"8\"/><property name=\"TableViewMode:3\" value=\"2,0,284,0,2640\" vartype=\"8\"/><property name=\"TableViewMode:4\" value=\"4,0,284,0,2640,12,3120,11,1920\" vartype=\"8\"/></ddsxmlobj></layoutobject><shape groupshapeid=\"0\" groupnode=\"0\"/></ddscontrol><ddscontrol semanticcookie=\"014ff97701000000640062006f00000046004b005f005f007300790073005f0072006f006c0065004d005f005f004d0065006e00750043005f005f00320038004500440031003200440031000000\" controlprogid=\"MSDDS.Polyline.080.1\" tooltip=\"âsys_menuâä¸âsys_roleMenuButtonMapâä¹é´çå³ç³»âFK__sys_roleM__MenuC__28ED12D1â\" left=\"14687\" top=\"185293\" logicalid=\"98\" controlid=\"98\" masterid=\"0\" hint1=\"0\" hint2=\"0\" width=\"29113\" height=\"10837\" noresize=\"0\" nomove=\"0\" nodefaultattachpoints=\"1\" autodrag=\"0\" usedefaultiddshape=\"0\" selectable=\"1\" showselectionhandles=\"0\" allownudging=\"1\" isannotation=\"0\" dontautolayout=\"0\" groupcollapsed=\"0\" tabstop=\"1\" visible=\"1\" snaptogrid=\"0\"><control><ddsxmlobj><polyline endtypedst=\"0\" endtypesrc=\"2\" usercolor=\"15790320\" linestyle=\"0\" linerender=\"0\" customendtypedstid=\"0\" customendtypesrcid=\"0\" adornsvisible=\"1\"><adornment percentpos=\"49.9970524081825\" controlid=\"99\" width=\"5537\" height=\"318\" side=\"0\" behavior=\"3\" himetric=\"19280\" distfromline=\"175\" startobj=\"0\" x=\"30171\" y=\"195257\" visible=\"0\" allowoverlap=\"1\" usepercent=\"1\"/></polyline></ddsxmlobj></control><layoutobject><ddsxmlobj/></layoutobject><connector sourceid=\"77\" destid=\"97\" sourceattachpoint=\"144\" destattachpoint=\"103\" segmenteditmode=\"0\" bendpointeditmode=\"0\" bendpointvisibility=\"0\" relatedid=\"0\" virtual=\"0\"><point x=\"43500\" y=\"185700\"/><point x=\"41860\" y=\"185700\"/><point x=\"41860\" y=\"195750\"/><point x=\"14987\" y=\"195750\"/></connector></ddscontrol><ddscontrol semanticcookie=\"0156fc27e056fc27\" controlprogid=\"MSDDS.Text.080.1\" left=\"30171\" top=\"195257\" logicalid=\"99\" controlid=\"99\" masterid=\"98\" hint1=\"0\" hint2=\"0\" width=\"5537\" height=\"318\" noresize=\"1\" nomove=\"0\" nodefaultattachpoints=\"1\" autodrag=\"1\" usedefaultiddshape=\"1\" selectable=\"1\" showselectionhandles=\"1\" allownudging=\"1\" isannotation=\"0\" dontautolayout=\"1\" groupcollapsed=\"0\" tabstop=\"0\" visible=\"0\" snaptogrid=\"0\"><control><ddsxmlobjectstreaminitwrapper binary=\"00020000a11500003e0100000300000000000500008008000080010000001500018600009001905f010004cbcecce51e0046004b005f005f007300790073005f0072006f006c0065004d005f005f004d0065006e00750043005f005f003200380045004400310032004400310000000000\"/></control><layoutobject><ddsxmlobj/></layoutobject><shape groupshapeid=\"0\" groupnode=\"0\"/></ddscontrol><ddscontrol semanticcookie=\"014ff97701000000640062006f00000046004b005f005f007300790073005f0072006f006c0065004d005f005f0052006f006c00650043005f005f00320039004500310033003700300041000000\" controlprogid=\"MSDDS.Polyline.080.1\" tooltip=\"âsys_roleâä¸âsys_roleMenuButtonMapâä¹é´çå³ç³»âFK__sys_roleM__RoleC__29E1370Aâ\" left=\"11143\" top=\"177649\" logicalid=\"100\" controlid=\"100\" masterid=\"0\" hint1=\"0\" hint2=\"0\" width=\"1087\" height=\"17151\" noresize=\"0\" nomove=\"0\" nodefaultattachpoints=\"1\" autodrag=\"0\" usedefaultiddshape=\"0\" selectable=\"1\" showselectionhandles=\"0\" allownudging=\"1\" isannotation=\"0\" dontautolayout=\"0\" groupcollapsed=\"0\" tabstop=\"1\" visible=\"1\" snaptogrid=\"0\"><control><ddsxmlobj><polyline endtypedst=\"0\" endtypesrc=\"2\" usercolor=\"15790320\" linestyle=\"0\" linerender=\"0\" customendtypedstid=\"0\" customendtypesrcid=\"0\" adornsvisible=\"1\"><adornment percentpos=\"56.937248128958\" controlid=\"101\" width=\"5537\" height=\"318\" side=\"0\" behavior=\"3\" himetric=\"9141\" distfromline=\"175\" startobj=\"0\" x=\"6138\" y=\"187272\" visible=\"0\" allowoverlap=\"1\" usepercent=\"1\"/></polyline></ddsxmlobj></control><layoutobject><ddsxmlobj/></layoutobject><connector sourceid=\"94\" destid=\"97\" sourceattachpoint=\"37\" destattachpoint=\"40\" segmenteditmode=\"0\" bendpointeditmode=\"0\" bendpointvisibility=\"0\" relatedid=\"0\" virtual=\"0\"><point x=\"11550\" y=\"178344\"/><point x=\"11550\" y=\"185684\"/><point x=\"11850\" y=\"185684\"/><point x=\"11850\" y=\"194100\"/></connector></ddscontrol><ddscontrol semanticcookie=\"0155fc276055fc27\" controlprogid=\"MSDDS.Text.080.1\" left=\"6138\" top=\"187272\" logicalid=\"101\" controlid=\"101\" masterid=\"100\" hint1=\"0\" hint2=\"0\" width=\"5537\" height=\"318\" noresize=\"1\" nomove=\"0\" nodefaultattachpoints=\"1\" autodrag=\"1\" usedefaultiddshape=\"1\" selectable=\"1\" showselectionhandles=\"1\" allownudging=\"1\" isannotation=\"0\" dontautolayout=\"1\" groupcollapsed=\"0\" tabstop=\"0\" visible=\"0\" snaptogrid=\"0\"><control><ddsxmlobjectstreaminitwrapper binary=\"00020000a11500003e0100000300000000000500008008000080010000001500018600009001905f010004cbcecce51e0046004b005f005f007300790073005f0072006f006c0065004d005f005f0052006f006c00650043005f005f003200390045003100330037003000410000000000\"/></control><layoutobject><ddsxmlobj/></layoutobject><shape groupshapeid=\"0\" groupnode=\"0\"/></ddscontrol><ddscontrol semanticcookie=\"014ff97701000000640062006f00000046004b005f005f007300790073005f0072006f006c0065004d005f005f0042007500740074006f005f005f00320037004600380045004500390038000000\" controlprogid=\"MSDDS.Polyline.080.1\" tooltip=\"âsys_buttonâä¸âsys_roleMenuButtonMapâä¹é´çå³ç³»âFK__sys_roleM__Butto__27F8EE98â\" left=\"5987\" top=\"195343\" logicalid=\"102\" controlid=\"102\" masterid=\"0\" hint1=\"0\" hint2=\"0\" width=\"3013\" height=\"815\" noresize=\"0\" nomove=\"0\" nodefaultattachpoints=\"1\" autodrag=\"0\" usedefaultiddshape=\"0\" selectable=\"1\" showselectionhandles=\"0\" allownudging=\"1\" isannotation=\"0\" dontautolayout=\"0\" groupcollapsed=\"0\" tabstop=\"1\" visible=\"1\" snaptogrid=\"0\"><control><ddsxmlobj><polyline endtypedst=\"0\" endtypesrc=\"2\" usercolor=\"15790320\" linestyle=\"0\" linerender=\"0\" customendtypedstid=\"0\" customendtypesrcid=\"0\" adornsvisible=\"1\"><adornment percentpos=\"54.4049107650335\" controlid=\"103\" width=\"5537\" height=\"318\" side=\"0\" behavior=\"3\" himetric=\"1312\" distfromline=\"175\" startobj=\"0\" x=\"4588\" y=\"195925\" visible=\"0\" allowoverlap=\"1\" usepercent=\"1\"/></polyline></ddsxmlobj></control><layoutobject><ddsxmlobj/></layoutobject><connector sourceid=\"69\" destid=\"97\" sourceattachpoint=\"123\" destattachpoint=\"102\" segmenteditmode=\"0\" bendpointeditmode=\"0\" bendpointvisibility=\"0\" relatedid=\"0\" virtual=\"0\"><point x=\"6287\" y=\"195750\"/><point x=\"8700\" y=\"195750\"/></connector></ddscontrol><ddscontrol semanticcookie=\"0162fc272062fc27\" controlprogid=\"MSDDS.Text.080.1\" left=\"4588\" top=\"195925\" logicalid=\"103\" controlid=\"103\" masterid=\"102\" hint1=\"0\" hint2=\"0\" width=\"5537\" height=\"318\" noresize=\"1\" nomove=\"0\" nodefaultattachpoints=\"1\" autodrag=\"1\" usedefaultiddshape=\"1\" selectable=\"1\" showselectionhandles=\"1\" allownudging=\"1\" isannotation=\"0\" dontautolayout=\"1\" groupcollapsed=\"0\" tabstop=\"0\" visible=\"0\" snaptogrid=\"0\"><control><ddsxmlobjectstreaminitwrapper binary=\"00020000a11500003e0100000300000000000500008008000080010000001500018600009001905f010004cbcecce51e0046004b005f005f007300790073005f0072006f006c0065004d005f005f0042007500740074006f005f005f003200370046003800450045003900380000000000\"/></control><layoutobject><ddsxmlobj/></layoutobject><shape groupshapeid=\"0\" groupnode=\"0\"/></ddscontrol><ddscontrol controlprogid=\"{623AC075-2C77-4873-883D-930B4364B4BC}\" tooltip=\"sys_roleMenuColumnMap\" left=\"17400\" top=\"186300\" logicalid=\"104\" controlid=\"104\" masterid=\"0\" hint1=\"0\" hint2=\"0\" width=\"6287\" height=\"3979\" noresize=\"0\" nomove=\"0\" nodefaultattachpoints=\"0\" autodrag=\"0\" usedefaultiddshape=\"0\" selectable=\"1\" showselectionhandles=\"0\" allownudging=\"1\" isannotation=\"0\" dontautolayout=\"0\" groupcollapsed=\"0\" tabstop=\"1\" visible=\"1\" snaptogrid=\"1\"><control><ddsxmlobjectstreaminitwrapper binary=\"21433412080000008f1800008b0f00007856341207000000140100007300790073005f0072006f006c0065004d0065006e00750043006f006c0075006d006e004d00610070000000fff0eafffff0eafffff0eafffff0eafffff0eafffff0eafffff0eafffff0eafffff0eafffff0eafffff0eafffff0eafffff0eafffff0eafffff0eafffff0eafffff0eafffff0eafffff0eafffff0eafffff0eafffff0eafffff0eafffff0eafffff0eafffff0eafffff0eafffff0eafffff0eafffff0eafffff0eafffff0eafffff0eaff00000000fef4f2fffef4f2fffef4f2fffef4f2fffef4f2fffef4f2fffef4f2fffef4f2fffef4f2fffef4f2fffdf3f1fffdf2f0ffe2c8c2ffa8a8a8ffa8a8000000000000000000000100000005000000540000002c0000002c0000002c000000340000000000000000000000382e0000c1140000000000002d010000070000000c000000070000001c010000500a000070080000600000007800000054000000a0050000b40000006c000000b4000000e40000009c00000000000000010000008f1800008b0f000000000000050000000500000002000000020000001c010000d80900000000000001000000401500009709000000000000030000000300000002000000020000001c010000500a0000010000000000000040150000e502000000000000000000000000000002000000020000001c010000500a00000000000000000000243800002622000000000000000000000d00000004000000040000001c010000500a0000300c00008007000078563412040000007400000001000000010000000b000000000000000100000002000000030000000400000005000000060000000700000008000000090000000a00000004000000640062006f000000160000007300790073005f0072006f006c0065004d0065006e00750043006f006c0075006d006e004d00610070000000\"/></control><layoutobject><ddsxmlobj><property name=\"ActiveTableViewMode\" value=\"1\" vartype=\"8\"/><property name=\"TableViewMode:0\" value=\"4,0,284,0,2640,1,2160,5,1440\" vartype=\"8\"/><property name=\"TableViewMode:1\" value=\"2,0,284,0,2520\" vartype=\"8\"/><property name=\"TableViewMode:2\" value=\"2,0,284,0,2640\" vartype=\"8\"/><property name=\"TableViewMode:3\" value=\"2,0,284,0,2640\" vartype=\"8\"/><property name=\"TableViewMode:4\" value=\"4,0,284,0,2640,12,3120,11,1920\" vartype=\"8\"/></ddsxmlobj></layoutobject><shape groupshapeid=\"0\" groupnode=\"0\"/></ddscontrol><ddscontrol semanticcookie=\"014ff97701000000640062006f00000046004b005f005f007300790073005f0072006f006c00650043005f005f004d0065006e00750043005f005f00330036003400370030004400450046000000\" controlprogid=\"MSDDS.Polyline.080.1\" tooltip=\"âsys_menuâä¸âsys_roleMenuColumnMapâä¹é´çå³ç³»âFK__sys_roleC__MenuC__36470DEFâ\" left=\"23387\" top=\"184843\" logicalid=\"105\" controlid=\"105\" masterid=\"0\" hint1=\"0\" hint2=\"0\" width=\"20413\" height=\"3787\" noresize=\"0\" nomove=\"0\" nodefaultattachpoints=\"1\" autodrag=\"0\" usedefaultiddshape=\"0\" selectable=\"1\" showselectionhandles=\"0\" allownudging=\"1\" isannotation=\"0\" dontautolayout=\"0\" groupcollapsed=\"0\" tabstop=\"1\" visible=\"1\" snaptogrid=\"0\"><control><ddsxmlobj><polyline endtypedst=\"0\" endtypesrc=\"2\" usercolor=\"15790320\" linestyle=\"0\" linerender=\"0\" customendtypedstid=\"0\" customendtypesrcid=\"0\" adornsvisible=\"1\"><adornment percentpos=\"49.9976205206301\" controlid=\"106\" width=\"5537\" height=\"318\" side=\"0\" behavior=\"3\" himetric=\"11405\" distfromline=\"175\" startobj=\"0\" x=\"31473\" y=\"187757\" visible=\"0\" allowoverlap=\"1\" usepercent=\"1\"/></polyline></ddsxmlobj></control><layoutobject><ddsxmlobj/></layoutobject><connector sourceid=\"77\" destid=\"104\" sourceattachpoint=\"138\" destattachpoint=\"107\" segmenteditmode=\"0\" bendpointeditmode=\"0\" bendpointvisibility=\"0\" relatedid=\"0\" virtual=\"0\"><point x=\"43500\" y=\"185250\"/><point x=\"41680\" y=\"185250\"/><point x=\"41680\" y=\"188250\"/><point x=\"23687\" y=\"188250\"/></connector></ddscontrol><ddscontrol semanticcookie=\"0160fc27a060fc27\" controlprogid=\"MSDDS.Text.080.1\" left=\"31473\" top=\"187757\" logicalid=\"106\" controlid=\"106\" masterid=\"105\" hint1=\"0\" hint2=\"0\" width=\"5537\" height=\"318\" noresize=\"1\" nomove=\"0\" nodefaultattachpoints=\"1\" autodrag=\"1\" usedefaultiddshape=\"1\" selectable=\"1\" showselectionhandles=\"1\" allownudging=\"1\" isannotation=\"0\" dontautolayout=\"1\" groupcollapsed=\"0\" tabstop=\"0\" visible=\"0\" snaptogrid=\"0\"><control><ddsxmlobjectstreaminitwrapper binary=\"00020000a11500003e0100000300000000000500008008000080010000001500018600009001905f010004cbcecce51e0046004b005f005f007300790073005f0072006f006c00650043005f005f004d0065006e00750043005f005f003300360034003700300044004500460000000000\"/></control><layoutobject><ddsxmlobj/></layoutobject><shape groupshapeid=\"0\" groupnode=\"0\"/></ddscontrol><ddscontrol semanticcookie=\"014ff97701000000640062006f00000046004b005f005f007300790073005f0072006f006c00650043005f005f0052006f006c00650043005f005f00330035003500320045003900420036000000\" controlprogid=\"MSDDS.Polyline.080.1\" tooltip=\"âsys_roleâä¸âsys_roleMenuColumnMapâä¹é´çå³ç³»âFK__sys_roleC__RoleC__3552E9B6â\" left=\"11593\" top=\"177649\" logicalid=\"107\" controlid=\"107\" masterid=\"0\" hint1=\"0\" hint2=\"0\" width=\"9337\" height=\"9351\" noresize=\"0\" nomove=\"0\" nodefaultattachpoints=\"1\" autodrag=\"0\" usedefaultiddshape=\"0\" selectable=\"1\" showselectionhandles=\"0\" allownudging=\"1\" isannotation=\"0\" dontautolayout=\"0\" groupcollapsed=\"0\" tabstop=\"1\" visible=\"1\" snaptogrid=\"0\"><control><ddsxmlobj><polyline endtypedst=\"0\" endtypesrc=\"2\" usercolor=\"15790320\" linestyle=\"0\" linerender=\"0\" customendtypedstid=\"0\" customendtypesrcid=\"0\" adornsvisible=\"1\"><adornment percentpos=\"56.937248128958\" controlid=\"108\" width=\"5537\" height=\"318\" side=\"0\" behavior=\"3\" himetric=\"9398\" distfromline=\"175\" startobj=\"0\" x=\"8526\" y=\"185679\" visible=\"0\" allowoverlap=\"1\" usepercent=\"1\"/></polyline></ddsxmlobj></control><layoutobject><ddsxmlobj/></layoutobject><connector sourceid=\"94\" destid=\"104\" sourceattachpoint=\"43\" destattachpoint=\"40\" segmenteditmode=\"0\" bendpointeditmode=\"0\" bendpointvisibility=\"0\" relatedid=\"0\" virtual=\"0\"><point x=\"12000\" y=\"178344\"/><point x=\"12000\" y=\"185504\"/><point x=\"20550\" y=\"185504\"/><point x=\"20550\" y=\"186300\"/></connector></ddscontrol><ddscontrol semanticcookie=\"0160fc272060fc27\" controlprogid=\"MSDDS.Text.080.1\" left=\"8526\" top=\"185679\" logicalid=\"108\" controlid=\"108\" masterid=\"107\" hint1=\"0\" hint2=\"0\" width=\"5537\" height=\"318\" noresize=\"1\" nomove=\"0\" nodefaultattachpoints=\"1\" autodrag=\"1\" usedefaultiddshape=\"1\" selectable=\"1\" showselectionhandles=\"1\" allownudging=\"1\" isannotation=\"0\" dontautolayout=\"1\" groupcollapsed=\"0\" tabstop=\"0\" visible=\"0\" snaptogrid=\"0\"><control><ddsxmlobjectstreaminitwrapper binary=\"00020000a11500003e0100000300000000000500008008000080010000001500018600009001905f010004cbcecce51e0046004b005f005f007300790073005f0072006f006c00650043005f005f0052006f006c00650043005f005f003300350035003200450039004200360000000000\"/></control><layoutobject><ddsxmlobj/></layoutobject><shape groupshapeid=\"0\" groupnode=\"0\"/></ddscontrol><ddscontrol controlprogid=\"{623AC075-2C77-4873-883D-930B4364B4BC}\" tooltip=\"sys_roleMenuMap\" left=\"8700\" top=\"167400\" logicalid=\"109\" controlid=\"109\" masterid=\"0\" hint1=\"0\" hint2=\"0\" width=\"6287\" height=\"2836\" noresize=\"0\" nomove=\"0\" nodefaultattachpoints=\"0\" autodrag=\"0\" usedefaultiddshape=\"0\" selectable=\"1\" showselectionhandles=\"0\" allownudging=\"1\" isannotation=\"0\" dontautolayout=\"0\" groupcollapsed=\"0\" tabstop=\"1\" visible=\"1\" snaptogrid=\"1\"><control><ddsxmlobjectstreaminitwrapper binary=\"21433412080000008f180000140b00007856341207000000140100007300790073005f0072006f006c0065004d0065006e0075004d00610070000000fff0eafffff0eafffff0eafffff0eafffff0eafffff0eaffc2efe9fe3d286afec2731afee0efe9fe3d4f8bfefeb26afefff0eafffff0eafffff0eaff6193cafe84281afefeefabfefff0eafffff0eafffff0eafffff0eafffff0eafffff0eaff84b2e9fe84281afefeefabfefff0eafffff0eafffff0eafffff0eafffff0eafffff0eafffff0eafffff0eafffff0eafffff0eafffff0eafffff0eafffff0eafffff0eafffff0eafffff0eafffff0eafffff0eafffff0eafffff0eafffff0eafffff0eafffff0eafffff0eafffff0000000000000000000000100000005000000540000002c0000002c0000002c000000340000000000000000000000382e0000c1140000000000002d010000070000000c000000070000001c010000500a000070080000600000007800000054000000a0050000b40000006c000000b4000000e40000009c00000000000000010000008f180000140b000000000000030000000300000002000000020000001c010000d80900000000000001000000401500009709000000000000030000000300000002000000020000001c010000500a0000010000000000000040150000e502000000000000000000000000000002000000020000001c010000500a00000000000000000000243800002622000000000000000000000d00000004000000040000001c010000500a0000300c00008007000078563412040000006800000001000000010000000b000000000000000100000002000000030000000400000005000000060000000700000008000000090000000a00000004000000640062006f000000100000007300790073005f0072006f006c0065004d0065006e0075004d00610070000000\"/></control><layoutobject><ddsxmlobj><property name=\"ActiveTableViewMode\" value=\"1\" vartype=\"8\"/><property name=\"TableViewMode:0\" value=\"4,0,284,0,2640,1,2160,5,1440\" vartype=\"8\"/><property name=\"TableViewMode:1\" value=\"2,0,284,0,2520\" vartype=\"8\"/><property name=\"TableViewMode:2\" value=\"2,0,284,0,2640\" vartype=\"8\"/><property name=\"TableViewMode:3\" value=\"2,0,284,0,2640\" vartype=\"8\"/><property name=\"TableViewMode:4\" value=\"4,0,284,0,2640,12,3120,11,1920\" vartype=\"8\"/></ddsxmlobj></layoutobject><shape groupshapeid=\"0\" groupnode=\"0\"/></ddscontrol><ddscontrol semanticcookie=\"014ff97701000000640062006f00000046004b005f005f0053007900730052006f006c006500460075005f005f00460075006e00630074005f005f00300044003700410030003200380036000000\" controlprogid=\"MSDDS.Polyline.080.1\" tooltip=\"âsys_menuâä¸âsys_roleMenuMapâä¹é´çå³ç³»âFK__SysRoleFu__Funct__0D7A0286â\" left=\"14687\" top=\"168371\" logicalid=\"110\" controlid=\"110\" masterid=\"0\" hint1=\"0\" hint2=\"0\" width=\"29113\" height=\"16837\" noresize=\"0\" nomove=\"0\" nodefaultattachpoints=\"1\" autodrag=\"0\" usedefaultiddshape=\"0\" selectable=\"1\" showselectionhandles=\"0\" allownudging=\"1\" isannotation=\"0\" dontautolayout=\"0\" groupcollapsed=\"0\" tabstop=\"1\" visible=\"1\" snaptogrid=\"0\"><control><ddsxmlobj><polyline endtypedst=\"0\" endtypesrc=\"2\" usercolor=\"15790320\" linestyle=\"0\" linerender=\"0\" customendtypedstid=\"0\" customendtypesrcid=\"0\" adornsvisible=\"1\"><adornment percentpos=\"49.9980286243741\" controlid=\"111\" width=\"5537\" height=\"318\" side=\"0\" behavior=\"3\" himetric=\"22280\" distfromline=\"175\" startobj=\"0\" x=\"37416\" y=\"168257\" visible=\"0\" allowoverlap=\"1\" usepercent=\"1\"/></polyline></ddsxmlobj></control><layoutobject><ddsxmlobj/></layoutobject><connector sourceid=\"77\" destid=\"109\" sourceattachpoint=\"132\" destattachpoint=\"99\" segmenteditmode=\"0\" bendpointeditmode=\"0\" bendpointvisibility=\"0\" relatedid=\"0\" virtual=\"0\"><point x=\"43500\" y=\"184800\"/><point x=\"41680\" y=\"184800\"/><point x=\"41680\" y=\"168750\"/><point x=\"14987\" y=\"168750\"/></connector></ddscontrol><ddscontrol semanticcookie=\"0163fc276063fc27\" controlprogid=\"MSDDS.Text.080.1\" left=\"37416\" top=\"168257\" logicalid=\"111\" controlid=\"111\" masterid=\"110\" hint1=\"0\" hint2=\"0\" width=\"5537\" height=\"318\" noresize=\"1\" nomove=\"0\" nodefaultattachpoints=\"1\" autodrag=\"1\" usedefaultiddshape=\"1\" selectable=\"1\" showselectionhandles=\"1\" allownudging=\"1\" isannotation=\"0\" dontautolayout=\"1\" groupcollapsed=\"0\" tabstop=\"0\" visible=\"0\" snaptogrid=\"0\"><control><ddsxmlobjectstreaminitwrapper binary=\"00020000a11500003e0100000300000000000500008008000080010000001500018600009001905f010004cbcecce51e0046004b005f005f0053007900730052006f006c006500460075005f005f00460075006e00630074005f005f003000440037004100300032003800360000000000\"/></control><layoutobject><ddsxmlobj/></layoutobject><shape groupshapeid=\"0\" groupnode=\"0\"/></ddscontrol><ddscontrol semanticcookie=\"014ff97701000000640062006f00000046004b005f005f0053007900730052006f006c006500460075005f005f0052006f006c00650043005f005f00300043003800350044004500340044000000\" controlprogid=\"MSDDS.Polyline.080.1\" tooltip=\"âsys_roleâä¸âsys_roleMenuMapâä¹é´çå³ç³»âFK__SysRoleFu__RoleC__0C85DE4Dâ\" left=\"11443\" top=\"169537\" logicalid=\"112\" controlid=\"112\" masterid=\"0\" hint1=\"0\" hint2=\"0\" width=\"815\" height=\"3809\" noresize=\"0\" nomove=\"0\" nodefaultattachpoints=\"1\" autodrag=\"0\" usedefaultiddshape=\"0\" selectable=\"1\" showselectionhandles=\"0\" allownudging=\"1\" isannotation=\"0\" dontautolayout=\"0\" groupcollapsed=\"0\" tabstop=\"1\" visible=\"1\" snaptogrid=\"0\"><control><ddsxmlobj><polyline endtypedst=\"0\" endtypesrc=\"2\" usercolor=\"15790320\" linestyle=\"0\" linerender=\"0\" customendtypedstid=\"0\" customendtypesrcid=\"0\" adornsvisible=\"1\"><adornment percentpos=\"50\" controlid=\"113\" width=\"5537\" height=\"318\" side=\"1\" behavior=\"3\" himetric=\"1207\" distfromline=\"175\" startobj=\"0\" x=\"6138\" y=\"171284\" visible=\"0\" allowoverlap=\"1\" usepercent=\"1\"/></polyline></ddsxmlobj></control><layoutobject><ddsxmlobj/></layoutobject><connector sourceid=\"94\" destid=\"109\" sourceattachpoint=\"40\" destattachpoint=\"41\" segmenteditmode=\"0\" bendpointeditmode=\"0\" bendpointvisibility=\"0\" relatedid=\"0\" virtual=\"0\"><point x=\"11850\" y=\"172650\"/><point x=\"11850\" y=\"170236\"/></connector></ddscontrol><ddscontrol semanticcookie=\"015efc27a05efc27\" controlprogid=\"MSDDS.Text.080.1\" left=\"6138\" top=\"171284\" logicalid=\"113\" controlid=\"113\" masterid=\"112\" hint1=\"0\" hint2=\"0\" width=\"5537\" height=\"318\" noresize=\"1\" nomove=\"0\" nodefaultattachpoints=\"1\" autodrag=\"1\" usedefaultiddshape=\"1\" selectable=\"1\" showselectionhandles=\"1\" allownudging=\"1\" isannotation=\"0\" dontautolayout=\"1\" groupcollapsed=\"0\" tabstop=\"0\" visible=\"0\" snaptogrid=\"0\"><control><ddsxmlobjectstreaminitwrapper binary=\"00020000a11500003e0100000300000000000500008008000080010000001500018600009001905f010004cbcecce51e0046004b005f005f0053007900730052006f006c006500460075005f005f0052006f006c00650043005f005f003000430038003500440045003400440000000000\"/></control><layoutobject><ddsxmlobj/></layoutobject><shape groupshapeid=\"0\" groupnode=\"0\"/></ddscontrol><ddscontrol controlprogid=\"{623AC075-2C77-4873-883D-930B4364B4BC}\" tooltip=\"sys_rolePermissionMap\" left=\"0\" top=\"169950\" logicalid=\"114\" controlid=\"114\" masterid=\"0\" hint1=\"0\" hint2=\"0\" width=\"6287\" height=\"3408\" noresize=\"0\" nomove=\"0\" nodefaultattachpoints=\"0\" autodrag=\"0\" usedefaultiddshape=\"0\" selectable=\"1\" showselectionhandles=\"0\" allownudging=\"1\" isannotation=\"0\" dontautolayout=\"0\" groupcollapsed=\"0\" tabstop=\"1\" visible=\"1\" snaptogrid=\"1\"><control><ddsxmlobjectstreaminitwrapper binary=\"21433412080000008f180000500d00007856341207000000140100007300790073005f0072006f006c0065005000650072006d0069007300730069006f006e004d00610070000000fff0eafffff0eafffff0eafffff0eafffff0eafffff0eafffff0eafffff0eafffff0eafffff0eafffff0eaffa3d1e9fe3d2844fe3e291bffe09344fefff0eafffff0eafffff0eafffff0eafffff0eafffff0eaff6193cafe3e291bff3e291bff61281afefed18bfefff0eafffff0eafffff0eaff6193cafec2731afefff0eafffff0eafffff0eafffff0eafffff0eafffff0eafffff0eaff6193cafe3e291bfffeb26afefff0eafffff0eafffff0eaff84b2e9fe61281afefed18bfefff0eafffff0000000000000000000000100000005000000540000002c0000002c0000002c000000340000000000000000000000382e0000c1140000000000002d010000070000000c000000070000001c010000500a000070080000600000007800000054000000a0050000b40000006c000000b4000000e40000009c00000000000000010000008f180000500d000000000000040000000400000002000000020000001c010000d80900000000000001000000401500009709000000000000030000000300000002000000020000001c010000500a0000010000000000000040150000e502000000000000000000000000000002000000020000001c010000500a00000000000000000000243800002622000000000000000000000d00000004000000040000001c010000500a0000300c00008007000078563412040000007400000001000000010000000b000000000000000100000002000000030000000400000005000000060000000700000008000000090000000a00000004000000640062006f000000160000007300790073005f0072006f006c0065005000650072006d0069007300730069006f006e004d00610070000000\"/></control><layoutobject><ddsxmlobj><property name=\"ActiveTableViewMode\" value=\"1\" vartype=\"8\"/><property name=\"TableViewMode:0\" value=\"4,0,284,0,2640,1,2160,5,1440\" vartype=\"8\"/><property name=\"TableViewMode:1\" value=\"2,0,284,0,2520\" vartype=\"8\"/><property name=\"TableViewMode:2\" value=\"2,0,284,0,2640\" vartype=\"8\"/><property name=\"TableViewMode:3\" value=\"2,0,284,0,2640\" vartype=\"8\"/><property name=\"TableViewMode:4\" value=\"4,0,284,0,2640,12,3120,11,1920\" vartype=\"8\"/></ddsxmlobj></layoutobject><shape groupshapeid=\"0\" groupnode=\"0\"/></ddscontrol><ddscontrol semanticcookie=\"014ff97701000000640062006f00000046004b005f005f007300790073005f0072006f006c00650041005f005f0052006f006c00650043005f005f00320046003900410031003000360030000000\" controlprogid=\"MSDDS.Polyline.080.1\" tooltip=\"âsys_roleâä¸âsys_rolePermissionMapâä¹é´çå³ç³»âFK__sys_roleA__RoleC__2F9A1060â\" left=\"5987\" top=\"171221\" logicalid=\"115\" controlid=\"115\" masterid=\"0\" hint1=\"0\" hint2=\"0\" width=\"3013\" height=\"4687\" noresize=\"0\" nomove=\"0\" nodefaultattachpoints=\"1\" autodrag=\"0\" usedefaultiddshape=\"0\" selectable=\"1\" showselectionhandles=\"0\" allownudging=\"1\" isannotation=\"0\" dontautolayout=\"0\" groupcollapsed=\"0\" tabstop=\"1\" visible=\"1\" snaptogrid=\"0\"><control><ddsxmlobj><polyline endtypedst=\"0\" endtypesrc=\"2\" usercolor=\"15790320\" linestyle=\"0\" linerender=\"0\" customendtypedstid=\"0\" customendtypesrcid=\"0\" adornsvisible=\"1\"><adornment percentpos=\"73.1811697574893\" controlid=\"116\" width=\"5537\" height=\"318\" side=\"0\" behavior=\"3\" himetric=\"4619\" distfromline=\"175\" startobj=\"0\" x=\"6875\" y=\"172388\" visible=\"0\" allowoverlap=\"1\" usepercent=\"1\"/></polyline></ddsxmlobj></control><layoutobject><ddsxmlobj/></layoutobject><connector sourceid=\"94\" destid=\"114\" sourceattachpoint=\"118\" destattachpoint=\"103\" segmenteditmode=\"0\" bendpointeditmode=\"0\" bendpointvisibility=\"0\" relatedid=\"0\" virtual=\"0\"><point x=\"8700\" y=\"175500\"/><point x=\"6700\" y=\"175500\"/><point x=\"6700\" y=\"171600\"/><point x=\"6287\" y=\"171600\"/></connector></ddscontrol><ddscontrol semanticcookie=\"0162fc27e062fc27\" controlprogid=\"MSDDS.Text.080.1\" left=\"6875\" top=\"172388\" logicalid=\"116\" controlid=\"116\" masterid=\"115\" hint1=\"0\" hint2=\"0\" width=\"5537\" height=\"318\" noresize=\"1\" nomove=\"0\" nodefaultattachpoints=\"1\" autodrag=\"1\" usedefaultiddshape=\"1\" selectable=\"1\" showselectionhandles=\"1\" allownudging=\"1\" isannotation=\"0\" dontautolayout=\"1\" groupcollapsed=\"0\" tabstop=\"0\" visible=\"0\" snaptogrid=\"0\"><control><ddsxmlobjectstreaminitwrapper binary=\"00020000a11500003e0100000300000000000500008008000080010000001500018600009001905f010004cbcecce51e0046004b005f005f007300790073005f0072006f006c00650041005f005f0052006f006c00650043005f005f003200460039004100310030003600300000000000\"/></control><layoutobject><ddsxmlobj/></layoutobject><shape groupshapeid=\"0\" groupnode=\"0\"/></ddscontrol><ddscontrol semanticcookie=\"014ff97701000000640062006f00000046004b005f005f007300790073005f0072006f006c00650041005f005f00410075007400680043005f005f00320045004100350045004300320037000000\" controlprogid=\"MSDDS.Polyline.080.1\" tooltip=\"âsys_permissionâä¸âsys_rolePermissionMapâä¹é´çå³ç³»âFK__sys_roleA__AuthC__2EA5EC27â\" left=\"2743\" top=\"172659\" logicalid=\"117\" controlid=\"117\" masterid=\"0\" hint1=\"0\" hint2=\"0\" width=\"815\" height=\"3837\" noresize=\"0\" nomove=\"0\" nodefaultattachpoints=\"1\" autodrag=\"0\" usedefaultiddshape=\"0\" selectable=\"1\" showselectionhandles=\"0\" allownudging=\"1\" isannotation=\"0\" dontautolayout=\"0\" groupcollapsed=\"0\" tabstop=\"1\" visible=\"1\" snaptogrid=\"0\"><control><ddsxmlobj><polyline endtypedst=\"0\" endtypesrc=\"2\" usercolor=\"15790320\" linestyle=\"0\" linerender=\"0\" customendtypedstid=\"0\" customendtypesrcid=\"0\" adornsvisible=\"1\"><adornment percentpos=\"71.2313759859772\" controlid=\"118\" width=\"5537\" height=\"318\" side=\"0\" behavior=\"3\" himetric=\"1739\" distfromline=\"175\" startobj=\"0\" x=\"3325\" y=\"173969\" visible=\"0\" allowoverlap=\"1\" usepercent=\"1\"/></polyline></ddsxmlobj></control><layoutobject><ddsxmlobj/></layoutobject><connector sourceid=\"93\" destid=\"114\" sourceattachpoint=\"40\" destattachpoint=\"41\" segmenteditmode=\"0\" bendpointeditmode=\"0\" bendpointvisibility=\"0\" relatedid=\"0\" virtual=\"0\"><point x=\"3150\" y=\"175800\"/><point x=\"3150\" y=\"173358\"/></connector></ddscontrol><ddscontrol semanticcookie=\"015ffc27a05ffc27\" controlprogid=\"MSDDS.Text.080.1\" left=\"3325\" top=\"173969\" logicalid=\"118\" controlid=\"118\" masterid=\"117\" hint1=\"0\" hint2=\"0\" width=\"5537\" height=\"318\" noresize=\"1\" nomove=\"0\" nodefaultattachpoints=\"1\" autodrag=\"1\" usedefaultiddshape=\"1\" selectable=\"1\" showselectionhandles=\"1\" allownudging=\"1\" isannotation=\"0\" dontautolayout=\"1\" groupcollapsed=\"0\" tabstop=\"0\" visible=\"0\" snaptogrid=\"0\"><control><ddsxmlobjectstreaminitwrapper binary=\"00020000a11500003e010000030000000000ffffff0008000080010000001500018600009001905f010004cbcecce51e0046004b005f005f007300790073005f0072006f006c00650041005f005f00410075007400680043005f005f003200450041003500450043003200370000000000\"/></control><layoutobject><ddsxmlobj/></layoutobject><shape groupshapeid=\"0\" groupnode=\"0\"/></ddscontrol><ddscontrol controlprogid=\"{623AC075-2C77-4873-883D-930B4364B4BC}\" tooltip=\"sys_SystemAlarm\" left=\"27900\" top=\"0\" logicalid=\"119\" controlid=\"119\" masterid=\"0\" hint1=\"0\" hint2=\"0\" width=\"6287\" height=\"3408\" noresize=\"0\" nomove=\"0\" nodefaultattachpoints=\"0\" autodrag=\"0\" usedefaultiddshape=\"0\" selectable=\"1\" showselectionhandles=\"0\" allownudging=\"1\" isannotation=\"0\" dontautolayout=\"0\" groupcollapsed=\"0\" tabstop=\"1\" visible=\"1\" snaptogrid=\"1\"><control><ddsxmlobjectstreaminitwrapper binary=\"21433412080000008f180000500d00007856341207000000140100007300790073005f00530079007300740065006d0041006c00610072006d000000848484fffef3f2fffef4f2fffef4f2fffef4f2fffef4f2fffef4f2fffef4f2fffef4f2fffff0eafffff0eafffff0eafffff0eafffff0eafffff0eafffff0eafffff0eafffff0eafffff0eafffff0eafffff0eaff3d73abfefeb26afefff0eafffff0eaff3d73abfee09344fefff0eaff84b2e9fea34f1afefeefcafefff0eaff6193cafec2731afefff0eafffff0eaffe0efe9fe3d4f8bfee09344fefff0eafffff0eafffff0eaff3d73abfec2731afefff0eafffff0eaff84b2e9fe84281afefeefabfefff0eafffff0eafffff0000000000000000000000100000005000000540000002c0000002c0000002c000000340000000000000000000000382e0000c1140000000000002d010000070000000c000000070000001c010000500a0000700800002001000068010000fc000000a00500001c020000440100001c020000ac020000d401000000000000010000008f180000500d000000000000040000000400000002000000020000001c01000094080000000000000100000040150000e502000000000000000000000000000002000000020000001c010000500a0000010000000000000040150000e502000000000000000000000000000002000000020000001c010000500a00000000000000000000243800002622000000000000000000000d00000004000000040000001c010000500a0000300c00008007000078563412040000006800000001000000010000000b000000000000000100000002000000030000000400000005000000060000000700000008000000090000000a00000004000000640062006f000000100000007300790073005f00530079007300740065006d0041006c00610072006d000000\"/></control><layoutobject><ddsxmlobj><property name=\"ActiveTableViewMode\" value=\"1\" vartype=\"8\"/><property name=\"TableViewMode:0\" value=\"4,0,284,0,2640,1,2160,5,1440\" vartype=\"8\"/><property name=\"TableViewMode:1\" value=\"2,0,284,0,2196\" vartype=\"8\"/><property name=\"TableViewMode:2\" value=\"2,0,284,0,2640\" vartype=\"8\"/><property name=\"TableViewMode:3\" value=\"2,0,284,0,2640\" vartype=\"8\"/><property name=\"TableViewMode:4\" value=\"4,0,284,0,2640,12,3120,11,1920\" vartype=\"8\"/></ddsxmlobj></layoutobject><shape groupshapeid=\"0\" groupnode=\"0\"/></ddscontrol><ddscontrol controlprogid=\"{623AC075-2C77-4873-883D-930B4364B4BC}\" tooltip=\"sys_user\" left=\"30450\" top=\"150900\" logicalid=\"120\" controlid=\"120\" masterid=\"0\" hint1=\"0\" hint2=\"0\" width=\"6287\" height=\"9694\" noresize=\"0\" nomove=\"0\" nodefaultattachpoints=\"0\" autodrag=\"0\" usedefaultiddshape=\"0\" selectable=\"1\" showselectionhandles=\"0\" allownudging=\"1\" isannotation=\"0\" dontautolayout=\"0\" groupcollapsed=\"0\" tabstop=\"1\" visible=\"1\" snaptogrid=\"1\"><control><ddsxmlobjectstreaminitwrapper binary=\"21433412080000008f180000de2500007856341207000000140100007300790073005f0075007300650072000000eafffff0eafffff0eafffff0eafffff0eafffff0eafffff0eafffff0eafffff0eafffff0eaff3d73abfee09344fefff0eaff84b2e9fea34f1afefeefcafefff0eafffff0eafffff0eafffff0eafffff0eafffff0eaffa3d1e9fe842844fefeefabfefff0eafffff0eaff3d73abfec2731afefff0eaffc2efe9fe3d286afefeb26afefff0eafffff0eaff84b2e9fe3e291bff3e291bff3e291bff3e291bff3e291bff3e291bff3e291bff3e291bff3e291bff3e291bff3e291bff3e291bff3e291bffe09344fefff0eafffff0eaffc2efe9fe3d286afe61281afefed1000000000000000000000100000005000000540000002c0000002c0000002c000000340000000000000000000000382e000026220000000000002d0100000d0000000c000000070000001c010000500a000070080000600000007800000054000000a0050000b40000006c000000b4000000e40000009c00000000000000010000008f180000de250000000000000f0000000c00000002000000020000001c010000d80900000000000001000000401500002005000000000000010000000100000002000000020000001c010000500a0000010000000000000040150000e502000000000000000000000000000002000000020000001c010000500a00000000000000000000243800002622000000000000000000000d00000004000000040000001c010000500a0000300c00008007000078563412040000005a00000001000000010000000b000000000000000100000002000000030000000400000005000000060000000700000008000000090000000a00000004000000640062006f000000090000007300790073005f0075007300650072000000\"/></control><layoutobject><ddsxmlobj><property name=\"ActiveTableViewMode\" value=\"1\" vartype=\"8\"/><property name=\"TableViewMode:0\" value=\"4,0,284,0,2640,1,2160,5,1440\" vartype=\"8\"/><property name=\"TableViewMode:1\" value=\"2,0,284,0,2520\" vartype=\"8\"/><property name=\"TableViewMode:2\" value=\"2,0,284,0,2640\" vartype=\"8\"/><property name=\"TableViewMode:3\" value=\"2,0,284,0,2640\" vartype=\"8\"/><property name=\"TableViewMode:4\" value=\"4,0,284,0,2640,12,3120,11,1920\" vartype=\"8\"/></ddsxmlobj></layoutobject><shape groupshapeid=\"0\" groupnode=\"0\"/></ddscontrol><ddscontrol semanticcookie=\"01162d6001000000640062006f00000046004b005f006500710075005f0055007300650072005f00450071007500690070006d0065006e007400470072006f00750070005f004d00610070005f007300790073005f0075007300650072000000\" controlprogid=\"MSDDS.Polyline.080.1\" tooltip=\"âsys_userâä¸âequ_User_EquipmentGroup_Mapâä¹é´çå³ç³»âFK_equ_User_EquipmentGroup_Map_sys_userâ\" left=\"36437\" top=\"155443\" logicalid=\"121\" controlid=\"121\" masterid=\"0\" hint1=\"0\" hint2=\"0\" width=\"13213\" height=\"8587\" noresize=\"0\" nomove=\"0\" nodefaultattachpoints=\"1\" autodrag=\"0\" usedefaultiddshape=\"0\" selectable=\"1\" showselectionhandles=\"0\" allownudging=\"1\" isannotation=\"0\" dontautolayout=\"0\" groupcollapsed=\"0\" tabstop=\"1\" visible=\"1\" snaptogrid=\"0\"><control><ddsxmlobj><polyline endtypedst=\"0\" endtypesrc=\"2\" usercolor=\"15790320\" linestyle=\"0\" linerender=\"0\" customendtypedstid=\"0\" customendtypesrcid=\"0\" adornsvisible=\"1\"><adornment percentpos=\"53.516225312758\" controlid=\"122\" width=\"7198\" height=\"318\" side=\"0\" behavior=\"3\" himetric=\"10924\" distfromline=\"175\" startobj=\"0\" x=\"32509\" y=\"163825\" visible=\"0\" allowoverlap=\"1\" usepercent=\"1\"/></polyline></ddsxmlobj></control><layoutobject><ddsxmlobj/></layoutobject><connector sourceid=\"120\" destid=\"64\" sourceattachpoint=\"147\" destattachpoint=\"112\" segmenteditmode=\"0\" bendpointeditmode=\"0\" bendpointvisibility=\"0\" relatedid=\"0\" virtual=\"0\"><point x=\"36737\" y=\"155850\"/><point x=\"38557\" y=\"155850\"/><point x=\"38557\" y=\"163650\"/><point x=\"49350\" y=\"163650\"/></connector></ddscontrol><ddscontrol semanticcookie=\"0167fc272067fc27\" controlprogid=\"MSDDS.Text.080.1\" left=\"32509\" top=\"163825\" logicalid=\"122\" controlid=\"122\" masterid=\"121\" hint1=\"0\" hint2=\"0\" width=\"7198\" height=\"318\" noresize=\"1\" nomove=\"0\" nodefaultattachpoints=\"1\" autodrag=\"1\" usedefaultiddshape=\"1\" selectable=\"1\" showselectionhandles=\"1\" allownudging=\"1\" isannotation=\"0\" dontautolayout=\"1\" groupcollapsed=\"0\" tabstop=\"0\" visible=\"0\" snaptogrid=\"0\"><control><ddsxmlobjectstreaminitwrapper binary=\"000200001e1c00003e010000030000000000ffffff0008000080010000001500018600009001905f010004cbcecce5270046004b005f006500710075005f0055007300650072005f00450071007500690070006d0065006e007400470072006f00750070005f004d00610070005f007300790073005f00750073006500720000000000\"/></control><layoutobject><ddsxmlobj/></layoutobject><shape groupshapeid=\"0\" groupnode=\"0\"/></ddscontrol><ddscontrol semanticcookie=\"01162d6001000000640062006f00000046004b005f006500710075005f00450071007500690070006d0065006e0074005000610072006100530065007400740069006e0067005200650063006f00720064005f007300790073005f0075007300650072000000\" controlprogid=\"MSDDS.Polyline.080.1\" tooltip=\"âsys_userâä¸âequ_EquipmentParaSettingRecordâä¹é´çå³ç³»âFK_equ_EquipmentParaSettingRecord_sys_userâ\" left=\"36437\" top=\"150521\" logicalid=\"123\" controlid=\"123\" masterid=\"0\" hint1=\"0\" hint2=\"0\" width=\"3013\" height=\"5287\" noresize=\"0\" nomove=\"0\" nodefaultattachpoints=\"1\" autodrag=\"0\" usedefaultiddshape=\"0\" selectable=\"1\" showselectionhandles=\"0\" allownudging=\"1\" isannotation=\"0\" dontautolayout=\"0\" groupcollapsed=\"0\" tabstop=\"1\" visible=\"1\" snaptogrid=\"0\"><control><ddsxmlobj><polyline endtypedst=\"0\" endtypesrc=\"2\" usercolor=\"15790320\" linestyle=\"0\" linerender=\"0\" customendtypedstid=\"0\" customendtypesrcid=\"0\" adornsvisible=\"1\"><adornment percentpos=\"49.9996808272956\" controlid=\"124\" width=\"7752\" height=\"318\" side=\"0\" behavior=\"3\" himetric=\"3456\" distfromline=\"175\" startobj=\"0\" x=\"38732\" y=\"153939\" visible=\"0\" allowoverlap=\"1\" usepercent=\"1\"/></polyline></ddsxmlobj></control><layoutobject><ddsxmlobj/></layoutobject><connector sourceid=\"120\" destid=\"11\" sourceattachpoint=\"141\" destattachpoint=\"154\" segmenteditmode=\"0\" bendpointeditmode=\"0\" bendpointvisibility=\"0\" relatedid=\"0\" virtual=\"0\"><point x=\"36737\" y=\"155400\"/><point x=\"38557\" y=\"155400\"/><point x=\"38557\" y=\"150900\"/><point x=\"39150\" y=\"150900\"/></connector></ddscontrol><ddscontrol semanticcookie=\"0169fc272069fc27\" controlprogid=\"MSDDS.Text.080.1\" left=\"38732\" top=\"153939\" logicalid=\"124\" controlid=\"124\" masterid=\"123\" hint1=\"0\" hint2=\"0\" width=\"7752\" height=\"318\" noresize=\"1\" nomove=\"0\" nodefaultattachpoints=\"1\" autodrag=\"1\" usedefaultiddshape=\"1\" selectable=\"1\" showselectionhandles=\"1\" allownudging=\"1\" isannotation=\"0\" dontautolayout=\"1\" groupcollapsed=\"0\" tabstop=\"0\" visible=\"0\" snaptogrid=\"0\"><control><ddsxmlobjectstreaminitwrapper binary=\"00020000481e00003e010000030000000000ffffff0008000080010000001500018600009001905f010004cbcecce52a0046004b005f006500710075005f00450071007500690070006d0065006e0074005000610072006100530065007400740069006e0067005200650063006f00720064005f007300790073005f00750073006500720000000000\"/></control><layoutobject><ddsxmlobj/></layoutobject><shape groupshapeid=\"0\" groupnode=\"0\"/></ddscontrol><ddscontrol semanticcookie=\"0100000001000000640062006f00000046004b005f006500710075005f00550070006400610074006500500072006f006700720061006d005200650063006f00720064005f007300790073005f0075007300650072000000\" controlprogid=\"MSDDS.Polyline.080.1\" tooltip=\"âsys_userâä¸âequ_UpdateProgramRecordâä¹é´çå³ç³»âFK_equ_UpdateProgramRecord_sys_userâ\" left=\"33193\" top=\"147766\" logicalid=\"125\" controlid=\"125\" masterid=\"0\" hint1=\"0\" hint2=\"0\" width=\"815\" height=\"3830\" noresize=\"0\" nomove=\"0\" nodefaultattachpoints=\"1\" autodrag=\"0\" usedefaultiddshape=\"0\" selectable=\"1\" showselectionhandles=\"0\" allownudging=\"1\" isannotation=\"0\" dontautolayout=\"0\" groupcollapsed=\"0\" tabstop=\"1\" visible=\"1\" snaptogrid=\"0\"><control><ddsxmlobj><polyline endtypedst=\"0\" endtypesrc=\"2\" usercolor=\"15790320\" linestyle=\"0\" linerender=\"0\" customendtypedstid=\"0\" customendtypesrcid=\"0\" adornsvisible=\"1\"><adornment percentpos=\"53.0112317249169\" controlid=\"126\" width=\"6460\" height=\"318\" side=\"0\" behavior=\"3\" himetric=\"1290\" distfromline=\"175\" startobj=\"0\" x=\"33775\" y=\"149460\" visible=\"0\" allowoverlap=\"1\" usepercent=\"1\"/></polyline></ddsxmlobj></control><layoutobject><ddsxmlobj/></layoutobject><connector sourceid=\"120\" destid=\"61\" sourceattachpoint=\"40\" destattachpoint=\"45\" segmenteditmode=\"0\" bendpointeditmode=\"0\" bendpointvisibility=\"0\" relatedid=\"0\" virtual=\"0\"><point x=\"33600\" y=\"150900\"/><point x=\"33600\" y=\"148465\"/></connector></ddscontrol><ddscontrol semanticcookie=\"0169fc27e069fc27\" controlprogid=\"MSDDS.Text.080.1\" left=\"33775\" top=\"149460\" logicalid=\"126\" controlid=\"126\" masterid=\"125\" hint1=\"0\" hint2=\"0\" width=\"6460\" height=\"318\" noresize=\"1\" nomove=\"0\" nodefaultattachpoints=\"1\" autodrag=\"1\" usedefaultiddshape=\"1\" selectable=\"1\" showselectionhandles=\"1\" allownudging=\"1\" isannotation=\"0\" dontautolayout=\"1\" groupcollapsed=\"0\" tabstop=\"0\" visible=\"0\" snaptogrid=\"0\"><control><ddsxmlobjectstreaminitwrapper binary=\"000200003c1900003e010000030000000000ffffff0008000080010000001500018600009001905f010004cbcecce5230046004b005f006500710075005f00550070006400610074006500500072006f006700720061006d005200650063006f00720064005f007300790073005f00750073006500720000000000\"/></control><layoutobject><ddsxmlobj/></layoutobject><shape groupshapeid=\"0\" groupnode=\"0\"/></ddscontrol><ddscontrol controlprogid=\"{623AC075-2C77-4873-883D-930B4364B4BC}\" tooltip=\"sys_User_AppApi_Map\" left=\"21750\" top=\"151800\" logicalid=\"127\" controlid=\"127\" masterid=\"0\" hint1=\"0\" hint2=\"0\" width=\"6287\" height=\"2265\" noresize=\"0\" nomove=\"0\" nodefaultattachpoints=\"0\" autodrag=\"0\" usedefaultiddshape=\"0\" selectable=\"1\" showselectionhandles=\"0\" allownudging=\"1\" isannotation=\"0\" dontautolayout=\"0\" groupcollapsed=\"0\" tabstop=\"1\" visible=\"1\" snaptogrid=\"1\"><control><ddsxmlobjectstreaminitwrapper binary=\"21433412080000008f180000d90800007856341207000000140100007300790073005f0055007300650072005f004100700070004100700069005f004d00610070000000fff0eafffff0eafffff0eafffff0eafffff0eafffff0eafffff0eafffff0eafffff0eafffff0eafffff0eafffff0eafffff0eafffff0eafffff0eafffff0eafffff0eafffff0eafffff0eafffff0eafffff0eafffff0eafffff0eafffff0eafffff0eafffff0eafffff0eafffff0eafffff0eafffff0eafffff0eafffff0eafffff0eafffff0eafffff0eafffff0eafffff0eafffff0eafffff0eafffff0eafffff0eafffff0eafffff0eafffff0eafffff0eafffff0eafffff0eafffff0eafffff0eafffff0000000000000000000000100000005000000540000002c0000002c0000002c000000340000000000000000000000382e0000c1140000000000002d010000070000000c000000070000001c010000500a000070080000600000007800000054000000a0050000b40000006c000000b4000000e40000009c00000000000000010000008f180000d908000000000000020000000200000002000000020000001c010000600900000000000001000000401500005c07000000000000020000000200000002000000020000001c010000500a0000010000000000000040150000e502000000000000000000000000000002000000020000001c010000500a00000000000000000000243800002622000000000000000000000d00000004000000040000001c010000500a0000300c00008007000078563412040000007000000001000000010000000b000000000000000100000002000000030000000400000005000000060000000700000008000000090000000a00000004000000640062006f000000140000007300790073005f0055007300650072005f004100700070004100700069005f004d00610070000000\"/></control><layoutobject><ddsxmlobj><property name=\"ActiveTableViewMode\" value=\"1\" vartype=\"8\"/><property name=\"TableViewMode:0\" value=\"4,0,284,0,2640,1,2160,5,1440\" vartype=\"8\"/><property name=\"TableViewMode:1\" value=\"2,0,284,0,2400\" vartype=\"8\"/><property name=\"TableViewMode:2\" value=\"2,0,284,0,2640\" vartype=\"8\"/><property name=\"TableViewMode:3\" value=\"2,0,284,0,2640\" vartype=\"8\"/><property name=\"TableViewMode:4\" value=\"4,0,284,0,2640,12,3120,11,1920\" vartype=\"8\"/></ddsxmlobj></layoutobject><shape groupshapeid=\"0\" groupnode=\"0\"/></ddscontrol><ddscontrol semanticcookie=\"014ff97701000000640062006f00000046004b005f007300790073005f0055007300650072005f004100700070004100700069005f004d00610070005f007300790073005f0075007300650072000000\" controlprogid=\"MSDDS.Polyline.080.1\" tooltip=\"âsys_userâä¸âsys_User_AppApi_Mapâä¹é´çå³ç³»âFK_sys_User_AppApi_Map_sys_userâ\" left=\"27737\" top=\"152621\" logicalid=\"128\" controlid=\"128\" masterid=\"0\" hint1=\"0\" hint2=\"0\" width=\"3013\" height=\"3487\" noresize=\"0\" nomove=\"0\" nodefaultattachpoints=\"1\" autodrag=\"0\" usedefaultiddshape=\"0\" selectable=\"1\" showselectionhandles=\"0\" allownudging=\"1\" isannotation=\"0\" dontautolayout=\"0\" groupcollapsed=\"0\" tabstop=\"1\" visible=\"1\" snaptogrid=\"0\"><control><ddsxmlobj><polyline endtypedst=\"0\" endtypesrc=\"2\" usercolor=\"15790320\" linestyle=\"0\" linerender=\"0\" customendtypedstid=\"0\" customendtypesrcid=\"0\" adornsvisible=\"1\"><adornment percentpos=\"50\" controlid=\"129\" width=\"5721\" height=\"318\" side=\"1\" behavior=\"3\" himetric=\"2556\" distfromline=\"175\" startobj=\"0\" x=\"22554\" y=\"155319\" visible=\"0\" allowoverlap=\"1\" usepercent=\"1\"/></polyline></ddsxmlobj></control><layoutobject><ddsxmlobj/></layoutobject><connector sourceid=\"120\" destid=\"127\" sourceattachpoint=\"144\" destattachpoint=\"97\" segmenteditmode=\"0\" bendpointeditmode=\"0\" bendpointvisibility=\"0\" relatedid=\"0\" virtual=\"0\"><point x=\"30450\" y=\"155700\"/><point x=\"28450\" y=\"155700\"/><point x=\"28450\" y=\"153000\"/><point x=\"28037\" y=\"153000\"/></connector></ddscontrol><ddscontrol semanticcookie=\"016afc27a06afc27\" controlprogid=\"MSDDS.Text.080.1\" left=\"22554\" top=\"155319\" logicalid=\"129\" controlid=\"129\" masterid=\"128\" hint1=\"0\" hint2=\"0\" width=\"5721\" height=\"318\" noresize=\"1\" nomove=\"0\" nodefaultattachpoints=\"1\" autodrag=\"1\" usedefaultiddshape=\"1\" selectable=\"1\" showselectionhandles=\"1\" allownudging=\"1\" isannotation=\"0\" dontautolayout=\"1\" groupcollapsed=\"0\" tabstop=\"0\" visible=\"0\" snaptogrid=\"0\"><control><ddsxmlobjectstreaminitwrapper binary=\"00020000591600003e010000030000000000ffffff0008000080010000001500018600009001905f010004cbcecce51f0046004b005f007300790073005f0055007300650072005f004100700070004100700069005f004d00610070005f007300790073005f00750073006500720000000000\"/></control><layoutobject><ddsxmlobj/></layoutobject><shape groupshapeid=\"0\" groupnode=\"0\"/></ddscontrol><ddscontrol semanticcookie=\"0168327601000000640062006f00000046004b005f007300790073005f0055007300650072005f004100700070004100700069005f004d00610070005f007300790073005f004100700070004100700069000000\" controlprogid=\"MSDDS.Polyline.080.1\" tooltip=\"âsys_AppApiâä¸âsys_User_AppApi_Mapâä¹é´çå³ç³»âFK_sys_User_AppApi_Map_sys_AppApiâ\" left=\"24493\" top=\"153366\" logicalid=\"130\" controlid=\"130\" masterid=\"0\" hint1=\"0\" hint2=\"0\" width=\"815\" height=\"3780\" noresize=\"0\" nomove=\"0\" nodefaultattachpoints=\"1\" autodrag=\"0\" usedefaultiddshape=\"0\" selectable=\"1\" showselectionhandles=\"0\" allownudging=\"1\" isannotation=\"0\" dontautolayout=\"0\" groupcollapsed=\"0\" tabstop=\"1\" visible=\"1\" snaptogrid=\"0\"><control><ddsxmlobj><polyline endtypedst=\"0\" endtypesrc=\"2\" usercolor=\"15790320\" linestyle=\"0\" linerender=\"0\" customendtypedstid=\"0\" customendtypesrcid=\"0\" adornsvisible=\"1\"><adornment percentpos=\"52.9681467181467\" controlid=\"131\" width=\"6090\" height=\"318\" side=\"0\" behavior=\"3\" himetric=\"1263\" distfromline=\"175\" startobj=\"0\" x=\"25075\" y=\"155037\" visible=\"0\" allowoverlap=\"1\" usepercent=\"1\"/></polyline></ddsxmlobj></control><layoutobject><ddsxmlobj/></layoutobject><connector sourceid=\"68\" destid=\"127\" sourceattachpoint=\"40\" destattachpoint=\"41\" segmenteditmode=\"0\" bendpointeditmode=\"0\" bendpointvisibility=\"0\" relatedid=\"0\" virtual=\"0\"><point x=\"24900\" y=\"156450\"/><point x=\"24900\" y=\"154065\"/></connector></ddscontrol><ddscontrol semanticcookie=\"0165fc276065fc27\" controlprogid=\"MSDDS.Text.080.1\" left=\"25075\" top=\"155037\" logicalid=\"131\" controlid=\"131\" masterid=\"130\" hint1=\"0\" hint2=\"0\" width=\"6090\" height=\"318\" noresize=\"1\" nomove=\"0\" nodefaultattachpoints=\"1\" autodrag=\"1\" usedefaultiddshape=\"1\" selectable=\"1\" showselectionhandles=\"1\" allownudging=\"1\" isannotation=\"0\" dontautolayout=\"1\" groupcollapsed=\"0\" tabstop=\"0\" visible=\"0\" snaptogrid=\"0\"><control><ddsxmlobjectstreaminitwrapper binary=\"00020000ca1700003e010000030000000000ffffff0008000080010000001500018600009001905f010004cbcecce5210046004b005f007300790073005f0055007300650072005f004100700070004100700069005f004d00610070005f007300790073005f0041007000700041007000690000000000\"/></control><layoutobject><ddsxmlobj/></layoutobject><shape groupshapeid=\"0\" groupnode=\"0\"/></ddscontrol><ddscontrol controlprogid=\"{623AC075-2C77-4873-883D-930B4364B4BC}\" tooltip=\"sys_UserMenuColumnSetting\" left=\"43500\" top=\"168300\" logicalid=\"132\" controlid=\"132\" masterid=\"0\" hint1=\"0\" hint2=\"0\" width=\"6879\" height=\"10266\" noresize=\"0\" nomove=\"0\" nodefaultattachpoints=\"0\" autodrag=\"0\" usedefaultiddshape=\"0\" selectable=\"1\" showselectionhandles=\"0\" allownudging=\"1\" isannotation=\"0\" dontautolayout=\"0\" groupcollapsed=\"0\" tabstop=\"1\" visible=\"1\" snaptogrid=\"1\"><control><ddsxmlobjectstreaminitwrapper binary=\"2143341208000000df1a00001a2800007856341207000000140100007300790073005f0055007300650072004d0065006e00750043006f006c0075006d006e00530065007400740069006e0067000000fff0eafffff0eafffff0eafffff0eafffff0eafffff0eafffff0eafffff0eafffff0eafffff0eafffff0eafffff0eafffff0eafffff0eafffff0eafffff0eafffff0eafffff0eafffff0eafffff0eafffff0eafffff0eafffff0eafffff0eafffff0eafffff0eafffff0eafffff0eafffff0eafffff0eafffff0eafffff0eafffff0eafffff0eafffff0eafffff0eafffff0eaff00000000fef4f2fffef4f2fffef4f2fffef4f2fffef4f2fffef4f2fffef4f2fffef4f2fffef4000000000000000000000100000005000000540000002c0000002c0000002c000000340000000000000000000000382e000026220000000000002d0100000d0000000c000000070000001c010000500a000070080000600000007800000054000000a0050000b40000006c000000b4000000e40000009c0000000000000001000000df1a00001a28000000000000100000000c00000002000000020000001c010000c80a00000000000001000000401500005c07000000000000020000000200000002000000020000001c010000500a0000010000000000000040150000e502000000000000000000000000000002000000020000001c010000500a00000000000000000000243800002622000000000000000000000d00000004000000040000001c010000500a0000300c00008007000078563412040000007c00000001000000010000000b000000000000000100000002000000030000000400000005000000060000000700000008000000090000000a00000004000000640062006f0000001a0000007300790073005f0055007300650072004d0065006e00750043006f006c0075006d006e00530065007400740069006e0067000000\"/></control><layoutobject><ddsxmlobj><property name=\"ActiveTableViewMode\" value=\"1\" vartype=\"8\"/><property name=\"TableViewMode:0\" value=\"4,0,284,0,2640,1,2160,5,1440\" vartype=\"8\"/><property name=\"TableViewMode:1\" value=\"2,0,284,0,2760\" vartype=\"8\"/><property name=\"TableViewMode:2\" value=\"2,0,284,0,2640\" vartype=\"8\"/><property name=\"TableViewMode:3\" value=\"2,0,284,0,2640\" vartype=\"8\"/><property name=\"TableViewMode:4\" value=\"4,0,284,0,2640,12,3120,11,1920\" vartype=\"8\"/></ddsxmlobj></layoutobject><shape groupshapeid=\"0\" groupnode=\"0\"/></ddscontrol><ddscontrol semanticcookie=\"01162d6001000000640062006f00000046004b005f007300790073005f0055007300650072004d0065006e00750043006f006c0075006d006e00530065007400740069006e0067005f007300790073005f006d0065006e0075000000\" controlprogid=\"MSDDS.Polyline.080.1\" tooltip=\"âsys_menuâä¸âsys_UserMenuColumnSettingâä¹é´çå³ç³»âFK_sys_UserMenuColumnSetting_sys_menuâ\" left=\"46243\" top=\"177867\" logicalid=\"133\" controlid=\"133\" masterid=\"0\" hint1=\"0\" hint2=\"0\" width=\"815\" height=\"3729\" noresize=\"0\" nomove=\"0\" nodefaultattachpoints=\"1\" autodrag=\"0\" usedefaultiddshape=\"0\" selectable=\"1\" showselectionhandles=\"0\" allownudging=\"1\" isannotation=\"0\" dontautolayout=\"0\" groupcollapsed=\"0\" tabstop=\"1\" visible=\"1\" snaptogrid=\"0\"><control><ddsxmlobj><polyline endtypedst=\"0\" endtypesrc=\"2\" usercolor=\"15790320\" linestyle=\"0\" linerender=\"0\" customendtypedstid=\"0\" customendtypesrcid=\"0\" adornsvisible=\"1\"><adornment percentpos=\"49.9988965639\" controlid=\"134\" width=\"6828\" height=\"318\" side=\"0\" behavior=\"3\" himetric=\"1166\" distfromline=\"175\" startobj=\"0\" x=\"46825\" y=\"179574\" visible=\"0\" allowoverlap=\"1\" usepercent=\"1\"/></polyline></ddsxmlobj></control><layoutobject><ddsxmlobj/></layoutobject><connector sourceid=\"77\" destid=\"132\" sourceattachpoint=\"40\" destattachpoint=\"41\" segmenteditmode=\"0\" bendpointeditmode=\"0\" bendpointvisibility=\"0\" relatedid=\"0\" virtual=\"0\"><point x=\"46650\" y=\"180900\"/><point x=\"46650\" y=\"178566\"/></connector></ddscontrol><ddscontrol semanticcookie=\"0165fc27e065fc27\" controlprogid=\"MSDDS.Text.080.1\" left=\"46825\" top=\"179574\" logicalid=\"134\" controlid=\"134\" masterid=\"133\" hint1=\"0\" hint2=\"0\" width=\"6828\" height=\"318\" noresize=\"1\" nomove=\"0\" nodefaultattachpoints=\"1\" autodrag=\"1\" usedefaultiddshape=\"1\" selectable=\"1\" showselectionhandles=\"1\" allownudging=\"1\" isannotation=\"0\" dontautolayout=\"1\" groupcollapsed=\"0\" tabstop=\"0\" visible=\"0\" snaptogrid=\"0\"><control><ddsxmlobjectstreaminitwrapper binary=\"00020000ac1a00003e010000030000000000ffffff0008000080010000001500018600009001905f010004cbcecce5250046004b005f007300790073005f0055007300650072004d0065006e00750043006f006c0075006d006e00530065007400740069006e0067005f007300790073005f006d0065006e00750000000000\"/></control><layoutobject><ddsxmlobj/></layoutobject><shape groupshapeid=\"0\" groupnode=\"0\"/></ddscontrol><ddscontrol semanticcookie=\"01162d6001000000640062006f00000046004b005f007300790073005f0055007300650072004d0065006e00750043006f006c0075006d006e00530065007400740069006e0067005f007300790073005f0075007300650072000000\" controlprogid=\"MSDDS.Polyline.080.1\" tooltip=\"âsys_userâä¸âsys_UserMenuColumnSettingâä¹é´çå³ç³»âFK_sys_UserMenuColumnSetting_sys_userâ\" left=\"33343\" top=\"159899\" logicalid=\"135\" controlid=\"135\" masterid=\"0\" hint1=\"0\" hint2=\"0\" width=\"13987\" height=\"9101\" noresize=\"0\" nomove=\"0\" nodefaultattachpoints=\"1\" autodrag=\"0\" usedefaultiddshape=\"0\" selectable=\"1\" showselectionhandles=\"0\" allownudging=\"1\" isannotation=\"0\" dontautolayout=\"0\" groupcollapsed=\"0\" tabstop=\"1\" visible=\"1\" snaptogrid=\"0\"><control><ddsxmlobj><polyline endtypedst=\"0\" endtypesrc=\"2\" usercolor=\"15790320\" linestyle=\"0\" linerender=\"0\" customendtypedstid=\"0\" customendtypesrcid=\"0\" adornsvisible=\"1\"><adornment percentpos=\"50\" controlid=\"136\" width=\"6828\" height=\"318\" side=\"0\" behavior=\"3\" himetric=\"10453\" distfromline=\"175\" startobj=\"0\" x=\"31468\" y=\"166501\" visible=\"0\" allowoverlap=\"1\" usepercent=\"1\"/></polyline></ddsxmlobj></control><layoutobject><ddsxmlobj/></layoutobject><connector sourceid=\"120\" destid=\"132\" sourceattachpoint=\"43\" destattachpoint=\"44\" segmenteditmode=\"0\" bendpointeditmode=\"0\" bendpointvisibility=\"0\" relatedid=\"0\" virtual=\"0\"><point x=\"33750\" y=\"160594\"/><point x=\"33750\" y=\"166326\"/><point x=\"46950\" y=\"166326\"/><point x=\"46950\" y=\"168300\"/></connector></ddscontrol><ddscontrol semanticcookie=\"0166fc272066fc27\" controlprogid=\"MSDDS.Text.080.1\" left=\"31468\" top=\"166501\" logicalid=\"136\" controlid=\"136\" masterid=\"135\" hint1=\"0\" hint2=\"0\" width=\"6828\" height=\"318\" noresize=\"1\" nomove=\"0\" nodefaultattachpoints=\"1\" autodrag=\"1\" usedefaultiddshape=\"1\" selectable=\"1\" showselectionhandles=\"1\" allownudging=\"1\" isannotation=\"0\" dontautolayout=\"1\" groupcollapsed=\"0\" tabstop=\"0\" visible=\"0\" snaptogrid=\"0\"><control><ddsxmlobjectstreaminitwrapper binary=\"00020000ac1a00003e010000030000000000ffffff0008000080010000001500018600009001905f010004cbcecce5250046004b005f007300790073005f0055007300650072004d0065006e00750043006f006c0075006d006e00530065007400740069006e0067005f007300790073005f00750073006500720000000000\"/></control><layoutobject><ddsxmlobj/></layoutobject><shape groupshapeid=\"0\" groupnode=\"0\"/></ddscontrol><ddscontrol controlprogid=\"{623AC075-2C77-4873-883D-930B4364B4BC}\" tooltip=\"sys_userOrganizeMap\" left=\"34800\" top=\"174000\" logicalid=\"137\" controlid=\"137\" masterid=\"0\" hint1=\"0\" hint2=\"0\" width=\"6287\" height=\"2836\" noresize=\"0\" nomove=\"0\" nodefaultattachpoints=\"0\" autodrag=\"0\" usedefaultiddshape=\"0\" selectable=\"1\" showselectionhandles=\"0\" allownudging=\"1\" isannotation=\"0\" dontautolayout=\"0\" groupcollapsed=\"0\" tabstop=\"1\" visible=\"1\" snaptogrid=\"1\"><control><ddsxmlobjectstreaminitwrapper binary=\"21433412080000008f180000140b00007856341207000000140100007300790073005f0075007300650072004f007200670061006e0069007a0065004d00610070000000fff0eafffff0eafffff0eafffff0eafffff0eafffff0eaffc2efe9fe61286afefed18bfefff0eafffff0eafffff0eafffff0eafffff0eafffff0eafffff0eaffc2efe9fe61286afefed18bfefff0eafffff0eafffff0eafffff0eafffff0eafffff0eafffff0eafffff0eafffff0eafffff0eafffff0eafffff0eafffff0eafffff0eafffff0eafffff0eafffff0eaff6193cafe3e291bff3e291bff3e291bff3e291bff3e291bff3e291bff3e291bff3e291bff3e291bff3e291bff3e291bffe09344fefff0000000000000000000000100000005000000540000002c0000002c0000002c000000340000000000000000000000382e0000c1140000000000002d010000070000000c000000070000001c010000500a000070080000600000007800000054000000a0050000b40000006c000000b4000000e40000009c00000000000000010000008f180000140b000000000000030000000300000002000000020000001c010000d80900000000000001000000401500009709000000000000030000000300000002000000020000001c010000500a0000010000000000000040150000e502000000000000000000000000000002000000020000001c010000500a00000000000000000000243800002622000000000000000000000d00000004000000040000001c010000500a0000300c00008007000078563412040000007000000001000000010000000b000000000000000100000002000000030000000400000005000000060000000700000008000000090000000a00000004000000640062006f000000140000007300790073005f0075007300650072004f007200670061006e0069007a0065004d00610070000000\"/></control><layoutobject><ddsxmlobj><property name=\"ActiveTableViewMode\" value=\"1\" vartype=\"8\"/><property name=\"TableViewMode:0\" value=\"4,0,284,0,2640,1,2160,5,1440\" vartype=\"8\"/><property name=\"TableViewMode:1\" value=\"2,0,284,0,2520\" vartype=\"8\"/><property name=\"TableViewMode:2\" value=\"2,0,284,0,2640\" vartype=\"8\"/><property name=\"TableViewMode:3\" value=\"2,0,284,0,2640\" vartype=\"8\"/><property name=\"TableViewMode:4\" value=\"4,0,284,0,2640,12,3120,11,1920\" vartype=\"8\"/></ddsxmlobj></layoutobject><shape groupshapeid=\"0\" groupnode=\"0\"/></ddscontrol><ddscontrol semanticcookie=\"014ff97701000000640062006f00000046004b005f005f0053007900730055007300650072004f0072005f005f00550073006500720043005f005f00300046003600320034004100460038000000\" controlprogid=\"MSDDS.Polyline.080.1\" tooltip=\"âsys_userâä¸âsys_userOrganizeMapâä¹é´çå³ç³»âFK__SysUserOr__UserC__0F624AF8â\" left=\"32893\" top=\"159899\" logicalid=\"138\" controlid=\"138\" masterid=\"0\" hint1=\"0\" hint2=\"0\" width=\"5437\" height=\"14801\" noresize=\"0\" nomove=\"0\" nodefaultattachpoints=\"1\" autodrag=\"0\" usedefaultiddshape=\"0\" selectable=\"1\" showselectionhandles=\"0\" allownudging=\"1\" isannotation=\"0\" dontautolayout=\"0\" groupcollapsed=\"0\" tabstop=\"1\" visible=\"1\" snaptogrid=\"0\"><control><ddsxmlobj><polyline endtypedst=\"0\" endtypesrc=\"2\" usercolor=\"15790320\" linestyle=\"0\" linerender=\"0\" customendtypedstid=\"0\" customendtypesrcid=\"0\" adornsvisible=\"1\"><adornment percentpos=\"50\" controlid=\"139\" width=\"5537\" height=\"318\" side=\"0\" behavior=\"3\" himetric=\"9028\" distfromline=\"175\" startobj=\"0\" x=\"30704\" y=\"166681\" visible=\"0\" allowoverlap=\"1\" usepercent=\"1\"/></polyline></ddsxmlobj></control><layoutobject><ddsxmlobj/></layoutobject><connector sourceid=\"120\" destid=\"137\" sourceattachpoint=\"37\" destattachpoint=\"40\" segmenteditmode=\"0\" bendpointeditmode=\"0\" bendpointvisibility=\"0\" relatedid=\"0\" virtual=\"0\"><point x=\"33300\" y=\"160594\"/><point x=\"33300\" y=\"166506\"/><point x=\"37950\" y=\"166506\"/><point x=\"37950\" y=\"174000\"/></connector></ddscontrol><ddscontrol semanticcookie=\"016cfc27206cfc27\" controlprogid=\"MSDDS.Text.080.1\" left=\"30704\" top=\"166681\" logicalid=\"139\" controlid=\"139\" masterid=\"138\" hint1=\"0\" hint2=\"0\" width=\"5537\" height=\"318\" noresize=\"1\" nomove=\"0\" nodefaultattachpoints=\"1\" autodrag=\"1\" usedefaultiddshape=\"1\" selectable=\"1\" showselectionhandles=\"1\" allownudging=\"1\" isannotation=\"0\" dontautolayout=\"1\" groupcollapsed=\"0\" tabstop=\"0\" visible=\"0\" snaptogrid=\"0\"><control><ddsxmlobjectstreaminitwrapper binary=\"00020000a11500003e010000030000000000ffffff0008000080010000001500018600009001905f010004cbcecce51e0046004b005f005f0053007900730055007300650072004f0072005f005f00550073006500720043005f005f003000460036003200340041004600380000000000\"/></control><layoutobject><ddsxmlobj/></layoutobject><shape groupshapeid=\"0\" groupnode=\"0\"/></ddscontrol><ddscontrol semanticcookie=\"014ff97701000000640062006f00000046004b005f005f0053007900730055007300650072004f0072005f005f004f007200670061006e005f005f00300045003600450032003600420046000000\" controlprogid=\"MSDDS.Polyline.080.1\" tooltip=\"âsys_organizeâä¸âsys_userOrganizeMapâä¹é´çå³ç³»âFK__SysUserOr__Organ__0E6E26BFâ\" left=\"32087\" top=\"175093\" logicalid=\"140\" controlid=\"140\" masterid=\"0\" hint1=\"0\" hint2=\"0\" width=\"3013\" height=\"815\" noresize=\"0\" nomove=\"0\" nodefaultattachpoints=\"1\" autodrag=\"0\" usedefaultiddshape=\"0\" selectable=\"1\" showselectionhandles=\"0\" allownudging=\"1\" isannotation=\"0\" dontautolayout=\"0\" groupcollapsed=\"0\" tabstop=\"1\" visible=\"1\" snaptogrid=\"0\"><control><ddsxmlobj><polyline endtypedst=\"0\" endtypesrc=\"2\" usercolor=\"15790320\" linestyle=\"0\" linerender=\"0\" customendtypedstid=\"0\" customendtypesrcid=\"0\" adornsvisible=\"1\"><adornment percentpos=\"54.8516339050958\" controlid=\"141\" width=\"5537\" height=\"318\" side=\"0\" behavior=\"3\" himetric=\"1323\" distfromline=\"175\" startobj=\"0\" x=\"30674\" y=\"175675\" visible=\"0\" allowoverlap=\"1\" usepercent=\"1\"/></polyline></ddsxmlobj></control><layoutobject><ddsxmlobj/></layoutobject><connector sourceid=\"88\" destid=\"137\" sourceattachpoint=\"123\" destattachpoint=\"100\" segmenteditmode=\"0\" bendpointeditmode=\"0\" bendpointvisibility=\"0\" relatedid=\"0\" virtual=\"0\"><point x=\"32387\" y=\"175500\"/><point x=\"34800\" y=\"175500\"/></connector></ddscontrol><ddscontrol semanticcookie=\"0165fc27a065fc27\" controlprogid=\"MSDDS.Text.080.1\" left=\"30674\" top=\"175675\" logicalid=\"141\" controlid=\"141\" masterid=\"140\" hint1=\"0\" hint2=\"0\" width=\"5537\" height=\"318\" noresize=\"1\" nomove=\"0\" nodefaultattachpoints=\"1\" autodrag=\"1\" usedefaultiddshape=\"1\" selectable=\"1\" showselectionhandles=\"1\" allownudging=\"1\" isannotation=\"0\" dontautolayout=\"1\" groupcollapsed=\"0\" tabstop=\"0\" visible=\"0\" snaptogrid=\"0\"><control><ddsxmlobjectstreaminitwrapper binary=\"00020000a11500003e010000030000000000ffffff0008000080010000001500018600009001905f010004cbcecce51e0046004b005f005f0053007900730055007300650072004f0072005f005f004f007200670061006e005f005f003000450036004500320036004200460000000000\"/></control><layoutobject><ddsxmlobj/></layoutobject><shape groupshapeid=\"0\" groupnode=\"0\"/></ddscontrol><ddscontrol controlprogid=\"{623AC075-2C77-4873-883D-930B4364B4BC}\" tooltip=\"sys_userRoleMap\" left=\"17400\" top=\"167100\" logicalid=\"142\" controlid=\"142\" masterid=\"0\" hint1=\"0\" hint2=\"0\" width=\"6287\" height=\"2836\" noresize=\"0\" nomove=\"0\" nodefaultattachpoints=\"0\" autodrag=\"0\" usedefaultiddshape=\"0\" selectable=\"1\" showselectionhandles=\"0\" allownudging=\"1\" isannotation=\"0\" dontautolayout=\"0\" groupcollapsed=\"0\" tabstop=\"1\" visible=\"1\" snaptogrid=\"1\"><control><ddsxmlobjectstreaminitwrapper binary=\"21433412080000008f180000140b00007856341207000000140100007300790073005f00750073006500720052006f006c0065004d00610070000000120000001400000016000000180000001a0000001c0000001e00000020000000220000002400000026000000280000002a0000002c0000002e00000030000000320000003400000036000000380000003a0000003c0000003e00000040000000420000004400000046000000480000004a0000004c0000004e00000050000000530000005500000057000000590000005b0000005d0000005f00000061000000630000006500000067000000690000006b0000006d0000006f000000710000007300000075000000770000007900000000000000000000000100000005000000540000002c0000002c0000002c000000340000000000000000000000382e0000c1140000000000002d010000070000000c000000070000001c010000500a000070080000600000007800000054000000a0050000b40000006c000000b4000000e40000009c00000000000000010000008f180000140b000000000000030000000300000002000000020000001c010000d80900000000000001000000401500009709000000000000030000000300000002000000020000001c010000500a0000010000000000000040150000e502000000000000000000000000000002000000020000001c010000500a00000000000000000000243800002622000000000000000000000d00000004000000040000001c010000500a0000300c00008007000078563412040000006800000001000000010000000b000000000000000100000002000000030000000400000005000000060000000700000008000000090000000a00000004000000640062006f000000100000007300790073005f00750073006500720052006f006c0065004d00610070000000\"/></control><layoutobject><ddsxmlobj><property name=\"ActiveTableViewMode\" value=\"1\" vartype=\"8\"/><property name=\"TableViewMode:0\" value=\"4,0,284,0,2640,1,2160,5,1440\" vartype=\"8\"/><property name=\"TableViewMode:1\" value=\"2,0,284,0,2520\" vartype=\"8\"/><property name=\"TableViewMode:2\" value=\"2,0,284,0,2640\" vartype=\"8\"/><property name=\"TableViewMode:3\" value=\"2,0,284,0,2640\" vartype=\"8\"/><property name=\"TableViewMode:4\" value=\"4,0,284,0,2640,12,3120,11,1920\" vartype=\"8\"/></ddsxmlobj></layoutobject><shape groupshapeid=\"0\" groupnode=\"0\"/></ddscontrol><ddscontrol semanticcookie=\"014ff97701000000640062006f00000046004b005f005f00530079007300550073006500720052006f005f005f0052006f006c00650043005f005f00310031003400410039003300360041000000\" controlprogid=\"MSDDS.Polyline.080.1\" tooltip=\"âsys_roleâä¸âsys_userRoleMapâä¹é´çå³ç³»âFK__SysUserRo__RoleC__114A936Aâ\" left=\"14687\" top=\"168071\" logicalid=\"143\" controlid=\"143\" masterid=\"0\" hint1=\"0\" hint2=\"0\" width=\"3013\" height=\"7537\" noresize=\"0\" nomove=\"0\" nodefaultattachpoints=\"1\" autodrag=\"0\" usedefaultiddshape=\"0\" selectable=\"1\" showselectionhandles=\"0\" allownudging=\"1\" isannotation=\"0\" dontautolayout=\"0\" groupcollapsed=\"0\" tabstop=\"1\" visible=\"1\" snaptogrid=\"0\"><control><ddsxmlobj><polyline endtypedst=\"0\" endtypesrc=\"2\" usercolor=\"15790320\" linestyle=\"0\" linerender=\"0\" customendtypedstid=\"0\" customendtypesrcid=\"0\" adornsvisible=\"1\"><adornment percentpos=\"56.8345323741007\" controlid=\"144\" width=\"5537\" height=\"318\" side=\"0\" behavior=\"3\" himetric=\"5207\" distfromline=\"175\" startobj=\"0\" x=\"16982\" y=\"171988\" visible=\"0\" allowoverlap=\"1\" usepercent=\"1\"/></polyline></ddsxmlobj></control><layoutobject><ddsxmlobj/></layoutobject><connector sourceid=\"94\" destid=\"142\" sourceattachpoint=\"115\" destattachpoint=\"98\" segmenteditmode=\"0\" bendpointeditmode=\"0\" bendpointvisibility=\"0\" relatedid=\"0\" virtual=\"0\"><point x=\"14987\" y=\"175200\"/><point x=\"16807\" y=\"175200\"/><point x=\"16807\" y=\"168450\"/><point x=\"17400\" y=\"168450\"/></connector></ddscontrol><ddscontrol semanticcookie=\"016efc27206efc27\" controlprogid=\"MSDDS.Text.080.1\" left=\"16982\" top=\"171988\" logicalid=\"144\" controlid=\"144\" masterid=\"143\" hint1=\"0\" hint2=\"0\" width=\"5537\" height=\"318\" noresize=\"1\" nomove=\"0\" nodefaultattachpoints=\"1\" autodrag=\"1\" usedefaultiddshape=\"1\" selectable=\"1\" showselectionhandles=\"1\" allownudging=\"1\" isannotation=\"0\" dontautolayout=\"1\" groupcollapsed=\"0\" tabstop=\"0\" visible=\"0\" snaptogrid=\"0\"><control><ddsxmlobjectstreaminitwrapper binary=\"00020000a11500003e010000030000000000ffffff0008000080010000001500018600009001905f010004cbcecce51e0046004b005f005f00530079007300550073006500720052006f005f005f0052006f006c00650043005f005f003100310034004100390033003600410000000000\"/></control><layoutobject><ddsxmlobj/></layoutobject><shape groupshapeid=\"0\" groupnode=\"0\"/></ddscontrol><ddscontrol semanticcookie=\"014ff97701000000640062006f00000046004b005f005f00530079007300550073006500720052006f005f005f00550073006500720043005f005f00310030003500360036004600330031000000\" controlprogid=\"MSDDS.Polyline.080.1\" tooltip=\"âsys_userâä¸âsys_userRoleMapâä¹é´çå³ç³»âFK__SysUserRo__UserC__10566F31â\" left=\"20171\" top=\"159899\" logicalid=\"145\" controlid=\"145\" masterid=\"0\" hint1=\"0\" hint2=\"0\" width=\"13087\" height=\"7901\" noresize=\"0\" nomove=\"0\" nodefaultattachpoints=\"1\" autodrag=\"0\" usedefaultiddshape=\"0\" selectable=\"1\" showselectionhandles=\"0\" allownudging=\"1\" isannotation=\"0\" dontautolayout=\"0\" groupcollapsed=\"0\" tabstop=\"1\" visible=\"1\" snaptogrid=\"0\"><control><ddsxmlobj><polyline endtypedst=\"0\" endtypesrc=\"2\" usercolor=\"15790320\" linestyle=\"0\" linerender=\"0\" customendtypedstid=\"0\" customendtypesrcid=\"0\" adornsvisible=\"1\"><adornment percentpos=\"49.9699338544799\" controlid=\"146\" width=\"5537\" height=\"318\" side=\"0\" behavior=\"3\" himetric=\"9397\" distfromline=\"175\" startobj=\"0\" x=\"23653\" y=\"166013\" visible=\"0\" allowoverlap=\"1\" usepercent=\"1\"/></polyline></ddsxmlobj></control><layoutobject><ddsxmlobj/></layoutobject><connector sourceid=\"120\" destid=\"142\" sourceattachpoint=\"31\" destattachpoint=\"40\" segmenteditmode=\"0\" bendpointeditmode=\"0\" bendpointvisibility=\"0\" relatedid=\"0\" virtual=\"0\"><point x=\"32850\" y=\"160594\"/><point x=\"32850\" y=\"166506\"/><point x=\"20550\" y=\"166506\"/><point x=\"20550\" y=\"167100\"/></connector></ddscontrol><ddscontrol semanticcookie=\"016efc27a06efc27\" controlprogid=\"MSDDS.Text.080.1\" left=\"23653\" top=\"166013\" logicalid=\"146\" controlid=\"146\" masterid=\"145\" hint1=\"0\" hint2=\"0\" width=\"5537\" height=\"318\" noresize=\"1\" nomove=\"0\" nodefaultattachpoints=\"1\" autodrag=\"1\" usedefaultiddshape=\"1\" selectable=\"1\" showselectionhandles=\"1\" allownudging=\"1\" isannotation=\"0\" dontautolayout=\"1\" groupcollapsed=\"0\" tabstop=\"0\" visible=\"0\" snaptogrid=\"0\"><control><ddsxmlobjectstreaminitwrapper binary=\"00020000a11500003e010000030000000000ffffff0008000080010000001500018600009001905f010004cbcecce51e0046004b005f005f00530079007300550073006500720052006f005f005f00550073006500720043005f005f003100300035003600360046003300310000000000\"/></control><layoutobject><ddsxmlobj/></layoutobject><shape groupshapeid=\"0\" groupnode=\"0\"/></ddscontrol><ddscontrol controlprogid=\"{623AC075-2C77-4873-883D-930B4364B4BC}\" tooltip=\"sys_userSetting\" left=\"60750\" top=\"167100\" logicalid=\"147\" controlid=\"147\" masterid=\"0\" hint1=\"0\" hint2=\"0\" width=\"6287\" height=\"4551\" noresize=\"0\" nomove=\"0\" nodefaultattachpoints=\"0\" autodrag=\"0\" usedefaultiddshape=\"0\" selectable=\"1\" showselectionhandles=\"0\" allownudging=\"1\" isannotation=\"0\" dontautolayout=\"0\" groupcollapsed=\"0\" tabstop=\"1\" visible=\"1\" snaptogrid=\"1\"><control><ddsxmlobjectstreaminitwrapper binary=\"21433412080000008f180000c71100007856341207000000140100007300790073005f007500730065007200530065007400740069006e0067000000fff0eafffff0eafffff0eafffff0eafffff0eafffff0eafffff0eafffff0eafffff0eafffff0eafffff0eafffff0eafffff0eafffff0eafffff0eafffff0eafffff0eaff00000000fef4f2fffef4f2fffef4f2fffef4f2fffef4f2fffef4f2fffef4f2fffef4f2fffef4f2fffef4f2fffef4f2fffef3f1fffef5f2fffef3f2fffef3f2fffdf3f2fffef3f2ff9d9d9dff878787fffdf2f0fffef3f2fffdf2f0fffef4f2fffef4f1fffef3f1fffef4f2fffef4f2fffef3f1fffef4f2fffef4f2fffef4f2fffef4f2fffef4f2fffef4000000000000000000000100000005000000540000002c0000002c0000002c000000340000000000000000000000382e0000fc160000000000002d010000080000000c000000070000001c010000500a000070080000600000007800000054000000a0050000b40000006c000000b4000000e40000009c00000000000000010000008f180000c711000000000000060000000600000002000000020000001c010000d80900000000000001000000401500005c07000000000000020000000200000002000000020000001c010000500a0000010000000000000040150000e502000000000000000000000000000002000000020000001c010000500a00000000000000000000243800002622000000000000000000000d00000004000000040000001c010000500a0000300c00008007000078563412040000006800000001000000010000000b000000000000000100000002000000030000000400000005000000060000000700000008000000090000000a00000004000000640062006f000000100000007300790073005f007500730065007200530065007400740069006e0067000000\"/></control><layoutobject><ddsxmlobj><property name=\"ActiveTableViewMode\" value=\"1\" vartype=\"8\"/><property name=\"TableViewMode:0\" value=\"4,0,284,0,2640,1,2160,5,1440\" vartype=\"8\"/><property name=\"TableViewMode:1\" value=\"2,0,284,0,2520\" vartype=\"8\"/><property name=\"TableViewMode:2\" value=\"2,0,284,0,2640\" vartype=\"8\"/><property name=\"TableViewMode:3\" value=\"2,0,284,0,2640\" vartype=\"8\"/><property name=\"TableViewMode:4\" value=\"4,0,284,0,2640,12,3120,11,1920\" vartype=\"8\"/></ddsxmlobj></layoutobject><shape groupshapeid=\"0\" groupnode=\"0\"/></ddscontrol><ddscontrol semanticcookie=\"014ff97701000000640062006f00000046004b005f005f007300790073005f00750073006500720053005f005f00550073006500720043005f005f00330032003700360037004400300042000000\" controlprogid=\"MSDDS.Polyline.080.1\" tooltip=\"âsys_userâä¸âsys_userSettingâä¹é´çå³ç³»âFK__sys_userS__UserC__32767D0Bâ\" left=\"33793\" top=\"159899\" logicalid=\"148\" controlid=\"148\" masterid=\"0\" hint1=\"0\" hint2=\"0\" width=\"30487\" height=\"7901\" noresize=\"0\" nomove=\"0\" nodefaultattachpoints=\"1\" autodrag=\"0\" usedefaultiddshape=\"0\" selectable=\"1\" showselectionhandles=\"0\" allownudging=\"1\" isannotation=\"0\" dontautolayout=\"0\" groupcollapsed=\"0\" tabstop=\"1\" visible=\"1\" snaptogrid=\"0\"><control><ddsxmlobj><polyline endtypedst=\"0\" endtypesrc=\"2\" usercolor=\"15790320\" linestyle=\"0\" linerender=\"0\" customendtypedstid=\"0\" customendtypesrcid=\"0\" adornsvisible=\"1\"><adornment percentpos=\"21.5760740564918\" controlid=\"149\" width=\"5537\" height=\"318\" side=\"0\" behavior=\"3\" himetric=\"7811\" distfromline=\"175\" startobj=\"0\" x=\"30747\" y=\"166321\" visible=\"0\" allowoverlap=\"1\" usepercent=\"1\"/></polyline></ddsxmlobj></control><layoutobject><ddsxmlobj/></layoutobject><connector sourceid=\"120\" destid=\"147\" sourceattachpoint=\"49\" destattachpoint=\"40\" segmenteditmode=\"0\" bendpointeditmode=\"0\" bendpointvisibility=\"0\" relatedid=\"0\" virtual=\"0\"><point x=\"34200\" y=\"160594\"/><point x=\"34200\" y=\"166146\"/><point x=\"63900\" y=\"166146\"/><point x=\"63900\" y=\"167100\"/></connector></ddscontrol><ddscontrol semanticcookie=\"0170fc276070fc27\" controlprogid=\"MSDDS.Text.080.1\" left=\"30747\" top=\"166321\" logicalid=\"149\" controlid=\"149\" masterid=\"148\" hint1=\"0\" hint2=\"0\" width=\"5537\" height=\"318\" noresize=\"1\" nomove=\"0\" nodefaultattachpoints=\"1\" autodrag=\"1\" usedefaultiddshape=\"1\" selectable=\"1\" showselectionhandles=\"1\" allownudging=\"1\" isannotation=\"0\" dontautolayout=\"1\" groupcollapsed=\"0\" tabstop=\"0\" visible=\"0\" snaptogrid=\"0\"><control><ddsxmlobjectstreaminitwrapper binary=\"00020000a11500003e010000030000000000ffffff0008000080010000001500018600009001905f010004cbcecce51e0046004b005f005f007300790073005f00750073006500720053005f005f00550073006500720043005f005f003300320037003600370044003000420000000000\"/></control><layoutobject><ddsxmlobj/></layoutobject><shape groupshapeid=\"0\" groupnode=\"0\"/></ddscontrol><ddscontrol controlprogid=\"{623AC075-2C77-4873-883D-930B4364B4BC}\" tooltip=\"wat_AlarmPara\" left=\"34950\" top=\"90300\" logicalid=\"150\" controlid=\"150\" masterid=\"0\" hint1=\"0\" hint2=\"0\" width=\"6287\" height=\"3979\" noresize=\"0\" nomove=\"0\" nodefaultattachpoints=\"0\" autodrag=\"0\" usedefaultiddshape=\"0\" selectable=\"1\" showselectionhandles=\"0\" allownudging=\"1\" isannotation=\"0\" dontautolayout=\"0\" groupcollapsed=\"0\" tabstop=\"1\" visible=\"1\" snaptogrid=\"1\"><control><ddsxmlobjectstreaminitwrapper binary=\"21433412080000008f1800008b0f00007856341207000000140100007700610074005f0041006c00610072006d0050006100720061000000fff0eaff3d73abfefeb26afefff0eafffff0eaff3d73abfec2731afefff0eaff84b2e9fec2731afefff0eafffff0eafffff0eafffff0eafffff0eafffff0eafffff0eafffff0eafffff0eaffc2efe9fe61286afefed18bfefff0eafffff0eafffff0eafffff0eafffff0eafffff0eafffff0eafffff0eafffff0eafffff0eaffc2efe9fe3d286afe3e291bffe09344fefff0eaffc2efe9fe84286afefeefabfefff0eafffff0eafffff0eaffe0efe9fe844f8bfe61938bfec2731afe6193cafec2731afe84b2e9fe84281afefeefabfe6193000000000000000000000100000005000000540000002c0000002c0000002c000000340000000000000000000000382e0000c1140000000000002d010000070000000c000000070000001c010000500a0000700800002001000068010000fc000000a00500001c020000440100001c020000ac020000d401000000000000010000008f1800008b0f000000000000050000000500000002000000020000001c010000700800000000000001000000401500005c07000000000000020000000200000002000000020000001c010000500a0000010000000000000040150000e502000000000000000000000000000002000000020000001c010000500a00000000000000000000243800002622000000000000000000000d00000004000000040000001c010000500a0000300c00008007000078563412040000006400000001000000010000000b000000000000000100000002000000030000000400000005000000060000000700000008000000090000000a00000004000000640062006f0000000e0000007700610074005f0041006c00610072006d0050006100720061000000\"/></control><layoutobject><ddsxmlobj><property name=\"ActiveTableViewMode\" value=\"1\" vartype=\"8\"/><property name=\"TableViewMode:0\" value=\"4,0,284,0,2640,1,2160,5,1440\" vartype=\"8\"/><property name=\"TableViewMode:1\" value=\"2,0,284,0,2160\" vartype=\"8\"/><property name=\"TableViewMode:2\" value=\"2,0,284,0,2640\" vartype=\"8\"/><property name=\"TableViewMode:3\" value=\"2,0,284,0,2640\" vartype=\"8\"/><property name=\"TableViewMode:4\" value=\"4,0,284,0,2640,12,3120,11,1920\" vartype=\"8\"/></ddsxmlobj></layoutobject><shape groupshapeid=\"0\" groupnode=\"0\"/></ddscontrol><ddscontrol controlprogid=\"{623AC075-2C77-4873-883D-930B4364B4BC}\" tooltip=\"wat_AlarmRecord\" left=\"26400\" top=\"83100\" logicalid=\"151\" controlid=\"151\" masterid=\"0\" hint1=\"0\" hint2=\"0\" width=\"6287\" height=\"6837\" noresize=\"0\" nomove=\"0\" nodefaultattachpoints=\"0\" autodrag=\"0\" usedefaultiddshape=\"0\" selectable=\"1\" showselectionhandles=\"0\" allownudging=\"1\" isannotation=\"0\" dontautolayout=\"0\" groupcollapsed=\"0\" tabstop=\"1\" visible=\"1\" snaptogrid=\"1\"><control><ddsxmlobjectstreaminitwrapper binary=\"21433412080000008f180000b51a00007856341207000000140100007700610074005f0041006c00610072006d005200650063006f00720064000000fff0eafffff0eafffff0eafffff0eafffff0eafffff0eafffff0eafffff0eafffff0eafffff0eafffff0eafffff0eafffff0eafffff0eafffff0eafffff0eafffff0eafffff0eafffff0eafffff0eafffff0eafffff0eafffff0eafffff0eafffff0eafffff0eafffff0eafffff0eafffff0eafffff0eafffff0eafffff0eafffff0eafffff0eafffff0eafffff0eafffff0eafffff0eafffff0eafffff0eafffff0eafffff0eafffff0eafffff0eafffff0eafffff0eafffff0eafffff0eafffff0eafffff0eafffff0eafffff0000000000000000000000100000005000000540000002c0000002c0000002c000000340000000000000000000000382e0000ea1f0000000000002d0100000c0000000c000000070000001c010000500a0000700800002001000068010000fc000000a00500001c020000440100001c020000ac020000d401000000000000010000008f180000b51a0000000000000a0000000a00000002000000020000001c010000700800000000000001000000401500009709000000000000030000000300000002000000020000001c010000500a0000010000000000000040150000e502000000000000000000000000000002000000020000001c010000500a00000000000000000000243800002622000000000000000000000d00000004000000040000001c010000500a0000300c00008007000078563412040000006800000001000000010000000b000000000000000100000002000000030000000400000005000000060000000700000008000000090000000a00000004000000640062006f000000100000007700610074005f0041006c00610072006d005200650063006f00720064000000\"/></control><layoutobject><ddsxmlobj><property name=\"ActiveTableViewMode\" value=\"1\" vartype=\"8\"/><property name=\"TableViewMode:0\" value=\"4,0,284,0,2640,1,2160,5,1440\" vartype=\"8\"/><property name=\"TableViewMode:1\" value=\"2,0,284,0,2160\" vartype=\"8\"/><property name=\"TableViewMode:2\" value=\"2,0,284,0,2640\" vartype=\"8\"/><property name=\"TableViewMode:3\" value=\"2,0,284,0,2640\" vartype=\"8\"/><property name=\"TableViewMode:4\" value=\"4,0,284,0,2640,12,3120,11,1920\" vartype=\"8\"/></ddsxmlobj></layoutobject><shape groupshapeid=\"0\" groupnode=\"0\"/></ddscontrol><ddscontrol semanticcookie=\"0120466501000000640062006f00000046004b005f007700610074005f0041006c00610072006d005200650063006f00720064005f006500710075005f00450071007500690070006d0065006e0074000000\" controlprogid=\"MSDDS.Polyline.080.1\" tooltip=\"âequ_Equipmentâä¸âwat_AlarmRecordâä¹é´çå³ç³»âFK_wat_AlarmRecord_equ_Equipmentâ\" left=\"29171\" top=\"89238\" logicalid=\"152\" controlid=\"152\" masterid=\"0\" hint1=\"0\" hint2=\"0\" width=\"17287\" height=\"21408\" noresize=\"0\" nomove=\"0\" nodefaultattachpoints=\"1\" autodrag=\"0\" usedefaultiddshape=\"0\" selectable=\"1\" showselectionhandles=\"0\" allownudging=\"1\" isannotation=\"0\" dontautolayout=\"0\" groupcollapsed=\"0\" tabstop=\"1\" visible=\"1\" snaptogrid=\"0\"><control><ddsxmlobj><polyline endtypedst=\"0\" endtypesrc=\"2\" usercolor=\"15790320\" linestyle=\"0\" linerender=\"0\" customendtypedstid=\"0\" customendtypesrcid=\"0\" adornsvisible=\"1\"><adornment percentpos=\"49.9997303317459\" controlid=\"153\" width=\"5906\" height=\"318\" side=\"0\" behavior=\"3\" himetric=\"18256\" distfromline=\"175\" startobj=\"0\" x=\"43118\" y=\"94308\" visible=\"0\" allowoverlap=\"1\" usepercent=\"1\"/></polyline></ddsxmlobj></control><layoutobject><ddsxmlobj/></layoutobject><connector sourceid=\"3\" destid=\"151\" sourceattachpoint=\"30\" destattachpoint=\"41\" segmenteditmode=\"0\" bendpointeditmode=\"0\" bendpointvisibility=\"0\" relatedid=\"0\" virtual=\"0\"><point x=\"46050\" y=\"109950\"/><point x=\"46050\" y=\"94801\"/><point x=\"29550\" y=\"94801\"/><point x=\"29550\" y=\"89937\"/></connector></ddscontrol><ddscontrol semanticcookie=\"0173fc276073fc27\" controlprogid=\"MSDDS.Text.080.1\" left=\"43118\" top=\"94308\" logicalid=\"153\" controlid=\"153\" masterid=\"152\" hint1=\"0\" hint2=\"0\" width=\"5906\" height=\"318\" noresize=\"1\" nomove=\"0\" nodefaultattachpoints=\"1\" autodrag=\"1\" usedefaultiddshape=\"1\" selectable=\"1\" showselectionhandles=\"1\" allownudging=\"1\" isannotation=\"0\" dontautolayout=\"1\" groupcollapsed=\"0\" tabstop=\"0\" visible=\"0\" snaptogrid=\"0\"><control><ddsxmlobjectstreaminitwrapper binary=\"00020000121700003e010000030000000000ffffff0008000080010000001500018600009001905f010004cbcecce5200046004b005f007700610074005f0041006c00610072006d005200650063006f00720064005f006500710075005f00450071007500690070006d0065006e00740000000000\"/></control><layoutobject><ddsxmlobj/></layoutobject><shape groupshapeid=\"0\" groupnode=\"0\"/></ddscontrol><ddscontrol controlprogid=\"{623AC075-2C77-4873-883D-930B4364B4BC}\" tooltip=\"wat_AlarmType\" left=\"34950\" top=\"85050\" logicalid=\"154\" controlid=\"154\" masterid=\"0\" hint1=\"0\" hint2=\"0\" width=\"6287\" height=\"2836\" noresize=\"0\" nomove=\"0\" nodefaultattachpoints=\"0\" autodrag=\"0\" usedefaultiddshape=\"0\" selectable=\"1\" showselectionhandles=\"0\" allownudging=\"1\" isannotation=\"0\" dontautolayout=\"0\" groupcollapsed=\"0\" tabstop=\"1\" visible=\"1\" snaptogrid=\"1\"><control><ddsxmlobjectstreaminitwrapper binary=\"21433412080000008f180000140b00007856341207000000140100007700610074005f0041006c00610072006d0054007900700065000000fff0eafffff0eafffff0eafffff0eafffff0eafffff0eaff84b2e9fea34f1afefeefcafefff0eafffff0eafffff0eafffff0eafffff0eafffff0eafffff0eafffff0eafffff0eafffff0eafffff0eafffff0eafffff0eafffff0eafffff0eafffff0eafffff0eafffff0eafffff0eafffff0eafffff0eafffff0eafffff0eafffff0eafffff0eafffff0eafffff0eafffff0eafffff0eafffff0eafffff0eafffff0eafffff0eafffff0eafffff0eafffff0eafffff0eafffff0eafffff0eafffff0eafffff0eafffff0eafffff0eafffff0000000000000000000000100000005000000540000002c0000002c0000002c000000340000000000000000000000382e0000c1140000000000002d010000070000000c000000070000001c010000500a0000700800002001000068010000fc000000a00500001c020000440100001c020000ac020000d401000000000000010000008f180000140b000000000000030000000300000002000000020000001c010000700800000000000001000000401500002005000000000000010000000100000002000000020000001c010000500a0000010000000000000040150000e502000000000000000000000000000002000000020000001c010000500a00000000000000000000243800002622000000000000000000000d00000004000000040000001c010000500a0000300c00008007000078563412040000006400000001000000010000000b000000000000000100000002000000030000000400000005000000060000000700000008000000090000000a00000004000000640062006f0000000e0000007700610074005f0041006c00610072006d0054007900700065000000\"/></control><layoutobject><ddsxmlobj><property name=\"ActiveTableViewMode\" value=\"1\" vartype=\"8\"/><property name=\"TableViewMode:0\" value=\"4,0,284,0,2640,1,2160,5,1440\" vartype=\"8\"/><property name=\"TableViewMode:1\" value=\"2,0,284,0,2160\" vartype=\"8\"/><property name=\"TableViewMode:2\" value=\"2,0,284,0,2640\" vartype=\"8\"/><property name=\"TableViewMode:3\" value=\"2,0,284,0,2640\" vartype=\"8\"/><property name=\"TableViewMode:4\" value=\"4,0,284,0,2640,12,3120,11,1920\" vartype=\"8\"/></ddsxmlobj></layoutobject><shape groupshapeid=\"0\" groupnode=\"0\"/></ddscontrol><ddscontrol semanticcookie=\"0120466501000000640062006f00000046004b005f007700610074005f0041006c00610072006d005200650063006f00720064005f007700610074005f0041006c00610072006d0054007900700065000000\" controlprogid=\"MSDDS.Polyline.080.1\" tooltip=\"âwat_AlarmTypeâä¸âwat_AlarmRecordâä¹é´çå³ç³»âFK_wat_AlarmRecord_wat_AlarmTypeâ\" left=\"32387\" top=\"85993\" logicalid=\"155\" controlid=\"155\" masterid=\"0\" hint1=\"0\" hint2=\"0\" width=\"2863\" height=\"815\" noresize=\"0\" nomove=\"0\" nodefaultattachpoints=\"1\" autodrag=\"0\" usedefaultiddshape=\"0\" selectable=\"1\" showselectionhandles=\"0\" allownudging=\"1\" isannotation=\"0\" dontautolayout=\"0\" groupcollapsed=\"0\" tabstop=\"1\" visible=\"1\" snaptogrid=\"0\"><control><ddsxmlobj><polyline endtypedst=\"0\" endtypesrc=\"2\" usercolor=\"15790320\" linestyle=\"0\" linerender=\"0\" customendtypedstid=\"0\" customendtypesrcid=\"0\" adornsvisible=\"1\"><adornment percentpos=\"49.9693063228975\" controlid=\"156\" width=\"5906\" height=\"318\" side=\"0\" behavior=\"3\" himetric=\"1130\" distfromline=\"175\" startobj=\"0\" x=\"30863\" y=\"85907\" visible=\"0\" allowoverlap=\"1\" usepercent=\"1\"/></polyline></ddsxmlobj></control><layoutobject><ddsxmlobj/></layoutobject><connector sourceid=\"154\" destid=\"151\" sourceattachpoint=\"98\" destattachpoint=\"125\" segmenteditmode=\"0\" bendpointeditmode=\"0\" bendpointvisibility=\"0\" relatedid=\"0\" virtual=\"0\"><point x=\"34950\" y=\"86400\"/><point x=\"32687\" y=\"86400\"/></connector></ddscontrol><ddscontrol semanticcookie=\"0173fc27e073fc27\" controlprogid=\"MSDDS.Text.080.1\" left=\"30863\" top=\"85907\" logicalid=\"156\" controlid=\"156\" masterid=\"155\" hint1=\"0\" hint2=\"0\" width=\"5906\" height=\"318\" noresize=\"1\" nomove=\"0\" nodefaultattachpoints=\"1\" autodrag=\"1\" usedefaultiddshape=\"1\" selectable=\"1\" showselectionhandles=\"1\" allownudging=\"1\" isannotation=\"0\" dontautolayout=\"1\" groupcollapsed=\"0\" tabstop=\"0\" visible=\"0\" snaptogrid=\"0\"><control><ddsxmlobjectstreaminitwrapper binary=\"00020000121700003e010000030000000000ffffff0008000080010000001500018600009001905f010004cbcecce5200046004b005f007700610074005f0041006c00610072006d005200650063006f00720064005f007700610074005f0041006c00610072006d00540079007000650000000000\"/></control><layoutobject><ddsxmlobj/></layoutobject><shape groupshapeid=\"0\" groupnode=\"0\"/></ddscontrol><ddscontrol semanticcookie=\"014ff97701000000640062006f00000046004b005f007700610074005f0041006c00610072006d0050006100720061005f007700610074005f0041006c00610072006d0054007900700065000000\" controlprogid=\"MSDDS.Polyline.080.1\" tooltip=\"âwat_AlarmTypeâä¸âwat_AlarmParaâä¹é´çå³ç³»âFK_wat_AlarmPara_wat_AlarmTypeâ\" left=\"37693\" top=\"87191\" logicalid=\"157\" controlid=\"157\" masterid=\"0\" hint1=\"0\" hint2=\"0\" width=\"815\" height=\"3809\" noresize=\"0\" nomove=\"0\" nodefaultattachpoints=\"1\" autodrag=\"0\" usedefaultiddshape=\"0\" selectable=\"1\" showselectionhandles=\"0\" allownudging=\"1\" isannotation=\"0\" dontautolayout=\"0\" groupcollapsed=\"0\" tabstop=\"1\" visible=\"1\" snaptogrid=\"0\"><control><ddsxmlobj><polyline endtypedst=\"0\" endtypesrc=\"2\" usercolor=\"15790320\" linestyle=\"0\" linerender=\"0\" customendtypedstid=\"0\" customendtypesrcid=\"0\" adornsvisible=\"1\"><adornment percentpos=\"25.3442500930406\" controlid=\"158\" width=\"5537\" height=\"318\" side=\"1\" behavior=\"3\" himetric=\"611\" distfromline=\"175\" startobj=\"0\" x=\"38275\" y=\"88416\" visible=\"0\" allowoverlap=\"1\" usepercent=\"1\"/></polyline></ddsxmlobj></control><layoutobject><ddsxmlobj/></layoutobject><connector sourceid=\"154\" destid=\"150\" sourceattachpoint=\"41\" destattachpoint=\"40\" segmenteditmode=\"0\" bendpointeditmode=\"0\" bendpointvisibility=\"0\" relatedid=\"0\" virtual=\"0\"><point x=\"38100\" y=\"87886\"/><point x=\"38100\" y=\"90300\"/></connector></ddscontrol><ddscontrol semanticcookie=\"016dfc27e06dfc27\" controlprogid=\"MSDDS.Text.080.1\" left=\"38275\" top=\"88416\" logicalid=\"158\" controlid=\"158\" masterid=\"157\" hint1=\"0\" hint2=\"0\" width=\"5537\" height=\"318\" noresize=\"1\" nomove=\"0\" nodefaultattachpoints=\"1\" autodrag=\"1\" usedefaultiddshape=\"1\" selectable=\"1\" showselectionhandles=\"1\" allownudging=\"1\" isannotation=\"0\" dontautolayout=\"1\" groupcollapsed=\"0\" tabstop=\"0\" visible=\"0\" snaptogrid=\"0\"><control><ddsxmlobjectstreaminitwrapper binary=\"00020000a11500003e010000030000000000ffffff0008000080010000001500018600009001905f010004cbcecce51e0046004b005f007700610074005f0041006c00610072006d0050006100720061005f007700610074005f0041006c00610072006d00540079007000650000000000\"/></control><layoutobject><ddsxmlobj/></layoutobject><shape groupshapeid=\"0\" groupnode=\"0\"/></ddscontrol><ddscontrol controlprogid=\"{623AC075-2C77-4873-883D-930B4364B4BC}\" tooltip=\"wat_AlarmType_Flow_Map\" left=\"43650\" top=\"84600\" logicalid=\"159\" controlid=\"159\" masterid=\"0\" hint1=\"0\" hint2=\"0\" width=\"6271\" height=\"3016\" noresize=\"0\" nomove=\"0\" nodefaultattachpoints=\"0\" autodrag=\"0\" usedefaultiddshape=\"0\" selectable=\"1\" showselectionhandles=\"0\" allownudging=\"1\" isannotation=\"0\" dontautolayout=\"0\" groupcollapsed=\"0\" tabstop=\"1\" visible=\"1\" snaptogrid=\"1\"><control><ddsxmlobjectstreaminitwrapper binary=\"21433412080000007f180000c80b00007856341207000000140100007700610074005f0041006c00610072006d0054007900700065005f0046006c006f0077005f004d00610070000000eafffff0eafffff0eafffff0eafffff0eafffff0eafffff0eafffff0eafffff0eafffff0eafffff0eafffff0eafffff0eafffff0eafffff0eafffff0eafffff0eafffff0eafffff0eafffff0eafffff0eafffff0eafffff0eafffff0eafffff0eafffff0eafffff0eafffff0eafffff0eafffff0eafffff0eafffff0eafffff0eafffff0eafffff0eafffff0eafffff0eafffff0eafffff0eafffff0eafffff0eafffff0eafffff0eafffff0eafffff0eafffff0eafffff0eafffff0eafffff0000000000000000000000100000005000000540000002c0000002c0000002c000000340000000000000000000000382e0000c1140000000000002d010000070000000c000000070000001c010000500a0000700800002001000068010000fc000000a00500001c020000440100001c020000ac020000d401000000000000010000007f180000c80b000000000000020000000200000002000000020000001c010000b80b00000000000001000000401500005c07000000000000020000000200000002000000020000001c010000500a0000010000000000000040150000e502000000000000000000000000000002000000020000001c010000500a00000000000000000000243800002622000000000000000000000d00000004000000040000001c010000500a0000300c00008007000078563412040000007600000001000000010000000b000000000000000100000002000000030000000400000005000000060000000700000008000000090000000a00000004000000640062006f000000170000007700610074005f0041006c00610072006d0054007900700065005f0046006c006f0077005f004d00610070000000\"/></control><layoutobject><ddsxmlobj><property name=\"ActiveTableViewMode\" value=\"1\" vartype=\"8\"/><property name=\"TableViewMode:0\" value=\"4,0,284,0,2640,1,2160,5,1440\" vartype=\"8\"/><property name=\"TableViewMode:1\" value=\"2,0,284,0,3000\" vartype=\"8\"/><property name=\"TableViewMode:2\" value=\"2,0,284,0,2640\" vartype=\"8\"/><property name=\"TableViewMode:3\" value=\"2,0,284,0,2640\" vartype=\"8\"/><property name=\"TableViewMode:4\" value=\"4,0,284,0,2640,12,3120,11,1920\" vartype=\"8\"/></ddsxmlobj></layoutobject><shape groupshapeid=\"0\" groupnode=\"0\"/></ddscontrol><ddscontrol semanticcookie=\"01162d6001000000640062006f00000046004b005f007700610074005f0041006c00610072006d0054007900700065005f0046006c006f0077005f004d00610070005f006500710075005f00450071007500690070006d0065006e0074000000\" controlprogid=\"MSDDS.Polyline.080.1\" tooltip=\"âequ_Equipmentâä¸âwat_AlarmType_Flow_Mapâä¹é´çå³ç³»âFK_wat_AlarmType_Flow_Map_equ_Equipmentâ\" left=\"46093\" top=\"86917\" logicalid=\"160\" controlid=\"160\" masterid=\"0\" hint1=\"0\" hint2=\"0\" width=\"1087\" height=\"23729\" noresize=\"0\" nomove=\"0\" nodefaultattachpoints=\"1\" autodrag=\"0\" usedefaultiddshape=\"0\" selectable=\"1\" showselectionhandles=\"0\" allownudging=\"1\" isannotation=\"0\" dontautolayout=\"0\" groupcollapsed=\"0\" tabstop=\"1\" visible=\"1\" snaptogrid=\"0\"><control><ddsxmlobj><polyline endtypedst=\"0\" endtypesrc=\"2\" usercolor=\"15790320\" linestyle=\"0\" linerender=\"0\" customendtypedstid=\"0\" customendtypesrcid=\"0\" adornsvisible=\"1\"><adornment percentpos=\"49.9997418195525\" controlid=\"161\" width=\"7198\" height=\"318\" side=\"0\" behavior=\"3\" himetric=\"11316\" distfromline=\"175\" startobj=\"0\" x=\"46675\" y=\"98684\" visible=\"0\" allowoverlap=\"1\" usepercent=\"1\"/></polyline></ddsxmlobj></control><layoutobject><ddsxmlobj/></layoutobject><connector sourceid=\"3\" destid=\"159\" sourceattachpoint=\"36\" destattachpoint=\"41\" segmenteditmode=\"0\" bendpointeditmode=\"0\" bendpointvisibility=\"0\" relatedid=\"0\" virtual=\"0\"><point x=\"46500\" y=\"109950\"/><point x=\"46500\" y=\"94801\"/><point x=\"46800\" y=\"94801\"/><point x=\"46800\" y=\"87616\"/></connector></ddscontrol><ddscontrol semanticcookie=\"01fcfb2720fcfb27\" controlprogid=\"MSDDS.Text.080.1\" left=\"46675\" top=\"98684\" logicalid=\"161\" controlid=\"161\" masterid=\"160\" hint1=\"0\" hint2=\"0\" width=\"7198\" height=\"318\" noresize=\"1\" nomove=\"0\" nodefaultattachpoints=\"1\" autodrag=\"1\" usedefaultiddshape=\"1\" selectable=\"1\" showselectionhandles=\"1\" allownudging=\"1\" isannotation=\"0\" dontautolayout=\"1\" groupcollapsed=\"0\" tabstop=\"0\" visible=\"0\" snaptogrid=\"0\"><control><ddsxmlobjectstreaminitwrapper binary=\"000200001e1c00003e010000030000000000ffffff0008000080010000001500018600009001905f010004cbcecce5270046004b005f007700610074005f0041006c00610072006d0054007900700065005f0046006c006f0077005f004d00610070005f006500710075005f00450071007500690070006d0065006e00740000000000\"/></control><layoutobject><ddsxmlobj/></layoutobject><shape groupshapeid=\"0\" groupnode=\"0\"/></ddscontrol><ddscontrol semanticcookie=\"01162d6001000000640062006f00000046004b005f007700610074005f0041006c00610072006d0054007900700065005f0046006c006f0077005f004d00610070005f007700610074005f0041006c00610072006d0054007900700065000000\" controlprogid=\"MSDDS.Polyline.080.1\" tooltip=\"âwat_AlarmTypeâä¸âwat_AlarmType_Flow_Mapâä¹é´çå³ç³»âFK_wat_AlarmType_Flow_Map_wat_AlarmTypeâ\" left=\"40937\" top=\"85993\" logicalid=\"162\" controlid=\"162\" masterid=\"0\" hint1=\"0\" hint2=\"0\" width=\"3013\" height=\"815\" noresize=\"0\" nomove=\"0\" nodefaultattachpoints=\"1\" autodrag=\"0\" usedefaultiddshape=\"0\" selectable=\"1\" showselectionhandles=\"0\" allownudging=\"1\" isannotation=\"0\" dontautolayout=\"0\" groupcollapsed=\"0\" tabstop=\"1\" visible=\"1\" snaptogrid=\"0\"><control><ddsxmlobj><polyline endtypedst=\"0\" endtypesrc=\"2\" usercolor=\"15790320\" linestyle=\"0\" linerender=\"0\" customendtypedstid=\"0\" customendtypesrcid=\"0\" adornsvisible=\"1\"><adornment percentpos=\"77.0117592806087\" controlid=\"163\" width=\"7198\" height=\"318\" side=\"0\" behavior=\"3\" himetric=\"1858\" distfromline=\"175\" startobj=\"0\" x=\"37552\" y=\"86575\" visible=\"0\" allowoverlap=\"1\" usepercent=\"1\"/></polyline></ddsxmlobj></control><layoutobject><ddsxmlobj/></layoutobject><connector sourceid=\"154\" destid=\"159\" sourceattachpoint=\"99\" destattachpoint=\"104\" segmenteditmode=\"0\" bendpointeditmode=\"0\" bendpointvisibility=\"0\" relatedid=\"0\" virtual=\"0\"><point x=\"41237\" y=\"86400\"/><point x=\"43650\" y=\"86400\"/></connector></ddscontrol><ddscontrol semanticcookie=\"01f6fb2760f6fb27\" controlprogid=\"MSDDS.Text.080.1\" left=\"37552\" top=\"86575\" logicalid=\"163\" controlid=\"163\" masterid=\"162\" hint1=\"0\" hint2=\"0\" width=\"7198\" height=\"318\" noresize=\"1\" nomove=\"0\" nodefaultattachpoints=\"1\" autodrag=\"1\" usedefaultiddshape=\"1\" selectable=\"1\" showselectionhandles=\"1\" allownudging=\"1\" isannotation=\"0\" dontautolayout=\"1\" groupcollapsed=\"0\" tabstop=\"0\" visible=\"0\" snaptogrid=\"0\"><control><ddsxmlobjectstreaminitwrapper binary=\"000200001e1c00003e010000030000000000ffffff0008000080010000001500018600009001905f010004cbcecce5270046004b005f007700610074005f0041006c00610072006d0054007900700065005f0046006c006f0077005f004d00610070005f007700610074005f0041006c00610072006d00540079007000650000000000\"/></control><layoutobject><ddsxmlobj/></layoutobject><shape groupshapeid=\"0\" groupnode=\"0\"/></ddscontrol><ddscontrol controlprogid=\"{623AC075-2C77-4873-883D-930B4364B4BC}\" tooltip=\"wat_Caliber\" left=\"18600\" top=\"0\" logicalid=\"164\" controlid=\"164\" masterid=\"0\" hint1=\"0\" hint2=\"0\" width=\"6287\" height=\"2265\" noresize=\"0\" nomove=\"0\" nodefaultattachpoints=\"0\" autodrag=\"0\" usedefaultiddshape=\"0\" selectable=\"1\" showselectionhandles=\"0\" allownudging=\"1\" isannotation=\"0\" dontautolayout=\"0\" groupcollapsed=\"0\" tabstop=\"1\" visible=\"1\" snaptogrid=\"1\"><control><ddsxmlobjectstreaminitwrapper binary=\"21433412080000008f180000d90800007856341207000000140100007700610074005f00430061006c0069006200650072000000fff0eafffff0eafffff0eafffff0eafffff0eafffff0eafffff0eafffff0eafffff0eafffff0eafffff0eafffff0eafffff0eafffff0eafffff0eafffff0eafffff0eafffff0eafffff0eafffff0eafffff0eafffff0eafffff0eafffff0eafffff0eafffff0eafffff0eafffff0eafffff0eafffff0eafffff0eafffff0eafffff0eafffff0eafffff0eafffff0eafffff0eafffff0eafffff0eafffff0eafffff0eafffff0eafffff0eafffff0eafffff0eafffff0eafffff0eafffff0eafffff0eafffff0eafffff0eafffff0eafffff0eafffff0000000000000000000000100000005000000540000002c0000002c0000002c000000340000000000000000000000382e0000c1140000000000002d010000070000000c000000070000001c010000500a0000700800002001000068010000fc000000a00500001c020000440100001c020000ac020000d401000000000000010000008f180000d908000000000000020000000200000002000000020000001c010000700800000000000001000000401500002005000000000000010000000100000002000000020000001c010000500a0000010000000000000040150000e502000000000000000000000000000002000000020000001c010000500a00000000000000000000243800002622000000000000000000000d00000004000000040000001c010000500a0000300c00008007000078563412040000006000000001000000010000000b000000000000000100000002000000030000000400000005000000060000000700000008000000090000000a00000004000000640062006f0000000c0000007700610074005f00430061006c0069006200650072000000\"/></control><layoutobject><ddsxmlobj><property name=\"ActiveTableViewMode\" value=\"1\" vartype=\"8\"/><property name=\"TableViewMode:0\" value=\"4,0,284,0,2640,1,2160,5,1440\" vartype=\"8\"/><property name=\"TableViewMode:1\" value=\"2,0,284,0,2160\" vartype=\"8\"/><property name=\"TableViewMode:2\" value=\"2,0,284,0,2640\" vartype=\"8\"/><property name=\"TableViewMode:3\" value=\"2,0,284,0,2640\" vartype=\"8\"/><property name=\"TableViewMode:4\" value=\"4,0,284,0,2640,12,3120,11,1920\" vartype=\"8\"/></ddsxmlobj></layoutobject><shape groupshapeid=\"0\" groupnode=\"0\"/></ddscontrol><ddscontrol controlprogid=\"{623AC075-2C77-4873-883D-930B4364B4BC}\" tooltip=\"wat_Classify\" left=\"9300\" top=\"0\" logicalid=\"165\" controlid=\"165\" masterid=\"0\" hint1=\"0\" hint2=\"0\" width=\"6287\" height=\"2265\" noresize=\"0\" nomove=\"0\" nodefaultattachpoints=\"0\" autodrag=\"0\" usedefaultiddshape=\"0\" selectable=\"1\" showselectionhandles=\"0\" allownudging=\"1\" isannotation=\"0\" dontautolayout=\"0\" groupcollapsed=\"0\" tabstop=\"1\" visible=\"1\" snaptogrid=\"1\"><control><ddsxmlobjectstreaminitwrapper binary=\"21433412080000008f180000d90800007856341207000000140100007700610074005f0043006c006100730073006900660079000000eafffff0eafffff0eafffff0eafffff0eafffff0eafffff0eafffff0eafffff0eafffff0eafffff0eafffff0eafffff0eafffff0eafffff0eafffff0eafffff0eafffff0eafffff0eafffff0eafffff0eafffff0eafffff0eafffff0eafffff0eafffff0eafffff0eafffff0eafffff0eafffff0eafffff0eafffff0eafffff0eafffff0eafffff0eafffff0eafffff0eafffff0eafffff0eafffff0eafffff0eafffff0eafffff0eafffff0eafffff0eafffff0eafffff0eafffff0eafffff0eafffff0eafffff0eafffff0eafffff0eafffff0000000000000000000000100000005000000540000002c0000002c0000002c000000340000000000000000000000382e0000c1140000000000002d010000070000000c000000070000001c010000500a0000700800002001000068010000fc000000a00500001c020000440100001c020000ac020000d401000000000000010000008f180000d908000000000000020000000200000002000000020000001c010000700800000000000001000000401500002005000000000000010000000100000002000000020000001c010000500a0000010000000000000040150000e502000000000000000000000000000002000000020000001c010000500a00000000000000000000243800002622000000000000000000000d00000004000000040000001c010000500a0000300c00008007000078563412040000006200000001000000010000000b000000000000000100000002000000030000000400000005000000060000000700000008000000090000000a00000004000000640062006f0000000d0000007700610074005f0043006c006100730073006900660079000000\"/></control><layoutobject><ddsxmlobj><property name=\"ActiveTableViewMode\" value=\"1\" vartype=\"8\"/><property name=\"TableViewMode:0\" value=\"4,0,284,0,2640,1,2160,5,1440\" vartype=\"8\"/><property name=\"TableViewMode:1\" value=\"2,0,284,0,2160\" vartype=\"8\"/><property name=\"TableViewMode:2\" value=\"2,0,284,0,2640\" vartype=\"8\"/><property name=\"TableViewMode:3\" value=\"2,0,284,0,2640\" vartype=\"8\"/><property name=\"TableViewMode:4\" value=\"4,0,284,0,2640,12,3120,11,1920\" vartype=\"8\"/></ddsxmlobj></layoutobject><shape groupshapeid=\"0\" groupnode=\"0\"/></ddscontrol><ddscontrol controlprogid=\"{623AC075-2C77-4873-883D-930B4364B4BC}\" tooltip=\"wat_DayAccumulate\" left=\"34950\" top=\"126150\" logicalid=\"166\" controlid=\"166\" masterid=\"0\" hint1=\"0\" hint2=\"0\" width=\"6287\" height=\"13695\" noresize=\"0\" nomove=\"0\" nodefaultattachpoints=\"0\" autodrag=\"0\" usedefaultiddshape=\"0\" selectable=\"1\" showselectionhandles=\"0\" allownudging=\"1\" isannotation=\"0\" dontautolayout=\"0\" groupcollapsed=\"0\" tabstop=\"1\" visible=\"1\" snaptogrid=\"1\"><control><ddsxmlobjectstreaminitwrapper binary=\"21433412080000008f1800007f3500007856341207000000140100007700610074005f0044006100790041006300630075006d0075006c006100740065000000fff0eafffff0eafffff0eafffff0eafffff0eafffff0eafffff0eafffff0eafffff0eafffff0eafffff0eafffff0eafffff0eafffff0eafffff0eafffff0eafffff0eafffff0eafffff0eafffff0eafffff0eafffff0eafffff0eafffff0eafffff0eafffff0eafffff0eafffff0eafffff0eafffff0eafffff0eafffff0eafffff0eafffff0eafffff0eafffff0eafffff0eafffff0eafffff0eafffff0eafffff0eafffff0eafffff0eafffff0eafffff0eafffff0eafffff0eafffff0eafffff0eafffff0eafffff0000000000000000000000100000005000000540000002c0000002c0000002c000000340000000000000000000000382e000026220000000000002d0100000d0000000c000000070000001c010000500a000070080000600000007800000054000000a0050000b40000006c000000b4000000e40000009c00000000000000010000008f1800007f35000000000000160000000c00000002000000020000001c010000d80900000000000001000000401500005c07000000000000020000000200000002000000020000001c010000500a0000010000000000000040150000e502000000000000000000000000000002000000020000001c010000500a00000000000000000000243800002622000000000000000000000d00000004000000040000001c010000500a0000300c00008007000078563412040000006c00000001000000010000000b000000000000000100000002000000030000000400000005000000060000000700000008000000090000000a00000004000000640062006f000000120000007700610074005f0044006100790041006300630075006d0075006c006100740065000000\"/></control><layoutobject><ddsxmlobj><property name=\"ActiveTableViewMode\" value=\"1\" vartype=\"8\"/><property name=\"TableViewMode:0\" value=\"4,0,284,0,2640,1,2160,5,1440\" vartype=\"8\"/><property name=\"TableViewMode:1\" value=\"2,0,284,0,2520\" vartype=\"8\"/><property name=\"TableViewMode:2\" value=\"2,0,284,0,2640\" vartype=\"8\"/><property name=\"TableViewMode:3\" value=\"2,0,284,0,2640\" vartype=\"8\"/><property name=\"TableViewMode:4\" value=\"4,0,284,0,2640,12,3120,11,1920\" vartype=\"8\"/></ddsxmlobj></layoutobject><shape groupshapeid=\"0\" groupnode=\"0\"/></ddscontrol><ddscontrol semanticcookie=\"0100000001000000640062006f00000046004b005f007700610074005f0044006100790041006300630075006d0075006c006100740065005f006500710075005f00450071007500690070006d0065006e0074000000\" controlprogid=\"MSDDS.Polyline.080.1\" tooltip=\"âequ_Equipmentâä¸âwat_DayAccumulateâä¹é´çå³ç³»âFK_wat_DayAccumulate_equ_Equipmentâ\" left=\"40937\" top=\"118393\" logicalid=\"167\" controlid=\"167\" masterid=\"0\" hint1=\"0\" hint2=\"0\" width=\"3013\" height=\"15037\" noresize=\"0\" nomove=\"0\" nodefaultattachpoints=\"1\" autodrag=\"0\" usedefaultiddshape=\"0\" selectable=\"1\" showselectionhandles=\"0\" allownudging=\"1\" isannotation=\"0\" dontautolayout=\"0\" groupcollapsed=\"0\" tabstop=\"1\" visible=\"1\" snaptogrid=\"0\"><control><ddsxmlobj><polyline endtypedst=\"0\" endtypesrc=\"2\" usercolor=\"15790320\" linestyle=\"0\" linerender=\"0\" customendtypedstid=\"0\" customendtypesrcid=\"0\" adornsvisible=\"1\"><adornment percentpos=\"49.9997570610214\" controlid=\"168\" width=\"6275\" height=\"318\" side=\"0\" behavior=\"3\" himetric=\"8331\" distfromline=\"175\" startobj=\"0\" x=\"35560\" y=\"124998\" visible=\"0\" allowoverlap=\"1\" usepercent=\"1\"/></polyline></ddsxmlobj></control><layoutobject><ddsxmlobj/></layoutobject><connector sourceid=\"3\" destid=\"166\" sourceattachpoint=\"198\" destattachpoint=\"173\" segmenteditmode=\"0\" bendpointeditmode=\"0\" bendpointvisibility=\"0\" relatedid=\"0\" virtual=\"0\"><point x=\"43650\" y=\"118800\"/><point x=\"42010\" y=\"118800\"/><point x=\"42010\" y=\"133050\"/><point x=\"41237\" y=\"133050\"/></connector></ddscontrol><ddscontrol semanticcookie=\"010bfc27e00bfc27\" controlprogid=\"MSDDS.Text.080.1\" left=\"35560\" top=\"124998\" logicalid=\"168\" controlid=\"168\" masterid=\"167\" hint1=\"0\" hint2=\"0\" width=\"6275\" height=\"318\" noresize=\"1\" nomove=\"0\" nodefaultattachpoints=\"1\" autodrag=\"1\" usedefaultiddshape=\"1\" selectable=\"1\" showselectionhandles=\"1\" allownudging=\"1\" isannotation=\"0\" dontautolayout=\"1\" groupcollapsed=\"0\" tabstop=\"0\" visible=\"0\" snaptogrid=\"0\"><control><ddsxmlobjectstreaminitwrapper binary=\"00020000831800003e010000030000000000ffffff0008000080010000001500018600009001905f010004cbcecce5220046004b005f007700610074005f0044006100790041006300630075006d0075006c006100740065005f006500710075005f00450071007500690070006d0065006e00740000000000\"/></control><layoutobject><ddsxmlobj/></layoutobject><shape groupshapeid=\"0\" groupnode=\"0\"/></ddscontrol><ddscontrol controlprogid=\"{623AC075-2C77-4873-883D-930B4364B4BC}\" tooltip=\"wat_Flow\" left=\"61050\" top=\"13050\" logicalid=\"169\" controlid=\"169\" masterid=\"0\" hint1=\"0\" hint2=\"0\" width=\"6287\" height=\"81132\" noresize=\"0\" nomove=\"0\" nodefaultattachpoints=\"0\" autodrag=\"0\" usedefaultiddshape=\"0\" selectable=\"1\" showselectionhandles=\"0\" allownudging=\"1\" isannotation=\"0\" dontautolayout=\"0\" groupcollapsed=\"0\" tabstop=\"1\" visible=\"1\" snaptogrid=\"1\"><control><ddsxmlobjectstreaminitwrapper binary=\"21433412080000008f180000ec3c01007856341207000000140100007700610074005f0046006c006f0077000000eafffff0eafffff0eafffff0eafffff0eafffff0eafffff0eafffff0eafffff0eafffff0eafffff0eafffff0eafffff0eafffff0eafffff0eafffff0eafffff0eafffff0eafffff0eafffff0eafffff0eafffff0eafffff0eafffff0eafffff0eafffff0eafffff0eafffff0eafffff0eafffff0eafffff0eafffff0eafffff0eafffff0eafffff0eafffff0eafffff0eafffff0eafffff0eafffff0eafffff0eafffff0eafffff0eafffff0eafffff0eafffff0eafffff0eafffff0eafffff0eafffff0eafffff0eafffff0eafffff0eafffff0eafffff0eafffff0000000000000000000000100000005000000540000002c0000002c0000002c000000340000000000000000000000382e000026220000000000002d0100000d0000000c000000070000001c010000500a0000700800002001000068010000fc000000a00500001c020000440100001c020000ac020000d401000000000000010000008f180000ec3c0100000000008c0000000c00000002000000020000001c010000700800000000000001000000401500002005000000000000010000000100000002000000020000001c010000500a0000010000000000000040150000e502000000000000000000000000000002000000020000001c010000500a00000000000000000000243800002622000000000000000000000d00000004000000040000001c010000500a0000300c00008007000078563412040000005a00000001000000010000000b000000000000000100000002000000030000000400000005000000060000000700000008000000090000000a00000004000000640062006f000000090000007700610074005f0046006c006f0077000000\"/></control><layoutobject><ddsxmlobj><property name=\"ActiveTableViewMode\" value=\"1\" vartype=\"8\"/><property name=\"TableViewMode:0\" value=\"4,0,284,0,2640,1,2160,5,1440\" vartype=\"8\"/><property name=\"TableViewMode:1\" value=\"2,0,284,0,2160\" vartype=\"8\"/><property name=\"TableViewMode:2\" value=\"2,0,284,0,2640\" vartype=\"8\"/><property name=\"TableViewMode:3\" value=\"2,0,284,0,2640\" vartype=\"8\"/><property name=\"TableViewMode:4\" value=\"4,0,284,0,2640,12,3120,11,1920\" vartype=\"8\"/></ddsxmlobj></layoutobject><shape groupshapeid=\"0\" groupnode=\"0\"/></ddscontrol><ddscontrol semanticcookie=\"0148e07301000000640062006f00000046004b005f007700610074005f0046006c006f0077005f006500710075005f00450071007500690070006d0065006e0074000000\" controlprogid=\"MSDDS.Polyline.080.1\" tooltip=\"âequ_Equipmentâä¸âwat_Flowâä¹é´çå³ç³»âFK_wat_Flow_equ_Equipmentâ\" left=\"46993\" top=\"93882\" logicalid=\"170\" controlid=\"170\" masterid=\"0\" hint1=\"0\" hint2=\"0\" width=\"17507\" height=\"16764\" noresize=\"0\" nomove=\"0\" nodefaultattachpoints=\"1\" autodrag=\"0\" usedefaultiddshape=\"0\" selectable=\"1\" showselectionhandles=\"0\" allownudging=\"1\" isannotation=\"0\" dontautolayout=\"0\" groupcollapsed=\"0\" tabstop=\"1\" visible=\"1\" snaptogrid=\"0\"><control><ddsxmlobj><polyline endtypedst=\"2\" endtypesrc=\"2\" usercolor=\"15790320\" linestyle=\"0\" linerender=\"0\" customendtypedstid=\"0\" customendtypesrcid=\"0\" adornsvisible=\"1\"><adornment percentpos=\"49.9997617493317\" controlid=\"171\" width=\"4613\" height=\"318\" side=\"0\" behavior=\"3\" himetric=\"16283\" distfromline=\"175\" startobj=\"0\" x=\"49069\" y=\"95336\" visible=\"0\" allowoverlap=\"1\" usepercent=\"1\"/></polyline></ddsxmlobj></control><layoutobject><ddsxmlobj/></layoutobject><connector sourceid=\"3\" destid=\"169\" sourceattachpoint=\"48\" destattachpoint=\"41\" segmenteditmode=\"0\" bendpointeditmode=\"0\" bendpointvisibility=\"0\" relatedid=\"0\" virtual=\"0\"><point x=\"47400\" y=\"109950\"/><point x=\"47400\" y=\"95161\"/><point x=\"64200\" y=\"95161\"/><point x=\"64200\" y=\"94182\"/></connector></ddscontrol><ddscontrol semanticcookie=\"0110fc27a010fc27\" controlprogid=\"MSDDS.Text.080.1\" left=\"49069\" top=\"95336\" logicalid=\"171\" controlid=\"171\" masterid=\"170\" hint1=\"0\" hint2=\"0\" width=\"4613\" height=\"318\" noresize=\"1\" nomove=\"0\" nodefaultattachpoints=\"1\" autodrag=\"1\" usedefaultiddshape=\"1\" selectable=\"1\" showselectionhandles=\"1\" allownudging=\"1\" isannotation=\"0\" dontautolayout=\"1\" groupcollapsed=\"0\" tabstop=\"0\" visible=\"0\" snaptogrid=\"0\"><control><ddsxmlobjectstreaminitwrapper binary=\"00020000051200003e010000030000000000ffffff0008000080010000001500018600009001905f010004cbcecce5190046004b005f007700610074005f0046006c006f0077005f006500710075005f00450071007500690070006d0065006e00740000000000\"/></control><layoutobject><ddsxmlobj/></layoutobject><shape groupshapeid=\"0\" groupnode=\"0\"/></ddscontrol><ddscontrol controlprogid=\"{623AC075-2C77-4873-883D-930B4364B4BC}\" tooltip=\"wat_FlowType\" left=\"0\" top=\"0\" logicalid=\"172\" controlid=\"172\" masterid=\"0\" hint1=\"0\" hint2=\"0\" width=\"6287\" height=\"7408\" noresize=\"0\" nomove=\"0\" nodefaultattachpoints=\"0\" autodrag=\"0\" usedefaultiddshape=\"0\" selectable=\"1\" showselectionhandles=\"0\" allownudging=\"1\" isannotation=\"0\" dontautolayout=\"0\" groupcollapsed=\"0\" tabstop=\"1\" visible=\"1\" snaptogrid=\"1\"><control><ddsxmlobjectstreaminitwrapper binary=\"21433412080000008f180000f01c00007856341207000000140100007700610074005f0046006c006f00770054007900700065000000eafffff0eafffff0eafffff0eafffff0eafffff0eafffff0eafffff0eafffff0eafffff0eafffff0eafffff0eafffff0eafffff0eafffff0eafffff0eafffff0eafffff0eafffff0eafffff0eafffff0eafffff0eafffff0eafffff0eaff00000000fef4f2fffef4f2fffef4f2fffef4f2fffef4f2fffef4f2fffef4f2fffef4f2fffef4f2fffef4f2fffef4f2fffef4f2fffef4f2fffef4f2fffef4f2fffef4f2fffef4f2fffef4f2fffef4f2fffef4f2fffef4f2fffef4f2fffef4f2fffef4f2fffef4f2fffef4f2fffef4f2fffef4f2fffef4000000000000000000000100000005000000540000002c0000002c0000002c000000340000000000000000000000382e000026220000000000002d0100000d0000000c000000070000001c010000500a0000700800002001000068010000fc000000a00500001c020000440100001c020000ac020000d401000000000000010000008f180000f01c0000000000000b0000000b00000002000000020000001c010000700800000000000001000000401500002005000000000000010000000100000002000000020000001c010000500a0000010000000000000040150000e502000000000000000000000000000002000000020000001c010000500a00000000000000000000243800002622000000000000000000000d00000004000000040000001c010000500a0000300c00008007000078563412040000006200000001000000010000000b000000000000000100000002000000030000000400000005000000060000000700000008000000090000000a00000004000000640062006f0000000d0000007700610074005f0046006c006f00770054007900700065000000\"/></control><layoutobject><ddsxmlobj><property name=\"ActiveTableViewMode\" value=\"1\" vartype=\"8\"/><property name=\"TableViewMode:0\" value=\"4,0,284,0,2640,1,2160,5,1440\" vartype=\"8\"/><property name=\"TableViewMode:1\" value=\"2,0,284,0,2160\" vartype=\"8\"/><property name=\"TableViewMode:2\" value=\"2,0,284,0,2640\" vartype=\"8\"/><property name=\"TableViewMode:3\" value=\"2,0,284,0,2640\" vartype=\"8\"/><property name=\"TableViewMode:4\" value=\"4,0,284,0,2640,12,3120,11,1920\" vartype=\"8\"/></ddsxmlobj></layoutobject><shape groupshapeid=\"0\" groupnode=\"0\"/></ddscontrol><ddscontrol controlprogid=\"{623AC075-2C77-4873-883D-930B4364B4BC}\" tooltip=\"wat_HourAccumulate\" left=\"78750\" top=\"142200\" logicalid=\"173\" controlid=\"173\" masterid=\"0\" hint1=\"0\" hint2=\"0\" width=\"6287\" height=\"3979\" noresize=\"0\" nomove=\"0\" nodefaultattachpoints=\"0\" autodrag=\"0\" usedefaultiddshape=\"0\" selectable=\"1\" showselectionhandles=\"0\" allownudging=\"1\" isannotation=\"0\" dontautolayout=\"0\" groupcollapsed=\"0\" tabstop=\"1\" visible=\"1\" snaptogrid=\"1\"><control><ddsxmlobjectstreaminitwrapper binary=\"21433412080000008f1800008b0f00007856341207000000140100007700610074005f0048006f007500720041006300630075006d0075006c006100740065000000eafffff0eafffff0eafffff0eafffff0eafffff0eafffff0eafffff0eafffff0eafffff0eafffff0eafffff0eafffff0eafffff0eafffff0eafffff0eafffff0eafffff0eafffff0eafffff0eafffff0eafffff0eafffff0eafffff0eafffff0eafffff0eafffff0eafffff0eafffff0eafffff0eafffff0eafffff0eafffff0eafffff0eafffff0eafffff0eafffff0eafffff0eafffff0eafffff0eafffff0eafffff0eafffff0eafffff0eafffff0eafffff0eafffff0eafffff0eafffff0eafffff0eafffff0000000000000000000000100000005000000540000002c0000002c0000002c000000340000000000000000000000382e0000c1140000000000002d010000070000000c000000070000001c010000500a000070080000600000007800000054000000a0050000b40000006c000000b4000000e40000009c00000000000000010000008f1800008b0f000000000000050000000500000002000000020000001c010000d80900000000000001000000401500005c07000000000000020000000200000002000000020000001c010000500a0000010000000000000040150000e502000000000000000000000000000002000000020000001c010000500a00000000000000000000243800002622000000000000000000000d00000004000000040000001c010000500a0000300c00008007000078563412040000006e00000001000000010000000b000000000000000100000002000000030000000400000005000000060000000700000008000000090000000a00000004000000640062006f000000130000007700610074005f0048006f007500720041006300630075006d0075006c006100740065000000\"/></control><layoutobject><ddsxmlobj><property name=\"ActiveTableViewMode\" value=\"1\" vartype=\"8\"/><property name=\"TableViewMode:0\" value=\"4,0,284,0,2640,1,2160,5,1440\" vartype=\"8\"/><property name=\"TableViewMode:1\" value=\"2,0,284,0,2520\" vartype=\"8\"/><property name=\"TableViewMode:2\" value=\"2,0,284,0,2640\" vartype=\"8\"/><property name=\"TableViewMode:3\" value=\"2,0,284,0,2640\" vartype=\"8\"/><property name=\"TableViewMode:4\" value=\"4,0,284,0,2640,12,3120,11,1920\" vartype=\"8\"/></ddsxmlobj></layoutobject><shape groupshapeid=\"0\" groupnode=\"0\"/></ddscontrol><ddscontrol semanticcookie=\"0120466501000000640062006f00000046004b005f007700610074005f0048006f007500720041006300630075006d0075006c006100740065005f006500710075005f00450071007500690070006d0065006e0074000000\" controlprogid=\"MSDDS.Polyline.080.1\" tooltip=\"âequ_Equipmentâä¸âwat_HourAccumulateâä¹é´çå³ç³»âFK_wat_HourAccumulate_equ_Equipmentâ\" left=\"46993\" top=\"125807\" logicalid=\"174\" controlid=\"174\" masterid=\"0\" hint1=\"0\" hint2=\"0\" width=\"35287\" height=\"17093\" noresize=\"0\" nomove=\"0\" nodefaultattachpoints=\"1\" autodrag=\"0\" usedefaultiddshape=\"0\" selectable=\"1\" showselectionhandles=\"0\" allownudging=\"1\" isannotation=\"0\" dontautolayout=\"0\" groupcollapsed=\"0\" tabstop=\"1\" visible=\"1\" snaptogrid=\"0\"><control><ddsxmlobj><polyline endtypedst=\"0\" endtypesrc=\"2\" usercolor=\"15790320\" linestyle=\"0\" linerender=\"0\" customendtypedstid=\"0\" customendtypesrcid=\"0\" adornsvisible=\"1\"><adornment percentpos=\"49.9997707610275\" controlid=\"175\" width=\"6460\" height=\"318\" side=\"0\" behavior=\"3\" himetric=\"25098\" distfromline=\"175\" startobj=\"0\" x=\"51074\" y=\"141466\" visible=\"0\" allowoverlap=\"1\" usepercent=\"1\"/></polyline></ddsxmlobj></control><layoutobject><ddsxmlobj/></layoutobject><connector sourceid=\"3\" destid=\"173\" sourceattachpoint=\"49\" destattachpoint=\"40\" segmenteditmode=\"0\" bendpointeditmode=\"0\" bendpointvisibility=\"0\" relatedid=\"0\" virtual=\"0\"><point x=\"47400\" y=\"126502\"/><point x=\"47400\" y=\"141291\"/><point x=\"81900\" y=\"141291\"/><point x=\"81900\" y=\"142200\"/></connector></ddscontrol><ddscontrol semanticcookie=\"0141fc27e041fc27\" controlprogid=\"MSDDS.Text.080.1\" left=\"51074\" top=\"141466\" logicalid=\"175\" controlid=\"175\" masterid=\"174\" hint1=\"0\" hint2=\"0\" width=\"6460\" height=\"318\" noresize=\"1\" nomove=\"0\" nodefaultattachpoints=\"1\" autodrag=\"1\" usedefaultiddshape=\"1\" selectable=\"1\" showselectionhandles=\"1\" allownudging=\"1\" isannotation=\"0\" dontautolayout=\"1\" groupcollapsed=\"0\" tabstop=\"0\" visible=\"0\" snaptogrid=\"0\"><control><ddsxmlobjectstreaminitwrapper binary=\"000200003c1900003e010000030000000000ffffff0008000080010000001500018600009001905f010004cbcecce5230046004b005f007700610074005f0048006f007500720041006300630075006d0075006c006100740065005f006500710075005f00450071007500690070006d0065006e00740000000000\"/></control><layoutobject><ddsxmlobj/></layoutobject><shape groupshapeid=\"0\" groupnode=\"0\"/></ddscontrol><ddscontrol controlprogid=\"{623AC075-2C77-4873-883D-930B4364B4BC}\" tooltip=\"wat_MonthAccumulate\" left=\"52350\" top=\"123600\" logicalid=\"176\" controlid=\"176\" masterid=\"0\" hint1=\"0\" hint2=\"0\" width=\"6287\" height=\"9123\" noresize=\"0\" nomove=\"0\" nodefaultattachpoints=\"0\" autodrag=\"0\" usedefaultiddshape=\"0\" selectable=\"1\" showselectionhandles=\"0\" allownudging=\"1\" isannotation=\"0\" dontautolayout=\"0\" groupcollapsed=\"0\" tabstop=\"1\" visible=\"1\" snaptogrid=\"1\"><control><ddsxmlobjectstreaminitwrapper binary=\"21433412080000008f180000a32300007856341207000000140100007700610074005f004d006f006e007400680041006300630075006d0075006c006100740065000000fff0eafffff0eafffff0eafffff0eafffff0eafffff0eafffff0eafffff0eafffff0eafffff0eafffff0eafffff0eafffff0eafffff0eafffff0eafffff0eafffff0eafffff0eafffff0eafffff0eafffff0eafffff0eafffff0eafffff0eafffff0eafffff0eafffff0eafffff0eafffff0eafffff0eafffff0eafffff0eafffff0eafffff0eafffff0eafffff0eafffff0eafffff0eafffff0eaff00000000fef4f2fffef4f2fffef4f2fffef4f2fffef4f2fffef4f2fffef4f2fffef4f2fffef4f2fffef4000000000000000000000100000005000000540000002c0000002c0000002c000000340000000000000000000000382e000026220000000000002d0100000d0000000c000000070000001c010000500a000070080000600000007800000054000000a0050000b40000006c000000b4000000e40000009c00000000000000010000008f180000a3230000000000000e0000000c00000002000000020000001c010000d80900000000000001000000401500005c07000000000000020000000200000002000000020000001c010000500a0000010000000000000040150000e502000000000000000000000000000002000000020000001c010000500a00000000000000000000243800002622000000000000000000000d00000004000000040000001c010000500a0000300c00008007000078563412040000007000000001000000010000000b000000000000000100000002000000030000000400000005000000060000000700000008000000090000000a00000004000000640062006f000000140000007700610074005f004d006f006e007400680041006300630075006d0075006c006100740065000000\"/></control><layoutobject><ddsxmlobj><property name=\"ActiveTableViewMode\" value=\"1\" vartype=\"8\"/><property name=\"TableViewMode:0\" value=\"4,0,284,0,2640,1,2160,5,1440\" vartype=\"8\"/><property name=\"TableViewMode:1\" value=\"2,0,284,0,2520\" vartype=\"8\"/><property name=\"TableViewMode:2\" value=\"2,0,284,0,2640\" vartype=\"8\"/><property name=\"TableViewMode:3\" value=\"2,0,284,0,2640\" vartype=\"8\"/><property name=\"TableViewMode:4\" value=\"4,0,284,0,2640,12,3120,11,1920\" vartype=\"8\"/></ddsxmlobj></layoutobject><shape groupshapeid=\"0\" groupnode=\"0\"/></ddscontrol><ddscontrol semanticcookie=\"01162d6001000000640062006f00000046004b005f007700610074005f004d006f006e007400680041006300630075006d0075006c006100740065005f006500710075005f00450071007500690070006d0065006e0074000000\" controlprogid=\"MSDDS.Polyline.080.1\" tooltip=\"âequ_Equipmentâä¸âwat_MonthAccumulateâä¹é´çå³ç³»âFK_wat_MonthAccumulate_equ_Equipmentâ\" left=\"49637\" top=\"118243\" logicalid=\"177\" controlid=\"177\" masterid=\"0\" hint1=\"0\" hint2=\"0\" width=\"3013\" height=\"10237\" noresize=\"0\" nomove=\"0\" nodefaultattachpoints=\"1\" autodrag=\"0\" usedefaultiddshape=\"0\" selectable=\"1\" showselectionhandles=\"0\" allownudging=\"1\" isannotation=\"0\" dontautolayout=\"0\" groupcollapsed=\"0\" tabstop=\"1\" visible=\"1\" snaptogrid=\"0\"><control><ddsxmlobj><polyline endtypedst=\"0\" endtypesrc=\"2\" usercolor=\"15790320\" linestyle=\"0\" linerender=\"0\" customendtypedstid=\"0\" customendtypesrcid=\"0\" adornsvisible=\"1\"><adornment percentpos=\"49.9997749400215\" controlid=\"178\" width=\"6644\" height=\"318\" side=\"1\" behavior=\"3\" himetric=\"5931\" distfromline=\"175\" startobj=\"0\" x=\"51752\" y=\"122448\" visible=\"0\" allowoverlap=\"1\" usepercent=\"1\"/></polyline></ddsxmlobj></control><layoutobject><ddsxmlobj/></layoutobject><connector sourceid=\"3\" destid=\"176\" sourceattachpoint=\"197\" destattachpoint=\"140\" segmenteditmode=\"0\" bendpointeditmode=\"0\" bendpointvisibility=\"0\" relatedid=\"0\" virtual=\"0\"><point x=\"49937\" y=\"118650\"/><point x=\"51577\" y=\"118650\"/><point x=\"51577\" y=\"128100\"/><point x=\"52350\" y=\"128100\"/></connector></ddscontrol><ddscontrol semanticcookie=\"01d6c51a10d6c51a\" controlprogid=\"MSDDS.Text.080.1\" left=\"51752\" top=\"122448\" logicalid=\"178\" controlid=\"178\" masterid=\"177\" hint1=\"0\" hint2=\"0\" width=\"6644\" height=\"318\" noresize=\"1\" nomove=\"0\" nodefaultattachpoints=\"1\" autodrag=\"1\" usedefaultiddshape=\"1\" selectable=\"1\" showselectionhandles=\"1\" allownudging=\"1\" isannotation=\"0\" dontautolayout=\"1\" groupcollapsed=\"0\" tabstop=\"0\" visible=\"0\" snaptogrid=\"0\"><control><ddsxmlobjectstreaminitwrapper binary=\"00020000f41900003e010000030000000000ffffff0008000080010000001500018600009001905f010004cbcecce5240046004b005f007700610074005f004d006f006e007400680041006300630075006d0075006c006100740065005f006500710075005f00450071007500690070006d0065006e00740000000000\"/></control><layoutobject><ddsxmlobj/></layoutobject><shape groupshapeid=\"0\" groupnode=\"0\"/></ddscontrol><ddscontrol controlprogid=\"{623AC075-2C77-4873-883D-930B4364B4BC}\" tooltip=\"wat_WeekAccumulate\" left=\"87450\" top=\"142200\" logicalid=\"179\" controlid=\"179\" masterid=\"0\" hint1=\"0\" hint2=\"0\" width=\"6287\" height=\"8551\" noresize=\"0\" nomove=\"0\" nodefaultattachpoints=\"0\" autodrag=\"0\" usedefaultiddshape=\"0\" selectable=\"1\" showselectionhandles=\"0\" allownudging=\"1\" isannotation=\"0\" dontautolayout=\"0\" groupcollapsed=\"0\" tabstop=\"1\" visible=\"1\" snaptogrid=\"1\"><control><ddsxmlobjectstreaminitwrapper binary=\"21433412080000008f180000672100007856341207000000140100007700610074005f005700650065006b0041006300630075006d0075006c006100740065000000eafffff0eafffff0eafffff0eafffff0eafffff0eafffff0eafffff0eafffff0eafffff0eafffff0eafffff0eafffff0eafffff0eafffff0eafffff0eafffff0eafffff0eafffff0eafffff0eafffff0eafffff0eafffff0eafffff0eafffff0eafffff0eafffff0eafffff0eafffff0eafffff0eafffff0eafffff0eafffff0eafffff0eafffff0eafffff0eafffff0eafffff0eafffff0eafffff0eafffff0eafffff0eafffff0eafffff0eafffff0eafffff0eafffff0eafffff0eafffff0eafffff0eafffff0000000000000000000000100000005000000540000002c0000002c0000002c000000340000000000000000000000382e000026220000000000002d0100000d0000000c000000070000001c010000500a000070080000600000007800000054000000a0050000b40000006c000000b4000000e40000009c00000000000000010000008f18000067210000000000000d0000000c00000002000000020000001c010000d80900000000000001000000401500005c07000000000000020000000200000002000000020000001c010000500a0000010000000000000040150000e502000000000000000000000000000002000000020000001c010000500a00000000000000000000243800002622000000000000000000000d00000004000000040000001c010000500a0000300c00008007000078563412040000006e00000001000000010000000b000000000000000100000002000000030000000400000005000000060000000700000008000000090000000a00000004000000640062006f000000130000007700610074005f005700650065006b0041006300630075006d0075006c006100740065000000\"/></control><layoutobject><ddsxmlobj><property name=\"ActiveTableViewMode\" value=\"1\" vartype=\"8\"/><property name=\"TableViewMode:0\" value=\"4,0,284,0,2640,1,2160,5,1440\" vartype=\"8\"/><property name=\"TableViewMode:1\" value=\"2,0,284,0,2520\" vartype=\"8\"/><property name=\"TableViewMode:2\" value=\"2,0,284,0,2640\" vartype=\"8\"/><property name=\"TableViewMode:3\" value=\"2,0,284,0,2640\" vartype=\"8\"/><property name=\"TableViewMode:4\" value=\"4,0,284,0,2640,12,3120,11,1920\" vartype=\"8\"/></ddsxmlobj></layoutobject><shape groupshapeid=\"0\" groupnode=\"0\"/></ddscontrol><ddscontrol semanticcookie=\"0168327601000000640062006f00000046004b005f007700610074005f005700650065006b0041006300630075006d0075006c006100740065005f006500710075005f00450071007500690070006d0065006e0074000000\" controlprogid=\"MSDDS.Polyline.080.1\" tooltip=\"âequ_Equipmentâä¸âwat_WeekAccumulateâä¹é´çå³ç³»âFK_wat_WeekAccumulate_equ_Equipmentâ\" left=\"47443\" top=\"125807\" logicalid=\"180\" controlid=\"180\" masterid=\"0\" hint1=\"0\" hint2=\"0\" width=\"43537\" height=\"17093\" noresize=\"0\" nomove=\"0\" nodefaultattachpoints=\"1\" autodrag=\"0\" usedefaultiddshape=\"0\" selectable=\"1\" showselectionhandles=\"0\" allownudging=\"1\" isannotation=\"0\" dontautolayout=\"0\" groupcollapsed=\"0\" tabstop=\"1\" visible=\"1\" snaptogrid=\"0\"><control><ddsxmlobj><polyline endtypedst=\"0\" endtypesrc=\"2\" usercolor=\"15790320\" linestyle=\"0\" linerender=\"0\" customendtypedstid=\"0\" customendtypesrcid=\"0\" adornsvisible=\"1\"><adornment percentpos=\"49.9997789693784\" controlid=\"181\" width=\"6460\" height=\"318\" side=\"0\" behavior=\"3\" himetric=\"29223\" distfromline=\"175\" startobj=\"0\" x=\"55829\" y=\"141286\" visible=\"0\" allowoverlap=\"1\" usepercent=\"1\"/></polyline></ddsxmlobj></control><layoutobject><ddsxmlobj/></layoutobject><connector sourceid=\"3\" destid=\"179\" sourceattachpoint=\"55\" destattachpoint=\"40\" segmenteditmode=\"0\" bendpointeditmode=\"0\" bendpointvisibility=\"0\" relatedid=\"0\" virtual=\"0\"><point x=\"47850\" y=\"126502\"/><point x=\"47850\" y=\"141111\"/><point x=\"90600\" y=\"141111\"/><point x=\"90600\" y=\"142200\"/></connector></ddscontrol><ddscontrol semanticcookie=\"0197c51a9097c51a\" controlprogid=\"MSDDS.Text.080.1\" left=\"55829\" top=\"141286\" logicalid=\"181\" controlid=\"181\" masterid=\"180\" hint1=\"0\" hint2=\"0\" width=\"6460\" height=\"318\" noresize=\"1\" nomove=\"0\" nodefaultattachpoints=\"1\" autodrag=\"1\" usedefaultiddshape=\"1\" selectable=\"1\" showselectionhandles=\"1\" allownudging=\"1\" isannotation=\"0\" dontautolayout=\"1\" groupcollapsed=\"0\" tabstop=\"0\" visible=\"0\" snaptogrid=\"0\"><control><ddsxmlobjectstreaminitwrapper binary=\"000200003c1900003e010000030000000000ffffff0008000080010000001500018600009001905f010004cbcecce5230046004b005f007700610074005f005700650065006b0041006300630075006d0075006c006100740065005f006500710075005f00450071007500690070006d0065006e00740000000000\"/></control><layoutobject><ddsxmlobj/></layoutobject><shape groupshapeid=\"0\" groupnode=\"0\"/></ddscontrol></dds>\r\n\0\0\0\0\0\0\0\0\0\0\0\0\0\0\0\0\0\0\0\0\0\0\0\0\0\0\0\0\0\0\0\0\0\0\0\0\0\0\0\0\0\0\0\0\0\0\0\0\0\0\0\0\0\0\0\0\0\0\0\0\0\0\0\0\0\0\0\0\0\0\0\0\0\0\0\0\0\0\0\0\0\0\0\0\0\0\0\0\0\0\0\0\0\0\0\0\0\0\0\0\0\0\0\0\0\0\0\0\0\0\0\0\0\0\0\0\0\0\0\0\0\0\0\0\0\0\0\0\0\0\0\0\0\0\0þÿÿÿþÿÿÿÿÿÿÿÿÿÿÿÿÿÿÿÿÿÿÿÿÿÿÿÿÿÿÿÿÿÿÿÿÿÿÿÿÿÿÿÿÿÿÿÿÿÿÿÿÿÿÿÿÿÿÿÿÿÿÿÿÿÿÿÿÿÿÿÿÿÿÿÿÿÿÿÿÿÿÿÿÿÿÿÿÿÿÿÿÿÿÿÿÿÿÿÿÿÿÿÿÿÿÿÿÿÿÿÿÿÿÿÿÿÿÿÿÿÿÿÿÿÿÿÿÿÿÿÿÿÿÿÿÿÿÿÿÿÿÿÿÿÿÿÿÿÿÿÿÿÿÿÿÿÿÿÿÿÿÿÿÿÿÿÿÿÿÿÿÿÿÿÿÿÿÿÿÿÿÿÿÿÿÿÿÿÿÿÿÿÿÿÿÿÿÿÿÿÿÿÿÿÿÿÿÿÿÿÿÿÿÿÿÿÿÿÿÿÿÿÿÿÿÿÿÿÿÿÿÿÿÿÿÿÿÿÿÿÿÿÿÿÿÿÿÿÿÿÿÿÿÿÿÿÿÿÿÿÿÿÿÿÿÿÿÿÿÿÿÿÿÿÿÿÿÿÿÿÿÿÿÿÿÿÿÿÿÿÿÿÿÿÿÿÿÿÿÿÿÿÿÿÿÿÿÿÿÿÿÿÿÿÿÿÿÿÿÿÿÿÿÿÿÿÿÿÿÿÿÿÿÿÿÿÿÿÿÿÿÿÿÿÿÿÿÿÿÿÿÿÿÿÿÿÿÿÿÿÿÿÿÿÿÿÿÿÿÿÿÿÿÿÿÿÿÿÿÿÿÿÿÿÿÿÿÿÿÿÿÿÿÿÿÿÿÿÿÿÿÿÿÿÿÿÿÿÿÿÿÿÿÿÿÿÿÿÿÿÿÿÿÿÿÿÿÿÿÿÿÿÿÿÿÿÿÿÿÿÿÿÿÿÿÿÿÿÿÿÿÿÿÿÿÿÿÿÿÿÿÿÿÿÿÿÿÿÿÿÿÿÿÿÿÿÿÿÿÿÿÿÿÿÿÿÿÿÿÿÿÿÿÿÿÿÿÿÿÿÿÿÿÿÿÿÿÿÿÿ\0\0\0\0\0\0\0\0\0\0\0\0\0\0Na¼\0\0\0\0\0\0\0\0\0\0\0\0\0\0\0\0\0\0\0\0\0\0\0\0\0\0\0\0\0\0\0\0\0\0\0\0\0\0\0\0\0\0\0\0\0\0\0\0\0\0\0\0\0\0\0\0\0\0\0\0\0\0\0\0\0\0\0\0\0\0\0\0\0\0\0\0\0\0\0\0\0\0\0\0\0\0\0\0\0\0\0\0\0\0\0\0\0\0\0\0\0\0\0\0\0\0\0\0\0\0\0\0\0\0\0\0\0\0\0\0\0\0\0\0\0\0\0\0\0\0\0\0\0\0\0\0\0\0\0\0\0\0\0\0\0\0\0\0\0\0\0\0\0\0\0\0\0\0\0\0\0\0\0\0\0\0\0\0\0\0\0\0\0\0\0\0\0\0\0\0\0\0\0\0\0\0\0\0\0\0\0\0\0\0\0\0\0\0\0\0\0\0\0\0\0\0\0\0\0\0\0\0\0\0\0\0\0\0\0\0\0\0\0\0\0\0\0\0\0\0\0\0\0\0\0\0\0\0\0\0\0\0\0\0\0\0\0\0\0\0\0\0\0\0\0\0\0\0\0\0\0\0\0\0\0\0\0\0\0\0\0\0\0\0\0\0\0\0\0\0\0\0\0\0\0\0\0\0\0\0\0\0\0\0\0\0\0\0\0\0\0\0\0\0\0\0\0\0\0\0\0\0\0\0\0\0\0\0\0\0\0\0\0\0\0\0\0\0\0\0\0\0\0\0\0\0\0\0\0\0\0\0\0\0\0\0\0\0\0\0\0\0\0\0\0\0\0\0\0\0\0\0\0\0\0\0\0\0\0\0\0\0\0\0\0\0\0\0\0\0\0\0\0\0\0\0\0\0\0\0\0\0\0\0\0\0\0\0\0\0\0\0\0\0\0\0\0\0\0\0\0\0\0\0\0\0\0\0\0\0\0\0\0\0\0\0\0\0\0\0\0\0\0\0\0\0\0\0\0\0\0\0\0\0\0\0\0\0\0\0\0\0\0\0\0\0\0\0\0\0\0\0\0\0\0\0\0\0\0\0\0\0\0\0\0\0\0\0\0\0\0\0\0\0\0\0\0\Û\æ°\é\Ð­Q\0 \ÉW9\0\0\0°\Ã\nS\×\0\0HE\0\0\0\0\0\0\0\0\0\0\0\0\0\0\0\0\0\ê\0\0D\0a\0t\0a\0 \0S\0o\0u\0r\0c\0e\0=\0L\0A\0P\0T\0O\0P\0-\0M\0O\01\0F\03\0R\0J\0M\0;\0I\0n\0i\0t\0i\0a\0l\0 \0C\0a\0t\0a\0l\0o\0g\0=\0R\0D\0A\0S\0_\0E\0n\0g\0;\0P\0e\0r\0s\0i\0s\0t\0 \0S\0e\0c\0u\0r\0i\0t\0y\0 \0I\0n\0f\0o\0=\0T\0r\0u\0e\0;\0U\0s\0e\0r\0 \0I\0D\0=\0s\0a\0;\0M\0u\0l\0t\0i\0p\0l\0e\0A\0c\0t\0i\0v\0e\0R\0e\0s\0u\0l\0t\0S\0e\0t\0s\0=\0F\0a\0l\0s\0e\0;\0C\0o\0n\0n\0e\0c\0t\0 \0T\0i\0m\0e\0o\0u\0t\0=\03\00\0;\0T\0r\0u\0s\0t\0S\0e\0r\0v\0e\0r\0C\0e\0r\0t\0i\0f\0i\0c\0a\0t\0e\0=\0F\0a\0l\0s\0e\0;\0P\0a\0c\0k\0e\0t\0 \0S\0i\0z\0e\0=\04\00\09\06\0;\0A\0p\0p\0l\0i\0c\0a\0t\0i\0o\0n\0 \0N\0a\0m\0e\0=\0\"\0M\0i\0c\0r\0o\0s\0o\0f\0t\0 \0S\0Q\0L\0 \0S\0e\0r\0v\0e\0r\0 \0M\0a\0n\0a\0g\0e\0m\0e\0n\0t\0 \0S\0t\0u\0d\0i\0o\0\"\0\0\0\0\0\0\0\0D\0i\0a\0g\0r\0a\0m\0_\02\0\0\0\0&\0 \0\0\0e\0q\0u\0_\0A\0l\0a\0r\0m\0R\0e\0c\0o\0r\0d\0\0\0\0\0\0d\0b\0o\0\0\0\0&\0\0\0\0e\0q\0u\0_\0C\0o\0m\0m\0a\0n\0d\0\0\0\0\0\0d\0b\0o\0\0\0\0&\0\0\0\0e\0q\0u\0_\0E\0q\0u\0i\0p\0m\0e\0n\0t\0\0\0\0\0\0d\0b\0o\0\0\0\0&\0B\0\0\0e\0q\0u\0_\0E\0q\0u\0i\0p\0m\0e\0n\0t\0G\0r\0o\0u\0p\0_\0E\0q\0u\0i\0p\0m\0e\0n\0t\0_\0M\0a\0p\0\0\0\0\0\0d\0b\0o\0\0\0\0&\0>\0\0\0e\0q\0u\0_\0E\0q\0u\0i\0p\0m\0e\0n\0t\0P\0a\0r\0a\0S\0e\0t\0t\0i\0n\0g\0R\0e\0c\0o\0r\0d\0\0\0\0\0\0d\0b\0o\0\0\0\0&\0,\0\0\0e\0q\0u\0_\0E\0q\0u\0i\0p\0m\0e\0n\0t\0R\0e\0a\0l\0D\0a\0t\0a\0\0\0\0\0\0d\0b\0o\0\0\0\0&\0$\0\0\0e\0q\0u\0_\0E\0q\0u\0i\0p\0m\0e\0n\0t\0T\0y\0p\0e\0\0\0\0\0\0d\0b\0o\0\0\0\0&\0\"\0\0\0e\0q\0u\0_\0M\0a\0n\0u\0f\0a\0c\0t\0u\0r\0e\0r\0\0\0\0\0\0d\0b\0o\0\0\0\0&\0\0\0\0e\0q\0u\0_\0P\0a\0r\0a\0\0\0\0\0\0d\0b\0o\0\0\0\0&\0\0\0\0e\0q\0u\0_\0P\0a\0r\0a\0G\0r\0o\0u\0p\0\0\0\0\0\0d\0b\0o\0\0\0\0&\0\0\0\0e\0q\0u\0_\0P\0a\0r\0a\0V\0a\0l\0u\0e\0\0\0\0\0\0d\0b\0o\0\0\0\0&\0\0\0\0e\0q\0u\0_\0B\0a\0t\0t\0e\0r\0y\0\0\0\0\0\0d\0b\0o\0\0\0\0&\0\Z\0\0\0e\0q\0u\0_\0D\0a\0t\0a\0T\0y\0p\0e\0\0\0\0\0\0d\0b\0o\0\0\0\0&\0&\0\0\0e\0q\0u\0_\0E\0q\0u\0i\0p\0m\0e\0n\0t\0G\0r\0o\0u\0p\0\0\0\0\0\0d\0b\0o\0\0\0\0&\0$\0\0\0e\0q\0u\0_\0E\0q\0u\0i\0p\0m\0e\0n\0t\0P\0a\0r\0a\0\0\0\0\0\0d\0b\0o\0\0\0\0&\08\0\0\0e\0q\0u\0_\0E\0q\0u\0i\0p\0m\0e\0n\0t\0P\0a\0r\0a\0V\0a\0l\0u\0e\0R\0a\0n\0g\0e\0\0\0\0\0\0d\0b\0o\0\0\0\0&\0&\0\0\0e\0q\0u\0_\0R\0e\0s\0p\0o\0n\0s\0e\0R\0e\0c\0o\0r\0d\0\0\0\0\0\0d\0b\0o\0\0\0\0&\0\0\0\0e\0q\0u\0_\0S\0e\0r\0v\0e\0r\0\0\0\0\0\0d\0b\0o\0\0\0\0&\02\0\0\0e\0q\0u\0_\0S\0e\0r\0v\0e\0r\0_\0E\0q\0u\0i\0p\0m\0e\0n\0t\0_\0M\0a\0p\0\0\0\0\0\0d\0b\0o\0\0\0\0&\0\0\0\0e\0q\0u\0_\0S\0I\0M\0\0\0\0\0\0d\0b\0o\0\0\0\0&\0\0\0\0e\0q\0u\0_\0S\0I\0M\0A\0P\0P\0\0\0\0\0\0d\0b\0o\0\0\0\0&\08\0\0\0e\0q\0u\0_\0S\0I\0M\0B\0a\0l\0a\0n\0c\0e\0H\0i\0s\0t\0o\0r\0y\0R\0e\0c\0o\0r\0d\0\0\0\0\0\0d\0b\0o\0\0\0\0&\0\0\0\0e\0q\0u\0_\0S\0I\0M\0P\0a\0c\0k\0a\0g\0e\0\0\0\0\0\0d\0b\0o\0\0\0\0&\0\0\0\0e\0q\0u\0_\0U\0n\0i\0t\0\0\0\0\0\0d\0b\0o\0\0\0\0&\00\0\0\0e\0q\0u\0_\0U\0p\0d\0a\0t\0e\0P\0r\0o\0g\0r\0a\0m\0R\0e\0c\0o\0r\0d\0\0\0\0\0\0d\0b\0o\0\0\0\0&\08\0\0\0e\0q\0u\0_\0U\0s\0e\0r\0_\0E\0q\0u\0i\0p\0m\0e\0n\0t\0G\0r\0o\0u\0p\0_\0M\0a\0p\0\0\0\0\0\0d\0b\0o\0\0\0\0&\0$\0\0\0s\0y\0s\0_\0A\0d\0v\0e\0r\0t\0i\0s\0e\0m\0e\0n\0t\0\0\0\0\0\0d\0b\0o\0\0\0\0&\0\0\0\0s\0y\0s\0_\0A\0p\0p\0A\0p\0i\0\0\0\0\0\0d\0b\0o\0\0\0\0&\0\0\0\0s\0y\0s\0_\0b\0u\0t\0t\0o\0n\0\0\0\0\0\0d\0b\0o\0\0\0\0&\0\0\0\0s\0y\0s\0_\0c\0o\0d\0e\0\0\0\0\0\0d\0b\0o\0\0\0\0&\0\Z\0\0\0s\0y\0s\0_\0c\0o\0d\0e\0T\0y\0p\0e\0\0\0\0\0\0d\0b\0o\0\0\0\0&\0\0\0\0s\0y\0s\0_\0l\0o\0g\0\0\0\0\0\0d\0b\0o\0\0\0\0&\0\"\0\0\0s\0y\0s\0_\0l\0o\0g\0i\0n\0H\0i\0s\0t\0o\0r\0y\0\0\0\0\0\0d\0b\0o\0\0\0\0&\0(\0\0\0s\0y\0s\0_\0l\0o\0g\0i\0n\0P\0a\0g\0e\0R\0e\0c\0o\0r\0d\0\0\0\0\0\0d\0b\0o\0\0\0\0&\0\0\0\0s\0y\0s\0_\0m\0e\0n\0u\0\0\0\0\0\0d\0b\0o\0\0\0\0&\0$\0\0\0s\0y\0s\0_\0m\0e\0n\0u\0B\0u\0t\0t\0o\0n\0M\0a\0p\0\0\0\0\0\0d\0b\0o\0\0\0\0&\0 \0\0\0s\0y\0s\0_\0M\0e\0n\0u\0C\0o\0l\0u\0m\0n\0s\0\0\0\0\0\0d\0b\0o\0\0\0\0&\0\Z\0\0\0s\0y\0s\0_\0o\0r\0g\0a\0n\0i\0z\0e\0\0\0\0\0\0d\0b\0o\0\0\0\0&\0(\0\0\0s\0y\0s\0_\0o\0r\0g\0a\0n\0i\0z\0e\0R\0o\0l\0e\0M\0a\0p\0\0\0\0\0\0d\0b\0o\0\0\0\0&\0\0\0\0s\0y\0s\0_\0p\0a\0r\0a\0m\0e\0t\0e\0r\0\0\0\0\0\0d\0b\0o\0\0\0\0&\0\0\0\0s\0y\0s\0_\0p\0e\0r\0m\0i\0s\0s\0i\0o\0n\0\0\0\0\0\0d\0b\0o\0\0\0\0&\0\0\0\0s\0y\0s\0_\0r\0o\0l\0e\0\0\0\0\0\0d\0b\0o\0\0\0\0&\0,\0\0\0s\0y\0s\0_\0r\0o\0l\0e\0M\0e\0n\0u\0B\0u\0t\0t\0o\0n\0M\0a\0p\0\0\0\0\0\0d\0b\0o\0\0\0\0&\0,\0\0\0s\0y\0s\0_\0r\0o\0l\0e\0M\0e\0n\0u\0C\0o\0l\0u\0m\0n\0M\0a\0p\0\0\0\0\0\0d\0b\0o\0\0\0\0&\0 \0\0\0s\0y\0s\0_\0r\0o\0l\0e\0M\0e\0n\0u\0M\0a\0p\0\0\0\0\0\0d\0b\0o\0\0\0\0&\0,\0\0\0s\0y\0s\0_\0r\0o\0l\0e\0P\0e\0r\0m\0i\0s\0s\0i\0o\0n\0M\0a\0p\0\0\0\0\0\0d\0b\0o\0\0\0\0&\0 \0\0\0s\0y\0s\0_\0S\0y\0s\0t\0e\0m\0A\0l\0a\0r\0m\0\0\0\0\0\0d\0b\0o\0\0\0\0&\0\0\0\0s\0y\0s\0_\0u\0s\0e\0r\0\0\0\0\0\0d\0b\0o\0\0\0\0&\0(\0\0\0s\0y\0s\0_\0U\0s\0e\0r\0_\0A\0p\0p\0A\0p\0i\0_\0M\0a\0p\0\0\0\0\0\0d\0b\0o\0\0\0\0&\04\0\0\0s\0y\0s\0_\0U\0s\0e\0r\0M\0e\0n\0u\0C\0o\0l\0u\0m\0n\0S\0e\0t\0t\0i\0n\0g\0\0\0\0\0\0d\0b\0o\0\0\0\0&\0(\0\0\0s\0y\0s\0_\0u\0s\0e\0r\0O\0r\0g\0a\0n\0i\0z\0e\0M\0a\0p\0\0\0\0\0\0d\0b\0o\0\0\0\0&\0 \0\0\0s\0y\0s\0_\0u\0s\0e\0r\0R\0o\0l\0e\0M\0a\0p\0\0\0\0\0\0d\0b\0o\0\0\0\0&\0 \0\0\0s\0y\0s\0_\0u\0s\0e\0r\0S\0e\0t\0t\0i\0n\0g\0\0\0\0\0\0d\0b\0o\0\0\0\0&\0\0\0\0w\0a\0t\0_\0A\0l\0a\0r\0m\0P\0a\0r\0a\0\0\0\0\0\0d\0b\0o\0\0\0\0&\0 \0\0\0w\0a\0t\0_\0A\0l\0a\0r\0m\0R\0e\0c\0o\0r\0d\0\0\0\0\0\0d\0b\0o\0\0\0\0&\0\0\0\0w\0a\0t\0_\0A\0l\0a\0r\0m\0T\0y\0p\0e\0\0\0\0\0\0d\0b\0o\0\0\0\0&\0.\0\0\0w\0a\0t\0_\0A\0l\0a\0r\0m\0T\0y\0p\0e\0_\0F\0l\0o\0w\0_\0M\0a\0p\0\0\0\0\0\0d\0b\0o\0\0\0\0&\0\0\0\0w\0a\0t\0_\0C\0a\0l\0i\0b\0e\0r\0\0\0\0\0\0d\0b\0o\0\0\0\0&\0\Z\0\0\0w\0a\0t\0_\0C\0l\0a\0s\0s\0i\0f\0y\0\0\0\0\0\0d\0b\0o\0\0\0\0&\0$\0\0\0w\0a\0t\0_\0D\0a\0y\0A\0c\0c\0u\0m\0u\0l\0a\0t\0e\0\0\0\0\0\0d\0b\0o\0\0\0\0&\0\0\0\0w\0a\0t\0_\0F\0l\0o\0w\0\0\0\0\0\0d\0b\0o\0\0\0\0&\0\Z\0\0\0w\0a\0t\0_\0F\0l\0o\0w\0T\0y\0p\0e\0\0\0\0\0\0d\0b\0o\0\0\0\0&\0&\0\0\0w\0a\0t\0_\0H\0o\0u\0r\0A\0c\0c\0u\0m\0u\0l\0a\0t\0e\0\0\0\0\0\0d\0b\0o\0\0\0\0&\0(\0\0\0w\0a\0t\0_\0M\0o\0n\0t\0h\0A\0c\0c\0u\0m\0u\0l\0a\0t\0e\0\0\0\0\0\0d\0b\0o\0\0\0\0$\0&\0\0\0w\0a\0t\0_\0W\0e\0e\0k\0A\0c\0c\0u\0m\0u\0l\0a\0t\0e\0\0\0\0\0\0d\0b\0o\0\0\0\0\0\0Ö	³»kòE¸7dð2p\0N\0\0\0{\01\06\03\04\0C\0D\0D\07\0-\00\08\08\08\0-\04\02\0E\03\0-\09\0F\0A\02\0-\0B\06\0D\03\02\05\06\03\0B\09\01\0D\0}\0\0\0\0\0\0\0\0\0\0\0\0\0\0\0\0\0\0\0\0\0\0\0\0\0\0\0\0\0\0\0\0\0\0\0\0\0\0\0\0\0\0\0\0\0\0\0\0\0\0\0\0\0\0\0\0\0\0\0\0\0\0\0\0\0\0\0\0\0\0\0\0\0\0\0\0\0\0\0\0\0\0\0\0\0\0\0\0\0\0\0\0\0\0\0\0\0\0\0\0\0\0\0\0\0\0\0\0\0\0\0\0\0\0\0\0\0\0\0\0\0\0\0\0\0\0\0\0\0\0\0\0\0\0\0\0\0\0\0\0\0\0\0\0\0\0\0\0\0\0\0\0\0\0\0\0\0\0\0\0\0\0\0\0\0\0\0\0\0\0\0\0\0\0\0\0\0\0\0\0\0\0\0\0\0\0\0\0\0\0\0\0\0\0\0\0\0\0\0\0\0\0\0\0\0\0\0\0\0\0\0\0\0\0\0\0\0\0\0\0\0\0\0\0\0\0\0\0\0\0\0\0\0\0\0\0\0\0\0\0\0\0\0\0\0\0\0\0\0\0\0\0\0\0\0\0\0\0\0\0\0\0\0\0\0\0\0\0\0\0\0\0\0\0\0\0\0\0\0\0\0\0\0\0\0\0\0\0\0\0\0\0\0\0\0\0\0\0\0\0\0\0\0\0\0\0\0\0\0\0\0\0\0\0\0\0\0\0\0\0\0\0\0\0\0\0\0\0\0\0\0\0\0\0\0\0\0\0\0\0\0\0\0\0\0\0\0\0\0\0\0\0\0\0\0\0\0\0\0\0\0\0\0\0\0\0\0\0\0\0\0\0\0\0\0\0\0\0\0\0\0\0\0\0\0\0\0\0\0\0\0\0\0\0\0\0\0\0\0\0\0\0\0\0\0\0\0\0\0\0\0\0\0\0\0\0\0\0\0\0\0\0\0\0\0\0\0\0\0\0\0\0\0\0\0\0\0\0\0\0\0\0\0\0\0\0\0\0\0\0\0\0\0\0\0\0\0\0\0\0\0\0\0\0\0S\0c\0h\0e\0m\0a\0 \0U\0D\0V\0 \0D\0e\0f\0a\0u\0l\0t\0 \0P\0o\0s\0t\0 \0V\06\0\0\0\0\0\0\0\0\0\0\0\0\06\0\0ÿÿÿÿÿÿÿÿÿÿÿÿ\0\0\0\0\0\0\0\0\0\0\0\0\0\0\0\0\0\0\0\0\0\0\0\0\0\0\0\0\0\0\0\0\0\0\0\0\0\0\0\0\0\0\0\0\0\0\0\0\0\0\0\0\0\0\0\0\0\0\0\0\0\0\0\0\0\0\0\0\0\0\0\0\0\0\0\0\0\0\0\0\0\0\0\0\0\0\0\0\0\0\0\0\0\0\0\0\0\0\0\0\0\0\0\0\0\0\0\0\0\0\0\0\0\0ÿÿÿÿÿÿÿÿÿÿÿÿ\0\0\0\0\0\0\0\0\0\0\0\0\0\0\0\0\0\0\0\0\0\0\0\0\0\0\0\0\0\0\0\0\0\0\0\0\0\0\0\0\0\0\0\0\0\0\0\0\0\0\0\0\0\0\0\0\0\0\0\0\0\0\0\0\0\0\0\0\0\0\0\0\0\0\0\0\0\0\0\0\0\0\0\0\0\0\0\0\0\0\0\0\0\0\0\0\0\0\0\0\0\0\0\0\0\0\0\0\0\0\0\0\0\0\0\0ÿÿÿÿÿÿÿÿÿÿÿÿ\0\0\0\0\0\0\0\0\0\0\0\0\0\0\0\0\0\0\0\0\0\0\0\0\0\0\0\0\0\0\0\0\0\0\0\0\0\0\0\0\0\0\0\0\0\0\0\0\0\0\0\0\0\0\0\0\0\0\0\0\0\0\0\0\0\0\0\0\0\0\0\0\0\0\0\0\0\0\0\0\0\0\0\0\0\0\0\0\0\0\0\0\0\0\0\0\0\0\0\0\0\0\0\0\0\0\0\0\0\0\0\0\0\0\0\0ÿÿÿÿÿÿÿÿÿÿÿÿ\0\0\0\0\0\0\0\0\0\0\0\0\0\0\0\0\0\0\0\0\0\0\0\0\0\0\0\0\0\0\0\0\0\0\0\0\0\0\0\0\0\0\0\0\0\0\0\0bR');
/*!40000 ALTER TABLE `sysdiagrams` ENABLE KEYS */;
UNLOCK TABLES;

--
-- Table structure for table `wat_alarmpara`
--

DROP TABLE IF EXISTS `wat_alarmpara`;
/*!40101 SET @saved_cs_client     = @@character_set_client */;
/*!40101 SET character_set_client = utf8 */;
CREATE TABLE `wat_alarmpara` (
  `ID` int(11) NOT NULL AUTO_INCREMENT,
  `Name` varchar(50) NOT NULL,
  `AlarmType_ID` int(11) NOT NULL,
  `ParaValue` double NOT NULL,
  `Des` text,
  PRIMARY KEY (`ID`),
  KEY `AlarmType_ID` (`AlarmType_ID`),
  CONSTRAINT `FK_wat_AlarmPara_wat_AlarmType` FOREIGN KEY (`AlarmType_ID`) REFERENCES `wat_alarmtype` (`ID`)
) ENGINE=InnoDB AUTO_INCREMENT=20 DEFAULT CHARSET=utf8;
/*!40101 SET character_set_client = @saved_cs_client */;

--
-- Dumping data for table `wat_alarmpara`
--

LOCK TABLES `wat_alarmpara` WRITE;
/*!40000 ALTER TABLE `wat_alarmpara` DISABLE KEYS */;
INSERT INTO `wat_alarmpara` VALUES (1,'Days',1,7,'æ°´éè¿ç»­ä¸éå¤©æ°ï¼å¤©ï¼'),(2,'Avg',2,100,'næ¥åééå¼ï¼m3ï¼'),(3,'Pecent',2,30,'æ³¢å¨éå¼ï¼%ï¼'),(4,'Avg',3,100,'næ¥åééå¼ï¼m3ï¼'),(5,'Pecent',3,30,'æ³¢å¨éå¼ï¼%ï¼'),(7,'Days',4,7,'æ°´éè¿ç»­ä¸ºé¶å¤©æ°ï¼å¤©ï¼'),(8,'Avg',5,-50,'å°æ¶ç´¯è®¡æ°´éåæµéå¼ï¼m3ï¼'),(9,'Days',6,6,'è¿ç»­å¤©æ°ï¼å¤©ï¼'),(10,'Pecent',6,70,'å æ¯å¤§äºï¼%ï¼'),(11,'Days',7,6,'è¿ç»­å¤©æ°ï¼å¤©ï¼'),(12,'FlowPecent',7,85,'å¤§äºè¿è½½æµéæ¯ä¾ï¼%ï¼'),(13,'Pecent',7,20,'å æ¯å¤§äºï¼%ï¼'),(17,'Days',8,7,'æ°´éè¿ç»­ä¸åå¤©æ°ï¼å¤©ï¼'),(18,'Days',2,7,'næ¥ï¼å¤©ï¼'),(19,'Days',3,7,'næ¥ï¼å¤©ï¼');
/*!40000 ALTER TABLE `wat_alarmpara` ENABLE KEYS */;
UNLOCK TABLES;

--
-- Table structure for table `wat_alarmrecord`
--

DROP TABLE IF EXISTS `wat_alarmrecord`;
/*!40101 SET @saved_cs_client     = @@character_set_client */;
/*!40101 SET character_set_client = utf8 */;
CREATE TABLE `wat_alarmrecord` (
  `ID` int(11) NOT NULL AUTO_INCREMENT,
  `Equipment_ID` varchar(50) NOT NULL,
  `AlarmType_ID` int(11) NOT NULL,
  `AlarmTime` datetime NOT NULL,
  `ConfirmTime` datetime DEFAULT NULL,
  `UserCode` varchar(100) DEFAULT NULL,
  `Recovery` bit(1) NOT NULL DEFAULT b'0',
  `RecoveryTime` datetime DEFAULT NULL,
  `Reason` text,
  `Des` text,
  PRIMARY KEY (`ID`),
  KEY `Equipment_ID` (`Equipment_ID`),
  KEY `AlarmType_ID` (`AlarmType_ID`),
  CONSTRAINT `FK_wat_AlarmRecord_equ_Equipment` FOREIGN KEY (`Equipment_ID`) REFERENCES `equ_equipment` (`ID`),
  CONSTRAINT `FK_wat_AlarmRecord_wat_AlarmType` FOREIGN KEY (`AlarmType_ID`) REFERENCES `wat_alarmtype` (`ID`)
) ENGINE=InnoDB DEFAULT CHARSET=utf8;
/*!40101 SET character_set_client = @saved_cs_client */;

--
-- Dumping data for table `wat_alarmrecord`
--

LOCK TABLES `wat_alarmrecord` WRITE;
/*!40000 ALTER TABLE `wat_alarmrecord` DISABLE KEYS */;
/*!40000 ALTER TABLE `wat_alarmrecord` ENABLE KEYS */;
UNLOCK TABLES;

--
-- Table structure for table `wat_alarmtype`
--

DROP TABLE IF EXISTS `wat_alarmtype`;
/*!40101 SET @saved_cs_client     = @@character_set_client */;
/*!40101 SET character_set_client = utf8 */;
CREATE TABLE `wat_alarmtype` (
  `ID` int(11) NOT NULL,
  `Name` varchar(50) NOT NULL,
  `Des` text,
  PRIMARY KEY (`ID`)
) ENGINE=InnoDB DEFAULT CHARSET=utf8;
/*!40101 SET character_set_client = @saved_cs_client */;

--
-- Dumping data for table `wat_alarmtype`
--

LOCK TABLES `wat_alarmtype` WRITE;
/*!40000 ALTER TABLE `wat_alarmtype` DISABLE KEYS */;
INSERT INTO `wat_alarmtype` VALUES (1,'æ°´ééå','æ°´éè¿ç»­7å¤©ä¸ç´ä¸é'),(2,'æ°´éåæ¯æ³¢å¨å¼å¸¸','næ¥åéå¤§äº100ï¼ä¸åæ¯æ³¢å¨30%'),(3,'æ°´éç¯æ¯æ³¢å¨å¼å¸¸','næ¥åéå¤§äº100ï¼ä¸ç¯æ¯æ³¢å¨30%'),(4,'é¶æ°´é','æ°´éè¿ç»­7å¤©ä¸ºé¶'),(5,'æ°´åæµ','å°æ¶ç´¯è®¡æ°´éä¸ºè´ï¼ä¸å¤§äº50ï¼m3ï¼'),(6,'é¿æå°æµé','è¿ç»­6æ¥å°æ¶æµéå¤§äº0ä¸å°äºæå°æµéçæ¬¡æ°å å½æ¥å°æ¶æµéå¤§äº0æ¬¡æ°çæ¯ä¾å¤§äº70%'),(7,'é¿æè¿è½½æµé','è¿ç»­6æ¥å°æ¶æµéå¤§äºè¿è½½æµé85%æ¬¡æ°å å½æ¥å°æ¶æµéå¤§äº0æ¬¡æ°çæ¯ä¾å¤§äº20%'),(8,'æ°´ééå¢','æ°´éè¿ç»­7å¤©ä¸ç´ä¸å');
/*!40000 ALTER TABLE `wat_alarmtype` ENABLE KEYS */;
UNLOCK TABLES;

--
-- Table structure for table `wat_alarmtype_flow_map`
--

DROP TABLE IF EXISTS `wat_alarmtype_flow_map`;
/*!40101 SET @saved_cs_client     = @@character_set_client */;
/*!40101 SET character_set_client = utf8 */;
CREATE TABLE `wat_alarmtype_flow_map` (
  `AlarmType_ID` int(11) NOT NULL,
  `Equipment_ID` varchar(50) NOT NULL,
  PRIMARY KEY (`AlarmType_ID`,`Equipment_ID`),
  KEY `Equipment_ID` (`Equipment_ID`),
  CONSTRAINT `FK_wat_AlarmType_Flow_Map_equ_Equipment` FOREIGN KEY (`Equipment_ID`) REFERENCES `equ_equipment` (`ID`),
  CONSTRAINT `FK_wat_AlarmType_Flow_Map_wat_AlarmType` FOREIGN KEY (`AlarmType_ID`) REFERENCES `wat_alarmtype` (`ID`)
) ENGINE=InnoDB DEFAULT CHARSET=utf8;
/*!40101 SET character_set_client = @saved_cs_client */;

--
-- Dumping data for table `wat_alarmtype_flow_map`
--

LOCK TABLES `wat_alarmtype_flow_map` WRITE;
/*!40000 ALTER TABLE `wat_alarmtype_flow_map` DISABLE KEYS */;
/*!40000 ALTER TABLE `wat_alarmtype_flow_map` ENABLE KEYS */;
UNLOCK TABLES;

--
-- Table structure for table `wat_caliber`
--

DROP TABLE IF EXISTS `wat_caliber`;
/*!40101 SET @saved_cs_client     = @@character_set_client */;
/*!40101 SET character_set_client = utf8 */;
CREATE TABLE `wat_caliber` (
  `ID` int(11) NOT NULL,
  `Name` varchar(50) NOT NULL,
  PRIMARY KEY (`ID`)
) ENGINE=InnoDB DEFAULT CHARSET=utf8;
/*!40101 SET character_set_client = @saved_cs_client */;

--
-- Dumping data for table `wat_caliber`
--

LOCK TABLES `wat_caliber` WRITE;
/*!40000 ALTER TABLE `wat_caliber` DISABLE KEYS */;
INSERT INTO `wat_caliber` VALUES (1,'2'),(2,'3'),(3,'6'),(4,'10'),(5,'15'),(6,'20'),(7,'25'),(8,'32'),(9,'40'),(10,'50'),(11,'65'),(12,'80'),(13,'100'),(14,'125'),(15,'150'),(16,'200'),(17,'250'),(18,'300'),(19,'350'),(20,'400'),(21,'450'),(22,'500'),(23,'600'),(24,'700'),(25,'800'),(26,'900'),(27,'1000'),(28,'1100'),(29,'1200'),(30,'1300'),(31,'1400'),(32,'1500'),(33,'1600'),(34,'1800'),(35,'2000'),(36,'2200'),(37,'2400'),(38,'2500'),(39,'2600'),(40,'2800'),(41,'3000');
/*!40000 ALTER TABLE `wat_caliber` ENABLE KEYS */;
UNLOCK TABLES;

--
-- Table structure for table `wat_classify`
--

DROP TABLE IF EXISTS `wat_classify`;
/*!40101 SET @saved_cs_client     = @@character_set_client */;
/*!40101 SET character_set_client = utf8 */;
CREATE TABLE `wat_classify` (
  `ID` int(11) NOT NULL,
  `Name` varchar(50) NOT NULL,
  PRIMARY KEY (`ID`)
) ENGINE=InnoDB DEFAULT CHARSET=utf8;
/*!40101 SET character_set_client = @saved_cs_client */;

--
-- Dumping data for table `wat_classify`
--

LOCK TABLES `wat_classify` WRITE;
/*!40000 ALTER TABLE `wat_classify` DISABLE KEYS */;
INSERT INTO `wat_classify` VALUES (1,'å·¥ä¸'),(2,'åé'),(3,'åä¸'),(4,'æå¡ä¸'),(5,'å­¦æ ¡'),(6,'æ±¡æ°´å¤ç'),(7,'èªæ¥æ°´');
/*!40000 ALTER TABLE `wat_classify` ENABLE KEYS */;
UNLOCK TABLES;

--
-- Table structure for table `wat_dayaccumulate`
--

DROP TABLE IF EXISTS `wat_dayaccumulate`;
/*!40101 SET @saved_cs_client     = @@character_set_client */;
/*!40101 SET character_set_client = utf8 */;
CREATE TABLE `wat_dayaccumulate` (
  `DayTime` date NOT NULL,
  `Equipment_ID` varchar(50) NOT NULL,
  `StartTime` datetime DEFAULT NULL,
  `EndTime` datetime DEFAULT NULL,
  `BeforeYesterdayAccmulate` double NOT NULL DEFAULT '0',
  `LastAccumulate` double NOT NULL DEFAULT '0',
  `Accumulate` double NOT NULL DEFAULT '0',
  `SevenDaysAccumulate` double NOT NULL DEFAULT '0',
  `LastYearAccumulate` double NOT NULL DEFAULT '0',
  `AvgFlow` double NOT NULL DEFAULT '0',
  `LastDaySameTimeAvgFlow` double NOT NULL DEFAULT '0',
  `RelativeRatio` double NOT NULL DEFAULT '0',
  `IncreaseNum` int(11) NOT NULL DEFAULT '0',
  `DecreaseNum` int(11) NOT NULL DEFAULT '0',
  `ZeroNum` int(11) NOT NULL DEFAULT '0',
  `HourMaxAccumulate` double NOT NULL DEFAULT '0',
  `HourMaxTime` datetime DEFAULT NULL,
  `HourMinAccumulate` double NOT NULL DEFAULT '0',
  `HourMinTime` datetime DEFAULT NULL,
  `PeakAccumulate` double NOT NULL DEFAULT '0',
  `ValleyAccumulate` double NOT NULL DEFAULT '0',
  `NormalAccumulate` double NOT NULL DEFAULT '0',
  PRIMARY KEY (`DayTime`,`Equipment_ID`),
  KEY `IX_wat_DayAccumulate` (`DayTime`),
  KEY `IX_wat_DayAccumulate_1` (`Equipment_ID`),
  CONSTRAINT `FK_wat_DayAccumulate_equ_Equipment` FOREIGN KEY (`Equipment_ID`) REFERENCES `equ_equipment` (`ID`)
) ENGINE=InnoDB DEFAULT CHARSET=utf8;
/*!40101 SET character_set_client = @saved_cs_client */;

--
-- Dumping data for table `wat_dayaccumulate`
--

LOCK TABLES `wat_dayaccumulate` WRITE;
/*!40000 ALTER TABLE `wat_dayaccumulate` DISABLE KEYS */;
INSERT INTO `wat_dayaccumulate` VALUES ('2017-08-24','1','2017-08-24 10:44:31','2017-09-04 16:20:49',0,0,8092.5,0,0,30.0161,0,0,0,0,0,8092.5,'2017-08-24 10:00:00',8092.5,'2017-08-24 10:00:00',8092.5,0,0),('2017-09-04','1','2017-09-04 16:20:49','2017-09-05 00:01:50',0,0,1401,0,0,182.3361,0,-0.8269,0,1,0,226,'2017-09-04 17:00:00',60,'2017-09-04 16:00:00',1341,0,60),('2017-09-05','1','2017-09-05 00:01:50','2017-09-08 10:24:34',0,0,171289,0,0,2079.2827,0,121.262,1,0,0,168874,'2017-09-05 15:00:00',96,'2017-09-05 09:00:00',171030,0,96),('2017-09-08','1','2017-09-08 10:24:34','2017-09-11 11:34:21',0,0,1591,0,0,21.7459,0,-0.9907,0,1,0,1591,'2017-09-08 10:00:00',1591,'2017-09-08 10:00:00',1591,0,0),('2017-09-11','1','2017-09-11 11:34:21','2017-09-12 00:09:13',0,0,233,0,0,18.5198,0,-0.8536,0,2,0,78,'2017-09-11 11:00:00',19,'2017-09-11 17:00:00',0,155,78),('2017-09-12','1','2017-09-12 00:09:13','2017-12-12 15:54:54',0,0,45759346,0,0,20801.9589,0,196391.0429,1,0,0,45759153,'2017-09-12 10:00:00',19,'2017-09-12 01:00:00',45759153,193,0);
/*!40000 ALTER TABLE `wat_dayaccumulate` ENABLE KEYS */;
UNLOCK TABLES;

--
-- Table structure for table `wat_flow`
--

DROP TABLE IF EXISTS `wat_flow`;
/*!40101 SET @saved_cs_client     = @@character_set_client */;
/*!40101 SET character_set_client = utf8 */;
CREATE TABLE `wat_flow` (
  `Equipment_ID` varchar(50) NOT NULL,
  `Caliber_ID` int(11) DEFAULT '1',
  `Classify_ID` int(11) DEFAULT '1',
  `Model` varchar(50) DEFAULT NULL,
  `ClientName` varchar(50) DEFAULT NULL,
  `BookNo` varchar(50) DEFAULT NULL,
  `Price` double DEFAULT NULL,
  `Areas` double DEFAULT NULL,
  `Persons` double DEFAULT NULL,
  `Category` int(11) NOT NULL DEFAULT '0',
  `Status` bit(1) NOT NULL DEFAULT b'0',
  `PositiveTotalAccumulate` double NOT NULL DEFAULT '0',
  `NegativeTotalAccumulate` double NOT NULL DEFAULT '0',
  `TotalAccumulate` double NOT NULL DEFAULT '0',
  `FlowType_ID` int(11) DEFAULT '1',
  `StoreMode` varchar(50) DEFAULT NULL,
  `SiteNo` varchar(20) DEFAULT NULL,
  `Des` text,
  `AvgHourAccumulateT0` double NOT NULL DEFAULT '0',
  `AvgHourAccumulateT1` double NOT NULL DEFAULT '0',
  `AvgHourAccumulateT2` double NOT NULL DEFAULT '0',
  `AvgHourAccumulateT3` double NOT NULL DEFAULT '0',
  `AvgHourAccumulateT4` double NOT NULL DEFAULT '0',
  `AvgHourAccumulateT5` double NOT NULL DEFAULT '0',
  `AvgHourAccumulateT6` double NOT NULL DEFAULT '0',
  `AvgHourAccumulateT7` double NOT NULL DEFAULT '0',
  `AvgHourAccumulateT8` double NOT NULL DEFAULT '0',
  `AvgHourAccumulateT9` double NOT NULL DEFAULT '0',
  `AvgHourAccumulateT10` double NOT NULL DEFAULT '0',
  `AvgHourAccumulateT11` double NOT NULL DEFAULT '0',
  `AvgHourAccumulateT12` double NOT NULL DEFAULT '0',
  `AvgHourAccumulateT13` double NOT NULL DEFAULT '0',
  `AvgHourAccumulateT14` double NOT NULL DEFAULT '0',
  `AvgHourAccumulateT15` double NOT NULL DEFAULT '0',
  `AvgHourAccumulateT16` double NOT NULL DEFAULT '0',
  `AvgHourAccumulateT17` double NOT NULL DEFAULT '0',
  `AvgHourAccumulateT18` double NOT NULL DEFAULT '0',
  `AvgHourAccumulateT19` double NOT NULL DEFAULT '0',
  `AvgHourAccumulateT20` double NOT NULL DEFAULT '0',
  `AvgHourAccumulateT21` double NOT NULL DEFAULT '0',
  `AvgHourAccumulateT22` double NOT NULL DEFAULT '0',
  `AvgHourAccumulateT23` double NOT NULL DEFAULT '0',
  `AvgHourNumT0` double NOT NULL DEFAULT '0',
  `AvgHourNumT1` double NOT NULL DEFAULT '0',
  `AvgHourNumT2` double NOT NULL DEFAULT '0',
  `AvgHourNumT3` double NOT NULL DEFAULT '0',
  `AvgHourNumT4` double NOT NULL DEFAULT '0',
  `AvgHourNumT5` double NOT NULL DEFAULT '0',
  `AvgHourNumT6` double NOT NULL DEFAULT '0',
  `AvgHourNumT7` double NOT NULL DEFAULT '0',
  `AvgHourNumT8` double NOT NULL DEFAULT '0',
  `AvgHourNumT9` double NOT NULL DEFAULT '0',
  `AvgHourNumT10` double NOT NULL DEFAULT '0',
  `AvgHourNumT11` double NOT NULL DEFAULT '0',
  `AvgHourNumT12` double NOT NULL DEFAULT '0',
  `AvgHourNumT13` double NOT NULL DEFAULT '0',
  `AvgHourNumT14` double NOT NULL DEFAULT '0',
  `AvgHourNumT15` double NOT NULL DEFAULT '0',
  `AvgHourNumT16` double NOT NULL DEFAULT '0',
  `AvgHourNumT17` double NOT NULL DEFAULT '0',
  `AvgHourNumT18` double NOT NULL DEFAULT '0',
  `AvgHourNumT19` double NOT NULL DEFAULT '0',
  `AvgHourNumT20` double NOT NULL DEFAULT '0',
  `AvgHourNumT21` double NOT NULL DEFAULT '0',
  `AvgHourNumT22` double NOT NULL DEFAULT '0',
  `AvgHourNumT23` double NOT NULL DEFAULT '0',
  `AvgDayAccumulateT1` double NOT NULL DEFAULT '0',
  `AvgDayAccumulateT2` double NOT NULL DEFAULT '0',
  `AvgDayAccumulateT3` double NOT NULL DEFAULT '0',
  `AvgDayAccumulateT4` double NOT NULL DEFAULT '0',
  `AvgDayAccumulateT5` double NOT NULL DEFAULT '0',
  `AvgDayAccumulateT6` double NOT NULL DEFAULT '0',
  `AvgDayAccumulateT7` double NOT NULL DEFAULT '0',
  `AvgDayAccumulateT8` double NOT NULL DEFAULT '0',
  `AvgDayAccumulateT9` double NOT NULL DEFAULT '0',
  `AvgDayAccumulateT10` double NOT NULL DEFAULT '0',
  `AvgDayAccumulateT11` double NOT NULL DEFAULT '0',
  `AvgDayAccumulateT12` double NOT NULL DEFAULT '0',
  `AvgDayAccumulateT13` double NOT NULL DEFAULT '0',
  `AvgDayAccumulateT14` double NOT NULL DEFAULT '0',
  `AvgDayAccumulateT15` double NOT NULL DEFAULT '0',
  `AvgDayAccumulateT16` double NOT NULL DEFAULT '0',
  `AvgDayAccumulateT17` double NOT NULL DEFAULT '0',
  `AvgDayAccumulateT18` double NOT NULL DEFAULT '0',
  `AvgDayAccumulateT19` double NOT NULL DEFAULT '0',
  `AvgDayAccumulateT20` double NOT NULL DEFAULT '0',
  `AvgDayAccumulateT21` double NOT NULL DEFAULT '0',
  `AvgDayAccumulateT22` double NOT NULL DEFAULT '0',
  `AvgDayAccumulateT23` double NOT NULL DEFAULT '0',
  `AvgDayAccumulateT24` double NOT NULL DEFAULT '0',
  `AvgDayAccumulateT25` double NOT NULL DEFAULT '0',
  `AvgDayAccumulateT26` double NOT NULL DEFAULT '0',
  `AvgDayAccumulateT27` double NOT NULL DEFAULT '0',
  `AvgDayAccumulateT28` double NOT NULL DEFAULT '0',
  `AvgDayAccumulateT29` double NOT NULL DEFAULT '0',
  `AvgDayAccumulateT30` double NOT NULL DEFAULT '0',
  `AvgDayAccumulateT31` double NOT NULL DEFAULT '0',
  `AvgDayNumT1` double NOT NULL DEFAULT '0',
  `AvgDayNumT2` double NOT NULL DEFAULT '0',
  `AvgDayNumT3` double NOT NULL DEFAULT '0',
  `AvgDayNumT4` double NOT NULL DEFAULT '0',
  `AvgDayNumT5` double NOT NULL DEFAULT '0',
  `AvgDayNumT6` double NOT NULL DEFAULT '0',
  `AvgDayNumT7` double NOT NULL DEFAULT '0',
  `AvgDayNumT8` double NOT NULL DEFAULT '0',
  `AvgDayNumT9` double NOT NULL DEFAULT '0',
  `AvgDayNumT10` double NOT NULL DEFAULT '0',
  `AvgDayNumT11` double NOT NULL DEFAULT '0',
  `AvgDayNumT12` double NOT NULL DEFAULT '0',
  `AvgDayNumT13` double NOT NULL DEFAULT '0',
  `AvgDayNumT14` double NOT NULL DEFAULT '0',
  `AvgDayNumT15` double NOT NULL DEFAULT '0',
  `AvgDayNumT16` double NOT NULL DEFAULT '0',
  `AvgDayNumT17` double NOT NULL DEFAULT '0',
  `AvgDayNumT18` double NOT NULL DEFAULT '0',
  `AvgDayNumT19` double NOT NULL DEFAULT '0',
  `AvgDayNumT20` double NOT NULL DEFAULT '0',
  `AvgDayNumT21` double NOT NULL DEFAULT '0',
  `AvgDayNumT22` double NOT NULL DEFAULT '0',
  `AvgDayNumT23` double NOT NULL DEFAULT '0',
  `AvgDayNumT24` double NOT NULL DEFAULT '0',
  `AvgDayNumT25` double NOT NULL DEFAULT '0',
  `AvgDayNumT26` double NOT NULL DEFAULT '0',
  `AvgDayNumT27` double NOT NULL DEFAULT '0',
  `AvgDayNumT28` double NOT NULL DEFAULT '0',
  `AvgDayNumT29` double NOT NULL DEFAULT '0',
  `AvgDayNumT30` double NOT NULL DEFAULT '0',
  `AvgDayNumT31` double NOT NULL DEFAULT '0',
  `Enable` bit(1) NOT NULL DEFAULT b'1',
  `LastTime` datetime DEFAULT NULL,
  `LastPositiveTotalAccumulate` double NOT NULL DEFAULT '0',
  `LastNegativeTotalAccumulate` double NOT NULL DEFAULT '0',
  `LastHourTime` datetime DEFAULT NULL,
  `LastHourAccumulate` double NOT NULL DEFAULT '0',
  `LastDayTime` datetime DEFAULT NULL,
  `LastDayAccumulate` double NOT NULL DEFAULT '0',
  `LastWeekTime` datetime DEFAULT NULL,
  `LastWeekAccumulate` double NOT NULL DEFAULT '0',
  `LastMonthTime` datetime DEFAULT NULL,
  `LastMonthAccumulate` double NOT NULL DEFAULT '0',
  PRIMARY KEY (`Equipment_ID`),
  CONSTRAINT `FK_wat_Flow_equ_Equipment` FOREIGN KEY (`Equipment_ID`) REFERENCES `equ_equipment` (`ID`)
) ENGINE=InnoDB DEFAULT CHARSET=utf8;
/*!40101 SET character_set_client = @saved_cs_client */;

--
-- Dumping data for table `wat_flow`
--

LOCK TABLES `wat_flow` WRITE;
/*!40000 ALTER TABLE `wat_flow` DISABLE KEYS */;
INSERT INTO `wat_flow` VALUES ('0',1,1,NULL,NULL,NULL,NULL,NULL,NULL,0,_binary '\0',0,0,0,1,NULL,NULL,NULL,0,0,0,0,0,0,0,0,0,0,0,0,0,0,0,19,0,0,0,0,0,0,0,0,0,0,0,0,0,0,0,0,0,0,0,0,0,0,0,1,0,0,0,0,0,0,0,0,0,0,0,0,0,0,0,0,0,0,0,0,0,0,0,0,0,0,0,0,0,0,0,0,0,0,0,0,0,0,0,0,0,0,0,0,0,0,0,0,0,0,0,0,0,0,0,0,0,0,0,0,0,0,0,0,0,0,0,0,0,0,_binary '','2017-09-04 16:13:58',8398,317,'2017-09-04 16:01:44',26,'2017-09-04 15:55:30',45,'2017-09-04 15:55:30',45,'2017-09-04 15:55:30',45),('1',1,1,NULL,NULL,NULL,NULL,NULL,NULL,0,_binary '\0',0,0,0,1,NULL,NULL,NULL,102.5,102,101.5,101.5,102,102,101.5,101.5,126.5,58,150,0,0,0,0,0,40,122.5,103.5,103,102.5,102.5,102,102,2,2,2,2,2,2,2,2,2,2,1,0,0,0,0,0,2,2,2,2,2,2,2,2,0,0,0,1401,0,0,0,0,0,0,233,0,0,0,0,0,0,0,0,0,0,0,0,0,0,0,0,0,0,0,0,0,0,0,1,0,0,0,0,0,0,1,0,0,0,0,0,0,0,0,0,0,0,0,0,0,0,0,0,0,0,0,_binary '','2017-12-12 15:54:54',400989324,355059280,'2017-12-12 15:54:54',0,'2017-12-12 15:54:54',0,'2017-12-12 15:54:54',0,'2017-12-12 15:54:54',0),('10',1,1,NULL,NULL,NULL,NULL,NULL,NULL,0,_binary '\0',0,0,0,1,NULL,NULL,NULL,0,0,0,0,0,0,0,0,0,2,0,0,0,0,0,0,0,0,0,0,0,0,0,0,0,0,0,0,0,0,0,0,0,1,0,0,0,0,0,0,0,0,0,0,0,0,0,0,0,0,0,0,0,0,0,0,0,0,0,0,0,0,0,0,0,0,0,0,0,0,0,0,0,0,0,0,0,0,0,0,0,0,0,0,0,0,0,0,0,0,0,0,0,0,0,0,0,0,0,0,0,0,0,0,0,0,0,0,0,0,_binary '','2017-09-06 10:59:14',166000,12,'2017-09-06 10:04:15',14,'2017-09-06 09:59:32',16,'2017-09-06 09:59:32',16,'2017-09-06 09:59:32',16);
/*!40000 ALTER TABLE `wat_flow` ENABLE KEYS */;
UNLOCK TABLES;

--
-- Table structure for table `wat_flowtype`
--

DROP TABLE IF EXISTS `wat_flowtype`;
/*!40101 SET @saved_cs_client     = @@character_set_client */;
/*!40101 SET character_set_client = utf8 */;
CREATE TABLE `wat_flowtype` (
  `ID` int(11) NOT NULL,
  `Name` varchar(50) NOT NULL,
  `Type` varchar(50) DEFAULT NULL,
  `LLFlow` double DEFAULT NULL,
  `LFlow` double DEFAULT NULL,
  `HFlow` double DEFAULT NULL,
  `HHFlow` double DEFAULT NULL,
  `Des` text,
  `PressureLoss` double DEFAULT NULL,
  `MaxValue` double DEFAULT NULL,
  `Manufacturer` varchar(100) DEFAULT NULL,
  PRIMARY KEY (`ID`)
) ENGINE=InnoDB DEFAULT CHARSET=utf8;
/*!40101 SET character_set_client = @saved_cs_client */;

--
-- Dumping data for table `wat_flowtype`
--

LOCK TABLES `wat_flowtype` WRITE;
/*!40000 ALTER TABLE `wat_flowtype` DISABLE KEYS */;
INSERT INTO `wat_flowtype` VALUES (1,'é»è®¤','1',20,50,100,150,'2',1,1,'1'),(2,'2','2',-200,-150,-100,-50,'',2,0,'2'),(3,'hrrlgs','3',300,400,500,600,'1',1,1,'1');
/*!40000 ALTER TABLE `wat_flowtype` ENABLE KEYS */;
UNLOCK TABLES;

--
-- Table structure for table `wat_houraccumulate`
--

DROP TABLE IF EXISTS `wat_houraccumulate`;
/*!40101 SET @saved_cs_client     = @@character_set_client */;
/*!40101 SET character_set_client = utf8 */;
CREATE TABLE `wat_houraccumulate` (
  `HourTime` datetime NOT NULL,
  `Equipment_ID` varchar(50) NOT NULL,
  `StartTime` datetime DEFAULT NULL,
  `EndTime` datetime DEFAULT NULL,
  `Accumulate` double NOT NULL DEFAULT '0',
  PRIMARY KEY (`Equipment_ID`,`HourTime`),
  KEY `IX_wat_HourAccumulate` (`HourTime`),
  KEY `IX_wat_HourAccumulate_1` (`Equipment_ID`),
  CONSTRAINT `FK_wat_HourAccumulate_equ_Equipment` FOREIGN KEY (`Equipment_ID`) REFERENCES `equ_equipment` (`ID`)
) ENGINE=InnoDB DEFAULT CHARSET=utf8;
/*!40101 SET character_set_client = @saved_cs_client */;

--
-- Dumping data for table `wat_houraccumulate`
--

LOCK TABLES `wat_houraccumulate` WRITE;
/*!40000 ALTER TABLE `wat_houraccumulate` DISABLE KEYS */;
INSERT INTO `wat_houraccumulate` VALUES ('2017-09-04 15:00:00','0','2017-09-04 15:55:30','2017-09-04 16:01:44',19),('2017-08-24 10:00:00','1','2017-08-24 10:44:31','2017-09-04 16:20:49',8092.5),('2017-09-04 16:00:00','1','2017-09-04 16:20:49','2017-09-04 17:19:22',60),('2017-09-04 17:00:00','1','2017-09-04 17:19:22','2017-09-04 18:01:50',226),('2017-09-04 18:00:00','1','2017-09-04 18:01:50','2017-09-04 19:01:50',187),('2017-09-04 19:00:00','1','2017-09-04 19:01:50','2017-09-04 20:01:50',187),('2017-09-04 20:00:00','1','2017-09-04 20:01:50','2017-09-04 21:01:50',186),('2017-09-04 21:00:00','1','2017-09-04 21:01:50','2017-09-04 22:01:50',185),('2017-09-04 22:00:00','1','2017-09-04 22:01:50','2017-09-04 23:01:50',185),('2017-09-04 23:00:00','1','2017-09-04 23:01:50','2017-09-05 00:01:50',185),('2017-09-05 00:00:00','1','2017-09-05 00:01:50','2017-09-05 01:01:50',185),('2017-09-05 01:00:00','1','2017-09-05 01:01:50','2017-09-05 02:01:50',185),('2017-09-05 02:00:00','1','2017-09-05 02:01:50','2017-09-05 03:01:49',184),('2017-09-05 03:00:00','1','2017-09-05 03:01:49','2017-09-05 04:01:49',184),('2017-09-05 04:00:00','1','2017-09-05 04:01:49','2017-09-05 05:01:49',185),('2017-09-05 05:00:00','1','2017-09-05 05:01:49','2017-09-05 06:01:49',184),('2017-09-05 06:00:00','1','2017-09-05 06:01:49','2017-09-05 07:01:49',184),('2017-09-05 07:00:00','1','2017-09-05 07:01:49','2017-09-05 08:01:49',184),('2017-09-05 08:00:00','1','2017-09-05 08:01:49','2017-09-05 09:25:44',234),('2017-09-05 09:00:00','1','2017-09-05 09:25:44','2017-09-05 10:05:56',96),('2017-09-05 10:00:00','1','2017-09-05 10:05:56','2017-09-05 11:19:51',150),('2017-09-05 11:00:00','1','2017-09-05 11:19:51','2017-09-05 15:54:52',297),('2017-09-05 15:00:00','1','2017-09-05 15:54:52','2017-09-08 10:24:34',168874),('2017-09-08 10:00:00','1','2017-09-08 10:24:34','2017-09-11 11:34:21',1591),('2017-09-11 11:00:00','1','2017-09-11 11:34:21','2017-09-11 16:09:05',78),('2017-09-11 16:00:00','1','2017-09-11 16:09:05','2017-09-11 17:09:13',20),('2017-09-11 17:00:00','1','2017-09-11 17:09:13','2017-09-11 18:09:13',19),('2017-09-11 18:00:00','1','2017-09-11 18:09:13','2017-09-11 19:09:13',20),('2017-09-11 19:00:00','1','2017-09-11 19:09:13','2017-09-11 20:09:13',19),('2017-09-11 20:00:00','1','2017-09-11 20:09:13','2017-09-11 21:09:13',19),('2017-09-11 21:00:00','1','2017-09-11 21:09:13','2017-09-11 22:09:13',20),('2017-09-11 22:00:00','1','2017-09-11 22:09:13','2017-09-11 23:09:13',19),('2017-09-11 23:00:00','1','2017-09-11 23:09:13','2017-09-12 00:09:13',19),('2017-09-12 00:00:00','1','2017-09-12 00:09:13','2017-09-12 01:09:13',20),('2017-09-12 01:00:00','1','2017-09-12 01:09:13','2017-09-12 02:09:13',19),('2017-09-12 02:00:00','1','2017-09-12 02:09:13','2017-09-12 03:09:13',19),('2017-09-12 03:00:00','1','2017-09-12 03:09:13','2017-09-12 04:09:13',19),('2017-09-12 04:00:00','1','2017-09-12 04:09:13','2017-09-12 05:09:13',19),('2017-09-12 05:00:00','1','2017-09-12 05:09:13','2017-09-12 06:09:13',20),('2017-09-12 06:00:00','1','2017-09-12 06:09:13','2017-09-12 07:09:13',19),('2017-09-12 07:00:00','1','2017-09-12 07:09:13','2017-09-12 08:09:13',19),('2017-09-12 08:00:00','1','2017-09-12 08:09:13','2017-09-12 09:09:13',19),('2017-09-12 09:00:00','1','2017-09-12 09:09:13','2017-09-12 10:09:13',20),('2017-09-12 10:00:00','1','2017-09-12 10:09:13','2017-12-12 15:54:54',45759153),('2017-09-06 09:00:00','10','2017-09-06 09:59:32','2017-09-06 10:04:15',2);
/*!40000 ALTER TABLE `wat_houraccumulate` ENABLE KEYS */;
UNLOCK TABLES;

--
-- Table structure for table `wat_monthaccumulate`
--

DROP TABLE IF EXISTS `wat_monthaccumulate`;
/*!40101 SET @saved_cs_client     = @@character_set_client */;
/*!40101 SET character_set_client = utf8 */;
CREATE TABLE `wat_monthaccumulate` (
  `MonthTime` date NOT NULL,
  `Equipment_ID` varchar(50) NOT NULL,
  `StartTime` datetime DEFAULT NULL,
  `EndTime` datetime DEFAULT NULL,
  `LastAccumulate` double NOT NULL DEFAULT '0',
  `Accumulate` double NOT NULL DEFAULT '0',
  `LastMonthSameDateAccumulate` double NOT NULL DEFAULT '0',
  `LastYearAccumulate` double NOT NULL DEFAULT '0',
  `AvgFlow` double NOT NULL DEFAULT '0',
  `LastMonthAvgFlow` double NOT NULL DEFAULT '0',
  `DayMaxAccumulate` double NOT NULL DEFAULT '0',
  `DayMaxTime` date DEFAULT NULL,
  `DayMinAccumulate` double NOT NULL DEFAULT '0',
  `DayMinTime` date DEFAULT NULL,
  PRIMARY KEY (`Equipment_ID`,`MonthTime`),
  KEY `IX_wat_MonthAccumulate` (`MonthTime`),
  KEY `IX_wat_MonthAccumulate_1` (`Equipment_ID`),
  CONSTRAINT `FK_wat_MonthAccumulate_equ_Equipment` FOREIGN KEY (`Equipment_ID`) REFERENCES `equ_equipment` (`ID`)
) ENGINE=InnoDB DEFAULT CHARSET=utf8;
/*!40101 SET character_set_client = @saved_cs_client */;

--
-- Dumping data for table `wat_monthaccumulate`
--

LOCK TABLES `wat_monthaccumulate` WRITE;
/*!40000 ALTER TABLE `wat_monthaccumulate` DISABLE KEYS */;
INSERT INTO `wat_monthaccumulate` VALUES ('2017-08-24','1','2017-08-24 10:44:31','2017-09-04 16:20:49',0,8092.5,0,0,30.0161,0,8092.5,'2017-08-24',8092.5,'2017-08-24'),('2017-09-04','1','2017-09-04 16:20:49','2017-12-12 15:54:54',0,45933860,0,0,19335.9478,0,45759346,'2017-09-12',233,'2017-09-11');
/*!40000 ALTER TABLE `wat_monthaccumulate` ENABLE KEYS */;
UNLOCK TABLES;

--
-- Table structure for table `wat_weekaccumulate`
--

DROP TABLE IF EXISTS `wat_weekaccumulate`;
/*!40101 SET @saved_cs_client     = @@character_set_client */;
/*!40101 SET character_set_client = utf8 */;
CREATE TABLE `wat_weekaccumulate` (
  `WeekTime` date NOT NULL,
  `Equipment_ID` varchar(50) NOT NULL,
  `StartTime` datetime DEFAULT NULL,
  `EndTime` datetime DEFAULT NULL,
  `LastAccumulate` double NOT NULL DEFAULT '0',
  `Accumulate` double NOT NULL DEFAULT '0',
  `LastWeekSameDateAccumulate` double NOT NULL DEFAULT '0',
  `LastYearAccumulate` double NOT NULL DEFAULT '0',
  `AvgFlow` double NOT NULL DEFAULT '0',
  `DayMaxAccumulate` double NOT NULL DEFAULT '0',
  `DayMaxTime` datetime DEFAULT NULL,
  `DayMinAccumulate` double NOT NULL DEFAULT '0',
  `DayMinTime` datetime DEFAULT NULL,
  PRIMARY KEY (`Equipment_ID`,`WeekTime`),
  KEY `IX_wat_WeekAccumulate` (`WeekTime`),
  KEY `IX_wat_WeekAccumulate_1` (`Equipment_ID`),
  CONSTRAINT `FK_wat_WeekAccumulate_equ_Equipment` FOREIGN KEY (`Equipment_ID`) REFERENCES `equ_equipment` (`ID`)
) ENGINE=InnoDB DEFAULT CHARSET=utf8;
/*!40101 SET character_set_client = @saved_cs_client */;

--
-- Dumping data for table `wat_weekaccumulate`
--

LOCK TABLES `wat_weekaccumulate` WRITE;
/*!40000 ALTER TABLE `wat_weekaccumulate` DISABLE KEYS */;
INSERT INTO `wat_weekaccumulate` VALUES ('2017-09-11','1','2017-09-04 16:20:49','2017-09-11 11:34:21',0,174281,0,0,1067.7311,0,NULL,0,NULL),('2017-12-11','1','2017-09-11 11:34:21','2017-12-12 15:54:54',0,45759579,0,0,20683.768,0,NULL,0,NULL);
/*!40000 ALTER TABLE `wat_weekaccumulate` ENABLE KEYS */;
UNLOCK TABLES;
/*!40103 SET TIME_ZONE=@OLD_TIME_ZONE */;

/*!40101 SET SQL_MODE=@OLD_SQL_MODE */;
/*!40014 SET FOREIGN_KEY_CHECKS=@OLD_FOREIGN_KEY_CHECKS */;
/*!40014 SET UNIQUE_CHECKS=@OLD_UNIQUE_CHECKS */;
/*!40101 SET CHARACTER_SET_CLIENT=@OLD_CHARACTER_SET_CLIENT */;
/*!40101 SET CHARACTER_SET_RESULTS=@OLD_CHARACTER_SET_RESULTS */;
/*!40101 SET COLLATION_CONNECTION=@OLD_COLLATION_CONNECTION */;
/*!40111 SET SQL_NOTES=@OLD_SQL_NOTES */;

-- Dump completed on 2021-07-06 22:22:30
